노선번호,정류소명,구군
부산진구15,연학초등학교,부산진구
부산진구15,연학초등학교,부산진구
부산진구15,삼광사,부산진구
부산진구15,삼광사,부산진구
부산진구15,초읍초등학교,부산진구
부산진구15,초읍우신아파트,부산진구
부산진구15,초읍초등학교,부산진구
부산진구15,창신아파트,부산진구
부산진구15,원당골,부산진구
부산진구15,초읍대우아파트,부산진구
부산진구15,초읍중학교,부산진구
부산진구6,동의대학교도서관,부산진구
부산진구6-1,동의대학교도서관,부산진구
부산진구6,동의대학교본관,부산진구
부산진구6-1,동의대학교본관,부산진구
부산진구9,동의대학교본관,부산진구
부산진구6,동의대학교입구,부산진구
부산진구6-1,동의대학교입구,부산진구
부산진구9,동의대학교입구,부산진구
부산진구6,동의대학교자연대학,부산진구
부산진구6-1,동의대학교자연대학,부산진구
부산진구9,동의대학교자연대학,부산진구
5-1,양정역4번출구,부산진구
20,양정역4번출구,부산진구
57,양정역4번출구,부산진구
62,양정역4번출구,부산진구
63,양정역4번출구,부산진구
141-F,양정역4번출구,부산진구
부산진구7,파리바게뜨,부산진구
부산진구8,파리바게뜨,부산진구
63,백조아파트,부산진구
131,백조아파트,부산진구
179,백조아파트,부산진구
10,하마정,연제구
31,하마정,연제구
43,하마정,연제구
44,하마정,연제구
52,하마정,연제구
77,하마정,연제구
80,하마정,연제구
111,하마정,연제구
129-1,하마정,연제구
131,하마정,연제구
506,하마정,연제구
1002-F,하마정,연제구
63,백조아파트,부산진구
131,백조아파트,부산진구
179,백조아파트,부산진구
10,하마정,부산진구
33,하마정,부산진구
43,하마정,부산진구
52,하마정,부산진구
77,하마정,부산진구
80,하마정,부산진구
129-1,하마정,부산진구
1002-F,하마정,부산진구
33,하마정,부산진구
44,하마정,부산진구
63,하마정,부산진구
179,하마정,부산진구
506,하마정,부산진구
5-1,세정고·양정119안전센터,부산진구
20,세정고·양정119안전센터,부산진구
57,세정고·양정119안전센터,부산진구
62,세정고·양정119안전센터,부산진구
63,세정고·양정119안전센터,부산진구
141-F,세정고·양정119안전센터,부산진구
33,양정현대아파트,부산진구
44,양정현대아파트,부산진구
63,양정현대아파트,부산진구
131,양정현대아파트,부산진구
179,양정현대아파트,부산진구
506,양정현대아파트,부산진구
33,정묘사,부산진구
44,정묘사,부산진구
63,정묘사,부산진구
179,정묘사,부산진구
506,정묘사,부산진구
33,화인아파트,부산진구
44,화인아파트,부산진구
63,화인아파트,부산진구
168,화인아파트,부산진구
179,화인아파트,부산진구
33,화인아파트,부산진구
44,화인아파트,부산진구
63,화인아파트,부산진구
179,화인아파트,부산진구
506,화인아파트,부산진구
33,정묘사,부산진구
44,정묘사,부산진구
63,정묘사,부산진구
179,정묘사,부산진구
506,정묘사,부산진구
부산진구13,화인아파트,부산진구
33,부산시민공원,부산진구
44,부산시민공원,부산진구
63,부산시민공원,부산진구
168,부산시민공원,부산진구
179,부산시민공원,부산진구
부산진구11,양정자이더샵SK뷰,부산진구
부산진구8,부산진여자고등학교,부산진구
부산진구7,동의의료원사거리,부산진구
부산진구11,동의의료원사거리,부산진구
부산진구8,양정성당,부산진구
5-1,범내골역.상공회의소,부산진구
10,범내골역.상공회의소,부산진구
29,범내골역.상공회의소,부산진구
43,범내골역.상공회의소,부산진구
57,범내골역.상공회의소,부산진구
67,범내골역.상공회의소,부산진구
80,범내골역.상공회의소,부산진구
103,범내골역.상공회의소,부산진구
111,범내골역.상공회의소,부산진구
38,범내골역.상공회의소,부산진구
82,범내골역.상공회의소,부산진구
동구1-1,범내골역,부산진구
동구1,범내골역,부산진구
67,범내골역,부산진구
5-1,지오플레이스,부산진구
10,지오플레이스,부산진구
29,지오플레이스,부산진구
43,지오플레이스,부산진구
57,지오플레이스,부산진구
67,지오플레이스,부산진구
80,지오플레이스,부산진구
82,지오플레이스,부산진구
103,지오플레이스,부산진구
111,지오플레이스,부산진구
부산진구2,부전역,부산진구
20,전포초등학교,부산진구
24,전포초등학교,부산진구
83-1,전포초등학교,부산진구
88,전포초등학교,부산진구
167,전포초등학교,부산진구
부산진구11,부전역,부산진구
부산진구13,부전역,부산진구
부산진구11,부전시장,부산진구
부산진구13,부전시장,부산진구
10,양정대원칸타빌,부산진구
31,양정대원칸타빌,부산진구
33,양정대원칸타빌,부산진구
43,양정대원칸타빌,부산진구
52,양정대원칸타빌,부산진구
77,양정대원칸타빌,부산진구
80,양정대원칸타빌,부산진구
111,양정대원칸타빌,부산진구
129-1,양정대원칸타빌,부산진구
1002-F,양정대원칸타빌,부산진구
부산진구13,대원칸타빌아파트,부산진구
22,자유.평화시장,동구
27,자유.평화시장,동구
38-1,자유.평화시장,동구
40,자유.평화시장,동구
42,자유.평화시장,동구
57,자유.평화시장,동구
68,자유.평화시장,동구
80,자유.평화시장,동구
83-1,자유.평화시장,동구
99,자유.평화시장,동구
101,자유.평화시장,동구
111,자유.평화시장,동구
134,자유.평화시장,동구
남구3,범일역,동구
남구5,범일역,동구
동구1-1,좋은문화병원,동구
38,성북초등학교,부산진구
82,성북초등학교,부산진구
583,성북초등학교,부산진구
부산진구12,성북초등학교,부산진구
사상구6,성북초등학교,부산진구
24,문전교차로,남구
138-1,문전교차로,남구
24,국제금융센터.부산은행역,남구
138-1,국제금융센터.부산은행역,남구
부산진구12,지오플레이스,부산진구
사상구6,지오플레이스,부산진구
5-1,경남공고,부산진구
10,경남공고,부산진구
29,경남공고,부산진구
43,경남공고,부산진구
54,경남공고,부산진구
57,경남공고,부산진구
80,경남공고,부산진구
103,경남공고,부산진구
111,경남공고,부산진구
133,경남공고,부산진구
85,경남공고(전포역),부산진구
138-1,경남공고(전포역),부산진구
부산진구12,부산은행(전포역),부산진구
사상구6,부산은행(전포역),부산진구
부산진구12,전포1동주민센터,부산진구
사상구6,전포1동주민센터,부산진구
24,경남공고(전포역),부산진구
133,경남공고(전포역),부산진구
138-1,경남공고(전포역),부산진구
부산진구12,부전도서관,부산진구
85,전포사거리,부산진구
138-1,전포사거리,부산진구
부산진구12,동성고등학교,부산진구
사상구6,동성고등학교,부산진구
부산진구12,부산진여자중학교,부산진구
사상구6,부산진여자중학교,부산진구
82,부산마케팅고등학교,부산진구
부산진구12,부산마케팅고등학교,부산진구
사상구6,부산마케팅고등학교,부산진구
38,성북초등학교,부산진구
54,성북초등학교,부산진구
82,성북초등학교,부산진구
85,성북초등학교,부산진구
160,성북초등학교,부산진구
583,성북초등학교,부산진구
부산진구12,성북초등학교,부산진구
사상구6,성북초등학교,부산진구
24,지오플레이스,부산진구
38,지오플레이스,부산진구
54,지오플레이스,부산진구
133,지오플레이스,부산진구
160,지오플레이스,부산진구
583,지오플레이스,부산진구
20,경남공고,부산진구
169-1,경남공고,부산진구
1002-F,경남공고,부산진구
부산진구12,경남공업고등학교,부산진구
5-1,부전도서관,부산진구
10,부전도서관,부산진구
29,부전도서관,부산진구
43,부전도서관,부산진구
54,부전도서관,부산진구
57,부전도서관,부산진구
80,부전도서관,부산진구
103,부전도서관,부산진구
111,부전도서관,부산진구
133,부전도서관,부산진구
54,동성고교,부산진구
85,동성고교,부산진구
160,동성고교,부산진구
부산진구12,동성고등학교,부산진구
사상구6,동성고등학교,부산진구
부산진구12,부산진여자중학교,부산진구
사상구6,부산진여자중학교,부산진구
부산진구12,전포1동주민센터,부산진구
사상구6,전포1동주민센터,부산진구
85,전포카페거리,부산진구
160,전포카페거리,부산진구
24,전포사거리,부산진구
133,전포사거리,부산진구
138-1,전포사거리,부산진구
85,부산진소방서,부산진구
138-1,부산진소방서,부산진구
부산진구11,(구)NC서면점,부산진구
부산진구12-1,(구)NC서면점,부산진구
부산진구11,전포사거리,부산진구
54,부산진여자중학교,부산진구
85,부산진여자중학교,부산진구
160,부산진여자중학교,부산진구
24,NC서면점,부산진구
85,NC서면점,부산진구
133,NC서면점,부산진구
138-1,NC서면점,부산진구
160,NC서면점,부산진구
부산진구12,(구)NC서면점,부산진구
부산진구12-1,(구)NC서면점,부산진구
사상구6,(구)NC서면점,부산진구
20,부전도서관,부산진구
169-1,부전도서관,부산진구
1002-F,부전도서관,부산진구
10,전포초등학교,부산진구
29,전포초등학교,부산진구
43,전포초등학교,부산진구
80,전포초등학교,부산진구
111,전포초등학교,부산진구
5-1,전포초등학교,부산진구
57,전포초등학교,부산진구
부산진구11,전포초등학교,부산진구
54,전포어린이놀이터,부산진구
부산진구2,전포어린이놀이터,부산진구
부산진구2,전포초등학교,부산진구
83,부전시장,부산진구
83,동해선부전역,부산진구
54,부전시장입구,부산진구
63,부전시장입구,부산진구
81,부전시장입구,부산진구
83-1,부전시장입구,부산진구
88,부전시장입구,부산진구
103,부전시장입구,부산진구
133-1,부전시장입구,부산진구
167,부전시장입구,부산진구
사상구6,국민은행,부산진구
사상구6,부전시장,부산진구
부산진구15,부전시장,부산진구
사상구6,부전시장,부산진구
부산진구11,부산시민공원,부산진구
83,부전역,부산진구
10,양정대원칸타빌,부산진구
31,양정대원칸타빌,부산진구
33,양정대원칸타빌,부산진구
43,양정대원칸타빌,부산진구
52,양정대원칸타빌,부산진구
77,양정대원칸타빌,부산진구
80,양정대원칸타빌,부산진구
111,양정대원칸타빌,부산진구
129-1,양정대원칸타빌,부산진구
1002-F,양정대원칸타빌,부산진구
부산진구13,대원칸타빌아파트,부산진구
부산진구13,현대아파트209동,부산진구
부산진구13,현대아파트213동,부산진구
54,전포카페거리,부산진구
부산진구2,전포어린이놀이터,부산진구
54,부전시장입구,부산진구
83-1,부전시장입구,부산진구
88,부전시장입구,부산진구
103,부전시장입구,부산진구
133,부전시장입구,부산진구
167,부전시장입구,부산진구
85,서면부속상가,부산진구
133,서면부속상가,부산진구
138-1,서면부속상가,부산진구
160,서면부속상가,부산진구
169-1,서면부속상가,부산진구
부산진구7,(구)양정육교,부산진구
부산진구7,양정역,부산진구
부산진구11,롯데캐슬,부산진구
부산진구12,쥬디스태화,부산진구
부산진구11,부산여자대학교정문,부산진구
부산진구12,부산여자대학교정문,부산진구
부산진구12-1,부산여자대학교정문,부산진구
부산진구11,성모여자고등학교,부산진구
부산진구12,동의과학대사거리,부산진구
부산진구12-1,동의과학대사거리,부산진구
부산진구11,양정하이츠아파트,부산진구
부산진구12,양정하이츠아파트,부산진구
부산진구12-1,양정하이츠아파트,부산진구
부산진구11,양정성당,부산진구
부산진구7,양정성당,부산진구
부산진구11,양정성당,부산진구
부산진구7,부산진여자상업고등학교,부산진구
부산진구11,부산진여자상업고등학교,부산진구
부산진구8,동의의료원,부산진구
부산진구8,부산진여자고등학교,부산진구
부산진구8,양정자이더샵SK뷰2.3단지,부산진구
82,전포고개,부산진구
부산진구12,전포고개,부산진구
사상구6,전포고개,부산진구
부산진구12,전포삼거리,부산진구
사상구6,전포삼거리,부산진구
82,부산마케팅고등학교,부산진구
부산진구12,부산마케팅고등학교,부산진구
사상구6,부산마케팅고등학교,부산진구
82,전포삼거리,부산진구
82,전포아파트,부산진구
부산진구12,전포아파트,부산진구
부산진구12-1,전포아파트,부산진구
사상구6,문현현대2차아파트,남구
사상구6,전포보람어린이집,부산진구
사상구6,남부산교회,부산진구
82,전포삼거리,부산진구
82,전포고개,부산진구
부산진구12,전포고개,부산진구
사상구6,전포고개,부산진구
부산진구12,전포삼거리,부산진구
사상구6,전포삼거리,부산진구
82,전포아파트,부산진구
부산진구12,전포아파트,부산진구
부산진구12-1,전포아파트,부산진구
82,파티마의원,부산진구
부산진구2,파티마의원,부산진구
부산진구12,파티마의원,부산진구
부산진구12-1,파티마의원,부산진구
부산진구12,협성아파트,부산진구
부산진구12-1,협성아파트,부산진구
부산진구15,부전시장입구,부산진구
부산진구15,영광도서,부산진구
106,네오스포,부산진구
3002,네오스포,부산진구
106,부암역.부산도시공사,부산진구
83,서면역.롯데호텔백화점,부산진구
부산진구15,롯데호텔백화점.서면역,부산진구
사상구6,롯데호텔백화점.서면역,부산진구
67,서면시장,부산진구
67,서면복개로,부산진구
583,롯데호텔백화점.서면역,부산진구
38-1,"서면,광무교",부산진구
67,"서면,광무교",부산진구
동구1,서면유림노르웨이숲,부산진구
106,부산진초등학교,부산진구
583,부산진초등학교,부산진구
583,서면1번가,부산진구
부산진구12,서면역,부산진구
동구1,부산진초등학교,부산진구
59,경남아파트,부산진구
61,경남아파트,부산진구
85,경남아파트,부산진구
186,경남아파트,부산진구
59,신암,부산진구
61,신암,부산진구
85,신암,부산진구
186,신암,부산진구
59,CBS방송국,부산진구
61,CBS방송국,부산진구
85,CBS방송국,부산진구
186,CBS방송국,부산진구
63,부산진구청후문,부산진구
67,서면역.롯데호텔백화점,부산진구
85,서면역.롯데호텔백화점,부산진구
133,서면역.롯데호텔백화점,부산진구
138-1,서면역.롯데호텔백화점,부산진구
160,서면역.롯데호텔백화점,부산진구
169-1,서면역.롯데호텔백화점,부산진구
부산진구15,부산진경찰서,부산진구
131,부산시청.시청역,연제구
141,부산시청.시청역,연제구
부산진구12,더샵센트럴스타,부산진구
부산진구8,양정자이더샵SK뷰2.3단지,부산진구
5-1,양정역6번출구,부산진구
20,양정역6번출구,부산진구
57,양정역6번출구,부산진구
62,양정역6번출구,부산진구
63,양정역6번출구,부산진구
141-F,양정역6번출구,부산진구
부산진구11,한신아파트,부산진구
부산진구11,새마을금고,부산진구
54,롯데캐슬스카이,부산진구
부산진구13,항도중학교,부산진구
부산진구11,적십자회관,부산진구
부산진구11,한신아파트,부산진구
부산진구11,새마을금고,부산진구
부산진구11,천지탕,부산진구
부산진구11,천지탕,부산진구
부산진구2,만호빌라,부산진구
부산진구2,기와집,부산진구
부산진구2,영화약국,부산진구
82,파티마의원,부산진구
부산진구12,파티마의원,부산진구
부산진구12-1,파티마의원,부산진구
부산진구12,협성아파트,부산진구
부산진구12-1,협성아파트,부산진구
부산진구2,전홍빌라,부산진구
부산진구2,전홍빌라,부산진구
부산진구2,대동아파트,부산진구
부산진구7,양정사진관,부산진구
부산진구7,동의과학대학교,부산진구
부산진구7,성모여자고등학교,부산진구
부산진구8,동의의료원,부산진구
부산진구8,양정역,부산진구
167,동평유치원,부산진구
169,부암3동행정복지센터,부산진구
167,협성피닉스,부산진구
169,협성피닉스,부산진구
169,부암3동행정복지센터,부산진구
110-1,진성아파트,부산진구
110-1,벽산아파트,부산진구
169,기점,부산진구
88,개성고등학교,부산진구
141,개성고등학교,부산진구
167,개성고등학교,부산진구
88,당감백산아파트,부산진구
141,당감백산아파트,부산진구
167,당감백산아파트,부산진구
169,기점,부산진구
33-1,만덕터널입구,동래구
46,만덕터널입구,동래구
33-1,개별화물협회,동래구
46,개별화물협회,동래구
51,온천장역.CGV동래,동래구
100,온천장역.CGV동래,동래구
110-1,온천장역.CGV동래,동래구
121,온천장역.CGV동래,동래구
131,온천장역.CGV동래,동래구
51,온천장역.SK허브스카이,동래구
80,온천장역.SK허브스카이,동래구
100,온천장역.SK허브스카이,동래구
100-1,온천장역.SK허브스카이,동래구
110-1,온천장역.SK허브스카이,동래구
131,온천장역.SK허브스카이,동래구
183,온천장역.SK허브스카이,동래구
3008,온천장역.SK허브스카이,동래구
183-F,온천장역.SK허브스카이,동래구
3008-F,온천장역.SK허브스카이,동래구
80,식물원입구,금정구
100-1,식물원입구,금정구
203,온천시장(목욕타운),금정구
49,온천입구,동래구
50,온천입구,동래구
51,온천입구,동래구
100,온천입구,동래구
110-1,온천입구,동래구
179,온천입구,동래구
49,동래구노인복지관,동래구
50,동래구노인복지관,동래구
100,동래구노인복지관,동래구
51,동래구노인복지관,동래구
110-1,동래구노인복지관,동래구
179,동래구노인복지관,동래구
1002,동래구노인복지관,동래구
동래구7,온천장입구,동래구
80,온천장역.SK허브스카이,동래구
100-1,온천장역.SK허브스카이,동래구
203,온천장역.SK허브스카이,동래구
31,동래한전,동래구
36,동래한전,동래구
42,동래한전,동래구
43,동래한전,동래구
44,동래한전,동래구
52,동래한전,동래구
144,동래한전,동래구
200,동래한전,동래구
307,동래한전,동래구
506,동래한전,동래구
1002,동래한전,동래구
31,부산원동역,동래구
36,부산원동역,동래구
43,부산원동역,동래구
44,부산원동역,동래구
52,부산원동역,동래구
144,부산원동역,동래구
155,부산원동역,동래구
189-1,부산원동역,동래구
200,부산원동역,동래구
42,뜨란채아파트,동래구
189-1,뜨란채아파트,동래구
200,뜨란채아파트,동래구
307,뜨란채아파트,동래구
동래구6,우성아파트,동래구
100,복산동행정복지센터,동래구
110-1,복산동행정복지센터,동래구
동래구1,복산동행정복지센터,동래구
동래구1-1,복산동행정복지센터,동래구
동래구3,복산동행정복지센터,동래구
동래구6-1,복산동행정복지센터,동래구
동래구1,현대아파트.명륜아이파크,동래구
동래구1-1,현대아파트.명륜아이파크,동래구
동래구3,현대아파트.명륜아이파크,동래구
동래구6-1,현대아파트.명륜아이파크,동래구
동래구6,무량사,동래구
동래구6,우성아파트,동래구
100-1,롯데백화점동래점.명륜역,동래구
111-1,명륜역,동래구
144,명륜역,동래구
189,명륜역,동래구
3008,명륜역,동래구
183-F,명륜역,동래구
3008-F,명륜역,동래구
77,롯데백화점동래점.명륜역,동래구
121,롯데백화점동래점.명륜역,동래구
210,롯데백화점동래점.명륜역,동래구
동래구3,롯데백화점동래점,동래구
189,온천장,금정구
100-1,명륜역,동래구
111-1,명륜역,동래구
144,명륜역,동래구
189,명륜역,동래구
3008,명륜역,동래구
183-F,명륜역,동래구
3008-F,명륜역,동래구
동래구6,(구)수정약국,동래구
동래구7,(구)수정약국,동래구
155,안락2동수협,동래구
506,안락2동수협,동래구
155,충렬초등학교,동래구
506,안락SK2차아파트,동래구
506,센텀SK뷰아파트,해운대구
동래구6,안락SK현대아파트,동래구
동래구6-1,안락SK현대아파트,동래구
동래구7,안락SK현대아파트,동래구
동래구2,동래구보훈회관,동래구
동래구2,삼성가든아파트,동래구
동래구2,새동래3차아파트,동래구
29,세병교,동래구
51,세병교,동래구
52,세병교,동래구
179,세병교,동래구
29,동래경찰서.수안역,동래구
50,동래경찰서.수안역,동래구
51,동래경찰서.수안역,동래구
52,동래경찰서.수안역,동래구
179,동래경찰서.수안역,동래구
동래구2,동래경찰서,동래구
29,충렬사역.서원시장,동래구
42,충렬사역.서원시장,동래구
99,충렬사역.서원시장,동래구
105,충렬사역.서원시장,동래구
106,충렬사역.서원시장,동래구
129-1,충렬사역.서원시장,동래구
148,충렬사역.서원시장,동래구
183-F,충렬사역.서원시장,동래구
29,낙민역.동래고등학교,동래구
49,낙민역.동래고등학교,동래구
52,낙민역.동래고등학교,동래구
57,낙민역.동래고등학교,동래구
100,낙민역.동래고등학교,동래구
110-1,낙민역.동래고등학교,동래구
129-1,낙민역.동래고등학교,동래구
148,낙민역.동래고등학교,동래구
210,낙민역.동래고등학교,동래구
183-F,낙민역.동래고등학교,동래구
100,동래시장정문,동래구
110-1,동래시장정문,동래구
100,동래구청,동래구
110-1,동래구청,동래구
동래구6,서원시장,동래구
동래구7,서원시장,동래구
동래구6,충렬사후문,동래구
동래구1-1,금강공원,동래구
동래구1-1,온천119안전센터,동래구
동래구1-1,해양자연사박물관,동래구
10,화신아파트,동래구
189,화신아파트,동래구
31,부전교회,동래구
43,부전교회,동래구
77,부전교회,동래구
100-1,부전교회,동래구
129-1,부전교회,동래구
506,부전교회,동래구
부산진구17,부전교회,동래구
10,부전교회,연제구
31,부전교회,연제구
43,부전교회,연제구
77,부전교회,연제구
100-1,부전교회,연제구
129-1,부전교회,연제구
189,부전교회,연제구
506,부전교회,연제구
동래구1,조양아파트,동래구
동래구6-1,조양아파트,동래구
동래구6,국제파크아파트,동래구
동래구7,국제파크아파트,동래구
동래구6,조양아파트,동래구
동래구1,코끼리자연어린이집,동래구
동래구6-1,코끼리자연어린이집,동래구
동래구1,학산여자고등학교,동래구
동래구6-1,학산여자고등학교,동래구
동래구1,명장초등학교,동래구
동래구6,명장초등학교,동래구
동래구6-1,명장초등학교,동래구
동래구6,코끼리자연어린이집,동래구
동래구6,학산여자고등학교,동래구
동래구1,명륜초등학교.동래향교,동래구
동래구1-1,명륜초등학교.동래향교,동래구
동래구6,명륜초등학교.동래향교,동래구
동래구6-1,명륜초등학교.동래향교,동래구
동래구1,명륜교차로.명륜자이아파트,동래구
동래구1-1,명륜교차로.명륜자이아파트,동래구
동래구2,명륜교차로.명륜자이아파트,동래구
46,동래전화국,동래구
49,동래전화국,동래구
51,동래전화국,동래구
100,동래전화국,동래구
110-1,동래전화국,동래구
127,동래전화국,동래구
210,동래전화국,동래구
1002,동래전화국,동래구
50,동래전화국,동래구
179,동래전화국,동래구
동래구2,동래전화국,동래구
51,동래경찰서,동래구
179,동래경찰서,동래구
동래구2,동래경찰서,동래구
49,동래전화국,동래구
50,동래전화국,동래구
51,동래전화국,동래구
179,동래전화국,동래구
1002,동래전화국,동래구
46,명륜역.동래중학교,동래구
127,명륜역.동래중학교,동래구
210,명륜역.동래중학교,동래구
동래구1,동래중학교,동래구
동래구1-1,동래중학교,동래구
동래구6,동래중학교,동래구
동래구6-1,동래중학교,동래구
동래구2,동래구보건소,동래구
동래구3,동래중학교,동래구
부산진구17,중앙여자고등학교,동래구
동래구2,중앙여자고등학교,동래구
동래구3,중앙여자고등학교,동래구
동래구5,중앙여자고등학교,동래구
동래구8,중앙여자고등학교,동래구
부산진구17,동래역2번출구,동래구
동래구2,동래역2번출구,동래구
동래구3,동래역2번출구,동래구
동래구5,동래역2번출구,동래구
동래구8,동래역2번출구,동래구
동래구2,동래역4번출구,동래구
동래구6,동래구보건소,동래구
동래구6-1,동래구보건소,동래구
동래구3,동래중학교,동래구
31,동래역.내성교차로,동래구
43,동래역.내성교차로,동래구
129-1,동래역.내성교차로,동래구
506,동래역.내성교차로,동래구
144,동래역.내성교차로,동래구
210,동래역.내성교차로,동래구
183-F,동래역.내성교차로,동래구
부산진구17,동래역환승센터,동래구
동래구5,동래역환승센터,동래구
동래구8,동래역환승센터,동래구
동래구3,동래역4번출구,동래구
동래구6,동래역4번출구,동래구
동래구6-1,동래역4번출구,동래구
동래구3,중앙여자고등학교,동래구
동래구5,달북초등학교,동래구
동래구5,사직초등학교앞교차로,동래구
동래구8,사직초등학교앞교차로,동래구
동래구5,사직고등학교,동래구
동래구8,사직고등학교,동래구
10,사직2동행정복지센터,동래구
46,사직2동행정복지센터,동래구
210,사직2동행정복지센터,동래구
10,삼익아파트,동래구
46,삼익아파트,동래구
210,삼익아파트,동래구
동래구5,사직2동행정복지센터,동래구
동래구5,삼익아파트후문,동래구
10,동인고등학교,동래구
210,동인고등학교,동래구
10,사직초등학교,동래구
210,사직초등학교,동래구
10,사직여고,동래구
210,사직여고,동래구
10,원광사,동래구
210,원광사,동래구
10,사직여중,동래구
210,사직여중,동래구
동래구8,사직중학교,동래구
동래구8,사직초등학교,동래구
동래구8,삼정그린코아아파트,동래구
10,사직119안전센터,동래구
210,사직119안전센터,동래구
10,아시아드주경기장,연제구
210,아시아드주경기장,연제구
부산진구17,사직119안전센터,동래구
부산진구17,아시아드주경기장,연제구
10,사직여중,동래구
210,사직여중,동래구
10,사직여고,동래구
210,사직여고,동래구
10,사직중학교,동래구
210,사직중학교,동래구
10,사직초등학교,동래구
210,사직초등학교,동래구
51,동래구노인복지관,동래구
100,동래구노인복지관,동래구
110-1,동래구노인복지관,동래구
49,동래구노인복지관,동래구
50,동래구노인복지관,동래구
179,동래구노인복지관,동래구
1002,동래구노인복지관,동래구
49,온천입구,동래구
50,온천입구,동래구
51,온천입구,동래구
100,온천입구,동래구
110-1,온천입구,동래구
179,온천입구,동래구
49,동래우체국,동래구
50,동래우체국,동래구
100,동래우체국,동래구
51,동래우체국,동래구
110-1,동래우체국,동래구
179,동래우체국,동래구
29,명장정수사업소,동래구
42,명장정수사업소,동래구
99,명장정수사업소,동래구
105,명장정수사업소,동래구
106,명장정수사업소,동래구
129-1,명장정수사업소,동래구
148,명장정수사업소,동래구
155,명장정수사업소,동래구
183,명장정수사업소,동래구
183-F,명장정수사업소,동래구
동래구1,동남아파트,동래구
동래구1,명장2치안센터,동래구
동래구1,성지아파트,금정구
51,온천장,동래구
100,온천장,동래구
100-1,온천장,동래구
110-1,온천장,동래구
183,온천장,동래구
3008,온천장,동래구
183-F,온천장,동래구
3008-F,온천장,동래구
동래구7,스파쇼핑,동래구
77,온천장,동래구
80,온천장,동래구
110,온천장,동래구
110-1,온천장,동래구
131,온천장,동래구
1002-F,온천장,동래구
동래구7,(구)온천극장,동래구
77,금강원입구,동래구
110,금강원입구,동래구
1002-F,금강원입구,동래구
77,온천시장,동래구
110,온천시장,동래구
1002-F,온천시장,동래구
77,금강원입구,동래구
80,금강원입구,동래구
110,금강원입구,동래구
110-1,금강원입구,동래구
121,금강원입구,동래구
131,금강원입구,동래구
1002-F,금강원입구,동래구
동래구7,금강공원입구,동래구
동래구6,국제파크아파트,동래구
동래구6,조양아파트,동래구
동래구6,화목아파트,동래구
동래구6,화목아파트,동래구
동래구7,화목아파트,동래구
동래구6,충렬사후문,동래구
동래구7,충렬사후문,동래구
29,서원시장,동래구
29,삼성아파트,동래구
동래구6,1080안경점,동래구
동래구7,1080안경점,동래구
동래구6,삼성아파트,동래구
동래구7,삼성아파트,동래구
동래구6,서원시장,동래구
86,안락경동아파트,동래구
210,안락경동아파트,동래구
동래구2,동부산아이존빌아파트,동래구
동래구2,안락경동아파트,동래구
42,안남초등학교,동래구
189-1,안남초등학교,동래구
200,안남초등학교,동래구
307,안남초등학교,동래구
동래구2,안남초등학교,동래구
80,우장춘기념관,동래구
동래구3,우장춘기념관,동래구
80,온샘초등학교,동래구
동래구3,대동아파트,동래구
동래구3,래미안101동,동래구
동래구3,래미안104동,동래구
동래구3,래미안4단지,동래구
33-1,효자암,동래구
46,효자암,동래구
33-1,만덕터널입구,동래구
46,만덕터널입구,동래구
동래구3,대동아파트,동래구
동래구3,래미안209동,동래구
동래구3,래미안201동,동래구
33-1,화신아파트,동래구
46,화신아파트,동래구
동래구8,삼협아파트,동래구
동래구8,화신아파트,동래구
동래구3,화신아파트,동래구
10,화신아파트,연제구
189,화신아파트,연제구
10,대선주조,동래구
189,대선주조,동래구
부산진구17,부산교육대학교후문,동래구
부산진구17,화신아파트,동래구
동래구8,경보아파트,동래구
동래구8,달북초등학교,동래구
동래구8,동서산장아파트,동래구
동래구8,삼정그린코아포레스트,동래구
동래구8,경보아파트,동래구
동래구8,달북초등학교,동래구
동래구8,미남교,동래구
동래구8,삼정그린코아포레스트,동래구
동래구5,달북초등학교,동래구
동래구5,사직초등학교앞교차로,동래구
동래구8,사직초등학교앞교차로,동래구
동래구5,사직고등학교,동래구
동래구8,사직고등학교,동래구
동래구5,온천중학교,동래구
110,온천초등학교,동래구
131,온천초등학교,동래구
210,온천초등학교,동래구
1002-F,온천초등학교,동래구
100-1,롯데백화점동래점,동래구
111-1,롯데백화점동래점,동래구
121,롯데백화점동래점,동래구
144,롯데백화점동래점,동래구
189,롯데백화점동래점,동래구
183-F,롯데백화점동래점,동래구
동래구1,롯데백화점동래점남문,동래구
210,롯데백화점동래점,동래구
77,원예고등학교,동래구
80,원예고등학교,동래구
110,원예고등학교,동래구
131,원예고등학교,동래구
210,원예고등학교,동래구
1002-F,원예고등학교,동래구
동래구3,우장춘기념관,동래구
동래구3,유락여자중학교,동래구
동래구3,유락여자중학교,동래구
77,온천초등학교,동래구
110,온천초등학교,동래구
131,온천초등학교,동래구
210,온천초등학교,동래구
1002-F,온천초등학교,동래구
80,우장춘기념관,동래구
110,동래래미안아이파크,동래구
131,동래래미안아이파크,동래구
210,동래래미안아이파크,동래구
77,럭키아파트후문,동래구
110,동래래미안아이파크,동래구
131,동래래미안아이파크,동래구
210,동래래미안아이파크,동래구
110,럭키아파트,동래구
131,럭키아파트,동래구
210,럭키아파트,동래구
1002-F,럭키아파트,동래구
110,럭키아파트,동래구
131,럭키아파트,동래구
210,럭키아파트,동래구
1002-F,럭키아파트,동래구
44,동래럭키아파트,동래구
50,동래럭키아파트,동래구
57,동래럭키아파트,동래구
148,동래럭키아파트,동래구
200,동래럭키아파트,동래구
307,동래럭키아파트,동래구
44,광혜병원.미남교차로,동래구
46,광혜병원.미남교차로,동래구
50,광혜병원.미남교차로,동래구
57,광혜병원.미남교차로,동래구
111-1,광혜병원.미남교차로,동래구
121,광혜병원.미남교차로,동래구
127,광혜병원.미남교차로,동래구
148,광혜병원.미남교차로,동래구
189,광혜병원.미남교차로,동래구
200,광혜병원.미남교차로,동래구
307,광혜병원.미남교차로,동래구
77,럭키주유소,동래구
31,안락뜨란채삼거리,동래구
36,안락뜨란채삼거리,동래구
43,안락뜨란채삼거리,동래구
44,안락뜨란채삼거리,동래구
52,안락뜨란채삼거리,동래구
144,안락뜨란채삼거리,동래구
155,안락뜨란채삼거리,동래구
200,안락뜨란채삼거리,동래구
31,부산원동역,동래구
36,부산원동역,동래구
43,부산원동역,동래구
44,부산원동역,동래구
52,부산원동역,동래구
144,부산원동역,동래구
155,부산원동역,동래구
189-1,부산원동역,동래구
200,부산원동역,동래구
29,세병교,동래구
51,세병교,동래구
52,세병교,동래구
179,세병교,동래구
155,명장시장,동래구
29,협진태양맨션,동래구
106,협진태양맨션,동래구
129-1,협진태양맨션,동래구
155,협진태양맨션,동래구
183,협진태양맨션,동래구
183-F,협진태양맨션,동래구
80,식물원입구,동래구
100-1,식물원입구,동래구
203,온천시장(목욕타운),동래구
203,경보아파트교차로,동래구
77,식물원입구,금정구
110,식물원입구,금정구
121,식물원입구,금정구
1002-F,식물원입구,금정구
203,경보아파트교차로,금정구
77,식물원입구,동래구
110,식물원입구,동래구
1002-F,식물원입구,동래구
77,온천시장,동래구
110,온천시장,동래구
121,온천시장,동래구
1002-F,온천시장,동래구
77,온천장,동래구
110,온천장,동래구
121,온천장,동래구
1002-F,온천장,동래구
111-1,온천장역,동래구
144,온천장역,동래구
183,온천장역,동래구
3008,온천장역,동래구
183-F,온천장역,동래구
3008-F,온천장역,동래구
100-1,온천장아스타아파트,동래구
111-1,온천장아스타아파트,동래구
144,온천장아스타아파트,동래구
189,온천장아스타아파트,동래구
183-F,온천장아스타아파트,동래구
31,동래역,동래구
43,동래역,동래구
129-1,동래역,동래구
506,동래역,동래구
31,내성중학교,동래구
43,내성중학교,동래구
77,내성중학교,동래구
100-1,내성중학교,동래구
129-1,내성중학교,동래구
506,내성중학교,동래구
동래구5,내성중학교,동래구
동래구8,내성중학교,동래구
46,동래역,동래구
77,동래역,동래구
100-1,동래역,동래구
111-1,동래역,동래구
121,동래역,동래구
127,동래역,동래구
144,동래역,동래구
189,동래역,동래구
210,동래역,동래구
3008,동래역,동래구
3008-F,동래역,동래구
동래구5,동래역1번출구,동래구
동래구8,동래역1번출구,동래구
동래구1,동래시장,동래구
동래구6-1,동래시장,동래구
33-1,사직역,동래구
46,사직역,동래구
83-1,사직역,동래구
210,사직역,동래구
10,사직운동장,동래구
44,사직운동장,동래구
50,사직운동장,동래구
80,사직운동장,동래구
111,사직운동장,동래구
111-1,사직운동장,동래구
189,사직운동장,동래구
1002-F,사직운동장,동래구
10,사직야구장,동래구
44,사직야구장,동래구
46,사직야구장,동래구
50,사직야구장,동래구
57,사직야구장,동래구
80,사직야구장,동래구
111,사직야구장,동래구
111-1,사직야구장,동래구
131,사직야구장,동래구
189,사직야구장,동래구
210,사직야구장,동래구
1002-F,사직야구장,동래구
부산진구17,새마을금고,동래구
동래구1,명장2동행정복지센터,동래구
동래구1,조양아파트,동래구
동래구6-1,조양아파트,동래구
29,명장정수사업소,동래구
42,명장정수사업소,동래구
99,명장정수사업소,동래구
105,명장정수사업소,동래구
106,명장정수사업소,동래구
129-1,명장정수사업소,동래구
148,명장정수사업소,동래구
155,명장정수사업소,동래구
183,명장정수사업소,동래구
183-F,명장정수사업소,동래구
29,진흥상가,동래구
29,안락초등학교,동래구
29,명장1동행정복지센터,동래구
동래구6,부산은행,동래구
동래구7,부산은행,동래구
동래구6,안락병원,동래구
동래구7,안락병원,동래구
동래구6,1080안경점,동래구
동래구6,삼성아파트,동래구
155,충렬주유소,동래구
506,충렬주유소,동래구
동래구1,동래구청,동래구
동래구1-1,동래구청,동래구
동래구6,동래구청,동래구
동래구6,동래구청,동래구
동래구6,구 부산지방기상청,동래구
42,안락교차로,동래구
52,안락교차로,동래구
210,안락교차로,동래구
210,벽산아파트,동래구
52,안락교차로,동래구
210,안락교차로,동래구
210,안락동우체국.동해선안락역,동래구
29,안락동우체국.동해선안락역,동래구
31,안락동우체국.동해선안락역,동래구
36,안락동우체국.동해선안락역,동래구
42,안락동우체국.동해선안락역,동래구
43,안락동우체국.동해선안락역,동래구
44,안락동우체국.동해선안락역,동래구
52,안락동우체국.동해선안락역,동래구
144,안락동우체국.동해선안락역,동래구
200,안락동우체국.동해선안락역,동래구
307,안락동우체국.동해선안락역,동래구
506,안락동우체국.동해선안락역,동래구
36,안락동우체국.동해선안락역,동래구
42,안락동우체국.동해선안락역,동래구
52,안락동우체국.동해선안락역,동래구
31,안락동우체국.동해선안락역,동래구
43,안락동우체국.동해선안락역,동래구
44,안락동우체국.동해선안락역,동래구
144,안락동우체국.동해선안락역,동래구
200,안락동우체국.동해선안락역,동래구
307,안락동우체국.동해선안락역,동래구
506,안락동우체국.동해선안락역,동래구
210,동부산아이존빌아파트,동래구
210,안락경동아파트,동래구
동래구2,동부산아이존빌아파트,동래구
동래구2,안락경동아파트,동래구
86,강변뜨란채입구,동래구
210,강변뜨란채입구,동래구
동래구2,온천천카페거리,동래구
210,강변뜨란채아파트,동래구
동래구2,온천천카페거리,동래구
동래구2,강변뜨란채아파트,동래구
동래구2,한성기린아파트,동래구
36,동래봉생병원,동래구
49,동래봉생병원,동래구
57,동래봉생병원,동래구
99,동래봉생병원,동래구
100,동래봉생병원,동래구
105,동래봉생병원,동래구
106,동래봉생병원,동래구
110-1,동래봉생병원,동래구
36,동래봉생병원,동래구
49,동래봉생병원,동래구
57,동래봉생병원,동래구
99,동래봉생병원,동래구
100,동래봉생병원,동래구
105,동래봉생병원,동래구
106,동래봉생병원,동래구
110-1,동래봉생병원,동래구
36,우성아파트,동래구
49,우성아파트,동래구
57,우성아파트,동래구
99,우성아파트,동래구
100,우성아파트,동래구
105,우성아파트,동래구
106,우성아파트,동래구
110-1,우성아파트,동래구
36,우성아파트,동래구
49,우성아파트,동래구
57,우성아파트,동래구
99,우성아파트,동래구
100,우성아파트,동래구
105,우성아파트,동래구
106,우성아파트,동래구
110-1,우성아파트,동래구
210,강변뜨란채아파트,동래구
동래구2,강변뜨란채아파트,동래구
동래구2,한성기린아파트,동래구
86,안진초등학교,동래구
동래구2,벽산한신아파트,동래구
동래구2,안민초등학교,동래구
동래구2,중앙하이츠아파트,동래구
80,온천장,동래구
100-1,온천장,동래구
121,온천장,동래구
131,온천장,동래구
동래구7,온천예식장,동래구
29,명장조양맨션(명장역),동래구
155,명장조양맨션(명장역),동래구
동래구6-1,명장1치안센터,동래구
29,명장조양맨션(명장역),동래구
155,명장조양맨션(명장역),동래구
155,명장1동행정복지센터,동래구
155,명장시장,동래구
동래구6-1,명장1동새마을금고,동래구
동래구6-1,명장시장,동래구
29,명장1동행정복지센터,동래구
29,안락초등학교,동래구
29,진흥상가,동래구
동래구6-1,명장1치안센터,동래구
동래구7,명장1치안센터,동래구
동래구6-1,충렬초등학교,동래구
동래구6,혜화여고.충렬고,동래구
동래구6-1,혜화여고.충렬고,동래구
동래구7,혜화여고.충렬고,동래구
155,한우크로바아파트,동래구
506,한우크로바아파트,동래구
동래구6,한우크로바아파트,동래구
동래구7,한우크로바아파트,동래구
동래구6,부산은행,동래구
동래구6,안락병원,동래구
42,명장조양맨션(명장역),동래구
99,명장조양맨션(명장역),동래구
105,명장조양맨션(명장역),동래구
106,명장조양맨션(명장역),동래구
129-1,명장조양맨션(명장역),동래구
148,명장조양맨션(명장역),동래구
183-F,명장조양맨션(명장역),동래구
42,명장조양맨션(명장역),동래구
99,명장조양맨션(명장역),동래구
105,명장조양맨션(명장역),동래구
106,명장조양맨션(명장역),동래구
129-1,명장조양맨션(명장역),동래구
148,명장조양맨션(명장역),동래구
183-F,명장조양맨션(명장역),동래구
동래구2,벽산한신아파트,동래구
동래구2,안민초등학교,동래구
동래구2,중앙하이츠아파트,동래구
49,낙민역.동래고등학교,동래구
52,낙민역.동래고등학교,동래구
57,낙민역.동래고등학교,동래구
100,낙민역.동래고등학교,동래구
110-1,낙민역.동래고등학교,동래구
129-1,낙민역.동래고등학교,동래구
148,낙민역.동래고등학교,동래구
210,낙민역.동래고등학교,동래구
183-F,낙민역.동래고등학교,동래구
동래구5,삼익아파트정문,동래구
10,국민시장,동래구
46,국민시장,동래구
210,국민시장,동래구
10,삼익아파트,동래구
46,삼익아파트,동래구
210,삼익아파트,동래구
동래구5,삼익아파트후문,동래구
44,사직사거리,동래구
50,사직사거리,동래구
57,사직사거리,동래구
80,사직사거리,동래구
111,사직사거리,동래구
111-1,사직사거리,동래구
131,사직사거리,동래구
189,사직사거리,동래구
1002-F,사직사거리,동래구
80,사직사거리,동래구
131,사직사거리,동래구
189,사직사거리,동래구
1002-F,사직사거리,동래구
10,사직야구장,동래구
44,사직야구장,동래구
46,사직야구장,동래구
57,사직야구장,동래구
111,사직야구장,동래구
111-1,사직야구장,동래구
210,사직야구장,동래구
50,사직사거리,동래구
10,사직사거리,동래구
46,사직사거리,동래구
210,사직사거리,동래구
50,쌍용예가입구,동래구
50,쌍용예가입구,동래구
77,동래역,동래구
100-1,동래역,동래구
111-1,동래역,동래구
121,동래역,동래구
144,동래역,동래구
189,동래역,동래구
183-F,동래역,동래구
33-1,금강초등학교,동래구
44,금강초등학교,동래구
46,금강초등학교,동래구
50,금강초등학교,동래구
111,금강초등학교,동래구
111-1,금강초등학교,동래구
210,금강초등학교,동래구
1002-F,금강초등학교,동래구
57,금강초등학교,동래구
80,금강초등학교,동래구
83-1,금강초등학교,동래구
131,금강초등학교,동래구
189,금강초등학교,동래구
33-1,사직역,동래구
46,사직역,동래구
83-1,사직역,동래구
210,사직역,동래구
44,사직1동행정복지센터,동래구
57,사직1동행정복지센터,동래구
80,사직1동행정복지센터,동래구
111,사직1동행정복지센터,동래구
111-1,사직1동행정복지센터,동래구
131,사직1동행정복지센터,동래구
189,사직1동행정복지센터,동래구
1002-F,사직1동행정복지센터,동래구
부산진구17,사직야구장,동래구
10,여명중학교,동래구
57,여명중학교,동래구
189,여명중학교,동래구
10,사직운동장,동래구
44,사직운동장,동래구
46,사직운동장,동래구
50,사직운동장,동래구
54,사직운동장,동래구
80,사직운동장,동래구
83-1,사직운동장,동래구
111,사직운동장,동래구
111-1,사직운동장,동래구
189,사직운동장,동래구
1002-F,사직운동장,동래구
부산진구17,사직운동장,동래구
110,화신아파트,동래구
111,화신아파트,동래구
121,화신아파트,동래구
127,화신아파트,동래구
148,화신아파트,동래구
200,화신아파트,동래구
307,화신아파트,동래구
동래구5,사직동교회,동래구
동래구5,사직시장,동래구
110,화신아파트,동래구
111,화신아파트,동래구
121,화신아파트,동래구
127,화신아파트,동래구
148,화신아파트,동래구
200,화신아파트,동래구
307,화신아파트,동래구
33-1,화신아파트,동래구
80,온샘초등학교,동래구
44,미남교차로.미남역,동래구
80,미남교차로.미남역,동래구
111,미남교차로.미남역,동래구
1002-F,미남교차로.미남역,동래구
동래구8,미남역,동래구
33-1,미남역.반도스카이뷰,동래구
46,미남역.반도스카이뷰,동래구
50,미남역.반도스카이뷰,동래구
57,미남역.반도스카이뷰,동래구
111-1,미남역.반도스카이뷰,동래구
131,미남역.반도스카이뷰,동래구
189,미남역.반도스카이뷰,동래구
210,미남역.반도스카이뷰,동래구
33-1,미남역.반도스카이뷰,동래구
44,미남역.반도스카이뷰,동래구
46,미남역.반도스카이뷰,동래구
50,미남역.반도스카이뷰,동래구
57,미남역.반도스카이뷰,동래구
80,미남역.반도스카이뷰,동래구
111,미남역.반도스카이뷰,동래구
111-1,미남역.반도스카이뷰,동래구
131,미남역.반도스카이뷰,동래구
189,미남역.반도스카이뷰,동래구
210,미남역.반도스카이뷰,동래구
1002-F,미남역.반도스카이뷰,동래구
동래구8,미남역,동래구
동래구8,반도보라스카이뷰,동래구
동래구8,사직성당,동래구
33-1,반도보라스카이뷰,동래구
44,반도보라스카이뷰,동래구
46,반도보라스카이뷰,동래구
80,반도보라스카이뷰,동래구
83-1,반도보라스카이뷰,동래구
111,반도보라스카이뷰,동래구
1002-F,반도보라스카이뷰,동래구
83-1,사직성당,동래구
동래구8,금강시장,동래구
동래구8,반도보라스카이뷰,동래구
동래구8,미남역11번출구,동래구
110,미남교차로.미남역,동래구
121,미남교차로.미남역,동래구
127,미남교차로.미남역,동래구
148,미남교차로.미남역,동래구
200,미남교차로.미남역,동래구
307,미남교차로.미남역,동래구
동래구5,온천중학교,동래구
동래구5,달북마을,동래구
동래구5,백제약국,동래구
동래구8,백제약국,동래구
57,사직동,동래구
83-1,사직동,동래구
105,사직동,동래구
83-1,사직성당,동래구
동래구8,금강시장,동래구
동래구8,사직성당,동래구
77,동래3차SK뷰,동래구
80,동래3차SK뷰,동래구
110,동래3차SK뷰,동래구
110-1,동래3차SK뷰,동래구
121,동래3차SK뷰,동래구
121,동래3차SK뷰,동래구
131,동래3차SK뷰,동래구
1002-F,동래3차SK뷰,동래구
동래구7,동래3차SK뷰,동래구
77,온천프라자,동래구
80,온천프라자,동래구
110,온천프라자,동래구
131,온천프라자,동래구
1002-F,온천프라자,동래구
46,사직운동장,동래구
54,사직운동장,동래구
210,사직운동장,동래구
부산진구17,사직운동장,동래구
31,동래한전,동래구
36,동래한전,동래구
42,동래한전,동래구
43,동래한전,동래구
44,동래한전,동래구
52,동래한전,동래구
144,동래한전,동래구
200,동래한전,동래구
307,동래한전,동래구
506,동래한전,동래구
1002,동래한전,동래구
54,사직실내수영장,동래구
57,사직실내수영장,동래구
83-1,사직실내수영장,동래구
131,사직실내수영장,동래구
110,광혜병원.미남역,동래구
29,동래한전,동래구
155,안락2동행정복지센터,동래구
506,안락2동행정복지센터,동래구
42,뜨란채아파트,동래구
189-1,뜨란채아파트,동래구
200,뜨란채아파트,동래구
307,뜨란채아파트,동래구
동래구2,안락중학교후문,동래구
42,안남초등학교,동래구
189-1,안남초등학교,동래구
307,안남초등학교,동래구
동래구2,안남초등학교,동래구
동래구2,안락뜨란채아파트205동,동래구
동래구2,안락중학교후문,동래구
동래구2,안락뜨란채아파트205동,동래구
동래구1-1,동래시장,동래구
동래구6,동래시장,동래구
50,동래우체국,동래구
179,동래우체국,동래구
49,명륜초등학교,동래구
51,명륜초등학교,동래구
100,명륜초등학교,동래구
110-1,명륜초등학교,동래구
동래구1,현대아파트.명륜아이파크,동래구
동래구1-1,현대아파트.명륜아이파크,동래구
동래구6,현대아파트.명륜아이파크,동래구
동래구6-1,현대아파트.명륜아이파크,동래구
동래구1,복산동행정복지센터,동래구
동래구1-1,복산동행정복지센터,동래구
동래구6,복산동행정복지센터,동래구
동래구6-1,복산동행정복지센터,동래구
동래구1-1,명륜초등학교.동래향교,동래구
동래구3,명륜초등학교.동래향교,동래구
동래구6-1,명륜초등학교.동래향교,동래구
동래구1,협진아파트,동래구
동래구1,명장2동행정복지센터,동래구
동래구1,학산여자고등학교,동래구
동래구6-1,학산여자고등학교,동래구
동래구1,동래교육청후문,동래구
동래구6-1,동래교육청후문,동래구
동래구1,동호탕,동래구
동래구6-1,동호탕,동래구
동래구1,한국상사,동래구
동래구6-1,한국상사,동래구
동래구1,동래시장,동래구
동래구6-1,동래시장,동래구
50,사직야구장,동래구
부산진구17,사직야구장,동래구
동래구2,동래전화국,동래구
동래구3,동래구청,동래구
부산진구17,대동병원,동래구
동래구5,대동병원,동래구
동래구8,대동병원,동래구
46,명륜자이아파트,동래구
127,명륜자이아파트,동래구
210,명륜자이아파트,동래구
동래구1,명륜교차로.명륜자이아파트,동래구
동래구1-1,명륜교차로.명륜자이아파트,동래구
동래구6,명륜교차로.명륜자이아파트,동래구
동래구6-1,명륜교차로.명륜자이아파트,동래구
동래구1,동래중학교,동래구
동래구1-1,동래중학교,동래구
동래구2,동래중학교,동래구
동래구1,명륜역입구,동래구
동래구1-1,명륜역입구,동래구
동래구2,남일중학교,동래구
동래구2,남일중학교,동래구
동래구2,메가마트동래점후문,동래구
동래구3,메가마트동래점후문,동래구
동래구3,메가마트동래점,동래구
동래구6,메가마트동래점,동래구
동래구6-1,메가마트동래점,동래구
동래구3,금정산약수터,동래구
동래구3,금정산약수터,동래구
동래구3,무량수요양원,동래구
동래구3,온천슈퍼,동래구
동래구3,원광사,동래구
동래구3,진양집,동래구
동래구3,금솔장,동래구
동래구3,무량수요양원,동래구
동래구3,원광사,동래구
동래구3,진양집,동래구
동래구3,온천슈퍼,동래구
동래구3,새들원테니스장,동래구
동래구3,새들원테니스장,동래구
동래구3,화신아파트,동래구
동래구5,달북마을,동래구
동래구5,금강초등학교,동래구
동래구5,금강초등학교,동래구
83-1,반도보라스카이뷰,동래구
동래구5,이편한동래아시아드아파트,동래구
33-1,금강초등학교,동래구
44,금강초등학교,동래구
46,금강초등학교,동래구
80,금강초등학교,동래구
83-1,금강초등학교,동래구
111,금강초등학교,동래구
131,금강초등학교,동래구
189,금강초등학교,동래구
210,금강초등학교,동래구
50,금강초등학교,동래구
57,금강초등학교,동래구
111-1,금강초등학교,동래구
1002-F,금강초등학교,동래구
동래구5,이편한동래아시아드아파트,동래구
동래구5,공영아파트,동래구
동래구5,OK슈퍼,동래구
동래구5,공영아파트,동래구
43,부산터널위,중구
43,영주신호대,중구
43,코모도호텔,중구
43,코모도호텔입구,중구
2,영주동,중구
43,영주동,중구
67,영주동,중구
167,영주동,중구
168,영주동,중구
1001,영주동,중구
2,영주동,중구
43,영주동,중구
67,영주동,중구
167,영주동,중구
168,영주동,중구
1001,영주동,중구
40,제일은행앞,중구
81,제일은행앞,중구
86,제일은행앞,중구
186,제일은행앞,중구
11,부산항만공사,중구
70,부산항만공사,중구
88-1,부산항만공사,중구
101,부산항만공사,중구
8,부평시장,중구
11,부평시장,중구
96,부평시장,중구
103,부평시장,중구
113,부평시장,중구
3003,부평시장,중구
2-F,부평시장,중구
중구1,부평시장,중구
40,보수사거리,중구
81,보수사거리,중구
중구1,보수사거리,중구
40,보수동책방골목,중구
81,보수동책방골목,중구
중구1,보수사거리,중구
86,새들맨션,중구
186,새들맨션,중구
86,국제시장,중구
186,국제시장,중구
40,국제시장,중구
15,국제시장,중구
126,국제시장,중구
40,국제시장.부산근현대역사관,중구
81,국제시장.부산근현대역사관,중구
40,보수동책방골목,중구
81,보수동책방골목,중구
8,서구청.충무동,중구
11,서구청.충무동,중구
15,서구청.충무동,중구
16,서구청.충무동,중구
70,서구청.충무동,중구
96,서구청.충무동,중구
96-1,서구청.충무동,중구
103,서구청.충무동,중구
113,서구청.충무동,중구
126,서구청.충무동,중구
3003,서구청.충무동,중구
2-F,서구청.충무동,중구
중구1,충무동교차로,중구
서구2,충무동교차로,중구
서구2-2,충무동교차로,중구
서구3,충무동교차로,중구
서구3-1,충무동교차로,중구
사하구1-1,충무동교차로,중구
70,부산디지털고,중구
190,부산디지털고,중구
70,청운아파트,중구
190,청운아파트,중구
70,동주파크맨션,중구
190,동주파크맨션,중구
70,중구종합사회복지관,중구
190,중구종합사회복지관,중구
중구1,중구복지관,중구
38,중앙공원.민주공원입구,중구
43,중앙공원.민주공원입구,중구
190,중앙공원.민주공원입구,중구
508,중앙공원.민주공원입구,중구
38,시민아파트,중구
43,시민아파트,중구
190,시민아파트,중구
508,시민아파트,중구
70,중앙공원.민주공원입구,중구
190,중앙공원.민주공원입구,중구
70,동주파크맨션,중구
190,동주파크맨션,중구
70,청운아파트,중구
190,청운아파트,중구
70,부산디지털고,중구
190,부산디지털고,중구
70,대청공원원로의집,중구
190,대청공원원로의집,중구
6,영도대교.남포역,중구
7,영도대교.남포역,중구
9,영도대교.남포역,중구
71,영도대교.남포역,중구
82,영도대교.남포역,중구
85,영도대교.남포역,중구
508,영도대교.남포역,중구
8,영도대교.남포역,중구
17,영도대교.남포역,중구
30,영도대교.남포역,중구
88,영도대교.남포역,중구
113,영도대교.남포역,중구
186,영도대교.남포역,중구
190,영도대교.남포역,중구
3001,영도대교.남포역,중구
3003,영도대교.남포역,중구
영도구5,연안부두,중구
8,보수초등학교,중구
11,보수초등학교,중구
96,보수초등학교,중구
103,보수초등학교,중구
113,보수초등학교,중구
2-F,보수초등학교,중구
8,화랑초등학교,서구
11,화랑초등학교,서구
2-F,화랑초등학교,서구
96,동아대부민캠퍼스,서구
103,동아대부민캠퍼스,서구
113,동아대부민캠퍼스,서구
43,중구청.메리놀병원,중구
86,중구청.메리놀병원,중구
186,중구청.메리놀병원,중구
43,거북맨션,중구
86,거북맨션,중구
186,거북맨션,중구
43,중구청.메리놀병원,중구
43,코모도호텔,중구
86,새들맨션,중구
186,새들맨션,중구
8,부평시장,중구
11,부평시장,중구
96,부평시장,중구
103,부평시장,중구
113,부평시장,중구
126,부평시장,중구
3003,부평시장,중구
2-F,부평시장,중구
중구1,부평시장,중구
8,서구청,서구
11,서구청,서구
16,서구청,서구
70,서구청,서구
96,서구청,서구
103,서구청,서구
113,서구청,서구
134,서구청,서구
1003,서구청,서구
3003,서구청,서구
2-F,서구청,서구
1004-F,서구청,서구
서구2,서구청,서구
서구2-2,서구청,서구
서구3,서구청,서구
서구3-1,서구청,서구
사하구1-1,서구청,서구
15,(구)남포주유소,중구
5-1,2부두,중구
172,2부두,중구
5-1,"중부경찰서,연안여객터미널",중구
172,"중부경찰서,연안여객터미널",중구
88-1,부산세관,중구
101,부산세관,중구
15,백산기념관.영화체험박물관,중구
40,백산기념관.영화체험박물관,중구
81,백산기념관.영화체험박물관,중구
86,백산기념관.영화체험박물관,중구
126,백산기념관.영화체험박물관,중구
186,백산기념관.영화체험박물관,중구
40,국제시장,중구
81,국제시장,중구
86,국제시장,중구
186,국제시장,중구
6,영도대교.남포역,중구
7,영도대교.남포역,중구
8,영도대교.남포역,중구
9,영도대교.남포역,중구
11,영도대교.남포역,중구
17,영도대교.남포역,중구
30,영도대교.남포역,중구
71,영도대교.남포역,중구
113,영도대교.남포역,중구
3001,영도대교.남포역,중구
3003,영도대교.남포역,중구
82,영도대교.남포역,중구
85,영도대교.남포역,중구
88,영도대교.남포역,중구
186,영도대교.남포역,중구
190,영도대교.남포역,중구
508,영도대교.남포역,중구
영도구5,영도대교.남포역,중구
38,동일파크맨션,동구
86,동일파크맨션,동구
186,동일파크맨션,동구
190,동일파크맨션,동구
508,동일파크맨션,동구
38,영주삼거리,중구
86,영주삼거리,중구
186,영주삼거리,중구
190,영주삼거리,중구
508,영주삼거리,중구
38,화신아파트,동구
86,화신아파트,동구
186,화신아파트,동구
190,화신아파트,동구
508,화신아파트,동구
43,동아아파트,중구
86,동아아파트,중구
186,동아아파트,중구
43,금호아파트,중구
86,금호아파트,중구
186,금호아파트,중구
43,부산디지털고,중구
86,부산디지털고,중구
186,부산디지털고,중구
38,시민아파트,중구
43,시민아파트,중구
190,시민아파트,중구
508,시민아파트,중구
38,중앙공원.민주공원입구,중구
43,중앙공원.민주공원입구,중구
508,중앙공원.민주공원입구,중구
5-1,신동아시장,중구
17,신동아시장,중구
27,신동아시장,중구
41,신동아시장,중구
59,신동아시장,중구
61,신동아시장,중구
86,신동아시장,중구
172,신동아시장,중구
6,신동아시장,중구
7,신동아시장,중구
17,신동아시장,중구
30,신동아시장,중구
71,신동아시장,중구
113,신동아시장,중구
5-1,자갈치시장,중구
17,자갈치시장,중구
27,자갈치시장,중구
41,자갈치시장,중구
59,자갈치시장,중구
61,자갈치시장,중구
86,자갈치시장,중구
172,자갈치시장,중구
6,자갈치시장,중구
7,자갈치시장,중구
17,자갈치시장,중구
30,자갈치시장,중구
71,자갈치시장,중구
113,자갈치시장,중구
43,거북맨션,중구
86,거북맨션,중구
186,거북맨션,중구
86,중구청.메리놀병원,중구
186,중구청.메리놀병원,중구
43,부산디지털고,중구
86,부산디지털고,중구
186,부산디지털고,중구
43,금호아파트,중구
86,금호아파트,중구
186,금호아파트,중구
43,동아아파트,중구
86,동아아파트,중구
186,동아아파트,중구
중구1,중구노인복지회관,중구
중구1,중구노인복지회관,중구
중구1,한신스포렉스,중구
중구1,한신스포렉스,중구
중구1,남해슈퍼,중구
중구1,남해슈퍼,중구
중구1,산복도로교차로,중구
중구1,보수아파트,중구
중구1,보수어린이집,중구
중구1,중구노인정,중구
중구1,혜광고등학교후문,중구
중구1,중앙공원,서구
중구1,중앙공원,중구
중구1,중앙도서관,서구
중구1,증앙도서관,서구
중구1,서구복지회관,중구
중구1,서구복지회관,중구
중구1,혜광분식,중구
중구1,보수아파트,중구
중구1,보수어린이집,중구
중구1,중구노인정,중구
중구1,혜광고등학교후문,중구
중구1,혜광분식,중구
70,중구종합사회복지관,중구
190,중구종합사회복지관,중구
중구1,중구복지관,중구
70,보수아파트,중구
190,보수아파트,중구
70,혜광고교,서구
190,혜광고교,서구
70,락서암,서구
190,락서암,서구
70,대신여중,서구
190,대신여중,서구
70,동대신2동,서구
190,동대신2동,서구
70,동대고개,서구
190,동대고개,서구
중구1,산복도로교차로,중구
167,서대시장,서구
1001,서대시장,서구
96,서대신역.서부경찰서,서구
113,서대신역.서부경찰서,서구
190,서대신역.서부경찰서,서구
3001,서대신역.서부경찰서,서구
16,서대시장.동대신역,서구
40,서대시장.동대신역,서구
70,서대시장.동대신역,서구
81,서대시장.동대신역,서구
113,서대시장.동대신역,서구
190,서대시장.동대신역,서구
3001,서대시장.동대신역,서구
서구1,서대시장.동대신역,서구
서구5,서대시장.동대신역,서구
2,동신초등학교,서구
11,동신초등학교,서구
2-F,동신초등학교,서구
8,동신초등학교,서구
67,동신초등학교,서구
167,동신초등학교,서구
168,동신초등학교,서구
15,동대신역,서구
96,동대신역,서구
103,동대신역,서구
126,동대신역,서구
서구5,동대신역,서구
103,서대신우체국,서구
126,서대신우체국,서구
15,구덕운동장,서구
16,구덕운동장,서구
70,구덕운동장,서구
81,구덕운동장,서구
40,구덕운동장(종점),서구
중구1,구덕운동장,서구
2,문화아파트,서구
2-F,문화아파트,서구
중구1,문화아파트,서구
40,부경고교,서구
167,부경고교,서구
2,부경고교,서구
11,부경고교,서구
103,부경고교,서구
126,부경고교,서구
161,부경고교,서구
2-F,부경고교,서구
16,부경고교,서구
70,부경고교,서구
81,부경고교,서구
190,부경고교,서구
서구3,구덕실내체육관,서구
서구3,구덕실내체육관,서구
서구3-1,구덕실내체육관,서구
96,동아대부민캠퍼스,서구
103,동아대부민캠퍼스,서구
113,동아대부민캠퍼스,서구
15,동아대부민캠퍼스,서구
16,동아대부민캠퍼스,서구
40,동아대부민캠퍼스,서구
70,동아대부민캠퍼스,서구
81,동아대부민캠퍼스,서구
126,동아대부민캠퍼스,서구
190,동아대부민캠퍼스,서구
15,서부교회,서구
16,서부교회,서구
40,서부교회,서구
70,서부교회,서구
81,서부교회,서구
96,서부교회,서구
103,서부교회,서구
113,서부교회,서구
126,서부교회,서구
190,서부교회,서구
16,동아대부민캠퍼스,서구
40,동아대부민캠퍼스,서구
70,동아대부민캠퍼스,서구
81,동아대부민캠퍼스,서구
190,동아대부민캠퍼스,서구
167,동대시장,서구
15,서부교회,서구
70,서부교회,서구
96,서부교회,서구
103,서부교회,서구
113,서부교회,서구
126,서부교회,서구
16,서부교회,서구
40,서부교회,서구
81,서부교회,서구
190,서부교회,서구
96,서대시장.동대신역,서구
113,서대시장.동대신역,서구
190,서대시장.동대신역,서구
1001,서대시장.동대신역,서구
3001,서대시장.동대신역,서구
중구1,동대신역,서구
16,부산대학병원.토성역,서구
70,부산대학병원.토성역,서구
190,부산대학병원.토성역,서구
3001,부산대학병원.토성역,서구
87,토성동,서구
서구2,토성동,서구
서구2-2,토성동,서구
서구3,토성동,서구
서구3-1,토성동,서구
사하구1-1,토성동,서구
서구2-2,토성역,서구
87,토성역.아미동입구,서구
134,토성역.아미동입구,서구
190,토성역.아미동입구,서구
서구2,부산대학교병원,서구
서구2-2,부산대학교병원,서구
서구3,부산대학교병원,서구
서구3-1,부산대학교병원,서구
사하구1-1,부산대학교병원,서구
서구3,아미파출소,서구
서구3-1,아미파출소,서구
사하구1-1,아미파출소,서구
15,동아대부민캠퍼스,서구
15,영락교회,서구
40,영락교회,서구
81,영락교회,서구
126,영락교회,서구
16,부산대학병원.토성역,서구
70,부산대학병원.토성역,서구
190,부산대학병원.토성역,서구
3001,부산대학병원.토성역,서구
7,충무동교차로,서구
9,충무동교차로,서구
16,충무동교차로,서구
61,충무동교차로,서구
87,충무동교차로,서구
171,충무동교차로,서구
172,충무동교차로,서구
서구2,충무시장,서구
서구2-2,충무시장,서구
서구3,충무시장,서구
서구3-1,충무시장,서구
사하구1-1,충무시장,서구
7,남부민시장입구,서구
9,남부민시장입구,서구
16,남부민시장입구,서구
61,남부민시장입구,서구
171,남부민시장입구,서구
172,남부민시장입구,서구
87,토성동,서구
134,토성동,서구
1003,부산대학병원.토성역,서구
1003,부산대학병원.토성역,서구
1003-F,부산대학병원.토성역,서구
서구2,토성동,서구
서구2-2,토성동,서구
서구3,토성동,서구
서구3-1,토성동,서구
사하구1-1,토성동,서구
중구1,대청마루,서구
중구1,영산3동아파트,서구
중구1,한국빌라,서구
70,동대신2동,서구
190,동대신2동,서구
70,동대고개,서구
190,동대고개,서구
70,대신여중,서구
190,대신여중,서구
70,락서암,서구
190,락서암,서구
70,혜광고교,서구
190,혜광고교,서구
70,보수아파트,중구
190,보수아파트,중구
중구1,경남고등학교입구,서구
6,송도입구,서구
9,송도입구,서구
16,송도입구,서구
61,송도입구,서구
96-1,송도입구,서구
134,송도입구,서구
171,송도입구,서구
172,송도입구,서구
3006,송도입구,서구
6,고신대학교복음병원,서구
9,고신대학교복음병원,서구
16,고신대학교복음병원,서구
61,고신대학교복음병원,서구
96-1,고신대학교복음병원,서구
171,고신대학교복음병원,서구
172,고신대학교복음병원,서구
3006,고신대학교복음병원,서구
6,고신대학교복음병원,서구
9,고신대학교복음병원,서구
16,고신대학교복음병원,서구
61,고신대학교복음병원,서구
96-1,고신대학교복음병원,서구
134,고신대학교복음병원,서구
171,고신대학교복음병원,서구
172,고신대학교복음병원,서구
3006,고신대학교복음병원,서구
6,알로이시오의원,서구
9,알로이시오의원,서구
16,알로이시오의원,서구
61,알로이시오의원,서구
96-1,알로이시오의원,서구
171,알로이시오의원,서구
172,알로이시오의원,서구
6,알로이시오의원,서구
9,알로이시오의원,서구
16,알로이시오의원,서구
61,알로이시오의원,서구
96-1,알로이시오의원,서구
134,알로이시오의원,서구
171,알로이시오의원,서구
172,알로이시오의원,서구
6,감천초등학교,사하구
9,감천초등학교,사하구
16,감천초등학교,사하구
61,감천초등학교,사하구
96-1,감천초등학교,사하구
171,감천초등학교,사하구
172,감천초등학교,사하구
6,남성한빛가든,사하구
9,남성한빛가든,사하구
16,남성한빛가든,사하구
61,남성한빛가든,사하구
96-1,남성한빛가든,사하구
171,남성한빛가든,사하구
172,남성한빛가든,사하구
6,감천사거리,사하구
9,감천사거리,사하구
16,감천사거리,사하구
61,감천사거리,사하구
96-1,감천사거리,사하구
171,감천사거리,사하구
172,감천사거리,사하구
7,신익아파트,서구
9,신익아파트,서구
16,신익아파트,서구
61,신익아파트,서구
134,신익아파트,서구
171,신익아파트,서구
172,신익아파트,서구
7,부산관광고교,서구
9,부산관광고교,서구
16,부산관광고교,서구
61,부산관광고교,서구
134,부산관광고교,서구
171,부산관광고교,서구
172,부산관광고교,서구
6,암남동행정복지센터,서구
26,암남동행정복지센터,서구
30,암남동행정복지센터,서구
71,암남동행정복지센터,서구
96,암남동행정복지센터,서구
96-1,암남동행정복지센터,서구
3006,암남동행정복지센터,서구
7,충무동해안시장,서구
17,충무동해안시장,서구
27,충무동해안시장,서구
41,충무동해안시장,서구
113,충무동해안시장,서구
5-1,충무동해안시장,서구
17,충무동해안시장,서구
59,충무동해안시장,서구
61,충무동해안시장,서구
86,충무동해안시장,서구
172,충무동해안시장,서구
6,충무쇼핑.충무동새벽시장,서구
26,충무쇼핑.충무동새벽시장,서구
30,충무쇼핑.충무동새벽시장,서구
71,충무쇼핑.충무동새벽시장,서구
96,충무쇼핑.충무동새벽시장,서구
96-1,충무쇼핑.충무동새벽시장,서구
6,공동어시장,서구
26,공동어시장,서구
30,공동어시장,서구
71,공동어시장,서구
96,공동어시장,서구
96-1,공동어시장,서구
6,충무동교차로,서구
26,충무동교차로,서구
30,충무동교차로,서구
71,충무동교차로,서구
96,충무동교차로,서구
96-1,충무동교차로,서구
6,대진아파트,서구
26,대진아파트,서구
30,대진아파트,서구
71,대진아파트,서구
96,대진아파트,서구
96-1,대진아파트,서구
6,등대시장,서구
26,등대시장,서구
30,등대시장,서구
71,등대시장,서구
96,등대시장,서구
96-1,등대시장,서구
6,대림아파트,서구
26,대림아파트,서구
30,대림아파트,서구
71,대림아파트,서구
96,대림아파트,서구
96-1,대림아파트,서구
7,자갈치역.충무동교차로,서구
9,자갈치역.충무동교차로,서구
16,자갈치역.충무동교차로,서구
61,자갈치역.충무동교차로,서구
171,자갈치역.충무동교차로,서구
172,자갈치역.충무동교차로,서구
87,충무동교차로,서구
134,충무동교차로,서구
1003,충무동교차로,서구
1003,충무동교차로,서구
1003-F,충무동교차로,서구
서구2,충무시장,서구
서구2-2,충무시장,서구
서구3,충무시장,서구
서구3-1,충무시장,서구
사하구1-1,충무시장,서구
70,동대신3동,서구
중구1,동대신3동,서구
11,동신초등학교,서구
2,동신초등학교입구,서구
67,동신초등학교입구,서구
168,동신초등학교입구,서구
2-F,동신초등학교입구,서구
8,서여고,서구
11,서여고,서구
중구1,동신초등학교,서구
서구1,동신초등학교,서구
중구1,서여자고등학교,서구
서구1,서여자고등학교,서구
8,동아대병원입구,서구
15,동아대병원입구,서구
67,동아대병원입구,서구
161,동아대병원입구,서구
167,동아대병원입구,서구
168,동아대병원입구,서구
190,동아대병원입구,서구
3003,동아대병원입구,서구
서구5,동아탕,서구
134,초장중학교,서구
190,초장중학교,서구
134,하동상회,서구
190,하동상회,서구
134,초장동,서구
190,초장동,서구
134,아미초등학교,서구
190,아미초등학교,서구
134,아미초등학교,서구
190,아미초등학교,서구
서구2,광성사,서구
사하구1-1,광성사,서구
서구2,산상교회.비석문화마을,서구
사하구1-1,산상교회.비석문화마을,서구
서구2,세화어린이집,서구
사하구1-1,세화어린이집,서구
서구2,아미동공영주차장,서구
사하구1-1,아미동공영주차장,서구
서구2,아미청년회,서구
사하구1-1,아미청년회,서구
서구2,아미초등학교,서구
사하구1-1,아미초등학교,서구
서구2,한샘슈퍼,서구
사하구1-1,한샘슈퍼,서구
서구2,미화당슈퍼,서구
134,아미파출소,서구
190,아미파출소,서구
87,토성역.아미동입구,서구
서구3,부산대학교병원,서구
서구3-1,부산대학교병원,서구
서구2,아미시장,서구
서구2-2,아미시장,서구
서구3,아미시장,서구
서구3-1,아미시장,서구
사하구1-1,아미시장,서구
서구2,토성역,서구
서구3,토성역,서구
서구3-1,토성역,서구
사하구1-1,토성역,서구
134,아미파출소,서구
190,아미파출소,서구
87,아동보호종합센터,서구
87,천주교아파트,서구
서구2-2,아동보호종합센터,서구
9,동원냉장,서구
9,감천1.2.3부두,서구
7,모지포마을,서구
30,모지포마을,서구
71,모지포마을,서구
7,모지포마을입구,서구
30,모지포마을입구,서구
71,모지포마을입구,서구
7,성진수산,서구
9,성진수산,서구
30,성진수산,서구
71,성진수산,서구
9,동원냉장,서구
15,영락교회,서구
40,영락교회,서구
81,영락교회,서구
7,신익아파트,서구
9,신익아파트,서구
16,신익아파트,서구
61,신익아파트,서구
171,신익아파트,서구
172,신익아파트,서구
7,부산관광고교,서구
9,부산관광고교,서구
16,부산관광고교,서구
61,부산관광고교,서구
171,부산관광고교,서구
172,부산관광고교,서구
134,남부민동,서구
190,남부민동,서구
7,남부민2동행정복지센터,서구
9,남부민2동행정복지센터,서구
16,남부민2동행정복지센터,서구
61,남부민2동행정복지센터,서구
171,남부민2동행정복지센터,서구
172,남부민2동행정복지센터,서구
7,천마우편취급국,서구
9,천마우편취급국,서구
16,천마우편취급국,서구
61,천마우편취급국,서구
171,천마우편취급국,서구
172,천마우편취급국,서구
7,남부민초등학교,서구
9,남부민초등학교,서구
16,남부민초등학교,서구
61,남부민초등학교,서구
171,남부민초등학교,서구
172,남부민초등학교,서구
7,모지포마을입구,서구
30,모지포마을입구,서구
71,모지포마을입구,서구
7,모지포마을,서구
30,모지포마을,서구
71,모지포마을,서구
7,휴게소,서구
30,휴게소,서구
71,휴게소,서구
7,암남공원,서구
30,암남공원,서구
71,암남공원,서구
26,송도교차로,서구
30,송도교차로,서구
71,송도교차로,서구
96,송도교차로,서구
7,송도초등학교,서구
26,송도초등학교,서구
30,송도초등학교,서구
71,송도초등학교,서구
96,송도초등학교,서구
7,송도해수욕장,서구
26,송도해수욕장,서구
30,송도해수욕장,서구
71,송도해수욕장,서구
96,송도해수욕장,서구
7,송도공영주차장,서구
26,송도공영주차장,서구
30,송도공영주차장,서구
71,송도공영주차장,서구
96,송도공영주차장,서구
30,송도혜성아파트·풍림아이원아파트,서구
6,송도입구,서구
9,송도입구,서구
16,송도입구,서구
61,송도입구,서구
96-1,송도입구,서구
171,송도입구,서구
172,송도입구,서구
3006,송도입구,서구
8,구덕운동장,서구
15,구덕운동장,서구
16,구덕운동장,서구
40,구덕운동장,서구
67,구덕운동장,서구
81,구덕운동장,서구
161,구덕운동장,서구
168,구덕운동장,서구
3003,구덕운동장,서구
서구1,구덕야구장,서구
서구3,구덕야구장,서구
서구3-1,구덕야구장,서구
서구5,구덕야구장,서구
8,구덕초등학교,서구
15,구덕초등학교,서구
67,구덕초등학교,서구
161,구덕초등학교,서구
168,구덕초등학교,서구
167,경남고등학교,서구
190,경남고등학교,서구
8,구덕초등학교,서구
15,구덕초등학교,서구
67,구덕초등학교,서구
161,구덕초등학교,서구
168,구덕초등학교,서구
서구2,광성사,서구
사하구1-1,광성사,서구
서구2,대진슈퍼,서구
사하구1-1,대진슈퍼,서구
서구2,산상교회.비석문화마을,서구
사하구1-1,산상교회.비석문화마을,서구
서구2,세화어린이집,서구
사하구1-1,세화어린이집,서구
서구2,아미동공영주차장,서구
사하구1-1,아미동공영주차장,서구
서구2,아미청년회,서구
사하구1-1,아미청년회,서구
서구2,아미초등학교,서구
사하구1-1,아미초등학교,서구
서구2,미화당슈퍼,서구
서구2,감천문화마을.부산교육역사관,사하구
서구2-2,감천문화마을.부산교육역사관,사하구
사하구1,감천문화마을.부산교육역사관,사하구
사하구1-1,감천문화마을.부산교육역사관,사하구
서구2-2,구감,사하구
사하구1,구감,사하구
사하구1-1,구감,사하구
서구2,아미동감천삼거리,서구
사하구1-1,아미동감천삼거리,서구
87,천주교아파트,서구
87,아동보호종합센터,서구
서구2-2,아동보호종합센터,서구
서구2-2,천주교아파트,서구
서구2-2,세신빌라,서구
61,까치새길입구,서구
87,까치새길입구,서구
61,아름다운교회,서구
87,아름다운교회,서구
61,까치고개. 서구아미드림도서관,서구
87,까치고개. 서구아미드림도서관,서구
2,삼육부산병원.서대신역,서구
96,삼육부산병원.서대신역,서구
113,삼육부산병원.서대신역,서구
2-F,삼육부산병원.서대신역,서구
서구3,서대신역,서구
2,서대신동,서구
96,서대신동,서구
113,서대신동,서구
2-F,서대신동,서구
서구3-1,광민약국.서대신동,서구
서구3-1,삼육부산병원,서구
서구3-1,협성아파트,서구
서구3-1,남성한빛.대신더샵,서구
서구3-1,대신롯데캐슬아파트,서구
서구3-1,협성아파트,서구
2,서대신역.서대신교차로,서구
11,서대신역.서대신교차로,서구
96,서대신역.서대신교차로,서구
103,서대신역.서대신교차로,서구
126,서대신역.서대신교차로,서구
161,서대신역.서대신교차로,서구
190,서대신역.서대신교차로,서구
2-F,서대신역.서대신교차로,서구
2,부경고교,서구
11,부경고교,서구
96,부경고교,서구
103,부경고교,서구
126,부경고교,서구
161,부경고교,서구
190,부경고교,서구
2-F,부경고교,서구
서구1,서대신역,서구
서구3,서대신역,서구
서구5,서대신역,서구
서구1,부경고등학교,서구
서구3,부경고등학교,서구
서구5,부경고등학교,서구
16,서대신역.서부경찰서,서구
40,서대신역.서부경찰서,서구
70,서대신역.서부경찰서,서구
81,서대신역.서부경찰서,서구
113,서대신역.서부경찰서,서구
167,서대신역.서부경찰서,서구
190,서대신역.서부경찰서,서구
11,서대신교차로.서대신역,서구
103,서대신교차로.서대신역,서구
126,서대신교차로.서대신역,서구
161,서대신교차로.서대신역,서구
2,삼육부산병원,서구
96,삼육부산병원,서구
113,삼육부산병원,서구
2-F,삼육부산병원,서구
134,알로이시오초등학교,서구
134,해강노인관,서구
190,해강노인관,서구
134,남부민동경로당,서구
190,남부민동경로당,서구
134,동천아파트,서구
190,동천아파트,서구
134,대원사,서구
190,대원사,서구
134,초장동,서구
190,초장동,서구
서구1,민방위교육장,서구
167,부산터널입구,서구
1001,부산터널입구,서구
8,화랑초등학교,서구
11,화랑초등학교,서구
2-F,화랑초등학교,서구
중구1,동대신시장,서구
서구1,동대신시장,서구
중구1,부산은행,서구
서구1,부산은행,서구
2,민들레맨션,서구
96,민들레맨션,서구
113,민들레맨션,서구
2-F,민들레맨션,서구
서구3,자유아파트,서구
서구3-1,자유아파트,서구
서구3,대티배수지,서구
서구3-1,대티배수지,서구
서구3,부민석유,서구
서구3-1,부민석유,서구
서구3,부민e편한세상아파트,서구
서구3-1,부민e편한세상아파트,서구
서구3,산월경로당,서구
서구3-1,산월경로당,서구
서구3,연성아파트,서구
서구3-1,연성아파트,서구
서구3,대신푸르지오,서구
서구3-1,대신푸르지오,서구
서구3,청송슈퍼,서구
서구3-1,청송슈퍼,서구
서구3,한일공업사,서구
서구3-1,한일공업사,서구
7,남부민시장입구,서구
9,남부민시장입구,서구
16,남부민시장입구,서구
61,남부민시장입구,서구
171,남부민시장입구,서구
172,남부민시장입구,서구
7,남부민초등학교,서구
9,남부민초등학교,서구
16,남부민초등학교,서구
61,남부민초등학교,서구
171,남부민초등학교,서구
172,남부민초등학교,서구
7,천마우편취급국,서구
9,천마우편취급국,서구
16,천마우편취급국,서구
61,천마우편취급국,서구
171,천마우편취급국,서구
172,천마우편취급국,서구
7,남부민2동행정복지센터,서구
9,남부민2동행정복지센터,서구
16,남부민2동행정복지센터,서구
61,남부민2동행정복지센터,서구
171,남부민2동행정복지센터,서구
172,남부민2동행정복지센터,서구
134,대원사,서구
190,대원사,서구
134,동천아파트,서구
190,동천아파트,서구
134,남부민동경로당,서구
190,남부민동경로당,서구
134,해강노인관,서구
190,해강노인관,서구
134,남부민동,서구
190,남부민동,서구
134,초장중학교,서구
190,초장중학교,서구
134,하동상회,서구
190,하동상회,서구
2,서대신동,서구
96,서대신동,서구
113,서대신동,서구
2-F,서대신동,서구
서구3,광민약국.서대신동,서구
서구3-1,광민약국.서대신동,서구
서구3,삼육부산병원,서구
서구3-1,삼육부산병원,서구
2,민들레맨션,서구
96,민들레맨션,서구
113,민들레맨션,서구
2-F,민들레맨션,서구
서구3,자유아파트,서구
서구3-1,자유아파트,서구
서구1,민방위교육장,서구
서구3,대신롯데캐슬아파트,서구
서구3,민방위교육장,서구
서구3-1,민방위교육장,서구
서구3,효목빌라,서구
서구3-1,효목빌라,서구
16,대신중학교,서구
40,대신중학교,서구
81,대신중학교,서구
81,경성전자고등학교,서구
서구3,구덕운동장,서구
서구3-1,구덕운동장,서구
81,서부교육청,서구
81,서대신금호아파트(종점),서구
서구1,경성전자고등학교,서구
서구3,경성전자고등학교,서구
서구3-1,경성전자고등학교,서구
서구1,금호아파트,서구
서구3,금호아파트,서구
서구3-1,금호아파트,서구
서구1,남성한빛.대신더샵,서구
서구3,남성한빛.대신더샵,서구
서구3-1,남성한빛.대신더샵,서구
서구5,동아대학교병원,서구
서구5,동아대학교구덕캠퍼스,서구
서구3,아미파출소,서구
서구3-1,아미파출소,서구
서구3,부산서교회,서구
서구3-1,부산서교회,서구
서구3,대티배수지,서구
서구3-1,대티배수지,서구
서구3,부민석유,서구
서구3-1,부민석유,서구
서구3,부민e편한세상아파트,서구
서구3-1,부민e편한세상아파트,서구
서구3,산월경로당,서구
서구3-1,산월경로당,서구
서구3,연성아파트,서구
서구3-1,연성아파트,서구
서구3,대신푸르지오,서구
서구3-1,대신푸르지오,서구
서구3,청송슈퍼,서구
서구3-1,청송슈퍼,서구
서구3,한일공업사,서구
서구3-1,한일공업사,서구
서구3,부산서교회,서구
서구3-1,부산서교회,서구
2,서여고,서구
8,서여고,서구
11,서여고,서구
67,서여고,서구
167,서여고,서구
168,서여고,서구
2-F,서여고,서구
서구1,구덕꽃마을,서구
서구1,구덕꽃마을,서구
7,성진수산,서구
9,성진수산,서구
30,성진수산,서구
71,성진수산,서구
7,부산국제수산물도매시장,서구
9,부산국제수산물도매시장,서구
30,부산국제수산물도매시장,서구
71,부산국제수산물도매시장,서구
134,마리아수녀회,서구
167,동아대학교병원,서구
190,동아대학교병원,서구
중구1,경남고등학교입구,서구
70,동대신3동,서구
167,동대신3동,서구
190,동대신3동,서구
중구1,동대신3동,서구
중구1,대청마루,서구
중구1,영산3동아파트,서구
중구1,한국빌라,서구
22,초량역3번출구,동구
22,초량역3번출구,동구
52,초량역3번출구,동구
52,초량역3번출구,동구
87,초량역3번출구,동구
103,초량역3번출구,동구
508,초량역3번출구,동구
22,인창병원,동구
52,인창병원,동구
87,인창병원,동구
103,경남여중,동구
87,인창병원,동구
103,부산고교,동구
103,이편한세상부산항.(구)성분도병원,동구
190,부산고교,동구
171,부산역,동구
22,국민은행,동구
103,국민은행,동구
22,인창병원,동구
52,인창병원,동구
103,인창병원,동구
508,인창병원,동구
38-1,부산역.초량시장입구,동구
103,부산역.초량시장입구,동구
190,부산역.초량시장입구,동구
38-1,초량시장입구,동구
52,초량시장입구,동구
87,초량시장입구,동구
190,초량시장입구,동구
508,초량시장입구,동구
동구2,부산진역.해양수산부,동구
52,부산서중학교,동구
190,아르미나아파트,동구
190,부산서중학교,동구
22,초량6동,동구
38,초량6동,동구
38-1,초량6동,동구
52,초량6동,동구
86,초량6동,동구
186,초량6동,동구
22,부산컴퓨터과학고교,동구
38,부산컴퓨터과학고교,동구
38-1,부산컴퓨터과학고교,동구
52,부산컴퓨터과학고교,동구
86,부산컴퓨터과학고교,동구
186,부산컴퓨터과학고교,동구
22,금수사,동구
38,금수사,동구
38-1,금수사,동구
52,금수사,동구
86,금수사,동구
186,금수사,동구
22,부산서중학교,동구
38,부산서중학교,동구
38-1,부산서중학교,동구
86,부산서중학교,동구
186,부산서중학교,동구
22,부산서중학교,동구
52,부산서중학교,동구
38,부산서중학교,동구
38-1,부산서중학교,동구
86,부산서중학교,동구
186,부산서중학교,동구
87,수정초등학교,동구
동구2,수정초등학교,동구
87,수정5동,동구
동구2,수정5동,동구
동구2,수정성당,동구
22,수성초등학교,동구
38,수성초등학교,동구
38-1,수성초등학교,동구
86,수성초등학교,동구
186,수성초등학교,동구
22,수정삼거리,동구
38,수정삼거리,동구
38-1,수정삼거리,동구
86,수정삼거리,동구
186,수정삼거리,동구
22,동여중,동구
38,동여중,동구
38-1,동여중,동구
86,동여중,동구
186,동여중,동구
22,수정산가족체육공원입구,동구
38,수정산가족체육공원입구,동구
38-1,수정산가족체육공원입구,동구
86,수정산가족체육공원입구,동구
186,수정산가족체육공원입구,동구
29,서광교회,동구
38,서광교회,동구
38-1,서광교회,동구
86,서광교회,동구
186,서광교회,동구
29,아름빌아파트,동구
38,아름빌아파트,동구
38-1,아름빌아파트,동구
86,아름빌아파트,동구
186,아름빌아파트,동구
동구1,아름빌아파트,동구
동구1-1,아름빌아파트,동구
22,나웅하이빌,동구
38,나웅하이빌,동구
22,범일초등학교입구,동구
38,범일초등학교입구,동구
동구1,범일초등학교,동구
동구1-1,범일초등학교,동구
22,문화아파트,동구
38,문화아파트,동구
22,금성고등학교,동구
38,금성고등학교,동구
22,좌이경로당,동구
38,좌이경로당,동구
38,나웅하이빌,동구
38,범일초등학교입구,동구
38,하승빌라,동구
87,수정5동,동구
87,수정성당입구,동구
동구2,수정5동,동구
동구2,수정성당,동구
87,수정삼거리,동구
동구2,수정삼거리,동구
38,좌이경로당,동구
38,금성고등학교,동구
38,문화아파트,동구
22,하승빌라,동구
38,하승빌라,동구
87,수정삼거리,동구
동구2,수정삼거리,동구
22,수정삼거리,동구
38,수정삼거리,동구
38-1,수정삼거리,동구
86,수정삼거리,동구
186,수정삼거리,동구
22,수성초등학교,동구
38,수성초등학교,동구
38-1,수성초등학교,동구
86,수성초등학교,동구
186,수성초등학교,동구
5-1,부산역후문,동구
172,부산역후문,동구
5-1,2부두,중구
172,2부두,중구
5-1,"중부경찰서,연안여객터미널",중구
172,"중부경찰서,연안여객터미널",중구
29,부산범천교회,동구
38,부산범천교회,동구
38-1,부산범천교회,동구
86,부산범천교회,동구
186,부산범천교회,동구
동구1,범천교회,동구
동구1-1,범천교회,동구
29,아름빌아파트,동구
38,아름빌아파트,동구
38-1,아름빌아파트,동구
86,아름빌아파트,동구
186,아름빌아파트,동구
29,서광교회,동구
38,서광교회,동구
38-1,서광교회,동구
86,서광교회,동구
186,서광교회,동구
동구1,아름빌아파트,동구
동구1-1,아름빌아파트,동구
동구1,서광교회,동구
동구1-1,서광교회,동구
22,금수사,동구
38,금수사,동구
38-1,금수사,동구
52,금수사,동구
86,금수사,동구
186,금수사,동구
190,금수사,동구
22,부산컴퓨터과학고교,동구
38,부산컴퓨터과학고교,동구
38-1,부산컴퓨터과학고교,동구
52,부산컴퓨터과학고교,동구
86,부산컴퓨터과학고교,동구
186,부산컴퓨터과학고교,동구
190,부산컴퓨터과학고교,동구
22,초량6동,동구
38,초량6동,동구
38-1,초량6동,동구
52,초량6동,동구
86,초량6동,동구
186,초량6동,동구
190,초량6동,동구
22,초량어린이집,동구
38-1,초량어린이집,동구
52,초량어린이집,동구
508,초량어린이집,동구
22,초량6동행정복지센터,동구
38-1,초량6동행정복지센터,동구
52,초량6동행정복지센터,동구
508,초량6동행정복지센터,동구
22,(구)해룡약국,동구
38-1,(구)해룡약국,동구
52,(구)해룡약국,동구
508,(구)해룡약국,동구
22,부산고교,동구
38-1,부산고교,동구
52,부산고교,동구
508,부산고교,동구
38,화신아파트,동구
86,화신아파트,동구
186,화신아파트,동구
190,화신아파트,동구
508,화신아파트,동구
38,동일파크맨션,동구
86,동일파크맨션,동구
186,동일파크맨션,동구
190,동일파크맨션,동구
508,동일파크맨션,동구
38,영주삼거리,중구
86,영주삼거리,중구
186,영주삼거리,중구
190,영주삼거리,중구
508,영주삼거리,중구
5-1,4부두,동구
42,4부두,동구
5-1,부산역후문,동구
172,부산역후문,동구
5-1,4부두,동구
5-1,부두119안전센터,동구
42,부두119안전센터,동구
5-1,부두119안전센터,동구
42,부두119안전센터,동구
17,좌천동가구거리(좌천역),동구
38-1,좌천동가구거리(좌천역),동구
59,좌천동가구거리(좌천역),동구
61,좌천동가구거리(좌천역),동구
67,좌천동가구거리(좌천역),동구
85,좌천동가구거리(좌천역),동구
88,좌천동가구거리(좌천역),동구
103,좌천동가구거리(좌천역),동구
동구1,서광교회,동구
동구1-1,서광교회,동구
38-1,범일초등학교,동구
86,범일초등학교,동구
186,범일초등학교,동구
38-1,성북고개,동구
86,성북고개,동구
87,성북고개,동구
186,성북고개,동구
29,범일초등학교,동구
87,범일초등학교,동구
29,삼화약국,동구
87,삼화약국,동구
동구1,(구)범곡새마을금고,동구
동구1-1,(구)범곡새마을금고,동구
동구1,(구)삼화약국,동구
동구1-1,(구)삼화약국,동구
동구1,덕산탕,동구
동구1-1,덕산탕,동구
87,안창마을입구,부산진구
87,호천마을입구,부산진구
87,서호정사,부산진구
29,삼화약국,동구
87,삼화약국,동구
29,범일초등학교,동구
87,범일초등학교,동구
동구1,(구)삼화약국,동구
동구1-1,(구)삼화약국,동구
동구1,(구)범곡새마을금고,동구
동구1-1,(구)범곡새마을금고,동구
29,안창마을입구,동구
29,안창마을종점,부산진구
동구1,안창삼거리,동구
동구1-1,안창삼거리,동구
동구1,보각사,동구
동구1-1,보각사,동구
동구1,동구종합사회복지관,부산진구
동구1-1,동구종합사회복지관,부산진구
동구2,동부경찰서,동구
87,수정시장,동구
87,수정초등학교,동구
동구2,수정초등학교,동구
22,(구)성분도병원,동구
52,(구)성분도병원,동구
87,(구)성분도병원,동구
103,(구)성분도병원,동구
508,(구)성분도병원,동구
38-1,초량지구대,동구
103,초량지구대,동구
190,초량지구대,동구
22,(구)해룡약국,동구
38-1,(구)해룡약국,동구
52,(구)해룡약국,동구
190,(구)해룡약국,동구
508,(구)해룡약국,동구
22,초량6동행정복지센터,동구
38-1,초량6동행정복지센터,동구
52,초량6동행정복지센터,동구
190,초량6동행정복지센터,동구
508,초량6동행정복지센터,동구
22,부산고교,동구
38-1,부산고교,동구
52,부산고교,동구
190,부산고교,동구
508,부산고교,동구
22,초량어린이집,동구
38-1,초량어린이집,동구
52,초량어린이집,동구
190,초량어린이집,동구
508,초량어린이집,동구
103,부산고교,동구
22,초량지구대,동구
103,초량지구대,동구
190,수정1동공영주차장,동구
190,한림유치원,동구
87,동구청,동구
22,수정아파트,동구
38,수정아파트,동구
38-1,수정아파트,동구
86,수정아파트,동구
186,수정아파트,동구
22,동구노인종합복지관.묘심사,동구
38,동구노인종합복지관.묘심사,동구
38-1,동구노인종합복지관.묘심사,동구
86,동구노인종합복지관.묘심사,동구
186,동구노인종합복지관.묘심사,동구
22,수정2동,동구
38,수정2동,동구
38-1,수정2동,동구
86,수정2동,동구
186,수정2동,동구
동구2,수정아파트5동,동구
동구2,수정아파트중간계단,동구
동구2,백련정사입구,동구
52,수정4동(종점),동구
동구1,동구종합사회복지관,동구
동구1-1,동구종합사회복지관,동구
동구1,안창마을,동구
동구1-1,안창마을,동구
22,고관입구,동구
52,고관입구,동구
103,고관입구,동구
동구2,동구청.우체국,동구
동구2,부산진역1번출구,동구
87,수정시장,동구
동구2,수정시장,동구
87,동구청,동구
22,수정2동,동구
38,수정2동,동구
38-1,수정2동,동구
86,수정2동,동구
186,수정2동,동구
22,동여중,동구
38,동여중,동구
38-1,동여중,동구
86,동여중,동구
186,동여중,동구
5-1,남해지방해양경찰청,동구
42,남해지방해양경찰청,동구
29,범내골역3번출구.춘해병원,부산진구
38,범내골역3번출구.춘해병원,부산진구
29,부산범천교회,부산진구
38,부산범천교회,부산진구
38-1,부산범천교회,부산진구
86,부산범천교회,부산진구
186,부산범천교회,부산진구
동구1,범천교회,부산진구
동구1-1,범천교회,부산진구
38-1,경남아파트,부산진구
59,경남아파트,부산진구
61,경남아파트,부산진구
85,경남아파트,부산진구
186,경남아파트,부산진구
동구1,경남아파트,부산진구
동구1-1,축복예식장,동구
22,시민회관.동부산우체국,동구
27,시민회관.동부산우체국,동구
38-1,시민회관.동부산우체국,동구
40,시민회관.동부산우체국,동구
42,시민회관.동부산우체국,동구
57,시민회관.동부산우체국,동구
68,시민회관.동부산우체국,동구
80,시민회관.동부산우체국,동구
83-1,시민회관.동부산우체국,동구
99,시민회관.동부산우체국,동구
101,시민회관.동부산우체국,동구
111,시민회관.동부산우체국,동구
134,시민회관.동부산우체국,동구
68,시민회관.동부산우체국,동구
83-1,시민회관.동부산우체국,동구
68,자유.평화시장,동구
83-1,자유.평화시장,동구
동구1-1,"자유,평화시장",동구
10,부산진성공원,동구
22,부산진성공원,동구
23,부산진성공원,동구
26,부산진성공원,동구
27,부산진성공원,동구
40,부산진성공원,동구
41,부산진성공원,동구
42,부산진성공원,동구
83,부산진성공원,동구
101,부산진성공원,동구
108,부산진성공원,동구
134,부산진성공원,동구
138,부산진성공원,동구
168,부산진성공원,동구
남구3,부산시민회관,동구
남구3,한양아파트,동구
583,범5호교,동구
남구5,조방면옥,동구
남구3,국밥골목,부산진구
남구5,국밥골목,부산진구
남구3,평화시장,부산진구
남구5,평화시장,부산진구
남구5,시민장례식장,부산진구
동구1-1,오션브릿지,동구
26,부산진성공원,동구
41,부산진성공원,동구
168,부산진성공원,동구
1003,부산진성공원,동구
1003-F,부산진성공원,동구
80,부산진성공원,동구
5-1,보급창,동구
42,보급창,동구
17,한성기린아파트,동구
38-1,한성기린아파트,동구
59,한성기린아파트,동구
61,한성기린아파트,동구
67,한성기린아파트,동구
85,한성기린아파트,동구
88,한성기린아파트,동구
103,한성기린아파트,동구
동구1-1,한성기린아파트,동구
17,좌천동가구거리(좌천역),동구
59,좌천동가구거리(좌천역),동구
61,좌천동가구거리(좌천역),동구
67,좌천동가구거리(좌천역),동구
85,좌천동가구거리(좌천역),동구
88,좌천동가구거리(좌천역),동구
103,좌천동가구거리(좌천역),동구
동구1-1,부산진시장입구,동구
10,범일동국민은행,동구
23,범일동국민은행,동구
83,범일동국민은행,동구
108,범일동국민은행,동구
138,범일동국민은행,동구
583,범일동국민은행,동구
5-1,대양산업·하버시티,동구
42,대양산업·하버시티,동구
42,범일5동행정복지센터,동구
5-1,범일5동행정복지센터,동구
42,범일5동행정복지센터,동구
5-1,대양산업·하버시티,동구
42,대양산업·하버시티,동구
동구1-1,두산위브,동구
동구1-1,대양산업·하버시티,동구
5-1,범일5동행정복지센터,동구
5-1,남해지방해양경찰청,동구
42,남해지방해양경찰청,동구
동구1-1,범일5동행정복지센터,동구
동구1-1,남해지방해양경찰청,동구
17,범곡교차로,동구
67,범곡교차로,동구
88,범곡교차로,동구
103,범곡교차로,동구
17,범곡교차로,동구
59,범곡교차로,동구
61,범곡교차로,동구
67,범곡교차로,동구
85,범곡교차로,동구
88,범곡교차로,동구
103,범곡교차로,동구
6,부산보건고,영도구
7,부산보건고,영도구
9,부산보건고,영도구
70,부산보건고,영도구
71,부산보건고,영도구
82,부산보건고,영도구
85,부산보건고,영도구
508,부산보건고,영도구
6,봉래동,영도구
6,봉래동,영도구
82,봉래2동마을건강센터,영도구
85,봉래2동마을건강센터,영도구
82,영월사,영도구
85,영월사,영도구
85,청학고개,영도구
6,센트럴에일린의뜰,영도구
6,센트럴에일린의뜰,영도구
82,센트럴에일린의뜰,영도구
85,센트럴에일린의뜰,영도구
6,센트럴에일린의뜰,영도구
6,센트럴에일린의뜰,영도구
82,센트럴에일린의뜰,영도구
85,센트럴에일린의뜰,영도구
8,교통순찰대.센트럴에일린의뜰,영도구
17,교통순찰대.센트럴에일린의뜰,영도구
30,교통순찰대.센트럴에일린의뜰,영도구
88,교통순찰대.센트럴에일린의뜰,영도구
101,교통순찰대.센트럴에일린의뜰,영도구
113,교통순찰대.센트럴에일린의뜰,영도구
186,교통순찰대.센트럴에일린의뜰,영도구
190,교통순찰대.센트럴에일린의뜰,영도구
11,영도봉래시장,영도구
70,영도봉래시장,영도구
101,영도봉래시장,영도구
영도구5,봉래시장,영도구
영도구1,미광아파트,영도구
70,미광마린타워,영도구
88-1,미광마린타워,영도구
101,미광마린타워,영도구
영도구1,부산대교입구,영도구
8,영도우체국,영도구
17,영도우체국,영도구
30,영도우체국,영도구
70,영도우체국,영도구
82,영도우체국,영도구
85,영도우체국,영도구
88,영도우체국,영도구
113,영도우체국,영도구
186,영도우체국,영도구
190,영도우체국,영도구
3003,영도우체국,영도구
7,대교사거리,영도구
9,대교사거리,영도구
11,대교사거리,영도구
70,대교사거리,영도구
71,대교사거리,영도구
508,대교사거리,영도구
영도구1,대교사거리,영도구
17,대교동,영도구
82,대교동,영도구
85,대교동,영도구
88,대교동,영도구
186,대교동,영도구
190,대교동,영도구
508,대교동,영도구
영도구1,구민장례식장,영도구
영도구1,영광골든타워,영도구
영도구5,영도초등학교,영도구
6,영선위교차로,영도구
7,영선위교차로,영도구
9,영선위교차로,영도구
70,영선위교차로,영도구
71,영선위교차로,영도구
82,영선위교차로,영도구
85,영선위교차로,영도구
508,영선위교차로,영도구
영도구1,영선동윗로터리,영도구
영도구5,영선동윗로터리,영도구
6,영선위교차로,영도구
7,영선위교차로,영도구
9,영선위교차로,영도구
11,영선위교차로,영도구
70,영선위교차로,영도구
71,영선위교차로,영도구
82,영선위교차로,영도구
85,영선위교차로,영도구
508,영선위교차로,영도구
6,영선아랫교차로,영도구
7,영선아랫교차로,영도구
9,영선아랫교차로,영도구
11,영선아랫교차로,영도구
70,영선아랫교차로,영도구
71,영선아랫교차로,영도구
508,영선아랫교차로,영도구
6,영선아랫교차로,영도구
7,영선아랫교차로,영도구
9,영선아랫교차로,영도구
11,영선아랫교차로,영도구
70,영선아랫교차로,영도구
71,영선아랫교차로,영도구
508,영선아랫교차로,영도구
7,남항동,영도구
9,남항동,영도구
11,남항동,영도구
70,남항동,영도구
71,남항동,영도구
508,남항동,영도구
6,영도배수지,영도구
6,영도배수지,영도구
9,영도배수지,영도구
82,영도배수지,영도구
85,영도배수지,영도구
9,시영아파트,영도구
9,영광아파트,영도구
영도구1,삼거리슈퍼,영도구
영도구5,삼거리슈퍼,영도구
6,깡깡이예술마을,영도구
영도구2,(구)전차종점,영도구
영도구2,대동대교맨션,영도구
영도구2,토토볼링장,영도구
영도구2,대평동,영도구
영도구2,진주슈퍼,영도구
82,남항시장,영도구
85,남항시장,영도구
82,영선119안전센터,영도구
85,영선119안전센터,영도구
영도구1,남항시장,영도구
82,영선2동행정복지센터,영도구
85,영선2동행정복지센터,영도구
3003,영선2동행정복지센터,영도구
3006,영선2동행정복지센터,영도구
영도구2,GS25,영도구
영도구2,남항동농협,영도구
영도구2,세븐일레븐,영도구
8,해동병원,영도구
17,해동병원,영도구
30,해동병원,영도구
70,해동병원,영도구
88,해동병원,영도구
113,해동병원,영도구
186,해동병원,영도구
190,해동병원,영도구
3001,해동병원,영도구
3006,해동병원,영도구
영도구1,해동병원,영도구
영도구5,영선1동주민센터,영도구
82,영선119안전센터,영도구
85,영선119안전센터,영도구
11,영도우체국,영도구
17,영도우체국,영도구
70,영도우체국,영도구
82,영도우체국,영도구
85,영도우체국,영도구
88,영도우체국,영도구
186,영도우체국,영도구
190,영도우체국,영도구
3003,영도우체국,영도구
8,영도우체국,영도구
30,영도우체국,영도구
113,영도우체국,영도구
영도구5,영도병원,영도구
영도구5,영도소방서,영도구
8,봉학초등학교,영도구
17,봉학초등학교,영도구
30,봉학초등학교,영도구
88,봉학초등학교,영도구
88-1,봉학초등학교,영도구
101,봉학초등학교,영도구
113,봉학초등학교,영도구
186,봉학초등학교,영도구
190,봉학초등학교,영도구
3001,봉학초등학교,영도구
3006,봉학초등학교,영도구
8,신도브래뉴아파트,영도구
17,신도브래뉴아파트,영도구
30,신도브래뉴아파트,영도구
88,신도브래뉴아파트,영도구
88-1,신도브래뉴아파트,영도구
101,신도브래뉴아파트,영도구
113,신도브래뉴아파트,영도구
186,신도브래뉴아파트,영도구
190,신도브래뉴아파트,영도구
8,한성맨션,영도구
17,한성맨션,영도구
30,한성맨션,영도구
88,한성맨션,영도구
88-1,한성맨션,영도구
101,한성맨션,영도구
113,한성맨션,영도구
186,한성맨션,영도구
190,한성맨션,영도구
8,한성맨션,영도구
17,한성맨션,영도구
30,한성맨션,영도구
88,한성맨션,영도구
88-1,한성맨션,영도구
101,한성맨션,영도구
113,한성맨션,영도구
186,한성맨션,영도구
190,한성맨션,영도구
88-1,홈플러스,영도구
6,외나무약국,영도구
6,외나무약국,영도구
9,외나무약국,영도구
82,외나무약국,영도구
85,외나무약국,영도구
영도구2,남해숯불갈비,영도구
영도구2,외나무약국,영도구
6,외나무약국,영도구
6,외나무약국,영도구
9,외나무약국,영도구
82,외나무약국,영도구
85,외나무약국,영도구
영도구1,남해숯불갈비,영도구
영도구1,외나무약국,영도구
8,교통순찰대.센트럴에일린의뜰,영도구
17,교통순찰대.센트럴에일린의뜰,영도구
30,교통순찰대.센트럴에일린의뜰,영도구
88,교통순찰대.센트럴에일린의뜰,영도구
101,교통순찰대.센트럴에일린의뜰,영도구
113,교통순찰대.센트럴에일린의뜰,영도구
186,교통순찰대.센트럴에일린의뜰,영도구
190,교통순찰대.센트럴에일린의뜰,영도구
8,해동병원,영도구
11,해동병원,영도구
17,해동병원,영도구
30,해동병원,영도구
70,해동병원,영도구
88,해동병원,영도구
113,해동병원,영도구
186,해동병원,영도구
190,해동병원,영도구
3001,해동병원,영도구
3006,해동병원,영도구
영도구1,봉래동교차로,영도구
영도구2,영남교회,영도구
6,흰여울문화마을,영도구
6,흰여울문화마을,영도구
9,흰여울문화마을,영도구
82,흰여울문화마을,영도구
85,흰여울문화마을,영도구
영도구1,흰여울문화마을,영도구
영도구5,흰여울문화마을,영도구
6,흰여울문화마을,영도구
영도구1,GS25,영도구
영도구2,GS25,영도구
영도구1,남항동농협,영도구
영도구2,남항동농협,영도구
영도구1,세븐일레븐,영도구
영도구2,세븐일레븐,영도구
6,남항동,영도구
영도구2,(구)전차종점,영도구
6,영도경찰서,영도구
7,영도경찰서,영도구
8,영도경찰서,영도구
9,영도경찰서,영도구
11,영도경찰서,영도구
30,영도경찰서,영도구
71,영도경찰서,영도구
113,영도경찰서,영도구
영도구5,영도경찰서,영도구
영도구5,강남병원,영도구
영도구2,강남병원,영도구
영도구1,강남병원,영도구
영도구1,탑마트,영도구
영도구5,탑마트,영도구
영도구1,강남병원,영도구
6,신선동행정복지센터,영도구
6,신선동행정복지센터,영도구
9,신선동행정복지센터,영도구
82,신선동행정복지센터,영도구
85,신선동행정복지센터,영도구
영도구2,명신교회,영도구
영도구5,명신교회,영도구
6,남도여중,영도구
6,남도여중,영도구
9,남도여중,영도구
82,남도여중,영도구
85,남도여중,영도구
6,신선동행정복지센터,영도구
6,신선동행정복지센터,영도구
9,신선동행정복지센터,영도구
82,신선동행정복지센터,영도구
85,신선동행정복지센터,영도구
영도구1,중복도로입구,영도구
영도구5,중복도로입구,영도구
영도구1,신선초등학교입구,영도구
영도구5,신선초등학교입구,영도구
영도구1,신선영광아파트,영도구
영도구5,신선영광아파트,영도구
영도구2,신선초등학교입구,영도구
영도구5,신선초등학교입구,영도구
영도구1,샛별아파트,영도구
영도구5,샛별아파트,영도구
영도구2,신선영광아파트,영도구
영도구5,신선영광아파트,영도구
영도구1,금잔디길삼거리,영도구
영도구5,금잔디길삼거리,영도구
영도구2,샛별아파트,영도구
영도구5,샛별아파트,영도구
영도구1,신선아파트,영도구
영도구5,신선아파트,영도구
영도구2,금잔디길삼거리,영도구
영도구5,금잔디길삼거리,영도구
영도구5,매일유업,영도구
영도구2,신선아파트,영도구
영도구5,신선아파트,영도구
영도구1,산제당입구,영도구
영도구5,매일유업,영도구
영도구1,형제슈퍼,영도구
영도구5,형제슈퍼,영도구
영도구2,산제당입구,영도구
영도구2,형제슈퍼,영도구
영도구5,형제슈퍼,영도구
영도구1,영도배수지,영도구
영도구5,영도배수지,영도구
영도구1,영도배수지입구,영도구
영도구1,삼거리슈퍼,영도구
영도구5,삼거리슈퍼,영도구
영도구2,영도배수지,영도구
영도구5,영도배수지,영도구
영도구2,월광슈퍼,영도구
영도구2,복지회관,영도구
영도구2,북천사,영도구
영도구2,신선초등학교,영도구
영도구2,대원아파트,영도구
영도구5,대원아파트,영도구
6,조양아파트,영도구
7,조양아파트,영도구
70,조양아파트,영도구
71,조양아파트,영도구
113,조양아파트,영도구
508,조양아파트,영도구
3003,조양아파트,영도구
6,해동중학교,영도구
7,해동중학교,영도구
70,해동중학교,영도구
71,해동중학교,영도구
113,해동중학교,영도구
508,해동중학교,영도구
6,체육고등학교,영도구
7,체육고등학교,영도구
70,체육고등학교,영도구
71,체육고등학교,영도구
113,체육고등학교,영도구
508,체육고등학교,영도구
8,청학성당,영도구
30,청학성당,영도구
88,청학성당,영도구
88-1,청학성당,영도구
101,청학성당,영도구
113,청학성당,영도구
186,청학성당,영도구
190,청학성당,영도구
영도구7,부산은행,영도구
영도구7,청학성당,영도구
82,청학시장,영도구
82,청학고개,영도구
82,청학고개,영도구
85,청학고개,영도구
82,영월사,영도구
85,영월사,영도구
82,봉래2동마을건강센터,영도구
85,봉래2동마을건강센터,영도구
영도구5,영광아파트,영도구
영도구5,황토탕,영도구
9,영광아파트,영도구
9,시영아파트,영도구
영도구5,시영아파트후문,영도구
영도구5,청학동공영주차장,영도구
186,동삼삼거리,영도구
17,송강중공업,영도구
17,국제크루즈터미널입구,영도구
186,국제크루즈터미널입구,영도구
186,국제크루즈터미널입구,영도구
88,청학동부산은행,영도구
88-1,청학동부산은행,영도구
101,청학동부산은행,영도구
186,청학동부산은행,영도구
190,청학동부산은행,영도구
8,청학동부산은행,영도구
30,청학동부산은행,영도구
113,청학동부산은행,영도구
8,영도구청,영도구
30,영도구청,영도구
88,영도구청,영도구
88-1,영도구청,영도구
101,영도구청,영도구
113,영도구청,영도구
186,영도구청,영도구
190,영도구청,영도구
8,동삼주공아파트입구,영도구
30,동삼주공아파트입구,영도구
88,동삼주공아파트입구,영도구
88-1,동삼주공아파트입구,영도구
101,동삼주공아파트입구,영도구
113,동삼주공아파트입구,영도구
186,동삼주공아파트입구,영도구
190,동삼주공아파트입구,영도구
영도구5,동삼주공아파트입구,영도구
영도구5,영도구청,영도구
8,영도구청,영도구
30,영도구청,영도구
88,영도구청,영도구
88-1,영도구청,영도구
101,영도구청,영도구
113,영도구청,영도구
186,영도구청,영도구
190,영도구청,영도구
영도구7,미주아파트,영도구
영도구7,성일하우징,영도구
8,청학주유소,영도구
30,청학주유소,영도구
88,청학주유소,영도구
88-1,청학주유소,영도구
101,청학주유소,영도구
113,청학주유소,영도구
186,청학주유소,영도구
190,청학주유소,영도구
영도구7,청학초등학교사거리,영도구
영도구7,청학동시장,영도구
영도구7,청학동시장,영도구
82,청학초등학교,영도구
82,청학2동,영도구
82,청학시장,영도구
영도구5,국민은행,영도구
8,태종대초등학교,영도구
17,태종대초등학교,영도구
30,태종대초등학교,영도구
88,태종대초등학교,영도구
101,태종대초등학교,영도구
186,태종대초등학교,영도구
8,하리,영도구
17,하리,영도구
30,하리,영도구
70,하리,영도구
70,하리,영도구
88,하리,영도구
101,하리,영도구
186,하리,영도구
3003,하리,영도구
8,태종대초등학교,영도구
17,태종대초등학교,영도구
30,태종대초등학교,영도구
88,태종대초등학교,영도구
101,태종대초등학교,영도구
186,태종대초등학교,영도구
8,태종대.태종대온천,영도구
17,태종대.태종대온천,영도구
30,태종대.태종대온천,영도구
88,태종대.태종대온천,영도구
101,태종대.태종대온천,영도구
186,태종대.태종대온천,영도구
3003,태종대.태종대온천,영도구
88,해양대승선생활관,영도구
190,해양대승선생활관,영도구
8,하리,영도구
17,하리,영도구
30,하리,영도구
88,하리,영도구
101,하리,영도구
186,하리,영도구
3003,하리,영도구
8,해양대삼거리.동삼동패총전시관,영도구
17,해양대삼거리.동삼동패총전시관,영도구
30,해양대삼거리.동삼동패총전시관,영도구
101,해양대삼거리.동삼동패총전시관,영도구
190,해양대삼거리.동삼동패총전시관,영도구
8,에일린의뜰2단지아파트,영도구
17,에일린의뜰2단지아파트,영도구
30,에일린의뜰2단지아파트,영도구
101,에일린의뜰2단지아파트,영도구
190,에일린의뜰2단지아파트,영도구
70,한국해양대.부산해사고,영도구
70,한국해양대.부산해사고,영도구
88,한국해양대.부산해사고,영도구
186,한국해양대.부산해사고,영도구
3003,한국해양대.부산해사고,영도구
6,영도여고,영도구
71,영도여고,영도구
508,영도여고,영도구
6,체육고등학교,영도구
71,체육고등학교,영도구
508,체육고등학교,영도구
6,절영복지회관,영도구
71,절영복지회관,영도구
508,절영복지회관,영도구
6,영도여고,영도구
71,영도여고,영도구
508,영도여고,영도구
6,반도보라비치타운아파트,영도구
71,반도보라비치타운아파트,영도구
508,반도보라비치타운아파트,영도구
6,반도보라비치타운아파트,영도구
71,반도보라비치타운아파트,영도구
508,반도보라비치타운아파트,영도구
6,절영복지회관,영도구
71,절영복지회관,영도구
508,절영복지회관,영도구
7,함지그린아파트,영도구
70,함지그린아파트,영도구
6,75광장,영도구
7,75광장,영도구
70,75광장,영도구
71,75광장,영도구
508,75광장,영도구
3003,75광장,영도구
영도구5,영도여자고등학교,영도구
영도구5,푸른어린이공원,영도구
영도구5,봉삼초등학교,영도구
영도구5,와치종합사회복지관,영도구
영도구5,영도여자고등학교,영도구
영도구5,푸른어린이공원,영도구
17,영도교회,영도구
8,동삼혁신지구입구.동삼교회,영도구
17,동삼혁신지구입구.동삼교회,영도구
30,동삼혁신지구입구.동삼교회,영도구
70,동삼혁신지구입구.동삼교회,영도구
101,동삼혁신지구입구.동삼교회,영도구
190,동삼혁신지구입구.동삼교회,영도구
8,동삼국민은행앞교차로,영도구
30,동삼국민은행앞교차로,영도구
88,동삼국민은행앞교차로,영도구
101,동삼국민은행앞교차로,영도구
113,동삼국민은행앞교차로,영도구
190,동삼국민은행앞교차로,영도구
8,동삼혁신지구입구,영도구
30,동삼혁신지구입구,영도구
70,동삼혁신지구입구,영도구
88,동삼혁신지구입구,영도구
101,동삼혁신지구입구,영도구
190,동삼혁신지구입구,영도구
17,영도교회,영도구
6,동삼1동행정복지센터,영도구
7,동삼1동행정복지센터,영도구
70,동삼1동행정복지센터,영도구
71,동삼1동행정복지센터,영도구
508,동삼1동행정복지센터,영도구
6,절영아파트,영도구
7,절영아파트,영도구
70,절영아파트,영도구
71,절영아파트,영도구
508,절영아파트,영도구
영도구5,봉삼초등학교,영도구
영도구5,와치종합사회복지관,영도구
6,고신대학,영도구
7,고신대학,영도구
70,고신대학,영도구
71,고신대학,영도구
508,고신대학,영도구
영도구5,고신대학교정문,영도구
17,국제크루즈터미널입구,영도구
17,국제크루즈터미널입구,영도구
186,국제크루즈터미널입구,영도구
186,국제크루즈터미널입구,영도구
17,아르떼뮤지엄·미창석유,영도구
186,아르떼뮤지엄·미창석유,영도구
17,동삼초등학교,영도구
8,동삼국민은행앞교차로,영도구
30,동삼국민은행앞교차로,영도구
70,동삼국민은행앞교차로,영도구
88,동삼국민은행앞교차로,영도구
101,동삼국민은행앞교차로,영도구
190,동삼국민은행앞교차로,영도구
70,삼창파크맨션,영도구
113,삼창파크맨션,영도구
70,KT동삼빌딩,영도구
113,KT동삼빌딩,영도구
영도구5,부산전신전화국,영도구
영도구5,삼창파크맨션,영도구
영도구5,탑마트,영도구
영도구5,국민은행,영도구
8,동삼삼거리,영도구
30,동삼삼거리,영도구
88,동삼삼거리,영도구
101,동삼삼거리,영도구
113,동삼삼거리,영도구
190,동삼삼거리,영도구
88-1,상리종합사회복지관,영도구
영도구5,상리종합사회복지관,영도구
88-1,관리사무소,영도구
88-1,나상가,영도구
영도구5,동삼그린힐아파트,영도구
88-1,동삼3동행정복지센터,영도구
영도구5,동삼3동주민센터,영도구
88-1,상리종합사회복지관,영도구
영도구5,상리종합사회복지관,영도구
88-1,동삼3동행정복지센터,영도구
영도구5,동삼3동주민센터,영도구
6,고신대학,영도구
7,고신대학,영도구
70,고신대학,영도구
71,고신대학,영도구
508,고신대학,영도구
6,절영아파트,영도구
7,절영아파트,영도구
70,절영아파트,영도구
71,절영아파트,영도구
508,절영아파트,영도구
영도구5,고신대학교정문,영도구
6,고신대3강의동,영도구
7,고신대3강의동,영도구
70,고신대3강의동,영도구
71,고신대3강의동,영도구
508,고신대3강의동,영도구
6,광명고교,영도구
7,광명고교,영도구
70,광명고교,영도구
71,광명고교,영도구
508,광명고교,영도구
영도구5,고신대학교후문,영도구
영도구5,밤나무집,영도구
82,청학2동,영도구
82,청학초등학교,영도구
영도구7,82번종점,영도구
영도구7,청학초등학교,영도구
88,해양대승선생활관,영도구
190,해양대승선생활관,영도구
70,롯데캐슬블루오션,영도구
113,롯데캐슬블루오션,영도구
영도구5,부산전신전화국,영도구
6,조양아파트,영도구
7,조양아파트,영도구
70,조양아파트,영도구
71,조양아파트,영도구
113,조양아파트,영도구
508,조양아파트,영도구
3003,조양아파트,영도구
6,중리초등학교,영도구
7,중리초등학교,영도구
70,중리초등학교,영도구
71,중리초등학교,영도구
508,중리초등학교,영도구
영도구5,중리초등학교,영도구
8,에덴금호아파트,영도구
17,에덴금호아파트,영도구
30,에덴금호아파트,영도구
101,에덴금호아파트,영도구
190,에덴금호아파트,영도구
8,해양대삼거리.동삼동패총전시관,영도구
17,해양대삼거리.동삼동패총전시관,영도구
30,해양대삼거리.동삼동패총전시관,영도구
101,해양대삼거리.동삼동패총전시관,영도구
190,해양대삼거리.동삼동패총전시관,영도구
6,벽산비치타운,영도구
7,벽산비치타운,영도구
70,벽산비치타운,영도구
71,벽산비치타운,영도구
508,벽산비치타운,영도구
영도구5,동삼중학교,영도구
영도구5,절영로사거리,영도구
6,중리초등학교,영도구
7,중리초등학교,영도구
70,중리초등학교,영도구
71,중리초등학교,영도구
508,중리초등학교,영도구
영도구5,중리초등학교,영도구
6,동삼1동행정복지센터,영도구
7,동삼1동행정복지센터,영도구
70,동삼1동행정복지센터,영도구
71,동삼1동행정복지센터,영도구
508,동삼1동행정복지센터,영도구
6,벽산비치타운,영도구
7,벽산비치타운,영도구
70,벽산비치타운,영도구
71,벽산비치타운,영도구
508,벽산비치타운,영도구
영도구5,절영로사거리,영도구
영도구5,동삼중학교,영도구
7,영도중리,영도구
70,영도중리,영도구
3003,영도중리,영도구
113,영도중리,영도구
113,영도중리,영도구
6,영도중리,영도구
7,영도중리,영도구
70,영도중리,영도구
71,영도중리,영도구
508,영도중리,영도구
3003,영도중리,영도구
7,함지그린아파트,영도구
70,함지그린아파트,영도구
6,75광장,영도구
7,75광장,영도구
70,75광장,영도구
71,75광장,영도구
508,75광장,영도구
3003,75광장,영도구
6,함지골수련원,영도구
7,함지골수련원,영도구
70,함지골수련원,영도구
71,함지골수련원,영도구
508,함지골수련원,영도구
6,백련사,영도구
7,백련사,영도구
70,백련사,영도구
71,백련사,영도구
508,백련사,영도구
영도구5,광명고등학교,영도구
6,광명고교,영도구
7,광명고교,영도구
70,광명고교,영도구
71,광명고교,영도구
508,광명고교,영도구
6,고신대3강의동,영도구
7,고신대3강의동,영도구
70,고신대3강의동,영도구
71,고신대3강의동,영도구
508,고신대3강의동,영도구
영도구5,고신대학교후문,영도구
영도구5,밤나무집,영도구
영도구5,광명고등학교,영도구
6,남부여객(종점),영도구
7,남부여객(종점),영도구
9,남부여객(종점),영도구
70,남부여객(종점),영도구
71,남부여객(종점),영도구
508,남부여객(종점),영도구
9,(구)쌍용자동차학원,영도구
영도구5,쌍용자동차학원,영도구
영도구5,원우아파트,영도구
9,(구)쌍용자동차학원,영도구
7,남부여객(종점),영도구
9,남부여객(종점),영도구
70,남부여객(종점),영도구
71,남부여객(종점),영도구
508,남부여객(종점),영도구
영도구5,쌍용자동차학원,영도구
영도구5,원우아파트,영도구
9,롯데낙천대,영도구
영도구5,롯데낙천대아파트입구,영도구
영도구5,롯데낙천대아파트입구,영도구
영도구5,롯데낙천대아파트후문,영도구
9,일신마리나아파트,영도구
9,일신마리나아파트,영도구
영도구7,롯데낙천대아파트삼거리,영도구
9,롯데낙천대,영도구
영도구5,(구)해사고,영도구
영도구7,(구)해사고,영도구
9,해양경찰청교육센터,영도구
9,해양경찰청교육센터,영도구
영도구5,(구)해사고,영도구
9,황토탕,영도구
9,황토탕,영도구
9,삼신아파트,영도구
영도구5,영광아파트,영도구
영도구5,황토탕,영도구
88-1,나상가,영도구
88-1,관리사무소,영도구
영도구5,동삼그린힐아파트,영도구
영도구5,동삼그린힐상가,영도구
영도구7,오성할인마트,영도구
영도구5,롯데낙천대아파트정문,영도구
영도구7,롯데낙천대아파트정문,영도구
영도구7,빅마트슈퍼,영도구
영도구7,수정방앗간,영도구
영도구7,자비유치원,영도구
영도구7,영도자동차학원,영도구
영도구7,일신마리나아파트,영도구
영도구7,광명고등학교후문,영도구
영도구7,동삼그린힐아파트,영도구
6,백련사,영도구
7,백련사,영도구
70,백련사,영도구
71,백련사,영도구
508,백련사,영도구
6,함지골수련원,영도구
7,함지골수련원,영도구
70,함지골수련원,영도구
71,함지골수련원,영도구
508,함지골수련원,영도구
6,영선아파트,영도구
7,영선아파트,영도구
70,영선아파트,영도구
71,영선아파트,영도구
508,영선아파트,영도구
6,영도경찰서,영도구
7,영도경찰서,영도구
9,영도경찰서,영도구
71,영도경찰서,영도구
82,영도경찰서,영도구
85,영도경찰서,영도구
508,영도경찰서,영도구
8,영도경찰서,영도구
17,영도경찰서,영도구
30,영도경찰서,영도구
88,영도경찰서,영도구
113,영도경찰서,영도구
186,영도경찰서,영도구
190,영도경찰서,영도구
190,해양대대학본부,영도구
190,해양대해사대학관,영도구
190,해양대구본관,영도구
190,해양대방파제입구,영도구
44,LG디스커버리랩,부산진구
54,LG디스커버리랩,부산진구
63,LG디스커버리랩,부산진구
81,LG디스커버리랩,부산진구
133-1,LG디스커버리랩,부산진구
부산진구15,LG디스커버리랩,부산진구
부산진구15,세동한신아파트,부산진구
부산진구15,성곡시장,부산진구
44,성곡시장,부산진구
54,성곡시장,부산진구
63,성곡시장,부산진구
81,성곡시장,부산진구
133,성곡시장,부산진구
44,삼광사입구,부산진구
54,삼광사입구,부산진구
63,삼광사입구,부산진구
81,삼광사입구,부산진구
133,삼광사입구,부산진구
44,어린이대공원입구,부산진구
54,어린이대공원입구,부산진구
63,어린이대공원입구,부산진구
81,어린이대공원입구,부산진구
133,어린이대공원입구,부산진구
부산진구15,창곡종합시장,부산진구
부산진구15,성곡시장,부산진구
부산진구15,연학초등학교,부산진구
부산진구15,연학초등학교,부산진구
부산진구15,어린이대공원,부산진구
부산진구15,초연중학교,부산진구
44,어린이대공원,부산진구
54,어린이대공원,부산진구
63,어린이대공원,부산진구
81,어린이대공원,부산진구
133-1,어린이대공원,부산진구
부산진구17,어린이대공원,부산진구
44,어린이대공원,부산진구
54,어린이대공원,부산진구
63,어린이대공원,부산진구
81,어린이대공원,부산진구
133,어린이대공원,부산진구
44,어린이대공원입구,부산진구
54,어린이대공원입구,부산진구
63,어린이대공원입구,부산진구
81,어린이대공원입구,부산진구
133-1,어린이대공원입구,부산진구
44,삼광사입구,부산진구
54,삼광사입구,부산진구
63,삼광사입구,부산진구
81,삼광사입구,부산진구
133-1,삼광사입구,부산진구
44,성곡시장입구,부산진구
54,성곡시장입구,부산진구
63,성곡시장입구,부산진구
81,성곡시장입구,부산진구
133-1,성곡시장입구,부산진구
44,성곡시장,부산진구
54,성곡시장,부산진구
63,성곡시장,부산진구
81,성곡시장,부산진구
133-1,성곡시장,부산진구
부산진구15,어린이대공원,부산진구
부산진구15,초연중학교,부산진구
부산진구17,초읍삼거리,부산진구
33,부산진고교,부산진구
44,부산진고교,부산진구
63,부산진고교,부산진구
83-1,부산진고교,부산진구
103,부산진고교,부산진구
33,연지한신타워,부산진구
44,연지한신타워,부산진구
63,연지한신타워,부산진구
83-1,연지한신타워,부산진구
103,연지한신타워,부산진구
33,초읍초등학교,부산진구
44,초읍초등학교,부산진구
63,초읍초등학교,부산진구
83-1,초읍초등학교,부산진구
103,초읍초등학교,부산진구
부산진구15,시민도서관,부산진구
33,래미안어반파크,부산진구
44,래미안어반파크,부산진구
63,래미안어반파크,부산진구
83-1,래미안어반파크,부산진구
103,래미안어반파크,부산진구
33,국립부산국악원,부산진구
44,국립부산국악원,부산진구
63,국립부산국악원,부산진구
83-1,국립부산국악원,부산진구
103,국립부산국악원,부산진구
33,연지청구아파트,부산진구
44,연지청구아파트,부산진구
63,연지청구아파트,부산진구
83-1,연지청구아파트,부산진구
103,연지청구아파트,부산진구
33,부산진고교,부산진구
44,부산진고교,부산진구
63,부산진고교,부산진구
83-1,부산진고교,부산진구
103,부산진고교,부산진구
33,초읍삼거리,부산진구
54,초읍삼거리,부산진구
81,초읍삼거리,부산진구
83-1,초읍삼거리,부산진구
103,초읍삼거리,부산진구
133,초읍삼거리,부산진구
33,시민도서관,부산진구
54,시민도서관,부산진구
81,시민도서관,부산진구
83-1,시민도서관,부산진구
103,시민도서관,부산진구
133,시민도서관,부산진구
33,초읍고개,연제구
54,초읍고개,연제구
81,초읍고개,연제구
83-1,초읍고개,연제구
103,초읍고개,연제구
133,초읍고개,연제구
10,개인택시조합,연제구
33-1,개인택시조합,연제구
54,개인택시조합,연제구
83-1,개인택시조합,연제구
111-1,개인택시조합,연제구
210,개인택시조합,연제구
부산진구17,시민도서관,부산진구
부산진구17,초읍고개,연제구
부산진구17,개인택시조합,연제구
54,초읍삼거리,부산진구
81,초읍삼거리,부산진구
133-1,초읍삼거리,부산진구
10,연제공용버스차고지,연제구
33,연제공용버스차고지,연제구
33-1,연제공용버스차고지,연제구
81,연제공용버스차고지,연제구
103,연제공용버스차고지,연제구
111-1,연제공용버스차고지,연제구
133,연제공용버스차고지,연제구
133-1,연제공용버스차고지,연제구
210,연제공용버스차고지,연제구
17,동원초등학교,부산진구
23,동원초등학교,부산진구
88,동원초등학교,부산진구
169,동원초등학교,부산진구
17,용사촌입구,부산진구
23,용사촌입구,부산진구
169,용사촌입구,부산진구
17,선암사입구,부산진구
88,선암사입구,부산진구
141,선암사입구,부산진구
167,선암사입구,부산진구
169,선암사입구,부산진구
17,백양가족공원,부산진구
88,백양가족공원,부산진구
141,백양가족공원,부산진구
167,백양가족공원,부산진구
169,백양가족공원,부산진구
17,부산진구생활문화센터,부산진구
23,부산진구생활문화센터,부산진구
88,부산진구생활문화센터,부산진구
141,부산진구생활문화센터,부산진구
110-1,미진마트,부산진구
110-1,가야1치안센터,부산진구
부산진구9,가야1치안센터,부산진구
부산진구9,미진마트,부산진구
54,부암교차로,부산진구
63,부암교차로,부산진구
81,부암교차로,부산진구
83-1,부암교차로,부산진구
88,부암교차로,부산진구
103,부암교차로,부산진구
133,부암교차로,부산진구
167,부암교차로,부산진구
506,부암교차로,부산진구
사상구6,부암교차로,부산진구
44,삼부아파트,부산진구
부산진구15,삼부아파트,부산진구
부산진구15,메리움아파트,부산진구
44,부암초등학교,부산진구
부산진구15,부산진구청정문,부산진구
부산진구15,일성아파트,부산진구
17,부암삼성래미안,부산진구
23,부암삼성래미안,부산진구
44,부암삼성래미안,부산진구
141,부암삼성래미안,부산진구
169,부암삼성래미안,부산진구
141-F,부암삼성래미안,부산진구
167,협성피닉스,부산진구
169,협성피닉스,부산진구
110-1,가야1치안센터,부산진구
110-1,미진마트,부산진구
부산진구6,가야1치안센터,부산진구
부산진구9,가야1치안센터,부산진구
부산진구6,미진마트,부산진구
부산진구9,미진마트,부산진구
23,개금주공아파트,부산진구
1004,개금주공아파트,부산진구
179,백양로교회앞,부산진구
사상구6,백양로교회,부산진구
129-1,개금주공아파트,부산진구
138-1,개금주공아파트,부산진구
160,개금주공아파트,부산진구
167,개금주공아파트,부산진구
168,개금주공아파트,부산진구
169,개금주공아파트,부산진구
169-1,개금주공아파트,부산진구
129-1,개포초등학교,부산진구
138-1,개포초등학교,부산진구
160,개포초등학교,부산진구
167,개포초등학교,부산진구
168,개포초등학교,부산진구
169,개포초등학교,부산진구
169-1,개포초등학교,부산진구
23,개금주공아파트,부산진구
167,개금주공아파트,부산진구
1004,개금주공아파트,부산진구
129-1,개포초등학교,부산진구
138-1,개포초등학교,부산진구
160,개포초등학교,부산진구
167,개포초등학교,부산진구
168,개포초등학교,부산진구
169,개포초등학교,부산진구
169-1,개포초등학교,부산진구
129-1,개금주공아파트,부산진구
138-1,개금주공아파트,부산진구
160,개금주공아파트,부산진구
168,개금주공아파트,부산진구
169,개금주공아파트,부산진구
169-1,개금주공아파트,부산진구
사상구6,개포초등학교,부산진구
54,부산진구청,부산진구
63,부산진구청,부산진구
81,부산진구청,부산진구
83-1,부산진구청,부산진구
88,부산진구청,부산진구
103,부산진구청,부산진구
133-1,부산진구청,부산진구
167,부산진구청,부산진구
부산진구15,부산진구청.시민공원남문,부산진구
사상구6,부산진구청.시민공원남문,부산진구
부산진구15,부산진구청,부산진구
54,부산진구청.시민공원남1문,부산진구
63,부산진구청.시민공원남1문,부산진구
81,부산진구청.시민공원남1문,부산진구
83-1,부산진구청.시민공원남1문,부산진구
88,부산진구청.시민공원남1문,부산진구
103,부산진구청.시민공원남1문,부산진구
133,부산진구청.시민공원남1문,부산진구
167,부산진구청.시민공원남1문,부산진구
506,부산진구청.시민공원남1문,부산진구
사상구6,부산진구청.시민공원남문,부산진구
167,부산정중앙공원·백양산롯데캐슬,부산진구
169,부산정중앙공원·백양산롯데캐슬,부산진구
167,부산정중앙공원·백양산롯데캐슬,부산진구
169,부산정중앙공원·백양산롯데캐슬,부산진구
110-1,가야공원입구,부산진구
110-1,진성아파트,부산진구
110-1,벽산아파트,부산진구
129-1,한국신발관,부산진구
138-1,한국신발관,부산진구
160,한국신발관,부산진구
167,한국신발관,부산진구
168,한국신발관,부산진구
169,한국신발관,부산진구
169-1,한국신발관,부산진구
사상구6,한국신발관,부산진구
129-1,개금3동행복문화센터,부산진구
138-1,개금3동행복문화센터,부산진구
160,개금3동행복문화센터,부산진구
167,개금3동행복문화센터,부산진구
168,개금3동행복문화센터,부산진구
169,개금3동행복문화센터,부산진구
169-1,개금3동행복문화센터,부산진구
129-1,신개금엘지아파트,부산진구
133-1,신개금엘지아파트,부산진구
169-1,신개금엘지아파트,부산진구
부산진구9,신개금LG아파트,부산진구
부산진구10,개금3동행복문화센터,부산진구
사상구6,개금3동행복문화센터,부산진구
사상구8-1,개금3동행복문화센터,부산진구
129-1,한국신발관,부산진구
138-1,한국신발관,부산진구
160,한국신발관,부산진구
167,한국신발관,부산진구
168,한국신발관,부산진구
169,한국신발관,부산진구
169-1,한국신발관,부산진구
129-1,개금3동행복문화센터,부산진구
138-1,개금3동행복문화센터,부산진구
160,개금3동행복문화센터,부산진구
167,개금3동행복문화센터,부산진구
168,개금3동행복문화센터,부산진구
169,개금3동행복문화센터,부산진구
169-1,개금3동행복문화센터,부산진구
85,부암역,부산진구
87,부암역,부산진구
59,CBS방송국,부산진구
61,CBS방송국,부산진구
85,CBS방송국,부산진구
87,CBS방송국,부산진구
186,CBS방송국,부산진구
83-1,연지일동아파트,부산진구
103,연지일동아파트,부산진구
179,연지일동아파트,부산진구
506,연지일동아파트,부산진구
54,부암교차로,부산진구
63,부암교차로,부산진구
81,부암교차로,부산진구
83-1,부암교차로,부산진구
88,부암교차로,부산진구
103,부암교차로,부산진구
133-1,부암교차로,부산진구
167,부암교차로,부산진구
168,부암교차로,부산진구
사상구6,부암교차로,부산진구
44,부암교차로,부산진구
부산진구15,부암교차로,부산진구
88,부암고가교,부산진구
167,부암고가교,부산진구
179,부암고가교,부산진구
사상구6,부암고가교,부산진구
44,부산시설공단,부산진구
54,부산시설공단,부산진구
63,부산시설공단,부산진구
81,부산시설공단,부산진구
133,부산시설공단,부산진구
부산진구15,부산시설공단,부산진구
67,개금골목시장,부산진구
67,가야2동새마을금고,부산진구
67,(구)개금1치안센터,부산진구
67,가야지구대,부산진구
167,개금역,부산진구
부산진구10-1,개금변전소,부산진구
부산진구10,개금역,부산진구
부산진구10-1,개금역,부산진구
67,개금골목시장,부산진구
67,(구)개금1치안센터,부산진구
67,가야2동새마을금고,부산진구
167,당감시장,부산진구
167,백양맨션,부산진구
169,백양맨션,부산진구
17,청수탕,부산진구
23,청수탕,부산진구
141,청수탕,부산진구
17,용사촌입구,부산진구
141,용사촌입구,부산진구
167,용사촌입구,부산진구
169,용사촌입구,부산진구
17,동원초등학교,부산진구
88,동원초등학교,부산진구
141,동원초등학교,부산진구
167,동원초등학교,부산진구
169,동원초등학교,부산진구
88,태우선파크APT,부산진구
23,당감백산아파트,부산진구
88,당감백산아파트,부산진구
23,개성고등학교,부산진구
88,개성고등학교,부산진구
사상구6,개포초등학교,부산진구
사상구6,개원초등학교,부산진구
사상구6,개금종합사회복지관,부산진구
사상구6,개금우드빌,부산진구
사상구6,동원화인아파트,부산진구
사상구6,삼환아파트,부산진구
사상구6,우성상가,부산진구
사상구6,한진아파트,부산진구
17,화인아파트,부산진구
23,화인아파트,부산진구
167,화인아파트,부산진구
179,화인아파트,부산진구
1004,화인아파트,부산진구
사상구6,개금종합사회복지관.도개공아파트,부산진구
사상구6,개금우드빌,부산진구
사상구6,동원화인아파트,부산진구
사상구6,삼환아파트,부산진구
사상구6,우성상가,부산진구
사상구6,한진아파트,부산진구
17,국제백양아파트,부산진구
23,국제백양아파트,부산진구
167,국제백양아파트,부산진구
179,국제백양아파트,부산진구
1004,국제백양아파트,부산진구
17,개원초등학교,부산진구
23,개원초등학교,부산진구
167,개원초등학교,부산진구
179,개원초등학교,부산진구
1004,개원초등학교,부산진구
사상구6,한국과학영재학교,부산진구
사상구6,국제백양아파트앞,부산진구
88,태을의원,부산진구
179,태을의원,부산진구
사상구6,태을의원,부산진구
88,개성고등학교입구,부산진구
179,개성고등학교입구,부산진구
사상구6,당감주유소,부산진구
44,진양교차로,부산진구
168,진양교차로,부산진구
17,진양교차로,부산진구
23,진양교차로,부산진구
129-1,진양교차로,부산진구
138-1,진양교차로,부산진구
141,진양교차로,부산진구
160,진양교차로,부산진구
169-1,진양교차로,부산진구
141-F,진양교차로,부산진구
17,당감1치안센터,부산진구
23,당감1치안센터,부산진구
44,당감1치안센터,부산진구
129-1,당감1치안센터,부산진구
138-1,당감1치안센터,부산진구
141,당감1치안센터,부산진구
160,당감1치안센터,부산진구
168,당감1치안센터,부산진구
169-1,당감1치안센터,부산진구
141-F,당감1치안센터,부산진구
67,백병원입구,부산진구
167,백병원입구,부산진구
67,개금시장,부산진구
167,개금시장,부산진구
부산진구10-1,개금시장,부산진구
부산진구10-1,백병원입구,부산진구
부산진구10,부산백병원,부산진구
부산진구10,성황리마트,부산진구
부산진구10,부산백병원,부산진구
129-1,신개금엘지아파트,부산진구
133,신개금엘지아파트,부산진구
169-1,신개금엘지아파트,부산진구
부산진구9,신개금LG아파트,부산진구
129-1,신주례엘지아파트,사상구
133-1,신주례엘지아파트,사상구
169-1,신주례엘지아파트,사상구
부산진구9,신주례LG1차아파트106동,사상구
138-1,개금역.개금초등학교,부산진구
160,개금역.개금초등학교,부산진구
167,개금역.개금초등학교,부산진구
168,개금역.개금초등학교,부산진구
169,개금역.개금초등학교,부산진구
부산진구10,개금역.개금초등학교,부산진구
사상구6,개금역.개금초등학교,부산진구
사상구8-1,개금역.개금초등학교,부산진구
167,개금역,부산진구
부산진구10-1,개금변전소,부산진구
부산진구10,개금역,부산진구
부산진구10-1,개금역,부산진구
44,부암초등학교,부산진구
44,진양교차로,부산진구
17,당감1치안센터,부산진구
23,당감1치안센터,부산진구
44,당감1치안센터,부산진구
129-1,당감1치안센터,부산진구
138-1,당감1치안센터,부산진구
141,당감1치안센터,부산진구
160,당감1치안센터,부산진구
168,당감1치안센터,부산진구
169-1,당감1치안센터,부산진구
141-F,당감1치안센터,부산진구
17,진양교차로,부산진구
23,진양교차로,부산진구
129-1,진양교차로,부산진구
138-1,진양교차로,부산진구
141,진양교차로,부산진구
160,진양교차로,부산진구
168,진양교차로,부산진구
169-1,진양교차로,부산진구
141-F,진양교차로,부산진구
88,개성고등학교입구,부산진구
179,개성고등학교입구,부산진구
사상구6,당감주유소,부산진구
179,백양로교회앞,부산진구
사상구6,백양로교회,부산진구
88,태우선파크APT,부산진구
88,부암새고개,부산진구
167,부암새고개,부산진구
179,부암새고개,부산진구
88,동원아파트,부산진구
167,동원아파트,부산진구
179,동원아파트,부산진구
사상구6,부암동원맨션,부산진구
사상구6,부암새고개,부산진구
88,당감시장,부산진구
179,당감시장,부산진구
88,당감사거리,부산진구
179,당감사거리,부산진구
사상구6,당감사거리,부산진구
사상구6,당감시장,부산진구
167,당감시장,부산진구
167,동평유치원,부산진구
17,당감동일스위트,부산진구
23,당감동일스위트,부산진구
167,당감동일스위트,부산진구
179,당감동일스위트,부산진구
사상구6,부산국제중고등학교,부산진구
17,백양터널,부산진구
23,백양터널,부산진구
167,백양터널,부산진구
179,백양터널,부산진구
부산진구6-1,반도아파트,부산진구
부산진구6,동의대역,부산진구
부산진구9,동의대역,부산진구
부산진구6-1,동의대역,부산진구
17,부산진구생활문화센터,부산진구
23,부산진구생활문화센터,부산진구
44,부산진구생활문화센터,부산진구
141,부산진구생활문화센터,부산진구
141-F,부산진구생활문화센터,부산진구
17,청수탕,부산진구
23,청수탕,부산진구
141,청수탕,부산진구
33,부산시민공원,부산진구
44,부산시민공원,부산진구
63,부산시민공원,부산진구
179,부산시민공원,부산진구
506,부산시민공원,부산진구
83-1,연지일동아파트,부산진구
103,연지일동아파트,부산진구
168,연지일동아파트,부산진구
179,연지일동아파트,부산진구
33,래미안어반파크,부산진구
44,래미안어반파크,부산진구
63,래미안어반파크,부산진구
83-1,래미안어반파크,부산진구
103,래미안어반파크,부산진구
33,국립부산국악원,부산진구
44,국립부산국악원,부산진구
63,국립부산국악원,부산진구
83-1,국립부산국악원,부산진구
103,국립부산국악원,부산진구
88,부암고가교,부산진구
167,부암고가교,부산진구
179,부암고가교,부산진구
사상구6,부암고가교,부산진구
88,동원아파트.협성휴포레,부산진구
167,동원아파트.협성휴포레,부산진구
179,동원아파트.협성휴포레,부산진구
88,부암새고개,부산진구
167,부암새고개,부산진구
179,부암새고개,부산진구
사상구6,부암동원맨션,부산진구
사상구6,미주아파트,부산진구
사상구6,부암새고개,부산진구
부산진구6,수정터널,부산진구
부산진구6-1,수정터널,부산진구
110-1,가야여중,부산진구
부산진구9,가야여자중학교,부산진구
부산진구6-1,동의대학교도서관,부산진구
부산진구6,동의대학교본관,부산진구
부산진구6-1,동의대학교본관,부산진구
부산진구9,동의대학교본관,부산진구
부산진구6,동의대학교입구,부산진구
부산진구6-1,동의대학교입구,부산진구
부산진구9,동의대학교입구,부산진구
부산진구6,동의대학교자연대학,부산진구
부산진구6-1,동의대학교자연대학,부산진구
부산진구9,동의대학교자연대학,부산진구
110-1,가야고교,부산진구
87,CBS방송국,부산진구
87,범천건강문화센터,부산진구
87,선암초등학교,부산진구
87,약수터입구,부산진구
87,범천건강문화센터,부산진구
87,선암초등학교,부산진구
110-1,가야고교,부산진구
110-1,동의대학교입구,부산진구
110-1,가야공원입구,부산진구
129-1,당평초등학교,부산진구
138-1,당평초등학교,부산진구
160,당평초등학교,부산진구
168,당평초등학교,부산진구
169,당평초등학교,부산진구
169-1,당평초등학교,부산진구
129-1,당감3동우체국,부산진구
138-1,당감3동우체국,부산진구
160,당감3동우체국,부산진구
168,당감3동우체국,부산진구
169,당감3동우체국,부산진구
169-1,당감3동우체국,부산진구
88,당감사거리,부산진구
179,당감사거리,부산진구
88,당감시장,부산진구
179,당감시장,부산진구
사상구6,당감사거리,부산진구
사상구6,당감시장,부산진구
17,당감초등학교,부산진구
23,당감초등학교,부산진구
44,당감초등학교,부산진구
141,당감초등학교,부산진구
169,당감초등학교,부산진구
141-F,당감초등학교,부산진구
179,당감4동,부산진구
사상구6,태을의원,부산진구
17,부암삼성래미안,부산진구
23,부암삼성래미안,부산진구
44,부암삼성래미안,부산진구
88,부암삼성래미안,부산진구
141,부암삼성래미안,부산진구
169,부암삼성래미안,부산진구
141-F,부암삼성래미안,부산진구
17,백양가족공원,부산진구
23,백양가족공원,부산진구
88,백양가족공원,부산진구
169,백양가족공원,부산진구
17,선암사입구,부산진구
23,선암사입구,부산진구
88,선암사입구,부산진구
169,선암사입구,부산진구
88,백양뜨란채아파트,부산진구
141,백양뜨란채아파트,부산진구
167,백양뜨란채아파트,부산진구
169,백양뜨란채아파트,부산진구
17,당감4동우체국,부산진구
23,당감4동우체국,부산진구
167,당감4동우체국,부산진구
17,당감4동우체국,부산진구
23,당감4동우체국,부산진구
167,당감4동우체국,부산진구
17,국제프라자아파트,부산진구
23,국제프라자아파트,부산진구
167,국제프라자아파트,부산진구
179,국제프라자아파트,부산진구
1004,국제프라자아파트,부산진구
사상구6,국제프라자아파트,부산진구
사상구6,한국과학영재학교,부산진구
23,백양뜨란채아파트,부산진구
88,백양뜨란채아파트,부산진구
169,백양뜨란채아파트,부산진구
168,부산시민공원남문,부산진구
168,부산진중학교,부산진구
17,부암역.당감입구,부산진구
23,부암역.당감입구,부산진구
129-1,부암역.당감입구,부산진구
138-1,부암역.당감입구,부산진구
141,부암역.당감입구,부산진구
160,부암역.당감입구,부산진구
169-1,부암역.당감입구,부산진구
141-F,부암역.당감입구,부산진구
85,부산글로벌빌리지,부산진구
138-1,부산글로벌빌리지,부산진구
160,부산글로벌빌리지,부산진구
169-1,부산글로벌빌리지,부산진구
17,부암역.당감입구,부산진구
23,부암역.당감입구,부산진구
63,부암역.당감입구,부산진구
81,부암역.당감입구,부산진구
129-1,부암역.당감입구,부산진구
138-1,부암역.당감입구,부산진구
141,부암역.당감입구,부산진구
160,부암역.당감입구,부산진구
169-1,부암역.당감입구,부산진구
141-F,부암역.당감입구,부산진구
17,당감초등학교,부산진구
23,당감초등학교,부산진구
44,당감초등학교,부산진구
141,당감초등학교,부산진구
169,당감초등학교,부산진구
141-F,당감초등학교,부산진구
129-1,당평초등학교,부산진구
138-1,당평초등학교,부산진구
160,당평초등학교,부산진구
168,당평초등학교,부산진구
169,당평초등학교,부산진구
169-1,당평초등학교,부산진구
67,가야지구대,부산진구
59,신암,부산진구
61,신암,부산진구
85,신암,부산진구
186,신암,부산진구
87,약수터입구,부산진구
87,서호정사,부산진구
87,호천마을입구,부산진구
29,안창삼거리,부산진구
87,안창삼거리,부산진구
110-1,가야여중,부산진구
110-1,동의대학교입구,부산진구
부산진구6,가야여자중학교,부산진구
부산진구9,가야여자중학교,부산진구
사상구6,당감주공아파트,부산진구
17,당감동,부산진구
23,당감동,부산진구
141,당감동,부산진구
67,주례여자고등학교,부산진구
167,주례여자고등학교,부산진구
부산진구10-1,개금현대아파트,부산진구
사상구5,개금현대아파트,부산진구
사상구5-1,개금현대아파트,부산진구
사상구5-2,개금현대아파트,부산진구
부산진구10-1,개금시영아파트,부산진구
67,동남여객차고지(종점),부산진구
167,동남여객차고지(종점),부산진구
부산진구10-1,동남여객차고지,부산진구
110-1,가남시장,부산진구
부산진구6,가남시장,부산진구
부산진구9,가남시장,부산진구
110-1,가남시장,부산진구
부산진구9,가남시장,부산진구
사상구5,주례여자고등학교,사상구
사상구5-2,주례여자고등학교,사상구
사상구5,주례여자고등학교,부산진구
사상구5-2,주례여자고등학교,부산진구
사상구5-2,동서대입구,사상구
사상구5,동서대학교,사상구
사상구8-1,덕인빌라,부산진구
사상구8-1,개금반도보라아파트,부산진구
사상구8-1,덕인빌라,부산진구
부산진구17,부산학생교육문화회관,부산진구
부산진구17,대림아파트,부산진구
부산진구17,부산학생교육문화회관,부산진구
부산진구17,어린이대공원,부산진구
138-1,개금역.개금초등학교,부산진구
160,개금역.개금초등학교,부산진구
167,개금역.개금초등학교,부산진구
168,개금역.개금초등학교,부산진구
169,개금역.개금초등학교,부산진구
사상구6,개금역.개금초등학교,부산진구
부산진구10,개금삼거리,부산진구
67,동남여객차고지(종점),부산진구
167,동남여객차고지(종점),부산진구
부산진구10-1,동남여객차고지,부산진구
사하구2-1,당리역,사하구
사하구3,구평고물상,사하구
사하구3-1,동원로얄아파트입구,사하구
사하구5,동원로얄아파트입구,사하구
사하구9,동원로얄아파트입구,사하구
사하구3-1,풍조식품,사하구
사하구5,풍조식품,사하구
58,동원로얄듀크아파트,사하구
124,동원로얄듀크아파트,사하구
172,동원로얄듀크아파트,사하구
172,동원로얄듀크아파트,사하구
사하구5,동원로얄아파트,사하구
사하구9,동원로얄아파트,사하구
사하구5,동원로얄아파트,사하구
사하구9,동원로얄아파트,사하구
사하구9,동원로얄듀크101동앞,사하구
금정구2-1,임석,금정구
금정구2-2,임석,금정구
기장군2-3,임석,금정구
금정구2-1,수반,금정구
금정구2-2,수반,금정구
기장군2-3,수반,금정구
금정구2-1,다움병원,금정구
금정구2-2,다움병원,금정구
기장군2-3,다움병원,금정구
금정구2-1,중리.공덕초등학교,금정구
금정구2-2,중리.공덕초등학교,금정구
기장군2-3,중리.공덕초등학교,금정구
42,건설안전시험사업소,금정구
105,건설안전시험사업소,금정구
184,건설안전시험사업소,금정구
42,회동석대산단,금정구
5-1,회동동,금정구
42,회동동,금정구
43,회동동,금정구
99,회동동,금정구
105,회동동,금정구
179,회동동,금정구
184,회동동,금정구
301,금단마을,금정구
301,브니엘고등학교,금정구
금정구3-1,금단마을,금정구
금정구3-1,브니엘고등학교,금정구
301,브니엘고등학교,금정구
301,금단마을,금정구
금정구3-1,브니엘고등학교,금정구
금정구3-1,금단마을,금정구
301,동래초등학교,금정구
금정구3-1,태평양아파트,금정구
금정구3-1,동래초등학교,금정구
90,지장암,금정구
90,경동아파트,금정구
90,범어사매표소,금정구
90,범어사주차장,금정구
90,상마마을.범어사박물관,금정구
90,하마마을,금정구
29,어린이놀이터,금정구
51,어린이놀이터,금정구
80,어린이놀이터,금정구
90,어린이놀이터,금정구
300,어린이놀이터,금정구
29,남산동.요산문학관,금정구
51,남산동.요산문학관,금정구
80,남산동.요산문학관,금정구
300,남산동.요산문학관,금정구
29,한아름빌라,금정구
51,한아름빌라,금정구
80,한아름빌라,금정구
300,한아름빌라,금정구
29,금샘초등학교,금정구
51,금샘초등학교,금정구
80,금샘초등학교,금정구
300,금샘초등학교,금정구
90,성불사입구,금정구
금정구3-1,범어사입구사거리,금정구
금정구5,수원지마을,금정구
금정구5,수원지마을,금정구
금정구5,분도농원,금정구
금정구5,주말농장,금정구
금정구1,금성동행정복지센터,금정구
금정구1,산성공해마을3동,금정구
금정구1,금성동행정복지센터,금정구
금정구1,서울슈퍼,금정구
203,금성동주민센터,금정구
금정구1,서울슈퍼,금정구
203,죽전마을,금정구
203,서울슈퍼,금정구
금정구1,마을회관,금정구
금정구2-2,금정체육공원,금정구
금정구2-2,함몰마을,금정구
금정구2-2,금정체육공원,금정구
기장군2-3,금정체육공원,금정구
50,남산역,금정구
148,남산역,금정구
1002,남산역,금정구
50,남산프라자,금정구
148,남산프라자,금정구
50,두실역,금정구
148,두실역,금정구
300,두실역,금정구
1002,두실역,금정구
49,남산동새벽시장,금정구
131,남산동새벽시장,금정구
301,남산동새벽시장,금정구
1002-F,남산동새벽시장,금정구
49,남산고등학교입구,금정구
131,남산고등학교입구,금정구
301,남산고등학교입구,금정구
1002-F,남산고등학교입구,금정구
49,남산동농협,금정구
131,남산동농협,금정구
301,남산동농협,금정구
1002-F,남산동농협,금정구
50,범어사역,금정구
148,범어사역,금정구
1002,범어사역,금정구
금정구2-1,범어사역,금정구
금정구2-2,범어사역,금정구
금정구3-1,범어사역,금정구
기장군2-3,범어사역,금정구
50,범어사역,금정구
148,범어사역,금정구
1002,범어사역,금정구
금정구2-2,노포삼거리,금정구
기장군2-3,노포삼거리,금정구
106,서금지구대.금사역,금정구
129-1,서금지구대.금사역,금정구
183,서금지구대.금사역,금정구
189,서금지구대.금사역,금정구
183-F,서금지구대.금사역,금정구
148,태광산업(구서역),금정구
1002,태광산업(구서역),금정구
50,태광산업.구서역,금정구
148,태광산업.구서역,금정구
300,태광산업.구서역,금정구
1002,태광산업.구서역,금정구
50,태광산업.구서역,금정구
300,태광산업.구서역,금정구
50,행림병원,금정구
148,행림병원,금정구
300,행림병원,금정구
3008,구서역,금정구
3008-F,구서역,금정구
금정구5,금양초등학교,금정구
금정구5-1,금양초등학교,금정구
50,금정구청.부산가톨릭대,금정구
148,금정구청.부산가톨릭대,금정구
300,금정구청.부산가톨릭대,금정구
301,금정구청.부산가톨릭대,금정구
1002,금정구청.부산가톨릭대,금정구
금정구5,금정구청,금정구
금정구5-1,금정구청,금정구
금정구3-1,GS25금정구청점,금정구
금정구5,초원맨션,금정구
금정구5-1,초원맨션,금정구
금정구5,부곡3동행정복지센터.금샘도서관,금정구
금정구5-1,부곡3동행정복지센터.금샘도서관,금정구
금정구3-2,구서역3번출구,금정구
금정구3-2,이마트,금정구
29,부산정보관광고,금정구
49,부산정보관광고,금정구
50,부산정보관광고,금정구
148,부산정보관광고,금정구
금정구6,동현초등학교,금정구
29,부산정보관광고,금정구
49,부산정보관광고,금정구
50,부산정보관광고,금정구
148,부산정보관광고,금정구
금정구5-1,부산대역,금정구
29,부곡대우아파트,금정구
49,부곡대우아파트,금정구
301,부곡대우아파트,금정구
금정구5-1,부산대역,금정구
금정구5-1,대우아파트후문,금정구
금정구6,부곡여자중학교,금정구
금정구6,동현초등학교,금정구
49,동해중학교,금정구
50,동해중학교,금정구
49,부곡4동행정복지센터.온천장역,금정구
50,부곡4동행정복지센터.온천장역,금정구
179,부곡4동행정복지센터.온천장역,금정구
189,부곡4동행정복지센터.온천장역,금정구
1002,부곡4동행정복지센터.온천장역,금정구
179,동해중학교,금정구
189,동해중학교,금정구
29,서1동새마을금고,금정구
148,서1동새마을금고,금정구
155,서1동새마을금고,금정구
179,서1동새마을금고,금정구
189,서1동새마을금고,금정구
29,책마을보드랑 작은도서관,금정구
148,책마을보드랑 작은도서관,금정구
155,책마을보드랑 작은도서관,금정구
179,책마을보드랑 작은도서관,금정구
189,책마을보드랑 작은도서관,금정구
29,서동미로시장,금정구
148,서동미로시장,금정구
155,서동미로시장,금정구
29,서동고개,금정구
148,서동고개,금정구
155,서동고개,금정구
179,서동고개,금정구
189,서동고개,금정구
29,서동고개,금정구
148,서동고개,금정구
179,서동고개,금정구
189,서동고개,금정구
29,내성고등학교,금정구
148,내성고등학교,금정구
179,내성고등학교,금정구
189,내성고등학교,금정구
29,동현초등학교,금정구
148,동현초등학교,금정구
179,동현초등학교,금정구
189,동현초등학교,금정구
금정구6,금정여자고등학교,금정구
금정구6,서동시장,금정구
155,서동,금정구
금정구5-1,한신아파트,금정구
금정구5,장전역2번출구,금정구
금정구5-1,장전역4번출구,금정구
29,서동역,금정구
106,서동역,금정구
129-1,서동역,금정구
155,서동역,금정구
183,서동역,금정구
183-F,서동역,금정구
42,금사입구,금정구
99,금사입구,금정구
105,금사입구,금정구
179,금사입구,금정구
106,금사입구,금정구
129-1,금사입구,금정구
183,금사입구,금정구
189,금사입구,금정구
183-F,금사입구,금정구
동래구1,서2동새마을금고,금정구
29,세웅병원후문,금정구
42,세웅병원후문,금정구
99,세웅병원후문,금정구
105,세웅병원후문,금정구
148,세웅병원후문,금정구
155,세웅병원후문,금정구
179,세웅병원후문,금정구
189,세웅병원후문,금정구
동래구1,세웅병원후문,금정구
50,두실역,금정구
148,두실역,금정구
300,두실역,금정구
1002,두실역,금정구
50,행림병원,금정구
148,행림병원,금정구
300,행림병원,금정구
148,금정이마트,금정구
300,금정이마트,금정구
금정구2-1,영락공원,금정구
금정구2-1,금정도서관,금정구
금정구2-1,제3영락원,금정구
50,팔송,금정구
148,팔송,금정구
1002,팔송,금정구
금정구2-2,범어사역,금정구
금정구3-1,범어사역,금정구
기장군2-3,범어사역,금정구
29,노포삼거리,금정구
49,노포삼거리,금정구
50,노포삼거리,금정구
51,노포삼거리,금정구
80,노포삼거리,금정구
90,노포삼거리,금정구
131,노포삼거리,금정구
148,노포삼거리,금정구
300,노포삼거리,금정구
301,노포삼거리,금정구
1002-F,노포삼거리,금정구
금정구2-2,노포삼거리,금정구
기장군2-3,노포삼거리,금정구
106,서금지구대.금사역,금정구
129-1,서금지구대.금사역,금정구
183,서금지구대.금사역,금정구
189,서금지구대.금사역,금정구
183-F,서금지구대.금사역,금정구
506,대우아파트,금정구
506,우신아파트,해운대구
506,센텀SD아파트후문,해운대구
506,센텀SD아파트정문,해운대구
506,센텀강변현대아파트,해운대구
506,벽산한솔타운,해운대구
금정구6,석대.금사자동차학원,금정구
금정구6,금사역,금정구
129-1,금사전화국,금정구
183,금사전화국,금정구
189,금사전화국,금정구
183-F,금사전화국,금정구
129-1,금사전화국,금정구
183,금사전화국,금정구
189,금사전화국,금정구
183-F,금사전화국,금정구
금정구6,부곡늘푸른아파트117동,금정구
금정구6,부곡여자중학교,금정구
금정구6,BMC아파트121동,금정구
금정구6,BMC아파트120동,금정구
금정구6,부곡늘푸른아파트117동,금정구
금정구6,BMC아파트121동,금정구
금정구6,BMC아파트120동,금정구
금정구6,뉴그린108동,금정구
203,금정산SK뷰,금정구
동래구1-1,금강공원,동래구
동래구1-1,온천119안전센터,동래구
동래구1-1,해양자연사박물관,동래구
203,식물원,금정구
50,경남한신아파트,금정구
148,경남한신아파트,금정구
301,경남한신아파트,금정구
금정구5,부곡한신아파트,금정구
50,경남한신아파트,금정구
148,경남한신아파트,금정구
301,경남한신아파트,금정구
5-1,회동동,금정구
42,회동동,금정구
43,회동동,금정구
99,회동동,금정구
105,회동동,금정구
179,회동동,금정구
184,회동동,금정구
5-1,회동본동,금정구
42,회동본동,금정구
43,회동본동,금정구
99,회동본동,금정구
105,회동본동,금정구
179,회동본동,금정구
184,회동본동,금정구
금정구6,석대.금사자동차학원,금정구
금정구6,금사공단.금사동탑마트,금정구
29,라이프타운,금정구
42,라이프타운,금정구
99,라이프타운,금정구
105,라이프타운,금정구
155,라이프타운,금정구
179,라이프타운,금정구
189,라이프타운,금정구
금정구2-2,선두구동행정복지센터,금정구
기장군2-3,선두구동행정복지센터,금정구
금정구2-2,조리,금정구
기장군2-3,조리,금정구
금정구2-2,조리경로당,금정구
기장군2-3,조리경로당,금정구
금정구2-1,임석,금정구
금정구2-2,임석,금정구
기장군2-3,임석,금정구
금정구2-2,중리.공덕초등학교,금정구
기장군2-3,중리.공덕초등학교,금정구
금정구2-1,다움병원,금정구
금정구2-2,다움병원,금정구
기장군2-3,다움병원,금정구
금정구2-1,수반,금정구
금정구2-2,수반,금정구
기장군2-3,수반,금정구
29,범어사입구,금정구
49,범어사입구,금정구
51,범어사입구,금정구
80,범어사입구,금정구
131,범어사입구,금정구
300,범어사입구,금정구
301,범어사입구,금정구
1002-F,범어사입구,금정구
29,어린이놀이터,금정구
51,어린이놀이터,금정구
80,어린이놀이터,금정구
300,어린이놀이터,금정구
49,남산동농협,금정구
131,남산동농협,금정구
301,남산동농협,금정구
1002-F,남산동농협,금정구
29,남산성당,금정구
51,남산성당,금정구
80,남산성당,금정구
300,남산성당,금정구
29,부산외국어대학교,금정구
51,부산외국어대학교,금정구
80,부산외국어대학교,금정구
300,부산외국어대학교,금정구
금정구3-2,부산과학고등학교,금정구
203,광명사,금정구
203,양로원,금정구
203,식물원,금정구
203,금성동주민센터,금정구
금정구1,산성공해마을3동,금정구
203,공해부락,금정구
금정구1,산성공해마을,금정구
29,까치공원,금정구
49,까치공원,금정구
51,까치공원,금정구
77,까치공원,금정구
80,까치공원,금정구
100,까치공원,금정구
100-1,까치공원,금정구
110,까치공원,금정구
111-1,까치공원,금정구
121,까치공원,금정구
131,까치공원,금정구
144,까치공원,금정구
301,까치공원,금정구
1002-F,까치공원,금정구
29,장전초등학교,금정구
49,장전초등학교,금정구
51,장전초등학교,금정구
80,장전초등학교,금정구
131,장전초등학교,금정구
301,장전초등학교,금정구
1002-F,장전초등학교,금정구
29,금정산쌍용예가.구서SK뷰,금정구
49,금정산쌍용예가.구서SK뷰,금정구
51,금정산쌍용예가.구서SK뷰,금정구
80,금정산쌍용예가.구서SK뷰,금정구
131,금정산쌍용예가.구서SK뷰,금정구
301,금정산쌍용예가.구서SK뷰,금정구
1002-F,금정산쌍용예가.구서SK뷰,금정구
49,남산동럭키아파트,금정구
131,남산동럭키아파트,금정구
301,남산동럭키아파트,금정구
1002-F,남산동럭키아파트,금정구
49,남산고등학교입구,금정구
131,남산고등학교입구,금정구
301,남산고등학교입구,금정구
1002-F,남산고등학교입구,금정구
49,남산동새벽시장,금정구
131,남산동새벽시장,금정구
301,남산동새벽시장,금정구
1002-F,남산동새벽시장,금정구
49,남산초등학교,금정구
131,남산초등학교,금정구
301,남산초등학교,금정구
1002-F,남산초등학교,금정구
49,남산동럭키아파트,금정구
131,남산동럭키아파트,금정구
301,남산동럭키아파트,금정구
1002-F,남산동럭키아파트,금정구
29,선경3차아파트,금정구
49,선경3차아파트,금정구
51,선경3차아파트,금정구
80,선경3차아파트,금정구
131,선경3차아파트,금정구
301,선경3차아파트,금정구
1002-F,선경3차아파트,금정구
29,남산119안전센터,금정구
51,남산119안전센터,금정구
80,남산119안전센터,금정구
300,남산119안전센터,금정구
금정구2-2,조리,금정구
기장군2-3,조리,금정구
금정구2-2,조리경로당,금정구
기장군2-3,조리경로당,금정구
금정구2-2,선두구동행정복지센터,금정구
기장군2-3,선두구동행정복지센터,금정구
금정구2-1,영락공원,금정구
금정구2-1,제3영락원,금정구
금정구2-1,금정도서관,금정구
29,남산고교,금정구
51,남산고교,금정구
80,남산고교,금정구
300,남산고교,금정구
29,부산외국어대학교,금정구
51,부산외국어대학교,금정구
80,부산외국어대학교,금정구
300,부산외국어대학교,금정구
29,금샘초등학교,금정구
51,금샘초등학교,금정구
80,금샘초등학교,금정구
300,금샘초등학교,금정구
29,남산고교,금정구
51,남산고교,금정구
80,남산고교,금정구
300,남산고교,금정구
29,남산동.요산문학관,금정구
51,남산동.요산문학관,금정구
80,남산동.요산문학관,금정구
300,남산동.요산문학관,금정구
29,한아름빌라,금정구
51,한아름빌라,금정구
80,한아름빌라,금정구
300,한아름빌라,금정구
29,롯데캐슬정문,금정구
49,롯데캐슬정문,금정구
51,롯데캐슬정문,금정구
80,롯데캐슬정문,금정구
131,롯데캐슬정문,금정구
301,롯데캐슬정문,금정구
1002-F,롯데캐슬정문,금정구
29,롯데캐슬입구,금정구
49,롯데캐슬입구,금정구
51,롯데캐슬입구,금정구
80,롯데캐슬입구,금정구
131,롯데캐슬입구,금정구
301,롯데캐슬입구,금정구
1002-F,롯데캐슬입구,금정구
금정구3-2,롯데캐슬정문,금정구
금정구3-2,롯데캐슬입구,금정구
29,신동아아파트,금정구
49,신동아아파트,금정구
51,신동아아파트,금정구
80,신동아아파트,금정구
131,신동아아파트,금정구
301,신동아아파트,금정구
1002-F,신동아아파트,금정구
금정구3-2,이마트,금정구
29,구서역.구서시장,금정구
49,구서역.구서시장,금정구
51,구서역.구서시장,금정구
80,구서역.구서시장,금정구
131,구서역.구서시장,금정구
301,구서역.구서시장,금정구
1002-F,구서역.구서시장,금정구
29,롯데캐슬입구,금정구
49,롯데캐슬입구,금정구
51,롯데캐슬입구,금정구
80,롯데캐슬입구,금정구
131,롯데캐슬입구,금정구
301,롯데캐슬입구,금정구
1002-F,롯데캐슬입구,금정구
29,롯데캐슬정문,금정구
49,롯데캐슬정문,금정구
51,롯데캐슬정문,금정구
80,롯데캐슬정문,금정구
131,롯데캐슬정문,금정구
301,롯데캐슬정문,금정구
1002-F,롯데캐슬정문,금정구
금정구3-2,롯데캐슬입구,금정구
금정구3-2,롯데캐슬정문,금정구
동래구1,서2동새마을금고,금정구
동래구1,초원마트,금정구
동래구1,명장2치안센터,동래구
동래구1,동남아파트,동래구
동래구1,협진아파트,동래구
29,장전중앙교회,금정구
49,장전중앙교회,금정구
51,장전중앙교회,금정구
77,장전중앙교회,금정구
80,장전중앙교회,금정구
100,장전중앙교회,금정구
100-1,장전중앙교회,금정구
110,장전중앙교회,금정구
111-1,장전중앙교회,금정구
121,장전중앙교회,금정구
131,장전중앙교회,금정구
144,장전중앙교회,금정구
301,장전중앙교회,금정구
1002-F,장전중앙교회,금정구
29,현대아파트,금정구
49,현대아파트,금정구
51,현대아파트,금정구
77,현대아파트,금정구
80,현대아파트,금정구
100,현대아파트,금정구
100-1,현대아파트,금정구
110,현대아파트,금정구
111-1,현대아파트,금정구
121,현대아파트,금정구
131,현대아파트,금정구
144,현대아파트,금정구
301,현대아파트,금정구
1002-F,현대아파트,금정구
29,부산대학교정문,금정구
49,부산대학교정문,금정구
51,부산대학교정문,금정구
77,부산대학교정문,금정구
80,부산대학교정문,금정구
100,부산대학교정문,금정구
100-1,부산대학교정문,금정구
110,부산대학교정문,금정구
111-1,부산대학교정문,금정구
121,부산대학교정문,금정구
131,부산대학교정문,금정구
144,부산대학교정문,금정구
301,부산대학교정문,금정구
1002-F,부산대학교정문,금정구
29,장전역,금정구
49,장전역,금정구
51,장전역,금정구
77,장전역,금정구
80,장전역,금정구
100,장전역,금정구
100-1,장전역,금정구
110,장전역,금정구
111-1,장전역,금정구
121,장전역,금정구
131,장전역,금정구
144,장전역,금정구
301,장전역,금정구
3008,장전역,금정구
1002-F,장전역,금정구
3008-F,장전역,금정구
3008,(구)장전1치안센터,금정구
3008-F,(구)장전1치안센터,금정구
29,금정세무서,금정구
49,금정세무서,금정구
42,협진태양맨션,동래구
99,협진태양맨션,동래구
105,협진태양맨션,동래구
148,협진태양맨션,동래구
51,금정초등학교,금정구
100,금정초등학교,금정구
110-1,금정초등학교,금정구
111-1,금정초등학교,금정구
121,금정초등학교,금정구
131,금정초등학교,금정구
144,금정초등학교,금정구
183,금정초등학교,금정구
3008,금정초등학교,금정구
183-F,금정초등학교,금정구
3008-F,금정초등학교,금정구
111-1,온천장역,금정구
144,온천장역,금정구
111-1,래미안장전남문,금정구
144,래미안장전남문,금정구
183,래미안장전남문,금정구
183-F,래미안장전남문,금정구
49,부곡4동행정복지센터.온천장역,금정구
50,부곡4동행정복지센터.온천장역,금정구
179,부곡4동행정복지센터.온천장역,금정구
189,부곡4동행정복지센터.온천장역,금정구
1002,부곡4동행정복지센터.온천장역,금정구
189,온천입구,금정구
49,동해중학교,금정구
50,동해중학교,금정구
179,동해중학교,금정구
42,금사시장,금정구
99,금사시장,금정구
105,금사시장,금정구
179,금사시장,금정구
금정구6,금사시장,금정구
금정구6,파크랜드,금정구
금정구6,금사공단.금사동탑마트,금정구
42,금사중학교,금정구
99,금사중학교,금정구
105,금사중학교,금정구
179,금사중학교,금정구
42,금사회동동행정복지센터,금정구
99,금사회동동행정복지센터,금정구
105,금사회동동행정복지센터,금정구
179,금사회동동행정복지센터,금정구
금정구3-2,태광인력개발원,금정구
금정구3-2,우성아파트3동,금정구
37,두구동 입구,금정구
50,두구동 입구,금정구
1002-F,두구동 입구,금정구
기장군2-3,두구동 입구,금정구
29,신동아아파트,금정구
49,신동아아파트,금정구
51,신동아아파트,금정구
80,신동아아파트,금정구
131,신동아아파트,금정구
301,신동아아파트,금정구
1002-F,신동아아파트,금정구
금정구3-2,신동아아파트,금정구
금정구3-2,선경1차우성아파트,금정구
29,선경3차아파트,금정구
49,선경3차아파트,금정구
51,선경3차아파트,금정구
80,선경3차아파트,금정구
131,선경3차아파트,금정구
301,선경3차아파트,금정구
1002-F,선경3차아파트,금정구
37,금정체육공원입구,금정구
50,금정체육공원입구,금정구
90,금정체육공원입구,금정구
90,금정체육공원입구,금정구
1002-F,금정체육공원입구,금정구
금정구2-2,부산컨트리입구,금정구
기장군2-3,부산컨트리입구,금정구
금정구3-1,침례병원.남산역,금정구
금정구3-1,침례병원.남산역,금정구
90,범어사입구,금정구
90,범어사입구,금정구
금정구3-1,비아이마트,금정구
29,범어사입구,금정구
49,범어사입구,금정구
51,범어사입구,금정구
80,범어사입구,금정구
131,범어사입구,금정구
300,범어사입구,금정구
301,범어사입구,금정구
1002-F,범어사입구,금정구
금정구3-1,범어사입구사거리,금정구
50,부산산업보건센터,금정구
148,부산산업보건센터,금정구
37,두구동 입구,금정구
50,두구동 입구,금정구
1002-F,두구동 입구,금정구
기장군2-3,두구동 입구,금정구
37,금정체육공원입구,금정구
50,금정체육공원입구,금정구
90,금정체육공원입구,금정구
90,금정체육공원입구,금정구
1002-F,금정체육공원입구,금정구
금정구2-2,부산컨트리입구,금정구
기장군2-3,부산컨트리입구,금정구
금정구2-2,선두구동목욕탕,금정구
금정구2-1,신천,금정구
금정구2-1,신천,금정구
3008,장전역,금정구
3008-F,장전역,금정구
29,구서1동행정복지센터,금정구
49,구서1동행정복지센터,금정구
51,구서1동행정복지센터,금정구
80,구서1동행정복지센터,금정구
131,구서1동행정복지센터,금정구
301,구서1동행정복지센터,금정구
1002-F,구서1동행정복지센터,금정구
50,윤산터널입구,금정구
148,윤산터널입구,금정구
301,윤산터널입구,금정구
1002,윤산터널입구,금정구
50,윤산터널입구,금정구
148,윤산터널입구,금정구
301,윤산터널입구,금정구
1002,윤산터널입구,금정구
금정구5,윤산터널 입구,금정구
금정구5-1,윤산터널 입구,금정구
301,금정문화회관,금정구
금정구3-1,동래여자고등학교,금정구
금정구3-1,GS25금정구청점,금정구
금정구3-2,구서역2번출구,금정구
금정구3-1,구서역,금정구
3008,구서역,금정구
3008-F,구서역,금정구
29,구서1동행정복지센터,금정구
49,구서1동행정복지센터,금정구
51,구서1동행정복지센터,금정구
80,구서1동행정복지센터,금정구
131,구서1동행정복지센터,금정구
301,구서1동행정복지센터,금정구
1002-F,구서1동행정복지센터,금정구
29,구서역.구서시장,금정구
49,구서역.구서시장,금정구
51,구서역.구서시장,금정구
80,구서역.구서시장,금정구
131,구서역.구서시장,금정구
301,구서역.구서시장,금정구
1002-F,구서역.구서시장,금정구
29,금정산쌍용예가.구서SK뷰,금정구
49,금정산쌍용예가.구서SK뷰,금정구
51,금정산쌍용예가.구서SK뷰,금정구
80,금정산쌍용예가.구서SK뷰,금정구
131,금정산쌍용예가.구서SK뷰,금정구
301,금정산쌍용예가.구서SK뷰,금정구
1002-F,금정산쌍용예가.구서SK뷰,금정구
29,장전초등학교,금정구
49,장전초등학교,금정구
51,장전초등학교,금정구
80,장전초등학교,금정구
131,장전초등학교,금정구
301,장전초등학교,금정구
1002-F,장전초등학교,금정구
301,동래초등학교,금정구
금정구3-1,태평양아파트,금정구
금정구3-1,동래초등학교,금정구
301,금정문화회관,금정구
금정구3-1,동래여자고등학교,금정구
금정구3-1,금정문화회관,금정구
29,동상초등학교.서동역,금정구
129-1,동상초등학교.서동역,금정구
155,동상초등학교.서동역,금정구
183,동상초등학교.서동역,금정구
183-F,동상초등학교.서동역,금정구
29,협진태양맨션,동래구
106,협진태양맨션,동래구
129-1,협진태양맨션,동래구
155,협진태양맨션,동래구
183,협진태양맨션,동래구
183-F,협진태양맨션,동래구
42,서동입구,금정구
99,서동입구,금정구
105,서동입구,금정구
148,서동입구,금정구
29,내성고등학교,금정구
148,내성고등학교,금정구
179,내성고등학교,금정구
189,내성고등학교,금정구
29,동현초등학교,금정구
148,동현초등학교,금정구
179,동현초등학교,금정구
189,동현초등학교,금정구
42,금사중학입구,금정구
99,금사중학입구,금정구
105,금사중학입구,금정구
179,금사중학입구,금정구
42,금사시장,금정구
99,금사시장,금정구
105,금사시장,금정구
179,금사시장,금정구
금정구6,기업은행,금정구
금정구6,금사회동동행정복지센터,금정구
42,중소기업은행,금정구
99,중소기업은행,금정구
105,중소기업은행,금정구
179,중소기업은행,금정구
금정구6,누가병원,금정구
42,세웅병원,금정구
99,세웅병원,금정구
105,세웅병원,금정구
동래구1,세웅병원정문,금정구
동래구1,서동농협,금정구
29,부산은행,금정구
42,부산은행,금정구
99,부산은행,금정구
105,부산은행,금정구
155,부산은행,금정구
179,부산은행,금정구
189,부산은행,금정구
42,부산예원고등학교,금정구
99,부산예원고등학교,금정구
105,부산예원고등학교,금정구
179,부산예원고등학교,금정구
금정구6,부산예원고등학교(온천장방향),금정구
29,부곡시장,금정구
49,부곡시장,금정구
50,부곡시장,금정구
148,부곡시장,금정구
1002,부곡시장,금정구
29,금정세무서,금정구
49,금정세무서,금정구
50,금정세무서,금정구
148,금정세무서,금정구
1002,금정세무서,금정구
50,금정세무서,금정구
148,금정세무서,금정구
1002,금정세무서,금정구
29,부산대학교정문,금정구
49,부산대학교정문,금정구
51,부산대학교정문,금정구
80,부산대학교정문,금정구
100,부산대학교정문,금정구
111-1,부산대학교정문,금정구
131,부산대학교정문,금정구
144,부산대학교정문,금정구
301,부산대학교정문,금정구
3008,부산대학교정문,금정구
1002-F,부산대학교정문,금정구
3008-F,부산대학교정문,금정구
77,부산대학교정문,금정구
100-1,부산대학교정문,금정구
110,부산대학교정문,금정구
121,부산대학교정문,금정구
29,부산대역,금정구
49,부산대역,금정구
301,부산대역,금정구
금정구7,부산은행,금정구
29,부산대앞부산은행,금정구
49,부산대앞부산은행,금정구
51,부산대앞부산은행,금정구
100,부산대앞부산은행,금정구
111-1,부산대앞부산은행,금정구
131,부산대앞부산은행,금정구
144,부산대앞부산은행,금정구
301,부산대앞부산은행,금정구
51,금정초등학교,금정구
100,금정초등학교,금정구
110-1,금정초등학교,금정구
111-1,금정초등학교,금정구
131,금정초등학교,금정구
144,금정초등학교,금정구
183,금정초등학교,금정구
3008,금정초등학교,금정구
183-F,금정초등학교,금정구
3008-F,금정초등학교,금정구
29,(구)장전1치안센터,금정구
49,(구)장전1치안센터,금정구
51,(구)장전1치안센터,금정구
77,(구)장전1치안센터,금정구
80,(구)장전1치안센터,금정구
100,(구)장전1치안센터,금정구
100-1,(구)장전1치안센터,금정구
110,(구)장전1치안센터,금정구
111-1,(구)장전1치안센터,금정구
121,(구)장전1치안센터,금정구
131,(구)장전1치안센터,금정구
144,(구)장전1치안센터,금정구
301,(구)장전1치안센터,금정구
3008,(구)장전1치안센터,금정구
1002-F,(구)장전1치안센터,금정구
3008-F,(구)장전1치안센터,금정구
3008,부산대학교정문,금정구
3008-F,부산대학교정문,금정구
77,금정초등학교,금정구
80,금정초등학교,금정구
100-1,금정초등학교,금정구
110,금정초등학교,금정구
121,금정초등학교,금정구
1002-F,금정초등학교,금정구
77,금정초등학교,금정구
80,금정초등학교,금정구
100-1,금정초등학교,금정구
110,금정초등학교,금정구
1002-F,금정초등학교,금정구
금정구5-1,우신아파트,금정구
금정구5-1,한신아파트,금정구
금정구5-1,우신아파트,금정구
금정구5-1,대우아파트후문,금정구
5-1,욱성화학(주),금정구
42,욱성화학(주),금정구
43,욱성화학(주),금정구
99,욱성화학(주),금정구
105,욱성화학(주),금정구
179,욱성화학(주),금정구
184,욱성화학(주),금정구
금정구7,부산대역,금정구
금정구6,온천장역,금정구
155,서동,금정구
금정구6,뉴그린108동,금정구
금정구6,서동교회,금정구
금정구6,금사중학교,금정구
금정구6,금샘고등학교,금정구
금정구6,부산경호고등학교,금정구
금정구6,서3동행정복지센터,금정구
금정구6,금정여자고등학교,금정구
금정구6,서동시장,금정구
금정구6,제일요양병원,금정구
금정구6,서3동행정복지센터,금정구
110-1,부산대학교정문,금정구
183,부산대학교정문,금정구
183-F,부산대학교정문,금정구
금정구7,장전동우체국,금정구
금정구7,부산대정문,금정구
금정구7,부산대정문,금정구
29,부산대역.부곡대우아파트,금정구
49,부산대역.부곡대우아파트,금정구
301,부산대역.부곡대우아파트,금정구
29,부산대학교후문,금정구
49,부산대학교후문,금정구
51,부산대학교후문,금정구
77,부산대학교후문,금정구
80,부산대학교후문,금정구
100,부산대학교후문,금정구
100-1,부산대학교후문,금정구
110,부산대학교후문,금정구
110-1,부산대학교후문,금정구
111-1,부산대학교후문,금정구
131,부산대학교후문,금정구
144,부산대학교후문,금정구
183,부산대학교후문,금정구
301,부산대학교후문,금정구
183-F,부산대학교후문,금정구
1002-F,부산대학교후문,금정구
금정구7,부산대후문,금정구
금정구7,신한은행,금정구
77,부산대학교후문,금정구
80,부산대학교후문,금정구
100-1,부산대학교후문,금정구
110,부산대학교후문,금정구
121,부산대학교후문,금정구
1002-F,부산대학교후문,금정구
29,서동미로시장,금정구
148,서동미로시장,금정구
155,서동미로시장,금정구
179,서동미로시장,금정구
189,서동미로시장,금정구
29,서1동새마을금고,금정구
148,서1동새마을금고,금정구
155,서1동새마을금고,금정구
179,서1동새마을금고,금정구
189,서1동새마을금고,금정구
금정구6,누가병원,금정구
금정구6,현대맨션,금정구
금정구6,부산산림교육센터,금정구
금정구6,현대맨션,금정구
금정구6,부산산림교육센터,금정구
5-1,회동본동,금정구
42,회동본동,금정구
43,회동본동,금정구
99,회동본동,금정구
105,회동본동,금정구
179,회동본동,금정구
184,회동본동,금정구
동래구1,평화탕,금정구
203,금정산SK뷰,금정구
금정구3-1,상현마을입구,금정구
금정구3-1,상현마을입구,금정구
금정구3-1,회동수원지입구,금정구
금정구3-1,회동수원지입구,금정구
금정구3-1,선동상현마을,금정구
금정구3-1,선동상현마을,금정구
금정구3-1,하정리,금정구
금정구3-1,하정리입구,금정구
금정구3-1,하정리,금정구
금정구3-1,하정리입구,금정구
금정구5,부곡3동행정복지센터.금샘도서관,금정구
금정구5-1,부곡3동행정복지센터.금샘도서관,금정구
금정구5,신학대학교.하하캠퍼스,금정구
금정구5-1,신학대학교.하하캠퍼스,금정구
금정구5,신학대학교.하하캠퍼스,금정구
금정구5-1,신학대학교.하하캠퍼스,금정구
금정구5,지산고등학교,금정구
금정구5-1,지산고등학교,금정구
금정구5,지산고등학교,금정구
금정구5-1,지산고등학교,금정구
금정구5,부산가톨릭대학교,금정구
금정구5-1,부산가톨릭대학교,금정구
금정구5,부산가톨릭대학교간호대학,금정구
금정구5,오륜대순교자성지.박물관,금정구
금정구5,부산가톨릭대학교간호대학,금정구
금정구5,부산가톨릭대학교,금정구
금정구5,오륜대순교자성지.박물관,금정구
금정구5,"새동네, 부산오륜학교",금정구
금정구5,"새동네, 부산오륜학교",금정구
금정구5,연꽃못,금정구
금정구5,회동수변산책로.황톳길,금정구
금정구5,임지아뜰리에.복자수녀원,금정구
금정구5,오륜본동마을,금정구
금정구5,회동수변산책로.황톳길,금정구
금정구5,임지아뜰리에.복자수녀원,금정구
금정구5,연꽃못,금정구
금정구5,주말농장,금정구
금정구5,분도농원,금정구
금정구5,윤산터널 입구,금정구
금정구5-1,윤산터널 입구,금정구
금정구5,정원맨션,금정구
금정구5-1,정원맨션,금정구
50,금정구청.부산가톨릭대,금정구
148,금정구청.부산가톨릭대,금정구
300,금정구청.부산가톨릭대,금정구
301,금정구청.부산가톨릭대,금정구
1002,금정구청.부산가톨릭대,금정구
금정구3-1,금정구청,금정구
금정구7,생활과학관,금정구
금정구7,부산대예술관,금정구
금정구7,중앙도서관.화학관,금정구
금정구7,부산대본관,금정구
금정구7,부산대문창회관,금정구
금정구7,부산대문창회관,금정구
금정구7,새벽벌도서관.상남국제회관,금정구
금정구7,새벽벌도서관.상남국제회관,금정구
금정구7,부산대사회관,금정구
금정구7,부산대사회관,금정구
203,광명사,금정구
203,부산대후문,금정구
203,서울슈퍼,금정구
금정구1,서문입구,금정구
금정구1,연수암,금정구
금정구1,포구나무집,금정구
203,동문,금정구
203,남문,금정구
203,남문,금정구
203,공해부락,금정구
금정구1,산성공해마을,금정구
203,고별대,금정구
203,동문,금정구
203,부산대후문,금정구
203,고별대,금정구
29,샘골공원,금정구
51,샘골공원,금정구
80,샘골공원,금정구
55,사취등,강서구
58,사취등,강서구
122,사취등,강서구
161,사취등,강서구
강서구7,사취등,강서구
강서구8,사취등,강서구
강서구9-1,사취등,강서구
강서구12,사취등,강서구
강서구12-1,사취등,강서구
강서구15,사취등,강서구
55,강서경찰서,강서구
58,강서경찰서,강서구
161,강서경찰서,강서구
3005,강서경찰서,강서구
3007,강서경찰서,강서구
강서구7,강서경찰서,강서구
강서구9-1,강서경찰서,강서구
강서구12,강서경찰서,강서구
강서구12-1,강서경찰서,강서구
58-1,진동,강서구
171,진동,강서구
58-1,동리,강서구
171,동리,강서구
강서구20,진동,강서구
강서구20,동리,강서구
58-1,낙동강철새도래지,강서구
171,낙동강철새도래지,강서구
강서구20,전등,강서구
강서구5,당리마을,강서구
강서구5,신촌,강서구
강서구5,신촌회관,강서구
강서구5,당리마을입구,강서구
강서구5,당리마을,강서구
강서구5,신촌,강서구
강서구5,신촌회관,강서구
강서구5,대저양수장,강서구
강서구5,동연정입구,강서구
강서구5,수문할매집,강서구
강서구5,당리마을입구,강서구
강서구5,대저양수장,강서구
강서구5,동연정입구,강서구
강서구5,우편집중국,강서구
강서구5,낙동중후문,강서구
강서구5,대저상리,강서구
강서구5,우편집중국,강서구
강서구5,낙동중후문,강서구
강서구5,대저상리,강서구
강서구5,부산교도소,강서구
강서구5,중리1구꽃동네,강서구
강서구5,평강,강서구
강서구11,철우정밀,강서구
109,공항입구,강서구
109,공항입구,강서구
307,공항입구,강서구
강서구11,철우정밀,강서구
강서구11,도도본리,강서구
강서구11,도도본리,강서구
강서구11,정관도마을,강서구
강서구11,정관도마을회관,강서구
강서구11,정관도삼거리,강서구
109,작지,강서구
강서구13,교회앞,강서구
강서구13,동자,강서구
강서구13,맥도자연생태공원,강서구
강서구13,염막2구,강서구
강서구22,염막2구,강서구
강서구13,염막2구,강서구
강서구22,염막2구,강서구
강서구13,금호오리마을,강서구
강서구22,금호오리마을,강서구
109,작지,강서구
강서구13,교회앞,강서구
강서구13,동자,강서구
강서구13,맥도자연생태공원,강서구
강서구15,중곡,강서구
강서구15,상곡,강서구
강서구15,강동119안전센터,강서구
강서구15,남광정밀,강서구
강서구15,중곡,강서구
강서구15,상곡,강서구
강서구15,남광정밀,강서구
123,강서구청역,강서구
307,강서구청역,강서구
123,강서구청,강서구
127,강서구청,강서구
307,강서구청,강서구
1004-F,강서구청,강서구
강서구5,강서구청,강서구
강서구11,강서구청,강서구
강서구13,강서구청,강서구
사하구9,롯데마트,사하구
103,사하경찰서,사하구
138,사하경찰서,사하구
138-1,사하경찰서,사하구
161,사하경찰서,사하구
171,사하경찰서,사하구
138,장림,사하구
138-1,장림,사하구
161,장림,사하구
171,장림,사하구
3006,장림,사하구
96,제일제당,사하구
103,제일제당,사하구
172,제일제당,사하구
사하구8,제일제당,사하구
사하구15,제일제당,사하구
사하구3,장림역,사하구
103,사하경찰서,사하구
138,사하경찰서,사하구
138-1,사하경찰서,사하구
161,사하경찰서,사하구
171,사하경찰서,사하구
사하구9,사하소방서 사하우체국,사하구
138,기점,사하구
138-1,기점,사하구
138-1,기점,사하구
138,장림,사하구
138-1,장림,사하구
161,장림,사하구
171,장림,사하구
3006,장림,사하구
96,제일제당,사하구
103,제일제당,사하구
138-1,제일제당,사하구
사하구8,제일제당,사하구
사하구15,제일제당,사하구
172,장림역,사하구
사하구3,홈플러스,사하구
사하구5,홈플러스,사하구
사하구6,장림2동주민센터,사하구
사하구6,장림우체국,사하구
사하구6,효림초등교,사하구
3,장림우체국,사하구
3,효림초등학교,사하구
사하구3-1,경부산업,사하구
사하구5,경부산업,사하구
사하구3-1,동아정밀,사하구
사하구5,동아정밀,사하구
사하구3-1,유성식당,사하구
사하구5,유성식당,사하구
사하구3-1,주.현진,사하구
사하구5,주.현진,사하구
사하구3-1,선보공업,사하구
사하구5,선보공업,사하구
사하구3-1,금강공업.홍티아트센터,사하구
사하구5,금강공업.홍티아트센터,사하구
2,대우아파트,사하구
11,대우아파트,사하구
2-F,대우아파트,사하구
2,몰운대아파트,사하구
11,몰운대아파트,사하구
2-F,몰운대아파트,사하구
사하구15,몰운대아파트10,사하구
사하구15,중현초등학교,사하구
사하구15,몰운대아파트102,사하구
2,몰운대아파트,사하구
11,몰운대아파트,사하구
2-F,몰운대아파트,사하구
2,대우아파트,사하구
11,대우아파트,사하구
2-F,대우아파트,사하구
2,다대포해수욕장,사하구
11,다대포해수욕장,사하구
2-F,다대포해수욕장,사하구
2,다대자유아파트,사하구
3,다대자유아파트,사하구
11,다대자유아파트,사하구
96,다대자유아파트,사하구
96-1,다대자유아파트,사하구
338,다대자유아파트,사하구
3001,다대자유아파트,사하구
2-F,다대자유아파트,사하구
사하구15,다대자유아파트,사하구
사하구15,다대해수욕장,사하구
3,다대포해수욕장,사하구
96,다대포해수욕장,사하구
96-1,다대포해수욕장,사하구
338,다대포해수욕장,사하구
사하구3-1,다대5지구복지회,사하구
사하구15,다대5지구복지회,사하구
3,다대1동행정복지센터,사하구
2,다대포항역,사하구
3,다대포항역,사하구
11,다대포항역,사하구
96,다대포항역,사하구
96-1,다대포항역,사하구
338,다대포항역,사하구
3001,다대포항역,사하구
2-F,다대포항역,사하구
2,다대우신아파트,사하구
3,다대우신아파트,사하구
11,다대우신아파트,사하구
96,다대우신아파트,사하구
96-1,다대우신아파트,사하구
338,다대우신아파트,사하구
2-F,다대우신아파트,사하구
사하구15,다대농협,사하구
사하구15,다대우신아파트,사하구
사하구3-1,도개공아파트,사하구
사하구15,도개공아파트,사하구
사하구15,조성하이츠,사하구
사하구3-1,몰운대성당,사하구
사하구15,몰운대성당,사하구
사하구3-1,몰운대아파트,사하구
사하구15,몰운대아파트,사하구
96,대동중고등학교,사하구
138-1,대동중고등학교,사하구
161,대동중고등학교,사하구
171,대동중고등학교,사하구
172,대동중고등학교,사하구
사하구5,대동중고등학교,사하구
사하구8,대동중고등학교,사하구
사하구15,대동중고등학교,사하구
사하구3,홈플러스,사하구
사하구5,홈플러스,사하구
96,대동중고등학교,사하구
161,대동중고등학교,사하구
172,대동중고등학교,사하구
사하구3-1,주.현진,사하구
사하구5,주.현진,사하구
사하구3-1,선보공업,사하구
사하구5,선보공업,사하구
사하구3-1,금강공업.홍티아트센터,사하구
사하구5,금강공업.홍티아트센터,사하구
2,다대현대아파트,사하구
3,다대현대아파트,사하구
11,다대현대아파트,사하구
96,다대현대아파트,사하구
96-1,다대현대아파트,사하구
338,다대현대아파트,사하구
3001,다대현대아파트,사하구
2-F,다대현대아파트,사하구
사하구15,다대현대아파트,사하구
2,다대푸르지오아파트,사하구
3,다대푸르지오아파트,사하구
11,다대푸르지오아파트,사하구
96,다대푸르지오아파트,사하구
96-1,다대푸르지오아파트,사하구
338,다대푸르지오아파트,사하구
3001,다대푸르지오아파트,사하구
2-F,다대푸르지오아파트,사하구
사하구15,다대푸르지오,사하구
사하구3-1,풍조식품,사하구
사하구5,풍조식품,사하구
사하구9,서원유통,사하구
사하구9,한신아파트상가,사하구
2,신평역,사하구
11,신평역,사하구
58,신평역,사하구
113,신평역,사하구
138-1,신평역,사하구
161,신평역,사하구
172,신평역,사하구
338,신평역,사하구
3007,신평역,사하구
2-F,신평역,사하구
2,동성화학,사하구
11,동성화학,사하구
58,동성화학,사하구
172,동성화학,사하구
338,동성화학,사하구
2-F,동성화학,사하구
사하구3-1,동성화학,사하구
사하구6,동성화학,사하구
사하구3-1,신평역4번출구,사하구
사하구6,신평역4번출구,사하구
2,신남초등학교,사하구
138-1,신남초등학교,사하구
2-F,신남초등학교,사하구
사하구2,사하중학교,사하구
사하구2,노블레스아파트,사하구
사하구2,동덕아파트,사하구
사하구2,사하초등학교,사하구
사하구2,자유3차아파트,사하구
사하구2,신익아파트,사하구
2,괴정시장,사하구
6,괴정시장,사하구
11,괴정시장,사하구
96,괴정시장,사하구
103,괴정시장,사하구
113,괴정시장,사하구
126,괴정시장,사하구
161,괴정시장,사하구
1001,괴정시장,사하구
2-F,괴정시장,사하구
사하구1,괴정역.괴정시장,사하구
사하구1-1,괴정역.괴정시장,사하구
사하구5,괴정역.괴정시장,사하구
사하구8,괴정역.괴정시장,사하구
사하구14,괴정역.괴정시장,사하구
사하구15,괴정역.괴정시장,사하구
6,괴정사거리,사하구
16,괴정사거리,사하구
96,괴정사거리,사하구
161,괴정사거리,사하구
사하구1,괴정사거리.국민은행,사하구
사하구1-1,괴정사거리.국민은행,사하구
사하구5,괴정사거리.국민은행,사하구
사하구8,괴정사거리.국민은행,사하구
사하구14,괴정사거리.국민은행,사하구
사하구15,괴정사거리.국민은행,사하구
16,괴정역.괴정사거리,사하구
103,괴정역.괴정사거리,사하구
사하구2,괴정역,사하구
사하구2-2,괴정역,사하구
사하구2-2,괴정역,사하구
사하구2,괴정사거리,사하구
사하구2-2,괴정사거리,사하구
사하구2,사하도서관,사하구
사하구2-2,사하도서관,사하구
2,동아대입구,사하구
16,동아대입구,사하구
68,동아대입구,사하구
126,동아대입구,사하구
128-1,동아대입구,사하구
138,동아대입구,사하구
338,동아대입구,사하구
1001,동아대입구,사하구
2-F,동아대입구,사하구
2,에덴공원,사하구
16,에덴공원,사하구
68,에덴공원,사하구
126,에덴공원,사하구
128-1,에덴공원,사하구
138,에덴공원,사하구
338,에덴공원,사하구
1001,에덴공원,사하구
2-F,에덴공원,사하구
사하구10,야구연습장,사하구
68,동아대입구,사하구
126,동아대입구,사하구
128-1,동아대입구,사하구
138,동아대입구,사하구
338,동아대입구,사하구
사하구10,향학서점,사하구
2,하단교차로,사하구
16,하단교차로,사하구
126,하단교차로,사하구
138,하단교차로,사하구
2-F,하단교차로,사하구
68,하단교차로,사하구
128-1,하단교차로,사하구
338,하단교차로,사하구
사하구10,동아스포츠,사하구
68,에덴공원,사하구
126,에덴공원,사하구
128-1,에덴공원,사하구
138,에덴공원,사하구
338,에덴공원,사하구
2,동아대입구,사하구
16,동아대입구,사하구
1001,동아대입구,사하구
2-F,동아대입구,사하구
사하구2,건국중학교,사하구
사하구2,본병원,사하구
11,하단역,사하구
113,하단역,사하구
338,하단역,사하구
3,하단역환승센터,사하구
55,하단역환승센터,사하구
58,하단역환승센터,사하구
58-1,하단역환승센터,사하구
58-2,하단역환승센터,사하구
68,하단역환승센터,사하구
122,하단역환승센터,사하구
124,하단역환승센터,사하구
128-1,하단역환승센터,사하구
161,하단역환승센터,사하구
171,하단역환승센터,사하구
172,하단역환승센터,사하구
3007,하단역환승센터,사하구
강서구7,하단역,사하구
강서구9-1,하단역,사하구
강서구12,하단역,사하구
강서구12-1,하단역,사하구
강서구13,하단역,사하구
강서구15,하단역,사하구
강서구15-1,하단역,사하구
강서구20,하단역,사하구
강서구21,하단역,사하구
2,하단교차로,사하구
16,하단교차로,사하구
68,하단교차로,사하구
126,하단교차로,사하구
128-1,하단교차로,사하구
138,하단교차로,사하구
338,하단교차로,사하구
2-F,하단교차로,사하구
2,에덴공원,사하구
16,에덴공원,사하구
1001,에덴공원,사하구
2-F,에덴공원,사하구
사하구10,하단오거리,사하구
6,뉴코아아울렛,사하구
16,뉴코아아울렛,사하구
96,뉴코아아울렛,사하구
161,뉴코아아울렛,사하구
사하구1,뉴코아아울렛,사하구
사하구1-1,뉴코아아울렛,사하구
사하구5,뉴코아아울렛,사하구
사하구8,뉴코아아울렛,사하구
사하구14,뉴코아아울렛,사하구
사하구15,뉴코아아울렛,사하구
103,신평입구,사하구
138,신평입구,사하구
3001,신평입구,사하구
103,사남신익아파트,사하구
138,사남신익아파트,사하구
103,사남초등학교,사하구
138,사남초등학교,사하구
3001,사남초등학교,사하구
96,감천삼거리,사하구
96-1,감천삼거리,사하구
161,감천삼거리,사하구
172,감천삼거리,사하구
96,구평고개,사하구
96-1,구평고개,사하구
161,구평고개,사하구
172,구평고개,사하구
96,구평화신아파트,사하구
96-1,구평화신아파트,사하구
161,구평화신아파트,사하구
172,구평화신아파트,사하구
사하구5,감천고개,사하구
사하구8,감천고개,사하구
사하구14,감천고개,사하구
사하구15,감천고개,사하구
사하구5,구평고개,사하구
사하구8,구평고개,사하구
사하구14,구평고개,사하구
사하구15,구평고개,사하구
사하구5,구평화신아파트,사하구
사하구8,구평화신아파트,사하구
사하구14,구평화신아파트,사하구
사하구15,구평화신아파트,사하구
6,감천삼거리,사하구
16,감천삼거리,사하구
96,감천삼거리,사하구
161,감천삼거리,사하구
사하구1,장평중학교.감천삼거리,사하구
사하구1-1,장평중학교.감천삼거리,사하구
사하구5,장평중학교.감천삼거리,사하구
사하구8,장평중학교.감천삼거리,사하구
사하구14,장평중학교.감천삼거리,사하구
사하구15,장평중학교.감천삼거리,사하구
96,구평초등학교,사하구
96-1,구평초등학교,사하구
161,구평초등학교,사하구
172,구평초등학교,사하구
사하구5,구평초등학교,사하구
사하구8,구평초등학교,사하구
사하구14,구평초등학교,사하구
사하구15,구평초등학교,사하구
6,삼풍아파트,사하구
16,삼풍아파트,사하구
96,삼풍아파트,사하구
161,삼풍아파트,사하구
사하구1,삼풍아파트,사하구
사하구1-1,삼풍아파트,사하구
사하구5,삼풍아파트,사하구
사하구8,삼풍아파트,사하구
사하구14,삼풍아파트,사하구
사하구15,삼풍아파트,사하구
11,하단역,사하구
113,하단역,사하구
338,하단역,사하구
11,하단1동행정복지센터,사하구
58,하단1동행정복지센터,사하구
113,하단1동행정복지센터,사하구
161,하단1동행정복지센터,사하구
172,하단1동행정복지센터,사하구
338,하단1동행정복지센터,사하구
96,YK스틸,사하구
96-1,YK스틸,사하구
161,YK스틸,사하구
172,YK스틸,사하구
3006,YK스틸,사하구
사하구5,YK스틸,사하구
사하구8,YK스틸,사하구
사하구14,YK스틸,사하구
사하구15,YK스틸,사하구
96,YK스틸,사하구
96-1,YK스틸,사하구
161,YK스틸,사하구
172,YK스틸,사하구
3006,YK스틸,사하구
사하구5,YK스틸,사하구
사하구8,YK스틸,사하구
사하구14,YK스틸,사하구
사하구15,YK스틸,사하구
사하구14,금호아파트,사하구
사하구5,대동중고등학교,사하구
사하구8,대동중고등학교,사하구
사하구15,대동중고등학교,사하구
96-1,구평e편한세상입구,사하구
138-1,구평e편한세상입구,사하구
171,구평e편한세상입구,사하구
사하구3,장림2치안센터,사하구
2,장림역,사하구
11,장림역,사하구
96,장림역,사하구
103,장림역,사하구
338,장림역,사하구
3001,장림역,사하구
2-F,장림역,사하구
2,영남중학교,사하구
11,영남중학교,사하구
96,영남중학교,사하구
103,영남중학교,사하구
338,영남중학교,사하구
2-F,영남중학교,사하구
2,신장림역,사하구
11,신장림역,사하구
96,신장림역,사하구
103,신장림역,사하구
338,신장림역,사하구
3001,신장림역,사하구
2-F,신장림역,사하구
사하구8,영남중학교,사하구
사하구15,영남중학교,사하구
사하구8,장림역,사하구
사하구15,장림역,사하구
사하구8,신장림역,사하구
사하구15,신장림역,사하구
2,장림초등학교,사하구
11,장림초등학교,사하구
172,장림초등학교,사하구
338,장림초등학교,사하구
2-F,장림초등학교,사하구
2,장림우체국,사하구
11,장림우체국,사하구
172,장림우체국,사하구
338,장림우체국,사하구
2-F,장림우체국,사하구
사하구3,장림우체국,사하구
사하구5,장림우체국,사하구
사하구3,장림초등학교,사하구
사하구5,장림초등학교,사하구
2,신장림역,사하구
11,신장림역,사하구
96,신장림역,사하구
103,신장림역,사하구
338,신장림역,사하구
3001,신장림역,사하구
2-F,신장림역,사하구
2,영남중학교,사하구
11,영남중학교,사하구
96,영남중학교,사하구
103,영남중학교,사하구
338,영남중학교,사하구
2-F,영남중학교,사하구
96,장림역,사하구
103,장림역,사하구
3001,장림역,사하구
사하구8,영남중학교,사하구
사하구15,영남중학교,사하구
사하구8,장림역,사하구
사하구15,장림역,사하구
사하구8,신장림역,사하구
사하구15,신장림역,사하구
사하구8,극동정림아파트,사하구
사하구15,극동정림아파트,사하구
사하구14,벽산하이츠아파트,사하구
사하구14,성신슈퍼,사하구
사하구14,성신슈퍼,사하구
사하구14,롯데마트,사하구
사하구14,괴정화신아파트,사하구
사하구14,동주경로당,사하구
61,감천2동,사하구
61,수협,사하구
서구2,감천문화마을.부산교육역사관,사하구
서구2-2,감천문화마을.부산교육역사관,사하구
사하구1,감천문화마을.부산교육역사관,사하구
사하구1-1,감천문화마을.부산교육역사관,사하구
서구2-2,구감,사하구
사하구1,구감,사하구
사하구1-1,구감,사하구
서구2,한샘슈퍼,서구
서구2-2,한샘슈퍼,서구
사하구1-1,한샘슈퍼,서구
서구2-2,감천2동삼거리,사하구
사하구1,감천2동삼거리,사하구
사하구1-1,감천2동삼거리,사하구
서구2-2,감천2동새마을금고,사하구
사하구1,감천2동새마을금고,사하구
사하구1-1,감천2동새마을금고,사하구
서구2-2,감천2동행정복지센터,사하구
사하구1,감천2동행정복지센터,사하구
사하구1-1,감천2동행정복지센터,사하구
2,을숙도초등학교,사하구
2-F,을숙도초등학교,사하구
2,가락타운115동,사하구
138-1,가락타운115동,사하구
2-F,가락타운115동,사하구
2,가락타운104동,사하구
138-1,가락타운104동,사하구
2-F,가락타운104동,사하구
2,다대새마을금고,사하구
11,다대새마을금고,사하구
96,다대새마을금고,사하구
96-1,다대새마을금고,사하구
338,다대새마을금고,사하구
2-F,다대새마을금고,사하구
사하구15,다대새마을금고,사하구
2,다대회센터,사하구
11,다대회센터,사하구
96,다대회센터,사하구
96-1,다대회센터,사하구
338,다대회센터,사하구
2-F,다대회센터,사하구
2,다대포항역.다대수협,사하구
11,다대포항역.다대수협,사하구
96,다대포항역.다대수협,사하구
96-1,다대포항역.다대수협,사하구
338,다대포항역.다대수협,사하구
2-F,다대포항역.다대수협,사하구
사하구15,다대수협,사하구
사하구15,다대회센터,사하구
사하구15,몰운대아파트102,사하구
사하구14,오리엔트조선,사하구
사하구14,부광조선,사하구
사하구14,양평슈퍼,사하구
사하구14,한국선박,사하구
사하구14,부광조선,사하구
사하구14,양평슈퍼,사하구
사하구14,한국선박,사하구
사하구14,한국선박,사하구
96-1,두송대선터널앞,사하구
96-1,한국선박수리공업,사하구
2,낫개역,사하구
3,낫개역,사하구
11,낫개역,사하구
96,낫개역,사하구
96-1,낫개역,사하구
338,낫개역,사하구
3001,낫개역,사하구
2-F,낫개역,사하구
사하구15,다대삼환아파트,사하구
2,다대자유아파트,사하구
3,다대자유아파트,사하구
11,다대자유아파트,사하구
96,다대자유아파트,사하구
96-1,다대자유아파트,사하구
338,다대자유아파트,사하구
3001,다대자유아파트,사하구
2-F,다대자유아파트,사하구
2,다대포해수욕장,사하구
11,다대포해수욕장,사하구
2-F,다대포해수욕장,사하구
사하구15,다대자유아파트,사하구
사하구15,다대해수욕장입구,사하구
3,다대우신아파트,사하구
3,다대포항역,사하구
3001,다대포항역,사하구
2,고려냉장,사하구
11,고려냉장,사하구
96,고려냉장,사하구
338,고려냉장,사하구
2-F,고려냉장,사하구
사하구8,고려냉장,사하구
사하구15,고려냉장,사하구
사하구6,103번종점,사하구
사하구6,자연병원,사하구
3,동원자동차정비공업사,사하구
3,성보냉장,사하구
2,고려냉장,사하구
11,고려냉장,사하구
96,고려냉장,사하구
103,고려냉장,사하구
338,고려냉장,사하구
2-F,고려냉장,사하구
3,성보냉장,사하구
103,성보냉장,사하구
사하구8,고려냉장,사하구
사하구15,고려냉장,사하구
사하구8,극동정림아파트,사하구
사하구15,극동정림아파트,사하구
사하구6,다송초등학교,사하구
사하구8,다송초등학교,사하구
사하구6,삼환2차아파트,사하구
사하구8,삼환2차아파트,사하구
3,다대포해수욕장,사하구
96,다대포해수욕장,사하구
96-1,다대포해수욕장,사하구
338,다대포해수욕장,사하구
3,다대포해수욕장역,사하구
96,다대포해수욕장역,사하구
96-1,다대포해수욕장역,사하구
338,다대포해수욕장역,사하구
3001,다대포해수욕장역,사하구
2,다대포,사하구
3,다대포,사하구
11,다대포,사하구
96,다대포,사하구
96-1,다대포,사하구
338,다대포,사하구
3001,다대포,사하구
2-F,다대포,사하구
3,다대포해수욕장역,사하구
96,다대포해수욕장역,사하구
96-1,다대포해수욕장역,사하구
338,다대포해수욕장역,사하구
3001,다대포해수욕장역,사하구
사하구3-1,롯데캐슬강변로입구,사하구
사하구5,롯데캐슬강변로입구,사하구
2,다대포,사하구
3,다대포,사하구
11,다대포,사하구
96,다대포,사하구
96-1,다대포,사하구
338,다대포,사하구
338,다대포,사하구
3001,다대포,사하구
2-F,다대포,사하구
사하구3-1,다대문화체육센터,사하구
사하구5,다대문화체육센터,사하구
사하구5,다대문화체육센터,사하구
사하구3-1,다대포해수욕장역,사하구
사하구5,다대포해수욕장역,사하구
사하구5,다대포해수욕장역,사하구
11,부영아파트,사하구
103,부영아파트,사하구
126,부영아파트,사하구
161,부영아파트,사하구
사하구2,당리중학교후문,사하구
2,괴정삼익아파트,사하구
11,괴정삼익아파트,사하구
16,괴정삼익아파트,사하구
113,괴정삼익아파트,사하구
126,괴정삼익아파트,사하구
138,괴정삼익아파트,사하구
2-F,괴정삼익아파트,사하구
2,사하역,사하구
11,사하역,사하구
16,사하역,사하구
113,사하역,사하구
126,사하역,사하구
138,사하역,사하구
1001,사하역,사하구
2-F,사하역,사하구
2,당리중학교,사하구
11,당리중학교,사하구
16,당리중학교,사하구
113,당리중학교,사하구
126,당리중학교,사하구
138,당리중학교,사하구
2-F,당리중학교,사하구
2,대티고개,사하구
96,대티고개,사하구
113,대티고개,사하구
2-F,대티고개,사하구
2,대티고개,사하구
96,대티고개,사하구
113,대티고개,사하구
2-F,대티고개,사하구
1001,을숙도초등학교,사하구
3,협성르네상스타운아파트,사하구
103,협성르네상스타운아파트,사하구
사하구3-2,협성아파트,사하구
사하구6,협성아파트,사하구
사하구6,장림2동주민센터,사하구
사하구6,장림우체국,사하구
사하구6,협성아파트,사하구
사하구6,효림초등교,사하구
3,장림우체국,사하구
3,효림초등학교,사하구
6,부일전자디자인고교,사하구
16,부일전자디자인고교,사하구
96-1,부일전자디자인고교,사하구
171,부일전자디자인고교,사하구
172,부일전자디자인고교,사하구
사하구1,부일고등학교,사하구
사하구1-1,부일고등학교,사하구
6,부일전자디자인고교,사하구
16,부일전자디자인고교,사하구
96-1,부일전자디자인고교,사하구
172,부일전자디자인고교,사하구
6,삼성여고,사하구
16,삼성여고,사하구
96-1,삼성여고,사하구
172,삼성여고,사하구
사하구1,삼성여고,사하구
사하구1-1,삼성여고,사하구
2,다대푸르지오아파트,사하구
3,다대푸르지오아파트,사하구
11,다대푸르지오아파트,사하구
96,다대푸르지오아파트,사하구
96-1,다대푸르지오아파트,사하구
338,다대푸르지오아파트,사하구
3001,다대푸르지오아파트,사하구
2-F,다대푸르지오아파트,사하구
사하구15,다대푸르지오,사하구
2,다대1동행정복지센터,사하구
3,다대1동행정복지센터,사하구
11,다대1동행정복지센터,사하구
96,다대1동행정복지센터,사하구
96-1,다대1동행정복지센터,사하구
338,다대1동행정복지센터,사하구
2-F,다대1동행정복지센터,사하구
사하구15,다대1동주민센터,사하구
2,괴정자유아파트,사하구
11,괴정자유아파트,사하구
16,괴정자유아파트,사하구
103,괴정자유아파트,사하구
113,괴정자유아파트,사하구
126,괴정자유아파트,사하구
1001,괴정자유아파트,사하구
3001,괴정자유아파트,사하구
2-F,괴정자유아파트,사하구
103,신평입구,사하구
138,신평입구,사하구
3001,신평입구,사하구
2,괴정삼익아파트,사하구
11,괴정삼익아파트,사하구
16,괴정삼익아파트,사하구
113,괴정삼익아파트,사하구
126,괴정삼익아파트,사하구
138,괴정삼익아파트,사하구
2-F,괴정삼익아파트,사하구
2,사하역,사하구
11,사하역,사하구
16,사하역,사하구
113,사하역,사하구
126,사하역,사하구
138,사하역,사하구
1001,사하역,사하구
2-F,사하역,사하구
사하구2,사하역,사하구
사하구2,사하역비스타동원아파트,사하구
사하구14,안구평,사하구
사하구14,원영조선,사하구
사하구14,금호아파트,사하구
126,괴정초등학교.대티역,사하구
1001,괴정초등학교.대티역,사하구
2,괴정초등학교,사하구
6,괴정초등학교,사하구
11,괴정초등학교,사하구
96,괴정초등학교,사하구
103,괴정초등학교,사하구
113,괴정초등학교,사하구
161,괴정초등학교,사하구
3001,괴정초등학교,사하구
2-F,괴정초등학교,사하구
96,괴정시장,사하구
103,괴정시장,사하구
161,괴정시장,사하구
사하구5,괴정3치안센터,사하구
사하구8,괴정3치안센터,사하구
사하구14,괴정3치안센터,사하구
사하구15,괴정3치안센터,사하구
사하구1,괴정초교,사하구
사하구1-1,괴정초교,사하구
사하구5,괴정초교,사하구
사하구8,괴정초교,사하구
사하구14,괴정초교,사하구
사하구15,괴정초교,사하구
2,괴정초등학교,사하구
6,괴정초등학교,사하구
11,괴정초등학교,사하구
96,괴정초등학교,사하구
103,괴정초등학교,사하구
113,괴정초등학교,사하구
161,괴정초등학교,사하구
3001,괴정초등학교,사하구
2-F,괴정초등학교,사하구
사하구1,괴정초교,사하구
사하구1-1,괴정초교,사하구
사하구8,괴정초교,사하구
사하구14,괴정초교,사하구
2,괴정시장.괴정역,사하구
11,괴정시장.괴정역,사하구
113,괴정시장.괴정역,사하구
126,괴정시장.괴정역,사하구
1001,괴정시장.괴정역,사하구
2-F,괴정시장.괴정역,사하구
11,가락타운2.3지구,사하구
58,가락타운2.3지구,사하구
113,가락타운2.3지구,사하구
161,가락타운2.3지구,사하구
172,가락타운2.3지구,사하구
338,가락타운2.3지구,사하구
사하구9,하남초등교,사하구
2,하남초등학교,사하구
138-1,하남초등학교,사하구
2-F,하남초등학교,사하구
2,가락타운2.3단지,사하구
138-1,가락타운2.3단지,사하구
2-F,가락타운2.3단지,사하구
2,하남초등학교,사하구
138-1,하남초등학교,사하구
2-F,하남초등학교,사하구
사하구14,오리엔트조선,사하구
사하구14,구평방파제 종점,사하구
사하구14,대일조선,사하구
사하구3-1,도시가스,사하구
사하구5,도시가스,사하구
사하구3-1,일진종합상사,사하구
사하구5,일진종합상사,사하구
사하구3-1,미광사,사하구
사하구5,미광사,사하구
사하구3-1,반도식당,사하구
사하구5,반도식당,사하구
사하구3-1,경부산업,사하구
사하구5,경부산업,사하구
사하구3-1,동아정밀,사하구
사하구5,동아정밀,사하구
사하구3-1,유성식당,사하구
사하구5,유성식당,사하구
사하구3-1,미광사,사하구
사하구5,미광사,사하구
사하구3-1,반도식당,사하구
사하구5,반도식당,사하구
3,동매교사거리,사하구
124,동매교사거리,사하구
171,동매교사거리,사하구
2,사하구청.당리역,사하구
3,사하구청.당리역,사하구
11,사하구청.당리역,사하구
16,사하구청.당리역,사하구
124,사하구청.당리역,사하구
126,사하구청.당리역,사하구
138,사하구청.당리역,사하구
171,사하구청.당리역,사하구
1001,사하구청.당리역,사하구
2-F,사하구청.당리역,사하구
2,낙동초등학교,사하구
3,낙동초등학교,사하구
11,낙동초등학교,사하구
16,낙동초등학교,사하구
58-2,낙동초등학교,사하구
113,낙동초등학교,사하구
124,낙동초등학교,사하구
126,낙동초등학교,사하구
138,낙동초등학교,사하구
171,낙동초등학교,사하구
1001,낙동초등학교,사하구
2-F,낙동초등학교,사하구
사하구2,반도보라아파트,사하구
사하구2-1,반도보라아파트,사하구
사하구2,동원아파트상가,사하구
사하구2-1,동원아파트상가,사하구
사하구2,혜성아파트,사하구
사하구2-1,혜성아파트,사하구
사하구2,당리시장,사하구
사하구2-1,당리시장,사하구
사하구2,당리시장,사하구
사하구2-1,당리시장,사하구
사하구2,당리시장,사하구
사하구2,푸르지오아파트,사하구
사하구2,당리역,사하구
사하구9,장림시장번영1길,사하구
사하구9,장림시장번영2길,사하구
2,장림시장,사하구
11,장림시장,사하구
172,장림시장,사하구
338,장림시장,사하구
2-F,장림시장,사하구
2,장림중소기업은행,사하구
11,장림중소기업은행,사하구
172,장림중소기업은행,사하구
338,장림중소기업은행,사하구
2-F,장림중소기업은행,사하구
2,장림우체국,사하구
11,장림우체국,사하구
172,장림우체국,사하구
338,장림우체국,사하구
2-F,장림우체국,사하구
사하구3,장림시장,사하구
사하구5,장림시장,사하구
사하구6,장림시장,사하구
사하구3,중소기업은행,사하구
사하구5,중소기업은행,사하구
사하구6,중소기업은행,사하구
사하구3,중앙병원,사하구
사하구5,중앙병원,사하구
사하구6,중앙병원,사하구
2,장림1동행정복지센터,사하구
11,장림1동행정복지센터,사하구
338,장림1동행정복지센터,사하구
2-F,장림1동행정복지센터,사하구
사하구5,장림1동주민센터,사하구
사하구6,장림1동주민센터,사하구
사하구9,장림1동주민센터,사하구
사하구2-1,삼창아파트,사하구
58-2,영락교회,사하구
113,영락교회,사하구
3,낙동초등학교,사하구
11,낙동초등학교,사하구
58-2,낙동초등학교,사하구
113,낙동초등학교,사하구
124,낙동초등학교,사하구
171,낙동초등학교,사하구
2,낙동초등학교,사하구
16,낙동초등학교,사하구
126,낙동초등학교,사하구
138,낙동초등학교,사하구
1001,낙동초등학교,사하구
2-F,낙동초등학교,사하구
사하구2,하단오거리,사하구
사하구9,장림시장번영2길,사하구
124,한성기린아파트,사하구
171,한성기린아파트,사하구
2,(구)괴정2치안센터,사하구
96,(구)괴정2치안센터,사하구
113,(구)괴정2치안센터,사하구
2-F,(구)괴정2치안센터,사하구
2,대티역,사하구
96,대티역,사하구
113,대티역,사하구
2-F,대티역,사하구
2,대티역,사하구
96,대티역,사하구
113,대티역,사하구
2-F,대티역,사하구
2,(구)괴정2치안센터,사하구
96,(구)괴정2치안센터,사하구
113,(구)괴정2치안센터,사하구
2-F,(구)괴정2치안센터,사하구
126,괴정초등학교.대티역,사하구
1001,괴정초등학교.대티역,사하구
사하구9,하남초등교,사하구
사하구9,신평역,사하구
사하구3-1,신평역,사하구
사하구6,신평역,사하구
사하구9,신평역,사하구
사하구9,서부정비,사하구
2,강변아파트,사하구
138-1,강변아파트,사하구
2-F,강변아파트,사하구
2,가락타운2.3단지,사하구
138-1,가락타운2.3단지,사하구
2-F,가락타운2.3단지,사하구
사하구3-1,사하구민 장례식장,사하구
사하구5,사하구민 장례식장,사하구
11,하단1동행정복지센터,사하구
58,하단1동행정복지센터,사하구
113,하단1동행정복지센터,사하구
161,하단1동행정복지센터,사하구
172,하단1동행정복지센터,사하구
338,하단1동행정복지센터,사하구
사하구10,동아대학교정문,사하구
사하구15,다대초등학교,사하구
2,다대큰샘,사하구
11,다대큰샘,사하구
96,다대큰샘,사하구
96-1,다대큰샘,사하구
338,다대큰샘,사하구
2-F,다대큰샘,사하구
사하구6,다대코오롱아파트,사하구
사하구8,다대코오롱아파트,사하구
2,다대롯데캐슬블루,사하구
3,다대롯데캐슬블루,사하구
11,다대롯데캐슬블루,사하구
96,다대롯데캐슬블루,사하구
338,다대롯데캐슬블루,사하구
2-F,다대롯데캐슬블루,사하구
사하구15,다대롯데캐슬블루,사하구
2,다대롯데캐슬블루,사하구
3,다대롯데캐슬블루,사하구
11,다대롯데캐슬블루,사하구
96,다대롯데캐슬블루,사하구
338,다대롯데캐슬블루,사하구
2-F,다대롯데캐슬블루,사하구
사하구15,다대롯데캐슬블루,사하구
2,낫개역,사하구
3,낫개역,사하구
11,낫개역,사하구
96,낫개역,사하구
96-1,낫개역,사하구
338,낫개역,사하구
3001,낫개역,사하구
2-F,낫개역,사하구
2,다대현대아파트,사하구
3,다대현대아파트,사하구
11,다대현대아파트,사하구
96,다대현대아파트,사하구
96-1,다대현대아파트,사하구
338,다대현대아파트,사하구
3001,다대현대아파트,사하구
2-F,다대현대아파트,사하구
사하구15,낫개역,사하구
사하구15,다대현대아파트,사하구
사하구6,다송중학교,사하구
사하구8,다송중학교,사하구
96-1,다송중학교,사하구
사하구6,두송복지관,사하구
사하구8,두송복지관,사하구
사하구6,주공4지구117,사하구
사하구8,주공4지구117,사하구
사하구6,주공4지구120,사하구
사하구8,주공4지구120,사하구
사하구6,국제그린아파트,사하구
사하구8,국제그린아파트,사하구
사하구6,국제그린아파트2,사하구
사하구8,국제그린아파트2,사하구
사하구6,다송아파트,사하구
사하구8,다송아파트,사하구
사하구6,국제그린아파트,사하구
사하구8,국제그린아파트,사하구
사하구6,국제그린아파트2,사하구
사하구8,국제그린아파트2,사하구
사하구6,다송아파트,사하구
사하구8,다송아파트,사하구
사하구6,다송초등학교,사하구
사하구8,다송초등학교,사하구
사하구6,삼환2차아파트,사하구
사하구8,삼환2차아파트,사하구
사하구3-1,다대5지구복지회,사하구
사하구15,다대5지구복지회,사하구
사하구3-1,롯데캐슬입구,사하구
사하구15,롯데캐슬입구,사하구
사하구3-1,몰운대성당,사하구
사하구15,몰운대성당,사하구
사하구3-1,몰운대아파트,사하구
사하구15,몰운대아파트,사하구
사하구3-1,롯데캐슬입구,사하구
사하구15,롯데캐슬입구,사하구
16,을숙도초등학교,사하구
16,을숙도초등학교,사하구
68,을숙도초등학교,사하구
126,을숙도초등학교,사하구
128-1,을숙도초등학교,사하구
138,을숙도초등학교,사하구
338,을숙도초등학교,사하구
사하구10,공과대학,사하구
사하구10,공대2호관,사하구
사하구10,대학본부,사하구
사하구10,동아대학교정문,사하구
사하구10,부산여고,사하구
사하구15,몰운대아파트10,사하구
사하구14,금화맨션,사하구
사하구14,동보하이츠아파트(사하구치매안심센터),사하구
사하구14,아미까치공영주차장,서구
사하구2,대암아파트,사하구
사하구2,사동초등학교,사하구
사하구2,삼성타워,사하구
사하구2,대암아파트,사하구
사하구2,삼성타워,사하구
사하구2,사하중학교,사하구
2,괴정자유아파트,사하구
11,괴정자유아파트,사하구
16,괴정자유아파트,사하구
103,괴정자유아파트,사하구
113,괴정자유아파트,사하구
126,괴정자유아파트,사하구
1001,괴정자유아파트,사하구
3001,괴정자유아파트,사하구
2-F,괴정자유아파트,사하구
사하구2,서화의원,사하구
사하구2-1,동원베네스트1차아파트,사하구
사하구2,동원아파트상가,사하구
사하구2,동원아파트상가,사하구
사하구2-1,동원아파트상가,사하구
사하구2,동원베네스트2차아파트,사하구
사하구2-1,동원베네스트2차아파트,사하구
사하구2-1,동원베네스트2차아파트,사하구
사하구2-2,이화한증막,사하구
사하구2-2,자유2차후문,사하구
사하구2-2,자유3차아파트,사하구
사하구2-2,효산신대우빌라,사하구
사하구2-2,양지마을,사하구
사하구2-2,해인정사입구,사하구
동래구5,OK슈퍼,동래구
동래구5,백제약국,동래구
동래구8,백제약국,동래구
동래구5,농심가,동래구
동래구8,농심가,동래구
동래구5,동남.동원아파트,동래구
동래구8,동남.동원아파트,동래구
동래구5,금정시장,동래구
동래구8,금정시장,동래구
동래구5,농심가,동래구
동래구8,농심가,동래구
동래구5,동남.동원아파트,동래구
동래구8,동남.동원아파트,동래구
동래구5,광제약국,동래구
동래구8,광제약국,동래구
동래구5,금정시장,동래구
동래구8,금정시장,동래구
부산진구17,동영아파트,동래구
동래구5,동영아파트,동래구
동래구8,동영아파트,동래구
동래구5,대우아파트,동래구
동래구8,대우아파트,동래구
부산진구17,대우아파트,동래구
44,동래럭키아파트,동래구
46,동래럭키아파트,동래구
50,동래럭키아파트,동래구
57,동래럭키아파트,동래구
111-1,동래럭키아파트,동래구
121,동래럭키아파트,동래구
127,동래럭키아파트,동래구
148,동래럭키아파트,동래구
189,동래럭키아파트,동래구
200,동래럭키아파트,동래구
307,동래럭키아파트,동래구
동래구6-1,동래교육청후문,동래구
동래구6-1,동호탕,동래구
동래구1,코끼리자연어린이집,동래구
동래구6-1,코끼리자연어린이집,동래구
동래구1,한국상사,동래구
동래구6-1,한국상사,동래구
42,충렬사역.서원시장,동래구
99,충렬사역.서원시장,동래구
105,충렬사역.서원시장,동래구
106,충렬사역.서원시장,동래구
129-1,충렬사역.서원시장,동래구
148,충렬사역.서원시장,동래구
183-F,충렬사역.서원시장,동래구
동래구6,충렬아파트,동래구
동래구6,충렬중학교,동래구
155,혜화여고.충렬고,동래구
동래구6-1,충렬고등학교후문,동래구
동래구7,충렬고등학교후문,동래구
155,혜화여고.충렬고,동래구
동래구6-1,충렬고등학교후문,동래구
동래구6-1,혜화여고.충렬고,동래구
155,명장1동행정복지센터,동래구
동래구6-1,명장1동새마을금고,동래구
동래구6-1,명장시장,동래구
동래구7,명장시장,동래구
155,충렬초등학교,동래구
동래구6,충렬초등학교,동래구
동래구6-1,충렬초등학교,동래구
동래구7,충렬초등학교,동래구
동래구1,내성상회,동래구
77,전자공고,동래구
80,전자공고,동래구
110,전자공고,동래구
121,전자공고,동래구
131,전자공고,동래구
1002-F,전자공고,동래구
동래구7,부산전자공업고등학교,동래구
121,명륜역,동래구
동래구7,신화아파트,동래구
100-1,동래더샵아파트,동래구
남구2,해군예비군훈련장,남구
남구2,SK뷰아파트104동입구,남구
20,이기대입구,남구
22,이기대입구,남구
24,이기대입구,남구
27,이기대입구,남구
39,이기대입구,남구
131,이기대입구,남구
남구2,이기대입구.용호복지회관,남구
남구2,용호3동행정복지센터,남구
20,용문중학교,남구
22,용문중학교,남구
24,용문중학교,남구
27,용문중학교,남구
39,용문중학교,남구
131,용문중학교,남구
남구5,무지개다리,남구
남구5,성동아파트,남구
583,문현동,남구
부산진구12,이마트문현점,남구
남구5,이마트문현점,남구
24,국제금융센터.부산은행역,남구
138-1,국제금융센터.부산은행역,남구
583,국제금융센터.부산은행역,남구
24,문전교차로,남구
138-1,문전교차로,남구
583,문전교차로,남구
부산진구12,국제금융센터.부산은행역,남구
사상구6,국제금융센터.부산은행역,남구
부산진구12,문전교차로,남구
사상구6,문전교차로,남구
24,성동초등학교입구,남구
138-1,성동초등학교입구,남구
남구5,국제금융센터.부산은행역,남구
남구5,성동초등학교입구,남구
23,문현교차로,남구
26,문현교차로,남구
68,문현교차로,남구
134,문현교차로,남구
168,문현교차로,남구
24,삼성아파트.문현역,남구
남구5,문현역,남구
24,성동초등학교입구,남구
138-1,성동초등학교입구,남구
남구5,성동초등학교입구,남구
24,문현역,남구
남구5,문현역,남구
23,7부두,남구
26,7부두,남구
68,7부두,남구
134,7부두,남구
138-1,7부두,남구
168,7부두,남구
23,문현교차로,남구
26,문현교차로,남구
68,문현교차로,남구
134,문현교차로,남구
138-1,문현교차로,남구
168,문현교차로,남구
남구3,문현지하도,남구
남구3,구우암2동사,남구
남구3,장고개,남구
남구3,배정고등학교삼거리,남구
남구3,아신아파트,남구
남구3,동항성당,남구
남구3,소막마을,남구
남구3,구우암2동사,남구
남구5,남구종합사회복지관,남구
남구5,남구종합사회복지관,남구
남구5,포부대,남구
남구5,포부대,남구
10,문현3동행정복지센터,남구
101,문현3동행정복지센터,남구
138,문현3동행정복지센터,남구
101,한양아파트,남구
138,한양아파트,남구
40,문현교차로,남구
42,문현교차로,남구
1001,문현교차로,남구
1003,문현교차로,남구
1003-F,문현교차로,남구
22,지게골역,남구
24,지게골역,남구
27,지게골역,남구
40,지게골역,남구
41,지게골역,남구
42,지게골역,남구
83,지게골역,남구
83-1,지게골역,남구
108,지게골역,남구
남구5,문현교차로,남구
남구5,지게골역,남구
10,문현교차로,남구
101,문현교차로,남구
138,문현교차로,남구
남구5,문현교차로,남구
남구3,장고개,남구
남구3,문현교차로,남구
남구3,문현곱창골목,남구
남구3,문현4동주민복합센터,남구
남구3,동화장식,남구
남구3,금정슈퍼,남구
남구3,문현동부산은행,남구
남구5,대림시티프라자,남구
남구3,문현곱창골목입구,남구
22,대연고개,남구
24,대연고개,남구
27,대연고개,남구
40,대연고개,남구
41,대연고개,남구
42,대연고개,남구
83,대연고개,남구
83-1,대연고개,남구
108,대연고개,남구
1003-F,대연고개,남구
남구5,청호탕,남구
22,지게골역,남구
24,지게골역,남구
27,지게골역,남구
40,지게골역,남구
41,지게골역,남구
42,지게골역,남구
83,지게골역,남구
83-1,지게골역,남구
108,지게골역,남구
남구5,지게골역,남구
10,문현3동행정복지센터,남구
101,문현3동행정복지센터,남구
138,문현3동행정복지센터,남구
22,문현교차로,남구
24,문현교차로,남구
27,문현교차로,남구
41,문현교차로,남구
83,문현교차로,남구
83-1,문현교차로,남구
108,문현교차로,남구
22,문현교차로,남구
27,문현교차로,남구
40,문현교차로,남구
41,문현교차로,남구
42,문현교차로,남구
101,문현교차로,남구
1001,문현교차로,남구
1003,문현교차로,남구
1003-F,문현교차로,남구
10,문현교차로,남구
24,문현교차로,남구
83,문현교차로,남구
83-1,문현교차로,남구
108,문현교차로,남구
138,문현교차로,남구
101,문현현대아파트,남구
138,문현현대아파트,남구
10,현대주유소,남구
10,문현삼거리,남구
10,대연SK뷰아파트,남구
101,대연SK뷰아파트,남구
138,대연SK뷰아파트,남구
사상구6,대연SK뷰아파트,남구
10,문현삼거리,남구
10,현대주유소,남구
101,문현초등학교,남구
138,문현초등학교,남구
101,한양아파트,남구
138,한양아파트,남구
101,문현현대아파트,남구
138,문현현대아파트,남구
사상구6,문현현대1차아파트,남구
101,문현초등학교,남구
138,문현초등학교,남구
사상구6,문현현대2차아파트,남구
사상구6,전포보람어린이집,부산진구
사상구6,남부산교회,부산진구
남구1,장백아파트,남구
남구3,소막마을,남구
남구3,동항성당,남구
남구3,아신아파트,남구
23,소막마을,남구
26,소막마을,남구
68,소막마을,남구
134,소막마을,남구
138-1,소막마을,남구
168,소막마을,남구
23,우암초등학교,남구
26,우암초등학교,남구
68,우암초등학교,남구
134,우암초등학교,남구
138-1,우암초등학교,남구
168,우암초등학교,남구
남구3,우암초등학교,남구
23,소막마을,남구
26,소막마을,남구
68,소막마을,남구
134,소막마을,남구
138-1,소막마을,남구
168,소막마을,남구
23,7부두,남구
26,7부두,남구
68,7부두,남구
134,7부두,남구
138-1,7부두,남구
168,7부두,남구
138-1,우암뉴서울아파트,남구
남구5,뉴서울아파트,남구
남구5,일신보라아파트,남구
남구3,우암파출소,남구
23,우암초등학교,남구
26,우암초등학교,남구
68,우암초등학교,남구
134,우암초등학교,남구
138-1,우암초등학교,남구
168,우암초등학교,남구
남구3,우암초등학교,남구
남구3,우암새시장입구,남구
23,감만창의문화촌,남구
26,감만창의문화촌,남구
101,감만창의문화촌,남구
168,감만창의문화촌,남구
23,감만창의문화촌,남구
26,감만창의문화촌,남구
101,감만창의문화촌,남구
168,감만창의문화촌,남구
23,감만시장,남구
26,감만시장,남구
101,감만시장,남구
168,감만시장,남구
22,남구청.못골역,남구
24,남구청.못골역,남구
27,남구청.못골역,남구
40,남구청.못골역,남구
41,남구청.못골역,남구
42,남구청.못골역,남구
83,남구청.못골역,남구
83-1,남구청.못골역,남구
108,남구청.못골역,남구
138,남구청.못골역,남구
1003-F,남구청.못골역,남구
남구3,못골역,남구
남구6,못골역,남구
남구9,못골역,남구
10,대연SK뷰아파트,남구
101,대연SK뷰아파트,남구
138,대연SK뷰아파트,남구
사상구6,대연SK뷰아파트,남구
사상구6,문현현대1차아파트,남구
남구5,탑마트,남구
168,현대아파트,남구
남구6,감만현대2차아파트,남구
10,용당동,남구
138,용당동,남구
138-1,용당동,남구
155,용당동,남구
3001,용당동,남구
3006,용당동,남구
10,부경대용당캠퍼스,남구
68,부경대용당캠퍼스,남구
134,부경대용당캠퍼스,남구
138,부경대용당캠퍼스,남구
138-1,부경대용당캠퍼스,남구
155,부경대용당캠퍼스,남구
583,부경대용당캠퍼스,남구
10,현대오일뱅크,남구
168,현대오일뱅크,남구
68,동천초등학교,남구
101,동천초등학교,남구
134,동천초등학교,남구
51,동천초등학교,남구
남구2,동천초등학교,남구
남구6,홈플러스,남구
23,우암자유아파트,남구
26,우암자유아파트,남구
68,우암자유아파트,남구
134,우암자유아파트,남구
168,우암자유아파트,남구
51,남광시장,남구
68,남광시장,남구
101,남광시장,남구
134,남광시장,남구
51,석포초등학교,남구
68,석포초등학교,남구
101,석포초등학교,남구
134,석포초등학교,남구
남구2,대우아파트,남구
남구6,대우아파트,남구
남구2,석포초등학교,남구
남구6,석포초등학교,남구
남구2,남광시장,남구
남구6,남광시장,남구
남구6,국제아파트,남구
68,동천초등학교,남구
101,동천초등학교,남구
134,동천초등학교,남구
남구6,동천초등학교,남구
51,부산박물관,남구
68,부산박물관,남구
101,부산박물관,남구
134,부산박물관,남구
남구2,문화회관입구,남구
남구6,문화회관입구,남구
68,석포초등학교,남구
101,석포초등학교,남구
134,석포초등학교,남구
68,남광시장,남구
101,남광시장,남구
134,남광시장,남구
남구6,남광시장,남구
남구6,대우아파트,남구
남구6,석포초등학교,남구
138,남구청후문,남구
138,남구청.남부교육지원청,남구
남구3,남구청.남구보건소,남구
남구6,남구청.남구보건소,남구
남구9,남구청.남구보건소,남구
10,연포초등학교,남구
101,연포초등학교,남구
10,세연고등학교,남구
101,세연고등학교,남구
남구9,세연고등학교,남구
사상구6,세연고등학교,남구
138,남구청후문,남구
사상구6,연포초등학교,남구
22,못골시장,남구
24,못골시장,남구
27,못골시장,남구
41,못골시장,남구
42,못골시장,남구
83,못골시장,남구
83-1,못골시장,남구
108,못골시장,남구
138,못골시장,남구
남구3,못골시장,남구
남구3,못골시장,남구
남구6,못골시장,남구
남구9,동성하이타운,남구
남구9,롯데슈퍼,남구
22,남구청.못골역,남구
24,남구청.못골역,남구
27,남구청.못골역,남구
40,남구청.못골역,남구
41,남구청.못골역,남구
42,남구청.못골역,남구
83,남구청.못골역,남구
83-1,남구청.못골역,남구
108,남구청.못골역,남구
1003-F,남구청.못골역,남구
남구3,못골사거리,남구
남구6,못골사거리,남구
남구9,못골사거리,남구
51,부산공고,남구
138-1,부산공고,남구
51,대연푸르지오클라센트·동림리라,남구
138-1,대연푸르지오클라센트·동림리라,남구
51,성지고등학교,남구
138-1,성지고등학교,남구
남구3,부산공업고등학교후문건널목,남구
남구2,대연푸르지오클라센트·동림리라,남구
남구3,대연푸르지오클라센트·동림리라,남구
남구2,성지고등학교,남구
남구2,부산공업고등학교후문,남구
남구3,부산공업고등학교후문,남구
남구1,세연고등학교,남구
10,세연고등학교,남구
101,세연고등학교,남구
남구9,세연고등학교,남구
사상구6,세연고등학교,남구
남구9,해연중학교,남구
사상구6,해연중학교,남구
남구1,서원유통,남구
남구1,남산2차타워,남구
남구1,동천고등학교,남구
남구2,LG메트로시티입구,남구
남구2,LG메트로시티214동,남구
남구2,자연유치원,남구
남구3,산성교회,남구
남구9,산성교회,남구
남구3,부영카정비,남구
남구6,부영카정비,남구
남구9,부영카정비,남구
남구3,동성하이타운,남구
남구6,동성하이타운,남구
남구9,동성하이타운,남구
남구3,부산공업고등학교정문,남구
남구9,부산공업고등학교정문,남구
남구3,롯데슈퍼,남구
남구6,롯데슈퍼,남구
남구9,롯데슈퍼,남구
10,대천중학교,남구
155,대천중학교,남구
583,대천중학교,남구
남구8,대천중학교,남구
남구8,LG메트로시티234동,남구
사상구6,유엔조각공원,남구
사상구6,부산박물관.대연4치안센터,남구
51,유엔교차로(산성교회),남구
51,대연역.부산은행,남구
101,대연역.부산은행,남구
138,대연역.부산은행,남구
51,대연역.부산은행,남구
101,대연역.부산은행,남구
138,대연역.부산은행,남구
남구1,대연역,남구
10,한국도로교통공단,남구
20,한국도로교통공단,남구
22,한국도로교통공단,남구
24,한국도로교통공단,남구
27,한국도로교통공단,남구
39,한국도로교통공단,남구
131,한국도로교통공단,남구
155,한국도로교통공단,남구
남구2,한국도로교통공단,남구
사상구6,한국도로교통공단,남구
3001,남부면허시험장,남구
3006,남부면허시험장,남구
10,대연자이아파트,남구
20,대연자이아파트,남구
22,대연자이아파트,남구
24,대연자이아파트,남구
27,대연자이아파트,남구
39,대연자이아파트,남구
131,대연자이아파트,남구
155,대연자이아파트,남구
남구2,대연자이아파트,남구
사상구6,유엔조각공원,남구
사상구6,부산박물관.대연4치안센터,남구
10,부경대대연캠퍼스,남구
20,부경대대연캠퍼스,남구
22,부경대대연캠퍼스,남구
24,부경대대연캠퍼스,남구
27,부경대대연캠퍼스,남구
39,부경대대연캠퍼스,남구
131,부경대대연캠퍼스,남구
155,부경대대연캠퍼스,남구
10,경성대학교입구,남구
20,경성대학교입구,남구
22,경성대학교입구,남구
24,경성대학교입구,남구
27,경성대학교입구,남구
39,경성대학교입구,남구
131,경성대학교입구,남구
155,경성대학교입구,남구
남구2,부경대대연캠퍼스,남구
사상구6,부경대대연캠퍼스,남구
남구2,경성대학교입구,남구
사상구6,경성대학교입구,남구
남구2,자연유치원,남구
남구2,하이츠자이아파트,남구
남구2,분포중학교,남구
남구2,메트로유치원,남구
남구8,용당동갓골,남구
68,석포여중,남구
134,석포여중,남구
138,석포여중,남구
138-1,석포여중,남구
사상구6,석포여자중학교,남구
남구9,"유엔기념공원, 부산문화회관",남구
사상구6,"유엔기념공원, 부산문화회관",남구
남구9,부산박물관.부산문화회관,남구
사상구6,부산박물관.부산문화회관,남구
남구8,동명대학교,남구
남구9,동명대학교,남구
남구8,동명불원,남구
남구9,동명불원,남구
남구8,현대아파트,남구
남구9,현대아파트,남구
남구8,예문여자고등학교,남구
남구9,예문여자고등학교,남구
남구8,동명불원,남구
남구9,동명불원,남구
10,동명대학교정문,남구
155,동명대학교정문,남구
583,동명대학교정문,남구
10,한국산업인력공단남부지사,남구
155,한국산업인력공단남부지사,남구
583,한국산업인력공단남부지사,남구
남구8,동명대학교,남구
남구9,동명대학교,남구
10,동명대학교후문,남구
68,동명대학교후문,남구
134,동명대학교후문,남구
138,동명대학교후문,남구
138-1,동명대학교후문,남구
155,동명대학교후문,남구
583,동명대학교후문,남구
3001,동명대학교후문,남구
3006,동명대학교후문,남구
사상구6,동명오거리,남구
68,한신문화타운,남구
134,한신문화타운,남구
138,한신문화타운,남구
138-1,한신문화타운,남구
남구8,한신문화타운,남구
남구9,한신문화타운,남구
사상구6,한신문화타운,남구
68,한신문화타운,남구
134,한신문화타운,남구
138,한신문화타운,남구
138-1,한신문화타운,남구
남구8,한신문화타운,남구
남구9,한신문화타운,남구
사상구6,한신문화타운,남구
68,석포여중,남구
134,석포여중,남구
138,석포여중,남구
138-1,석포여중,남구
사상구6,석포여자중학교,남구
68,유엔공원.부산문화회관,남구
134,유엔공원.부산문화회관,남구
138,유엔공원.부산문화회관,남구
138-1,유엔공원.부산문화회관,남구
남구2,LG메트로시티입구,남구
20,용문중학교,남구
22,용문중학교,남구
24,용문중학교,남구
27,용문중학교,남구
39,용문중학교,남구
131,용문중학교,남구
20,남부운전면허시험장,남구
22,남부운전면허시험장,남구
24,남부운전면허시험장,남구
27,남부운전면허시험장,남구
39,남부운전면허시험장,남구
131,남부운전면허시험장,남구
583,남부운전면허시험장,남구
남구2,남부운전면허시험장,남구
남구8,솔밭공원,남구
남구9,솔밭공원,남구
68,유엔공원.부산문화회관,남구
134,유엔공원.부산문화회관,남구
138,유엔공원.부산문화회관,남구
138-1,유엔공원.부산문화회관,남구
138,부산박물관.부산문화회관,남구
138-1,부산박물관.부산문화회관,남구
3001,부산박물관.부산문화회관,남구
138,부산박물관.부산문화회관,남구
138-1,부산박물관.부산문화회관,남구
3001,부산박물관.부산문화회관,남구
남구9,부산박물관.부산문화회관,남구
사상구6,부산박물관.부산문화회관,남구
68,부산박물관,남구
101,부산박물관,남구
134,부산박물관,남구
남구6,남부산농협석포지점,남구
20,남부운전면허시험장,남구
22,남부운전면허시험장,남구
24,남부운전면허시험장,남구
27,남부운전면허시험장,남구
39,남부운전면허시험장,남구
131,남부운전면허시험장,남구
583,남부운전면허시험장,남구
남구2,남부운전면허시험장,남구
남구8,더비치푸르지오써밋 102동앞,남구
남구8,부산도시가스,수영구
남구2,하이츠자이아파트,남구
남구2,LG메트로시티214동,남구
22,못골시장,남구
27,못골시장,남구
40,못골시장,남구
41,못골시장,남구
42,못골시장,남구
1001,못골시장,남구
1003,못골시장,남구
1003-F,못골시장,남구
24,못골시장,남구
83,못골시장,남구
83-1,못골시장,남구
108,못골시장,남구
138,못골시장,남구
남구1,못골시장,남구
남구1,경림유통,남구
10,대연초등학교,남구
101,대연초등학교,남구
사상구6,대연초등학교,남구
남구1,글로리빌딩,남구
남구1,동원로얄듀크아파트,남구
남구9,동원로얄듀크아파트,남구
10,대연역,남구
22,대연역,남구
24,대연역,남구
27,대연역,남구
40,대연역,남구
41,대연역,남구
42,대연역,남구
51,대연역,남구
83,대연역,남구
83-1,대연역,남구
108,대연역,남구
40,경성대학교,남구
42,경성대학교,남구
51,경성대학교,남구
1001,경성대학교,남구
1003,경성대학교,남구
1003-F,경성대학교,남구
남구1,경성대학교,남구
남구2,경성대학교,남구
사상구6,경성대학교,남구
남구1,대연동제일은행,남구
남구2,대연동제일은행,남구
사상구6,대연동제일은행,남구
10,대연사거리(대연역),남구
사상구6,대연우체국,남구
38,동부변전소,남구
583,동부변전소,남구
38,경동메르빌,남구
38,경동메르빌,남구
583,경동메르빌,남구
583,경동메르빌,남구
남구1,경동메르빌,남구
남구1,영웅주유소,남구
38,성모병원.대남초등학교입구,남구
38,성모병원.대남초등학교입구,남구
583,성모병원.대남초등학교입구,남구
583,성모병원.대남초등학교입구,남구
10,대연교회,남구
101,대연교회,남구
10,대연초등학교,남구
101,대연초등학교,남구
사상구6,대연교회,남구
사상구6,대연초등학교,남구
10,대연교회,남구
101,대연교회,남구
사상구6,대연교회,남구
41,경성대.부경대역,남구
83,경성대.부경대역,남구
83-1,경성대.부경대역,남구
108,경성대.부경대역,남구
남구1,경성대.부경대역,남구
10,경성대학교입구,남구
20,경성대학교입구,남구
22,경성대학교입구,남구
24,경성대학교입구,남구
27,경성대학교입구,남구
39,경성대학교입구,남구
131,경성대학교입구,남구
155,경성대학교입구,남구
10,부경대대연캠퍼스,남구
20,부경대대연캠퍼스,남구
22,부경대대연캠퍼스,남구
24,부경대대연캠퍼스,남구
27,부경대대연캠퍼스,남구
39,부경대대연캠퍼스,남구
131,부경대대연캠퍼스,남구
155,부경대대연캠퍼스,남구
남구2,경성대학교입구,남구
남구2,부경대대연캠퍼스,남구
사상구6,부경대대연캠퍼스,남구
10,경성대학교,남구
22,경성대학교,남구
24,경성대학교,남구
27,경성대학교,남구
40,경성대학교,남구
41,경성대학교,남구
42,경성대학교,남구
51,경성대학교,남구
83,경성대학교,남구
83-1,경성대학교,남구
108,경성대학교,남구
1001,경성대학교,남구
1003,경성대학교,남구
1003-F,경성대학교,남구
22,대연역,남구
24,대연역,남구
27,대연역,남구
40,대연역,남구
41,대연역,남구
42,대연역,남구
51,대연역,남구
83,대연역,남구
83-1,대연역,남구
108,대연역,남구
1003-F,대연역,남구
남구1,경성대학교,남구
남구2,경성대학교,남구
사상구6,경성대학교,남구
남구1,대연동제일은행,남구
남구2,대연동제일은행,남구
사상구6,대연동제일은행,남구
38,낙농마을,남구
583,낙농마을,남구
남구1,경성대.부경대역,남구
남구1,경성대학교후문,남구
남구1,대연롯데캐슬,남구
남구1,대연삼정그린코아더베스트,남구
남구1,대남초등학교,남구
20,용호사거리,남구
24,용호사거리,남구
39,용호사거리,남구
131,용호사거리,남구
20,이기대입구,남구
22,이기대입구,남구
24,이기대입구,남구
27,이기대입구,남구
39,이기대입구,남구
131,이기대입구,남구
남구2,용호3동행정복지센터,남구
남구2,이기대입구.용호복지회관,남구
남구9,용주탕,남구
남구9,용호중학교,남구
20,용호시장.용호골목시장,남구
22,용호시장.용호골목시장,남구
24,용호시장.용호골목시장,남구
27,용호시장.용호골목시장,남구
39,용호시장.용호골목시장,남구
131,용호시장.용호골목시장,남구
20,용호사거리,남구
22,용호사거리,남구
24,용호사거리,남구
27,용호사거리,남구
39,용호사거리,남구
131,용호사거리,남구
20,부산성모병원,남구
22,부산성모병원,남구
24,부산성모병원,남구
27,부산성모병원,남구
39,부산성모병원,남구
131,부산성모병원,남구
남구2,용호사거리,남구
남구2,용호동우체국,남구
남구8,용호동우체국,남구
남구2,용호골목시장,남구
남구8,용호골목시장,남구
남구2,용호시장,남구
남구8,용호시장,남구
남구2,부산성모병원,남구
남구8,부산성모병원,남구
남구8,솔밭공원,남구
남구9,솔밭공원,남구
남구9,용호사거리,남구
38,남부경찰서,남구
38,남부경찰서,남구
583,남부경찰서,남구
583,남부경찰서,남구
38,청구아파트,남구
38,청구아파트,남구
583,청구아파트,남구
583,청구아파트,남구
남구1,남부경찰서,남구
남구1,청구아파트,남구
38,장백아파트,남구
38,장백아파트,남구
583,장백아파트,남구
583,장백아파트,남구
583,더비치푸르지오써밋,남구
남구8,더비치푸르지오써밋,남구
남구8,용호사거리,남구
남구9,용호사거리,남구
남구8,예문여자고등학교,남구
남구9,예문여자고등학교,남구
20,경성대.부경대역,남구
39,경성대.부경대역,남구
40,경성대.부경대역,남구
42,경성대.부경대역,남구
51,경성대.부경대역,남구
131,경성대.부경대역,남구
155,경성대.부경대역,남구
1001,경성대.부경대역,남구
1003,경성대.부경대역,남구
1003-F,경성대.부경대역,남구
남구1,대연푸르지오아파트,남구
남구1,대연힐스테이트푸르지오112동,남구
남구1,대연힐스테이트푸르지오중문,남구
남구1,대연삼정그린코아더베스트,남구
3001,LG메트로시티,남구
3006,LG메트로시티,남구
10,대천중학교,남구
155,대천중학교,남구
583,대천중학교,남구
남구8,대천중학교,남구
10,한국산업인력공단남부지사,남구
155,한국산업인력공단남부지사,남구
583,한국산업인력공단남부지사,남구
10,동명대학교정문,남구
155,동명대학교정문,남구
583,동명대학교정문,남구
남구8,평화공원,남구
10,동명대학교후문,남구
155,동명대학교후문,남구
583,동명대학교후문,남구
3006,동명대학교후문,남구
사상구6,동명오거리,남구
68,동명대학교후문,남구
134,동명대학교후문,남구
138,동명대학교후문,남구
138-1,동명대학교후문,남구
3001,동명대학교후문,남구
10,용당동,남구
138,용당동,남구
138-1,용당동,남구
155,용당동,남구
3001,용당동,남구
3006,용당동,남구
10,부경대용당캠퍼스,남구
68,부경대용당캠퍼스,남구
134,부경대용당캠퍼스,남구
138,부경대용당캠퍼스,남구
138-1,부경대용당캠퍼스,남구
155,부경대용당캠퍼스,남구
583,부경대용당캠퍼스,남구
10,신선대부두입구,남구
168,신선대부두입구,남구
20,백운포고개,남구
22,백운포고개,남구
24,백운포고개,남구
27,백운포고개,남구
39,백운포고개,남구
131,백운포고개,남구
남구2,백운포고개,남구
남구8,백운포고개,남구
남구2,용호동벽산아파트,남구
남구8,용호동벽산아파트,남구
남구9,용주탕,남구
남구9,용호동경동아파트,남구
남구9,용호동경동아파트,남구
남구9,용호중학교,남구
38,삼익아파트,남구
38,삼익아파트,남구
583,삼익아파트,남구
583,삼익아파트,남구
38,신원아파트,남구
38,신원아파트,남구
583,신원아파트,남구
583,신원아파트,남구
남구1,삼익아파트,남구
남구1,신원아파트,남구
40,못골시장,남구
1001,못골시장,남구
1003,못골시장,남구
1003-F,못골시장,남구
남구5,남구종합사회복지관,남구
남구5,남구종합사회복지관,남구
남구5,신연초등학교후문,남구
남구5,신연초등학교,남구
남구5,포부대,남구
남구5,신연초등학교후문,남구
남구5,신연초등학교,남구
남구5,관해암,남구
남구5,대성주택11동,남구
남구5,수정사,남구
남구5,대성주택,남구
남구5,호명사,남구
남구5,대성주택11동,남구
남구5,수정사,남구
남구5,우성아파트,남구
남구5,탑마트,남구
남구5,대성주택,남구
남구5,우성아파트,남구
남구5,호명사,남구
남구5,청호탕,남구
남구5,관해암,남구
남구3,부산공업고등학교사거리,남구
남구6,부산공업고등학교사거리,남구
남구3,동성하이타운,남구
남구1,동원로얄듀크아파트,남구
남구9,동원로얄듀크아파트,남구
남구1,세연고등학교,남구
38,대우아파트,남구
38,대우아파트,남구
583,대우아파트,남구
583,대우아파트,남구
남구1,대우아파트,남구
남구1,부산예술대학,남구
남구1,부산예술대학,남구
남구2,SK뷰아파트104동입구,남구
남구2,해군예비군훈련장,남구
남구2,부산해군회관,남구
남구6,솔개삼거리,남구
남구6,현대1차아파트,남구
101,현대아파트,남구
168,현대아파트,남구
23,감만동,남구
26,감만동,남구
101,동항초등학교,남구
168,동항초등학교,남구
남구6,감만시장,남구
23,감만동,남구
26,감만동,남구
23,감만시장,남구
26,감만시장,남구
101,감만시장,남구
168,감만시장,남구
10,현대오일뱅크,남구
168,현대오일뱅크,남구
남구6,성도주택,남구
남구6,성도주택,남구
남구6,부경대학교후문,남구
남구6,유창그린아파트,남구
남구6,해양맨션,남구
남구6,유창그린아파트,남구
남구6,평화탕,남구
남구6,이원맨션,남구
남구6,감만시장,남구
남구6,평화탕,남구
남구6,이원맨션,남구
남구6,동항중학교,남구
남구6,동항중학교아랫골목,남구
남구6,한림맨션,남구
남구6,동항중학교,남구
남구6,동항중학교아랫골목,남구
남구6,대유그린빌,남구
남구6,안전가스상사,남구
남구6,한림맨션,남구
남구6,대유그린빌,남구
남구6,국제아파트,남구
남구6,자유5차아파트,남구
20,백운포고개,남구
22,백운포고개,남구
24,백운포고개,남구
27,백운포고개,남구
39,백운포고개,남구
131,백운포고개,남구
남구2,백운포고개,남구
남구8,백운포고개,남구
20,부산성모병원,남구
22,부산성모병원,남구
24,부산성모병원,남구
27,부산성모병원,남구
39,부산성모병원,남구
131,부산성모병원,남구
20,용호시장.용호골목시장,남구
39,용호시장.용호골목시장,남구
131,용호시장.용호골목시장,남구
22,용호시장.용호골목시장,남구
24,용호시장.용호골목시장,남구
27,용호시장.용호골목시장,남구
22,용호사거리,남구
27,용호사거리,남구
남구2,부산성모병원,남구
남구8,부산성모병원,남구
남구2,용호시장,남구
남구8,용호시장,남구
남구2,용호골목시장,남구
남구8,용호골목시장,남구
남구2,용호동우체국,남구
남구8,용호동우체국,남구
남구2,용호사거리,남구
남구8,용호사거리,남구
138,연포초등학교,남구
남구9,해연중학교,남구
사상구6,해연중학교,남구
남구9,대연롯데캐슬레전드후문,남구
10,연포초등학교,남구
101,연포초등학교,남구
138,연포초등학교,남구
남구9,마마빌라,남구
남구9,중앙고등학교,남구
남구9,대연롯데캐슬레전드후문,남구
남구9,일산아파트,남구
남구9,마마빌라,남구
남구9,중앙고등학교,남구
남구9,일산아파트,남구
20,백운포,남구
22,백운포,남구
24,백운포,남구
27,백운포,남구
39,백운포,남구
20,백운포,남구
22,백운포,남구
24,백운포,남구
27,백운포,남구
39,백운포,남구
15,유림아파트,북구
111,유림아파트,북구
111-1,유림아파트,북구
121,유림아파트,북구
15,금곡화목아파트,북구
111,금곡화목아파트,북구
111-1,금곡화목아파트,북구
121,금곡화목아파트,북구
15,금곡주공1단지,북구
111,금곡주공1단지,북구
111-1,금곡주공1단지,북구
121,금곡주공1단지,북구
북구3,금곡동부산은행,북구
북구3,금곡주차장,북구
북구3,금곡주차장,북구
북구3,금곡동부산은행,북구
북구3,금곡동새마을금고,북구
북구3,금곡동국민은행,북구
15,유림아파트,북구
111,유림아파트,북구
111-1,유림아파트,북구
121,유림아파트,북구
15,금곡중학교,북구
111,금곡중학교,북구
111-1,금곡중학교,북구
121,금곡중학교,북구
북구3,금곡중학교,북구
북구3,금곡동새마을금고,북구
북구3,금곡동국민은행,북구
15,금곡화목아파트,북구
111,금곡화목아파트,북구
111-1,금곡화목아파트,북구
121,금곡화목아파트,북구
15,대림아파트,북구
59,대림아파트,북구
111,대림아파트,북구
121,대림아파트,북구
126,대림아파트,북구
북구3,대림아파트,북구
북구7,대림아파트,북구
금정구1,대림아파트,북구
북구3,화명롯데캐슬아파트,북구
북구7,화명롯데캐슬아파트,북구
금정구1,화명롯데캐슬아파트,북구
15,북부경찰서,북구
59,북부경찰서,북구
111,북부경찰서,북구
121,북부경찰서,북구
126,북부경찰서,북구
북구3,북부경찰서,북구
북구7,북부경찰서,북구
금정구1,북부경찰서,북구
15,수정역,북구
59,수정역,북구
111,수정역,북구
121,수정역,북구
126,수정역,북구
북구3,수정역,북구
북구7,수정역,북구
금정구1,수정역,북구
15,수정강변타운후문,북구
59,수정강변타운후문,북구
111,수정강변타운후문,북구
121,수정강변타운후문,북구
300,수정강변타운후문,북구
15,구룡사,북구
59,구룡사,북구
111,구룡사,북구
121,구룡사,북구
300,구룡사,북구
북구3,성훈강변아파트,북구
북구7,성훈강변아파트,북구
금정구1,성훈강변아파트,북구
북구3,구룡사,북구
북구7,구룡사,북구
금정구1,구룡사,북구
126,롯데캐슬카이저남문,북구
15,화신중학교.화명역,북구
111,화신중학교.화명역,북구
111-1,화신중학교.화명역,북구
121,화신중학교.화명역,북구
북구3,화신중학교,북구
금정구1,화신중학교,북구
59,화명역.화신중,북구
126,화명역.화신중,북구
15,금곡동행정복지센터,북구
59,금곡동행정복지센터,북구
111,금곡동행정복지센터,북구
111-1,금곡동행정복지센터,북구
121,금곡동행정복지센터,북구
126,금곡동행정복지센터,북구
북구3,금곡동행정복지센터,북구
북구3,금곡주공5단지,북구
15,금곡동행정복지센터,북구
111,금곡동행정복지센터,북구
111-1,금곡동행정복지센터,북구
121,금곡동행정복지센터,북구
북구3,금곡동행정복지센터,북구
15,율리역,북구
59,율리역,북구
111,율리역,북구
111-1,율리역,북구
121,율리역,북구
126,율리역,북구
북구3,율리역,북구
북구7,화명정수장입구,북구
북구7,화명현대아파트,북구
북구3,와석,북구
북구7,와석,북구
금정구1,와석,북구
15,와석,북구
59,와석,북구
111,와석,북구
121,와석,북구
126,와석,북구
북구3,와석,북구
북구7,와석,북구
금정구1,와석,북구
15,대림아파트,북구
59,대림아파트,북구
111,대림아파트,북구
121,대림아파트,북구
126,대림아파트,북구
15,와석,북구
59,와석,북구
111,와석,북구
121,와석,북구
126,와석,북구
북구3,대림아파트,북구
북구7,대림아파트,북구
금정구1,대림아파트,북구
33,만덕삼성아파트.만덕역,북구
110,만덕삼성아파트.만덕역,북구
111,만덕삼성아파트.만덕역,북구
121,만덕삼성아파트.만덕역,북구
127,만덕삼성아파트.만덕역,북구
148,만덕삼성아파트.만덕역,북구
169,만덕삼성아파트.만덕역,북구
200,만덕삼성아파트.만덕역,북구
33,만덕2동행정복지센터,북구
110,만덕2동행정복지센터,북구
111,만덕2동행정복지센터,북구
121,만덕2동행정복지센터,북구
127,만덕2동행정복지센터,북구
148,만덕2동행정복지센터,북구
169,만덕2동행정복지센터,북구
200,만덕2동행정복지센터,북구
북구8,만덕2동주민센터,북구
북구8-2,만덕2동주민센터,북구
북구9,만덕2동주민센터,북구
북구8,만덕삼성아파트,북구
북구8-2,만덕삼성아파트,북구
북구9,만덕삼성아파트,북구
33-1,만덕교차로,북구
46,만덕교차로,북구
110,만덕역.만덕사거리,북구
111,만덕역.만덕사거리,북구
121,만덕역.만덕사거리,북구
127,만덕역.만덕사거리,북구
148,만덕역.만덕사거리,북구
200,만덕역.만덕사거리,북구
307,만덕역.만덕사거리,북구
북구8,만덕역,북구
북구8-2,만덕역,북구
북구9,만덕역,북구
46,만덕성당,북구
307,만덕성당,북구
북구9,백양디이스트101동,북구
북구9,굿모닝힐상가,북구
북구9,백양초등학교,북구
126,숙등역.부민병원,북구
33,구포역,북구
110,구포역,북구
133-1,구포역,북구
148,구포역,북구
160,구포역,북구
307,구포역,북구
강서구5,구포역,북구
강서구6,구포역,북구
강서구7-1,구포역,북구
강서구7-2,구포역,북구
강서구11,구포역,북구
강서구13,구포역,북구
북구6,구포역,북구
15,구포역,북구
59,구포역,북구
123,구포역,북구
126,구포역,북구
33,동원로얄듀크비스타,북구
110,동원로얄듀크비스타,북구
148,동원로얄듀크비스타,북구
160,동원로얄듀크비스타,북구
307,동원로얄듀크비스타,북구
109,구포역,북구
123,구포역,북구
307,구포역,북구
1004,구포역,북구
1004-F,구포역,북구
강서구5,구포역,북구
강서구6,구포역,북구
강서구7-1,구포역,북구
강서구7-2,구포역,북구
강서구11,구포역,북구
강서구13,구포역,북구
33-1,석불사입구,북구
46,석불사입구,북구
33-1,만덕교차로.만덕역,북구
46,만덕교차로.만덕역,북구
307,만덕교차로.만덕역,북구
46,만덕성당,북구
307,만덕성당,북구
33,남산정역,북구
33-1,남산정역,북구
46,남산정역,북구
110,남산정역,북구
111,남산정역,북구
121,남산정역,북구
133,남산정역,북구
148,남산정역,북구
307,남산정역,북구
북구2,남산정역4번출구,북구
북구8-1,남산정역4번출구,북구
33,남산정역,북구
33-1,남산정역,북구
46,남산정역,북구
110,남산정역,북구
111,남산정역,북구
121,남산정역,북구
133-1,남산정역,북구
148,남산정역,북구
307,남산정역,북구
북구8-1,남산정역5번출구,북구
북구2,삼정그린코아아파트,북구
북구8-1,삼정그린코아아파트,북구
북구2,메가마트,북구
33,구포전화국,북구
33-1,구포전화국,북구
46,구포전화국,북구
110,구포전화국,북구
111,구포전화국,북구
121,구포전화국,북구
133,구포전화국,북구
148,구포전화국,북구
307,구포전화국,북구
33,숙등역,북구
33-1,숙등역,북구
46,숙등역,북구
110,숙등역,북구
111,숙등역,북구
121,숙등역,북구
133,숙등역,북구
148,숙등역,북구
307,숙등역,북구
북구2,구포전화국,북구
북구8-1,구포전화국,북구
북구2,덕천1동주민센터,북구
북구8-1,덕천1동주민센터,북구
북구2,부민병원.덕천교회,북구
북구8-1,부민병원.덕천교회,북구
북구2,숙등역4번출구,북구
북구8-1,숙등역4번출구,북구
33,숙등역,북구
33-1,숙등역,북구
46,숙등역,북구
110,숙등역,북구
111,숙등역,북구
121,숙등역,북구
133-1,숙등역,북구
148,숙등역,북구
307,숙등역,북구
33,구포전화국,북구
33-1,구포전화국,북구
46,구포전화국,북구
110,구포전화국,북구
111,구포전화국,북구
121,구포전화국,북구
133-1,구포전화국,북구
148,구포전화국,북구
307,구포전화국,북구
북구2,구포전화국,북구
북구8-1,구포전화국,북구
북구2,덕천1동주민센터,북구
북구8-1,덕천1동주민센터,북구
북구2,숙등역1번출구,북구
북구8-1,숙등역1번출구,북구
북구2,숙등역5번출구,북구
북구8-1,숙등역5번출구,북구
127,덕천주공입구,북구
169,덕천주공입구,북구
200,덕천주공입구,북구
북구1-1,덕천주공입구,북구
33,덕천역,북구
33-1,덕천역,북구
46,덕천역,북구
110,덕천역,북구
111,덕천역,북구
121,덕천역,북구
126,덕천역,북구
127,덕천역,북구
133,덕천역,북구
148,덕천역,북구
169,덕천역,북구
200,덕천역,북구
307,덕천역,북구
북구2,덕천역,북구
북구8-1,덕천역,북구
126,숙등역.부민병원,북구
33,덕천역,북구
33-1,덕천역,북구
46,덕천역,북구
110,덕천역,북구
111,덕천역,북구
121,덕천역,북구
126,덕천역,북구
127,덕천역,북구
133-1,덕천역,북구
148,덕천역,북구
169,덕천역,북구
200,덕천역,북구
307,덕천역,북구
북구1-1,덕천역,북구
북구2,덕천역,북구
북구8-1,덕천역,북구
북구2,부민병원.덕천교회,북구
북구8-1,부민병원.덕천교회,북구
15,벽산아파트,북구
59,벽산아파트,북구
111,벽산아파트,북구
111-1,벽산아파트,북구
121,벽산아파트,북구
126,벽산아파트,북구
북구3,벽산아파트,북구
15,율리역,북구
59,율리역,북구
111,율리역,북구
111-1,율리역,북구
121,율리역,북구
126,율리역,북구
북구3,율리역,북구
15,덕천교차로,북구
59,덕천교차로,북구
111,덕천교차로,북구
121,덕천교차로,북구
300,덕천교차로,북구
북구3,덕천교차로,북구
북구7,덕천교차로,북구
금정구1,덕천교차로,북구
126,낙동고등학교,북구
33-1,구포시장동문,북구
46,구포시장동문,북구
109,구포시장동문,북구
127,구포시장동문,북구
160,구포시장동문,북구
169,구포시장동문,북구
1004,구포시장동문,북구
1004-F,구포시장동문,북구
북구6,구포시장입구,북구
강서구7-1,구포시장입구,북구
46,(구)고려당제과점,북구
160,(구)고려당제과점,북구
169-1,(구)고려당제과점,북구
북구6,고려당제과점,북구
46,금수선사,북구
160,금수선사,북구
169-1,금수선사,북구
46,태평양아파트,북구
160,태평양아파트,북구
169-1,태평양아파트,북구
46,포천초교.태경해피타운,북구
160,포천초교.태경해피타운,북구
169-1,포천초교.태경해피타운,북구
북구6,백조탕,북구
북구8,백산초등학교,북구
북구8-2,백산초등학교,북구
북구9,백산초등학교,북구
33,만덕그린코아,북구
110,만덕그린코아,북구
111,만덕그린코아,북구
121,만덕그린코아,북구
127,만덕그린코아,북구
133,만덕그린코아,북구
133-1,만덕그린코아,북구
148,만덕그린코아,북구
169,만덕그린코아,북구
200,만덕그린코아,북구
33,만덕그린코아,북구
110,만덕그린코아,북구
111,만덕그린코아,북구
121,만덕그린코아,북구
127,만덕그린코아,북구
133,만덕그린코아,북구
133-1,만덕그린코아,북구
148,만덕그린코아,북구
169,만덕그린코아,북구
200,만덕그린코아,북구
북구8-2,그린코아사거리,북구
북구8-1,동원아파트,북구
북구8-2,동원아파트,북구
127,백산공영주차장,북구
133-1,백산공영주차장,북구
169,백산공영주차장,북구
200,백산공영주차장,북구
127,벽산아파트,북구
133-1,벽산아파트,북구
169,벽산아파트,북구
200,벽산아파트,북구
33,이노비즈센터,북구
110,이노비즈센터,북구
111,이노비즈센터,북구
121,이노비즈센터,북구
133,이노비즈센터,북구
148,이노비즈센터,북구
북구8-1,만덕현대아파트,북구
북구8-1,이노비즈센터,북구
북구1-1,만덕3주공아파트,북구
북구9,만덕3주공아파트,북구
북구1-1,그린코아아파트후문,북구
북구1-1,롯데아파트,북구
북구1-1,만덕럭키아파트후문,북구
북구1-1,부산노인전문병원,북구
북구1-1,성원사입구,북구
127,한성아파트,북구
133,한성아파트,북구
169,한성아파트,북구
200,한성아파트,북구
127,벽산아파트,북구
133,벽산아파트,북구
169,벽산아파트,북구
200,벽산아파트,북구
북구1-1,롯데아파트,북구
북구1-1,럭키아파트후문,북구
북구1-1,부산노인전문병원,북구
북구1-1,그린코아아파트후문,북구
북구1-1,성원사입구,북구
127,청우파크,북구
169,청우파크,북구
200,청우파크,북구
127,양천초등학교,북구
169,양천초등학교,북구
200,양천초등학교,북구
127,덕천주공아파트,북구
169,덕천주공아파트,북구
200,덕천주공아파트,북구
북구1-1,덕천3동주민센터,북구
북구1-1,덕천주공아파트,북구
북구1-1,양천초등학교,북구
북구1-1,청우파크맨션,북구
33-1,구남역.구남중학교,북구
169,구남역.구남중학교,북구
169-1,구남역.구남중학교,북구
1004-F,구남역.구남중학교,북구
33-1,백양고입구,북구
169,백양고입구,북구
169-1,백양고입구,북구
1004,백양고입구,북구
1004-F,백양고입구,북구
강서구19,구남역,북구
강서구19,백양고입구,북구
33-1,구포현대아파트,사상구
169,구포현대아파트,사상구
169-1,구포현대아파트,사상구
1004,구포현대아파트,사상구
1004-F,구포현대아파트,사상구
강서구19,구포현대아파트,사상구
북구7,화명유림아파트,북구
북구7,화명정수장입구,북구
북구7,화명현대아파트,북구
북구2,화인유통,북구
북구2,옥천사입구,북구
북구2,만덕동일아파트입구,북구
북구2,기비골아파트104동,북구
북구2,기비골아파트101동입구,북구
북구2,기비골아파트101동후문,북구
북구2,도개공아파트110동,북구
북구2,도개공아파트115동,북구
북구2,도개공아파트116동,북구
금정구1,대천천마을공동주차장,북구
126,장원아파트,북구
126,대천리중학교,북구
126,푸르지오헤리센트아파트,북구
126,북구보건소,북구
금정구1,그린숲속아파트,북구
금정구1,장원아파트,북구
금정구1,금화횟집,북구
금정구1,푸르지오헤리센트,북구
금정구1,북구보건소,북구
126,코오롱아파트,북구
126,정화양로원,북구
126,경남아파트,북구
금정구1,애기소,북구
강서구5,북구청,사상구
강서구6,북구청,사상구
강서구7-1,북구청,사상구
강서구7-2,북구청,사상구
강서구11,북구청,사상구
강서구13,북구청,사상구
북구6,한중병원,북구
123,북구청,사상구
126,북구청,사상구
북구6,구포축산물도매시장,북구
15,북구청,북구
33,북구청,북구
59,북구청,북구
110,북구청,북구
123,북구청,북구
133-1,북구청,북구
148,북구청,북구
160,북구청,북구
15,북부자동차학원,사상구
33,북부자동차학원,사상구
59,북부자동차학원,사상구
110,북부자동차학원,사상구
133,북부자동차학원,사상구
148,북부자동차학원,사상구
160,북부자동차학원,사상구
북구6,북구청,북구
33-1,구명역,북구
46,구명역,북구
109,구명역,북구
127,구명역,북구
169,구명역,북구
169-1,구명역,북구
1004,구명역,북구
1004-F,구명역,북구
33-1,구포초등학교,북구
46,구포초등학교,북구
109,구포초등학교,북구
127,구포초등학교,북구
169,구포초등학교,북구
169-1,구포초등학교,북구
1004-F,구포초등학교,북구
강서구19,구포교회,북구
강서구19,새생명교회,북구
강서구19,새생명교회,북구
33-1,구남시장,북구
169,구남시장,북구
169-1,구남시장,북구
1004-F,구남시장,북구
강서구19,구남시장,북구
15,구포삼거리,북구
59,구포삼거리,북구
126,구포삼거리,북구
160,구포삼거리,북구
33,구포삼거리,북구
110,구포삼거리,북구
123,구포삼거리,북구
133-1,구포삼거리,북구
148,구포삼거리,북구
307,구포삼거리,북구
북구6,구포삼거리,북구
강서구5,구포삼거리,북구
강서구6,구포삼거리,북구
강서구7-1,구포삼거리,북구
강서구7-2,구포삼거리,북구
강서구11,구포삼거리,북구
강서구13,구포삼거리,북구
33-1,석불사입구,북구
46,석불사입구,북구
북구2,구포종점,북구
북구8-1,구포종점,북구
15,구포역,북구
33,구포역,북구
59,구포역,북구
110,구포역,북구
126,구포역,북구
133,구포역,북구
148,구포역,북구
160,구포역,북구
15,금곡주공7단지,북구
111,금곡주공7단지,북구
111-1,금곡주공7단지,북구
121,금곡주공7단지,북구
15,금곡종합사회복지관,북구
111,금곡종합사회복지관,북구
111-1,금곡종합사회복지관,북구
121,금곡종합사회복지관,북구
북구3,금곡종합사회복지관,북구
북구3,금곡주공7단지,북구
15,금곡주공9단지,북구
111,금곡주공9단지,북구
111-1,금곡주공9단지,북구
121,금곡주공9단지,북구
15,금곡주공4단지,북구
111,금곡주공4단지,북구
111-1,금곡주공4단지,북구
121,금곡주공4단지,북구
북구3,금곡주공4단지,북구
북구3,금곡주공9단지,북구
북구3,금곡주공6단지,북구
북구3,유림1차아파트,북구
15,금곡주공5단지,북구
111,금곡주공5단지,북구
111-1,금곡주공5단지,북구
121,금곡주공5단지,북구
15,금곡주공4단지,북구
111,금곡주공4단지,북구
111-1,금곡주공4단지,북구
121,금곡주공4단지,북구
15,금곡주공9단지,북구
111,금곡주공9단지,북구
111-1,금곡주공9단지,북구
121,금곡주공9단지,북구
15,금곡주공4단지후문,북구
111,금곡주공4단지후문,북구
111-1,금곡주공4단지후문,북구
121,금곡주공4단지후문,북구
북구3,금곡주공4단지,북구
북구3,금곡주공9단지,북구
126,낙동고등학교,북구
126,롯데캐슬카이저남문,북구
15,금곡중학교,북구
111,금곡중학교,북구
111-1,금곡중학교,북구
121,금곡중학교,북구
북구3,금곡중학교,북구
15,금곡종합사회복지관,북구
111,금곡종합사회복지관,북구
111-1,금곡종합사회복지관,북구
121,금곡종합사회복지관,북구
15,금곡주공7단지,북구
111,금곡주공7단지,북구
111-1,금곡주공7단지,북구
121,금곡주공7단지,북구
북구3,금곡종합사회복지관,북구
북구3,금곡주공7단지,북구
15,금곡주공3단지,북구
111,금곡주공3단지,북구
111-1,금곡주공3단지,북구
121,금곡주공3단지,북구
15,금곡주공1단지,북구
111,금곡주공1단지,북구
111-1,금곡주공1단지,북구
121,금곡주공1단지,북구
15,금곡주공3단지,북구
111,금곡주공3단지,북구
111-1,금곡주공3단지,북구
121,금곡주공3단지,북구
북구3,금곡주공5단지,북구
북구3,금곡주공6단지,북구
북구3,유림1차아파트,북구
15,북구보건소.인도네시아센터,북구
59,북구보건소.인도네시아센터,북구
111,북구보건소.인도네시아센터,북구
111-1,북구보건소.인도네시아센터,북구
121,북구보건소.인도네시아센터,북구
15,벽산아파트,북구
59,벽산아파트,북구
111,벽산아파트,북구
111-1,벽산아파트,북구
121,벽산아파트,북구
126,벽산아파트,북구
북구3,벽산아파트,북구
126,정화양로원,북구
126,경남아파트,북구
126,코오롱아파트,북구
33,만덕2동행정복지센터,북구
110,만덕2동행정복지센터,북구
111,만덕2동행정복지센터,북구
121,만덕2동행정복지센터,북구
127,만덕2동행정복지센터,북구
148,만덕2동행정복지센터,북구
200,만덕2동행정복지센터,북구
33,만덕삼성아파트.만덕역,북구
111,만덕삼성아파트.만덕역,북구
127,만덕삼성아파트.만덕역,북구
148,만덕삼성아파트.만덕역,북구
북구8,백양상가,북구
북구9,백양상가,북구
33,백양디이스트아파트,북구
110,백양디이스트아파트,북구
111,백양디이스트아파트,북구
121,백양디이스트아파트,북구
127,백양디이스트아파트,북구
133,백양디이스트아파트,북구
148,백양디이스트아파트,북구
169,백양디이스트아파트,북구
200,백양디이스트아파트,북구
북구8,부산은행,북구
북구8-2,부산은행,북구
169,대성아파트입구,북구
33,백양디이스트아파트,북구
110,백양디이스트아파트,북구
111,백양디이스트아파트,북구
121,백양디이스트아파트,북구
127,백양디이스트아파트,북구
148,백양디이스트아파트,북구
200,백양디이스트아파트,북구
133,만덕도서관,북구
133-1,만덕도서관,북구
북구8,만덕신협2동지점,북구
북구9,백양디이스트401동,북구
북구9,백양디이스트304동,북구
33,이노비즈센터,북구
110,이노비즈센터,북구
111,이노비즈센터,북구
121,이노비즈센터,북구
133-1,이노비즈센터,북구
148,이노비즈센터,북구
북구8-1,만덕우체국,북구
북구8-1,이노비즈센터,북구
북구8-1,남산정역1번출구,북구
127,백산공영주차장,북구
133,백산공영주차장,북구
169,백산공영주차장,북구
200,백산공영주차장,북구
127,한성아파트,북구
133-1,한성아파트,북구
169,한성아파트,북구
200,한성아파트,북구
33,만덕1동행정복지센터,북구
33-1,만덕1동행정복지센터,북구
33-1,만덕시장입구,북구
33-1,만덕초등학교,북구
33-1,대진아파트,북구
33,만덕1동행정복지센터,북구
33-1,만덕1동행정복지센터,북구
33-1,만덕1동행정복지센터,북구
133,북부산농협신만덕지점,북구
북구8,만덕2치안센터,북구
북구8,북부산농협신만덕지점,북구
북구1-1,만덕3주공아파트,북구
북구9,만덕3주공아파트,북구
북구1-1,만덕고등학교,북구
북구9,만덕고등학교,북구
북구1-1,신덕중학교,북구
북구9,신덕중학교,북구
북구1-1,만덕고등학교,북구
북구9,만덕고등학교,북구
북구9,신덕초등학교,북구
15,북구청,북구
33,북구청,북구
59,북구청,북구
110,북구청,북구
133,북구청,북구
148,북구청,북구
160,북구청,북구
북구6,구포부민병원,북구
123,구포삼거리,북구
126,구포삼거리,북구
강서구5,구포삼거리,북구
강서구6,구포삼거리,북구
강서구7-1,구포삼거리,북구
강서구7-2,구포삼거리,북구
강서구11,구포삼거리,북구
강서구13,구포삼거리,북구
127,덕천주공입구,북구
169,덕천주공입구,북구
200,덕천주공입구,북구
북구1-1,덕천초등학교후문,북구
북구1-1,한라아파트,북구
33-1,구포시장동문,북구
127,구포시장동문,북구
169,구포시장동문,북구
15,북부경찰서,북구
59,북부경찰서,북구
111,북부경찰서,북구
121,북부경찰서,북구
126,북부경찰서,북구
북구3,북부경찰서,북구
북구7,북부경찰서,북구
금정구1,북부경찰서,북구
15,화명중학교,북구
59,화명중학교,북구
111,화명중학교,북구
121,화명중학교,북구
126,화명중학교,북구
북구3,화명중학교,북구
북구7,화명중학교,북구
금정구1,화명중학교,북구
15,화명중학교,북구
59,화명중학교,북구
111,화명중학교,북구
121,화명중학교,북구
126,화명중학교,북구
북구3,화명중학교,북구
북구7,화명중학교,북구
금정구1,화명중학교,북구
15,수정역,북구
59,수정역,북구
111,수정역,북구
121,수정역,북구
126,수정역,북구
300,수정역,북구
북구3,수정강변타운후문,북구
북구7,수정강변타운후문,북구
금정구1,수정강변타운후문,북구
북구3,수정역,북구
북구7,수정역,북구
금정구1,수정역,북구
북구3,북구보건소,북구
15,북구보건소.인도네시아센터,북구
59,북구보건소.인도네시아센터,북구
111,북구보건소.인도네시아센터,북구
111-1,북구보건소.인도네시아센터,북구
121,북구보건소.인도네시아센터,북구
북구3,북구보건소,북구
126,북구보건소,북구
126,푸르지오헤리센트아파트,북구
126,장원아파트,북구
126,대천리중학교,북구
금정구1,푸르지오헤리센트,북구
금정구1,금화횟집,북구
금정구1,장원아파트,북구
금정구1,그린숲속아파트,북구
금정구1,북구보건소,북구
15,화신중학교.화명역,북구
59,화신중학교.화명역,북구
111,화신중학교.화명역,북구
111-1,화신중학교.화명역,북구
121,화신중학교.화명역,북구
126,화신중학교.화명역,북구
북구3,화신중학교,북구
금정구1,화신중학교,북구
금정구1,화명역,북구
127,청우파크,북구
169,청우파크,북구
200,청우파크,북구
127,덕천주공아파트,북구
169,덕천주공아파트,북구
200,덕천주공아파트,북구
127,양천초등학교,북구
169,양천초등학교,북구
200,양천초등학교,북구
북구1-1,덕천3동주민센터,북구
북구1-1,덕천주공아파트,북구
북구1-1,양천초등학교,북구
북구1-1,청우파크맨션,북구
33-1,구포시장남문.반도유보라아파트,북구
46,구포시장남문.반도유보라아파트,북구
109,구포시장남문.반도유보라아파트,북구
127,구포시장남문.반도유보라아파트,북구
169,구포시장남문.반도유보라아파트,북구
169-1,구포시장남문.반도유보라아파트,북구
1004-F,구포시장남문.반도유보라아파트,북구
33-1,구포초등학교,북구
127,구포초등학교,북구
169,구포초등학교,북구
169-1,구포초등학교,북구
33-1,구명역,북구
127,구명역,북구
169,구명역,북구
169-1,구명역,북구
33-1,구포시장남문.반도유보라아파트,북구
127,구포시장남문.반도유보라아파트,북구
169,구포시장남문.반도유보라아파트,북구
169-1,구포시장남문.반도유보라아파트,북구
33-1,덕천교차로,북구
46,덕천교차로,북구
127,덕천교차로,북구
160,덕천교차로,북구
169,덕천교차로,북구
15,구포시장종점,북구
33-1,구포시장종점,북구
46,구포시장종점,북구
59,구포시장종점,북구
127,구포시장종점,북구
169,구포시장종점,북구
200,구포시장종점,북구
300,구포시장종점,북구
북구3,구포시장,북구
북구7,구포시장,북구
금정구1,구포시장,북구
강서구5,구포시장,북구
강서구6,구포시장,북구
강서구7-2,구포시장,북구
강서구11,구포시장,북구
33,구포시장,북구
110,구포시장,북구
126,구포시장,북구
133-1,구포시장,북구
148,구포시장,북구
160,구포시장,북구
307,구포시장,북구
북구2,구포시장,북구
북구6,구포시장,북구
북구8-1,구포시장,북구
강서구7-1,구포시장,북구
강서구13,구포시장,북구
북구8-1,구포종점,북구
북구7,화명유림아파트,북구
46,금수선사,북구
160,금수선사,북구
169-1,금수선사,북구
46,태평양아파트,북구
160,태평양아파트,북구
169-1,태평양아파트,북구
46,포천삼거리,북구
160,포천삼거리,북구
169-1,포천삼거리,북구
북구6,포천삼거리,북구
북구6,부산솔로몬로파크,북구
북구6,부산솔로몬로파크,북구
160,태양탕,북구
169-1,태양탕,북구
160,구포대진아파트,북구
169-1,구포대진아파트,북구
북구6,구포대진아파트,북구
북구6,태양탕,북구
46,포천삼거리,북구
160,포천삼거리,북구
169-1,포천삼거리,북구
46,부산과학기술대학교,북구
160,부산과학기술대학교,북구
169-1,부산과학기술대학교,북구
북구6,부산과학기술대학교,북구
46,부산과학기술대학교,북구
160,부산과학기술대학교,북구
169-1,부산과학기술대학교,북구
46,구포3동행정복지센터,북구
160,구포3동행정복지센터,북구
169-1,구포3동행정복지센터,북구
46,포천초교.태경해피타운,북구
160,포천초교.태경해피타운,북구
169-1,포천초교.태경해피타운,북구
북구6,구포3동주민센터,북구
북구6,포천초등학교,북구
46,구포3동행정복지센터,북구
160,구포3동행정복지센터,북구
169-1,구포3동행정복지센터,북구
33-1,덕천교차로,북구
46,덕천교차로,북구
109,덕천교차로,북구
127,덕천교차로,북구
160,덕천교차로,북구
169,덕천교차로,북구
1004,덕천교차로,북구
1004-F,덕천교차로,북구
북구1-1,덕천교차로,북구
북구6,덕천교차로,북구
강서구7-1,덕천교차로,북구
강서구13,덕천교차로,북구
북구6,덕천교차로,북구
강서구7-1,덕천교차로,북구
강서구13,덕천교차로,북구
133,백운공원,북구
133-1,백운공원,북구
북구8,백양산베스티움에코포레,북구
북구8,관음사,북구
133,백양중학교,북구
133-1,백양중학교,북구
133,백양중학교,북구
133-1,백양중학교,북구
33-1,구남시장,북구
169,구남시장,북구
169-1,구남시장,북구
1004-F,구남시장,북구
강서구19,구남시장,북구
33-1,구남역.구남중학교,북구
169,구남역.구남중학교,북구
169-1,구남역.구남중학교,북구
1004-F,구남역.구남중학교,북구
33-1,백양고입구,북구
169,백양고입구,북구
169-1,백양고입구,북구
1004,백양고입구,북구
1004-F,백양고입구,북구
강서구19,구남역,북구
강서구19,백양고입구,북구
북구8,만덕도서관,북구
북구8,예림슈퍼,북구
북구8,일동아파트,북구
15,구포시장,북구
33,구포시장,북구
59,구포시장,북구
109,구포시장,북구
110,구포시장,북구
126,구포시장,북구
133,구포시장,북구
148,구포시장,북구
160,구포시장,북구
307,구포시장,북구
1004,구포시장,북구
1004-F,구포시장,북구
북구2,구포시장,북구
북구6,구포시장,북구
북구8-1,구포시장,북구
강서구5,구포시장,북구
강서구6,구포시장,북구
강서구7-1,구포시장,북구
강서구7-2,구포시장,북구
강서구11,구포시장,북구
강서구13,구포시장,북구
북구2,도개공아파트110동,북구
북구2,도개공아파트116동,북구
북구2,화인유통,북구
46,유림아파트.부산학생예술문화회관,북구
169-1,유림아파트.부산학생예술문화회관,북구
북구6,유림아파트상가,북구
북구6,유림아파트상가,북구
46,부산학생예술문화회관.유림아파트,북구
북구6,유림아파트입구,북구
북구6,유림아파트입구,북구
46,부산솔로몬로파크,북구
169-1,부산솔로몬로파크,북구
북구6,동성아파트상가,북구
북구6,한국빌라,북구
북구6,구포대우아파트,북구
북구6,청송빌라,북구
북구8,유림아파트,북구
북구8,백양노인정,북구
북구8,느루식당,북구
북구8,한신아파트정문,북구
북구8,한신아파트정문,북구
북구8,한신아파트중문,북구
북구8,한신아파트후문,북구
북구8-1,동원아파트,북구
북구8-2,동원아파트,북구
북구8-1,만덕럭키아파트,북구
북구8-2,만덕럭키아파트,북구
북구8-1,그린코아아파트,북구
북구8-2,그린코아아파트,북구
북구8-1,만덕럭키아파트,북구
북구8-2,만덕럭키아파트,북구
금정구1,화명농원입구,북구
금정구1,애기소,북구
금정구1,대천천마을공동주차장,북구
금정구1,화명수목원,북구
금정구1,화명농원입구,북구
금정구1,화명수목원,북구
46,구포3동,북구
160,구포3동,북구
169-1,구포3동,북구
46,구포3동,북구
160,구포3동,북구
169-1,구포3동,북구
100,송정해수욕장,해운대구
181,송정해수욕장,해운대구
185,송정해수욕장,해운대구
100,송정,해운대구
181,송정,해운대구
185,송정,해운대구
5-1,반여농산물도매시장,해운대구
43,반여농산물도매시장,해운대구
106,반여농산물도매시장,해운대구
115-1,반여농산물도매시장,해운대구
129-1,반여농산물도매시장,해운대구
183,반여농산물도매시장,해운대구
184,반여농산물도매시장,해운대구
189,반여농산물도매시장,해운대구
189-1,반여농산물도매시장,해운대구
183-F,반여농산물도매시장,해운대구
36,반송본동,해운대구
115-1,반송본동,해운대구
129-1,반송본동,해운대구
183,반송본동,해운대구
183-F,반송본동,해운대구
기장군11,윗반송역,해운대구
기장군11,반송본동,해운대구
189,본동,해운대구
189-1,본동,해운대구
189,송운초등학교,해운대구
189-1,송운초등학교,해운대구
115-1,석대사거리,해운대구
189-1,석대사거리,해운대구
100,과정교,해운대구
100-1,과정교,해운대구
307,과정교,해운대구
1002,과정교,해운대구
31,원동IC교차로,해운대구
44,원동IC교차로,해운대구
52,원동IC교차로,해운대구
144,원동IC교차로,해운대구
189-1,원동IC교차로,해운대구
200,원동IC교차로,해운대구
1002,원동IC교차로,해운대구
5-1,원동IC교차로,해운대구
107,원동IC교차로,해운대구
36,원동IC교차로,해운대구
43,원동IC교차로,해운대구
155,원동IC교차로,해운대구
해운대구3-1,동부지청,해운대구
해운대구3-1,동부지청,해운대구
5-1,동해선벡스코역,해운대구
115,동해선벡스코역,해운대구
155,동해선벡스코역,해운대구
1002,동해선벡스코역,해운대구
31,동해선벡스코역,해운대구
100,동해선벡스코역,해운대구
100-1,동해선벡스코역,해운대구
115-1,동해선벡스코역,해운대구
200,동해선벡스코역,해운대구
5-1,센텀고등학교,해운대구
31,센텀고등학교,해운대구
100,센텀고등학교,해운대구
100-1,센텀고등학교,해운대구
107,센텀고등학교,해운대구
115,센텀고등학교,해운대구
115-1,센텀고등학교,해운대구
155,센텀고등학교,해운대구
200,센텀고등학교,해운대구
5-1,센텀센시빌,해운대구
31,센텀센시빌,해운대구
100,센텀센시빌,해운대구
100-1,센텀센시빌,해운대구
107,센텀센시빌,해운대구
115,센텀센시빌,해운대구
115-1,센텀센시빌,해운대구
155,센텀센시빌,해운대구
200,센텀센시빌,해운대구
1002,센텀센시빌,해운대구
107,롯데백화점센텀시티점,해운대구
115,롯데백화점센텀시티점,해운대구
181,롯데백화점센텀시티점,해운대구
307,롯데백화점센텀시티점,해운대구
115,시청자미디어센터.KNN방송국,해운대구
181,시청자미디어센터.KNN방송국,해운대구
307,시청자미디어센터.KNN방송국,해운대구
해운대구3-1,시청자미디어센터.KNN방송국,해운대구
해운대구3-2,시청자미디어센터.KNN방송국,해운대구
115,시청자미디어센터.KNN방송국,해운대구
181,시청자미디어센터.KNN방송국,해운대구
307,시청자미디어센터.KNN방송국,해운대구
115,SK텔레콤,해운대구
181,SK텔레콤,해운대구
307,SK텔레콤,해운대구
해운대구3-1,SK텔레콤,해운대구
해운대구3-2,SK텔레콤,해운대구
181,SK텔레콤,해운대구
307,SK텔레콤,해운대구
해운대구3-1,SK텔레콤,해운대구
해운대구3-2,SK텔레콤,해운대구
115,센텀중학교,해운대구
181,센텀중학교,해운대구
307,센텀중학교,해운대구
1002,센텀중학교,해운대구
해운대구3-1,IS타워,해운대구
181,센텀중학교,해운대구
307,센텀중학교,해운대구
1002,센텀중학교,해운대구
115,센텀파크,해운대구
181,센텀파크,해운대구
307,센텀파크,해운대구
1002,센텀파크,해운대구
115,센텀초등학교,해운대구
181,센텀초등학교,해운대구
307,센텀초등학교,해운대구
1002,센텀초등학교,해운대구
해운대구3,센텀스타,해운대구
해운대구3-2,센텀스타,해운대구
해운대구3,센텀초등학교,해운대구
해운대구3-2,센텀초등학교,해운대구
해운대구3,센텀파크.부산은행,해운대구
해운대구3-2,센텀파크.부산은행,해운대구
5-1,유창맨션,해운대구
115,유창맨션,해운대구
115-1,유창맨션,해운대구
5-1,재송초등학교,해운대구
115,재송초등학교,해운대구
115-1,재송초등학교,해운대구
5-1,재송농협,해운대구
115,재송농협,해운대구
115-1,재송농협,해운대구
해운대구3-1,유창맨션,해운대구
해운대구3-1,재송농협,해운대구
해운대구3-1,재송초등학교,해운대구
31,동해선센텀역,해운대구
100,동해선센텀역,해운대구
100-1,동해선센텀역,해운대구
107,동해선센텀역,해운대구
155,동해선센텀역,해운대구
200,동해선센텀역,해운대구
1002,동해선센텀역,해운대구
5-1,센텀고등학교,해운대구
31,센텀고등학교,해운대구
100,센텀고등학교,해운대구
100-1,센텀고등학교,해운대구
107,센텀고등학교,해운대구
115,센텀고등학교,해운대구
115-1,센텀고등학교,해운대구
155,센텀고등학교,해운대구
200,센텀고등학교,해운대구
5-1,센텀센시빌,해운대구
31,센텀센시빌,해운대구
100,센텀센시빌,해운대구
100-1,센텀센시빌,해운대구
107,센텀센시빌,해운대구
115,센텀센시빌,해운대구
115-1,센텀센시빌,해운대구
155,센텀센시빌,해운대구
200,센텀센시빌,해운대구
1002,센텀센시빌,해운대구
동래구6-1,센텀롯데캐슬아파트,해운대구
동래구6-1,인지초등학교,해운대구
5-1,(구)강변자동차매매단지,해운대구
43,(구)강변자동차매매단지,해운대구
107,(구)강변자동차매매단지,해운대구
155,(구)강변자동차매매단지,해운대구
5-1,세월교입구.선수촌아파트,해운대구
43,세월교입구.선수촌아파트,해운대구
107,세월교입구.선수촌아파트,해운대구
155,세월교입구.선수촌아파트,해운대구
36,신촌입구,해운대구
115-1,신촌입구,해운대구
155,신촌입구,해운대구
189-1,신촌입구,해운대구
36,장산성당,해운대구
115-1,장산성당,해운대구
155,장산성당,해운대구
189-1,장산성당,해운대구
5-1,(구)강변자동차매매단지,해운대구
43,(구)강변자동차매매단지,해운대구
107,(구)강변자동차매매단지,해운대구
155,(구)강변자동차매매단지,해운대구
36,반송보건지소,해운대구
115-1,반송보건지소,해운대구
129-1,반송보건지소,해운대구
183,반송보건지소,해운대구
189,반송보건지소,해운대구
189-1,반송보건지소,해운대구
183-F,반송보건지소,해운대구
36,반송시장,해운대구
115-1,반송시장,해운대구
129-1,반송시장,해운대구
183,반송시장,해운대구
189,반송시장,해운대구
189-1,반송시장,해운대구
183-F,반송시장,해운대구
기장군11,반송보건지소,해운대구
기장군11,반송시장,해운대구
36,반송우체국.영산대역,해운대구
115-1,반송우체국.영산대역,해운대구
129-1,반송우체국.영산대역,해운대구
183,반송우체국.영산대역,해운대구
189,반송우체국.영산대역,해운대구
189-1,반송우체국.영산대역,해운대구
183-F,반송우체국.영산대역,해운대구
36,반송초등학교,해운대구
115-1,반송초등학교,해운대구
129-1,반송초등학교,해운대구
183,반송초등학교,해운대구
189,반송초등학교,해운대구
189-1,반송초등학교,해운대구
183-F,반송초등학교,해운대구
36,옹기골,해운대구
115-1,옹기골,해운대구
129-1,옹기골,해운대구
183,옹기골,해운대구
189,옹기골,해운대구
189-1,옹기골,해운대구
183-F,옹기골,해운대구
36,석대역,해운대구
115-1,석대역,해운대구
129-1,석대역,해운대구
183,석대역,해운대구
189,석대역,해운대구
189-1,석대역,해운대구
183-F,석대역,해운대구
36,석대동,해운대구
115-1,석대동,해운대구
129-1,석대동,해운대구
183,석대동,해운대구
189,석대동,해운대구
189-1,석대동,해운대구
183-F,석대동,해운대구
36,석대화훼단지,해운대구
106,석대화훼단지,해운대구
107,석대화훼단지,해운대구
115-1,석대화훼단지,해운대구
129-1,석대화훼단지,해운대구
183,석대화훼단지,해운대구
189,석대화훼단지,해운대구
189-1,석대화훼단지,해운대구
183-F,석대화훼단지,해운대구
36,석대동,해운대구
115-1,석대동,해운대구
129-1,석대동,해운대구
183,석대동,해운대구
189,석대동,해운대구
189-1,석대동,해운대구
183-F,석대동,해운대구
36,석대화훼단지,해운대구
106,석대화훼단지,해운대구
107,석대화훼단지,해운대구
115-1,석대화훼단지,해운대구
129-1,석대화훼단지,해운대구
183,석대화훼단지,해운대구
189,석대화훼단지,해운대구
189-1,석대화훼단지,해운대구
183-F,석대화훼단지,해운대구
36,석대역,해운대구
115-1,석대역,해운대구
129-1,석대역,해운대구
183,석대역,해운대구
189,석대역,해운대구
189-1,석대역,해운대구
183-F,석대역,해운대구
36,옹기골,해운대구
115-1,옹기골,해운대구
129-1,옹기골,해운대구
183,옹기골,해운대구
189,옹기골,해운대구
189-1,옹기골,해운대구
183-F,옹기골,해운대구
36,반송초등학교,해운대구
115-1,반송초등학교,해운대구
129-1,반송초등학교,해운대구
183,반송초등학교,해운대구
189,반송초등학교,해운대구
189-1,반송초등학교,해운대구
183-F,반송초등학교,해운대구
5-1,반여농산물도매시장동문,해운대구
36,반여농산물도매시장동문,해운대구
43,반여농산물도매시장동문,해운대구
107,반여농산물도매시장동문,해운대구
115-1,반여농산물도매시장동문,해운대구
184,반여농산물도매시장동문,해운대구
189-1,반여농산물도매시장동문,해운대구
5-1,반여농산물시장역,해운대구
36,반여농산물시장역,해운대구
43,반여농산물시장역,해운대구
107,반여농산물시장역,해운대구
115-1,반여농산물시장역,해운대구
184,반여농산물시장역,해운대구
189-1,반여농산물시장역,해운대구
5-1,반여농산물도매시장,해운대구
43,반여농산물도매시장,해운대구
106,반여농산물도매시장,해운대구
129-1,반여농산물도매시장,해운대구
183,반여농산물도매시장,해운대구
189,반여농산물도매시장,해운대구
183-F,반여농산물도매시장,해운대구
38,당사입구,기장군
39,당사입구,기장군
40,당사입구,기장군
63,당사입구,기장군
139,당사입구,기장군
200,당사입구,기장군
1003-F,당사입구,기장군
38,내리,기장군
39,내리,기장군
40,내리,기장군
63,내리,기장군
139,내리,기장군
185,내리,기장군
200,내리,기장군
38,내리초등학교,기장군
39,내리초등학교,기장군
40,내리초등학교,기장군
63,내리초등학교,기장군
139,내리초등학교,기장군
185,내리초등학교,기장군
200,내리초등학교,기장군
1003,내리초등학교,기장군
3006,내리초등학교,기장군
1003-F,내리초등학교,기장군
36,반송보건지소,해운대구
115-1,반송보건지소,해운대구
129-1,반송보건지소,해운대구
183,반송보건지소,해운대구
189,반송보건지소,해운대구
189-1,반송보건지소,해운대구
183-F,반송보건지소,해운대구
기장군11,반송보건지소,해운대구
기장군11,반송1동주민센터,해운대구
189,반송주공아파트,해운대구
189-1,반송주공아파트,해운대구
189,고촌역.대진여객,해운대구
189-1,고촌역.대진여객,해운대구
189,송운초등학교,해운대구
189-1,송운초등학교,해운대구
189,본동,해운대구
189-1,본동,해운대구
5-1,풍산금속,해운대구
36,풍산금속,해운대구
43,풍산금속,해운대구
107,풍산금속,해운대구
115-1,풍산금속,해운대구
189-1,풍산금속,해운대구
115-1,반여농산물도매시장남문,해운대구
184,반여농산물도매시장남문,해운대구
189-1,반여농산물도매시장남문,해운대구
5-1,반여농산물도매시장동문,해운대구
36,반여농산물도매시장동문,해운대구
43,반여농산물도매시장동문,해운대구
107,반여농산물도매시장동문,해운대구
5-1,중리,해운대구
36,중리,해운대구
43,중리,해운대구
107,중리,해운대구
115-1,중리,해운대구
189-1,중리,해운대구
5-1,반석초등학교,해운대구
36,반석초등학교,해운대구
43,반석초등학교,해운대구
107,반석초등학교,해운대구
115-1,반석초등학교,해운대구
189-1,반석초등학교,해운대구
5-1,중리,해운대구
36,중리,해운대구
43,중리,해운대구
107,중리,해운대구
115-1,중리,해운대구
189-1,중리,해운대구
115,디지털엣지코리아,해운대구
115,부산디자인진흥원,해운대구
189,반송도개공입구,해운대구
189-1,반송도개공입구,해운대구
189,남흥아파트,해운대구
189-1,남흥아파트,해운대구
189,반송주공아파트입구,해운대구
189,반송주공아파트입구,해운대구
189-1,반송주공아파트입구,해운대구
189-1,반송주공아파트입구,해운대구
189,반송주공아파트,해운대구
189-1,반송주공아파트,해운대구
189,삼한아파트,해운대구
189,삼한아파트,해운대구
189-1,삼한아파트,해운대구
189-1,삼한아파트,해운대구
189,반송주공아파트입구,해운대구
189,반송주공아파트입구,해운대구
189-1,반송주공아파트입구,해운대구
189-1,반송주공아파트입구,해운대구
44,반여2동,해운대구
52,반여2동,해운대구
115,반여2동,해운대구
115-1,반여2동,해운대구
144,반여2동,해운대구
155,반여2동,해운대구
189-1,반여2동,해운대구
44,수협장산지점,해운대구
52,수협장산지점,해운대구
115,수협장산지점,해운대구
115-1,수협장산지점,해운대구
144,수협장산지점,해운대구
155,수협장산지점,해운대구
189-1,수협장산지점,해운대구
5-1,반산초등학교,해운대구
115,반산초등학교,해운대구
115-1,반산초등학교,해운대구
144,반산초등학교,해운대구
155,반산초등학교,해운대구
189-1,반산초등학교,해운대구
해운대구1,반산초등학교,해운대구
해운대구3,반산초등학교,해운대구
5-1,반여시장입구,해운대구
44,반여시장입구,해운대구
52,반여시장입구,해운대구
5-1,더샵센텀그린,해운대구
44,더샵센텀그린,해운대구
52,더샵센텀그린,해운대구
5-1,재송삼익아파트,해운대구
44,재송삼익아파트,해운대구
52,재송삼익아파트,해운대구
5-1,반여시장,해운대구
44,반여시장,해운대구
52,반여시장,해운대구
5-1,해운대구건강생활지원센터,해운대구
44,해운대구건강생활지원센터,해운대구
52,해운대구건강생활지원센터,해운대구
5-1,센텀파미르아파트,해운대구
44,센텀파미르아파트,해운대구
52,센텀파미르아파트,해운대구
5-1,반여시장입구,해운대구
44,반여시장입구,해운대구
52,반여시장입구,해운대구
5-1,재송삼익아파트,해운대구
44,재송삼익아파트,해운대구
52,재송삼익아파트,해운대구
5-1,반여시장,해운대구
44,반여시장,해운대구
52,반여시장,해운대구
5-1,해운대구건강생활지원센터,해운대구
44,해운대구건강생활지원센터,해운대구
52,해운대구건강생활지원센터,해운대구
해운대구1,반여시장입구,해운대구
해운대구3,반여시장입구,해운대구
해운대구1,센텀파미르,해운대구
해운대구3,센텀파미르,해운대구
해운대구1,재송삼익아파트,해운대구
해운대구3,재송삼익아파트,해운대구
31,원동IC교차로,해운대구
44,원동IC교차로,해운대구
52,원동IC교차로,해운대구
144,원동IC교차로,해운대구
189-1,원동IC교차로,해운대구
200,원동IC교차로,해운대구
1002,원동IC교차로,해운대구
506,일동아파트,해운대구
동래구6,송보자유아파트,해운대구
동래구6-1,송보자유아파트,해운대구
506,센텀SK뷰아파트,해운대구
506,안락현대아파트,동래구
동래구6,우방아파트,해운대구
동래구6-1,우방아파트,해운대구
동래구6,센텀SK뷰아파트113동,해운대구
동래구6-1,센텀SK뷰아파트113동,해운대구
506,벽산한솔타운,해운대구
506,센텀강변현대아파트,해운대구
506,센텀SD아파트정문,해운대구
506,센텀SD아파트후문,해운대구
506,우신아파트,해운대구
506,대우아파트,금정구
506,일동아파트,해운대구
동래구6,송보자유아파트,해운대구
동래구6-1,송보자유아파트,해운대구
동래구6,벽산한솔타운아파트,해운대구
금정구6,벽산한솔타운아파트,해운대구
36,무정리길,해운대구
115,무정리길,해운대구
금정구6,선수촌아파트118동,해운대구
동래구6-1,인지초등학교,해운대구
금정구6,인지초등학교,해운대구
동래구6-1,선수촌아파트정문,해운대구
동래구6-1,센텀롯데캐슬3차아파트,해운대구
36,무정초등학교,해운대구
115,무정초등학교,해운대구
동래구6-1,무정초등학교,해운대구
금정구6,무정초등학교,해운대구
155,부일교회,해운대구
189-1,부일교회,해운대구
155,재송시장입구,해운대구
189-1,재송시장입구,해운대구
해운대구3,해운대경찰서,해운대구
해운대구3-2,해운대경찰서,해운대구
31,해운대경찰서,해운대구
107,해운대경찰서,해운대구
144,해운대경찰서,해운대구
155,해운대경찰서,해운대구
200,해운대경찰서,해운대구
1002,해운대경찰서,해운대구
31,동해선재송역,해운대구
107,동해선재송역,해운대구
144,동해선재송역,해운대구
189-1,동해선재송역,해운대구
200,동해선재송역,해운대구
해운대구3,해운대경찰서,해운대구
31,해운대경찰서,해운대구
107,해운대경찰서,해운대구
144,해운대경찰서,해운대구
155,해운대경찰서,해운대구
200,해운대경찰서,해운대구
1002,해운대경찰서,해운대구
144,센텀동부센트레빌,해운대구
144,재송농협,해운대구
31,동부지청어귀교차로,해운대구
100,동부지청어귀교차로,해운대구
100-1,동부지청어귀교차로,해운대구
107,동부지청어귀교차로,해운대구
155,동부지청어귀교차로,해운대구
200,동부지청어귀교차로,해운대구
115-1,재송초등학교,해운대구
115-1,재송노인복지회관,해운대구
해운대구3-1,유창맨션,해운대구
해운대구3-1,재송초등학교,해운대구
5-1,재송농협,해운대구
115,재송농협,해운대구
144,재송농협,해운대구
5-1,센텀동부센트레빌,해운대구
115,센텀동부센트레빌,해운대구
144,센텀동부센트레빌,해운대구
115-1,재송농협,해운대구
해운대구3-1,재송농협,해운대구
155,재송시장입구,해운대구
189-1,재송시장입구,해운대구
155,부일교회,해운대구
189-1,부일교회,해운대구
해운대구3,부일교회,해운대구
해운대구3,재송시장,해운대구
36,인지중학교,해운대구
115,인지중학교,해운대구
36,무정리길,해운대구
115,무정리길,해운대구
동래구6-1,선수촌아파트정문,해운대구
금정구6,선수촌아파트정문,해운대구
동래구6-1,센텀롯데캐슬3차아파트,해운대구
동래구6-1,센텀롯데캐슬아파트,해운대구
44,반여3동,해운대구
52,반여3동,해운대구
115,반여3동,해운대구
115-1,반여3동,해운대구
144,반여3동,해운대구
155,반여3동,해운대구
189-1,반여3동,해운대구
115,반여초등학교,해운대구
115-1,반여초등학교,해운대구
155,반여초등학교,해운대구
189-1,반여초등학교,해운대구
36,인지중학교,해운대구
115,인지중학교,해운대구
금정구6,인지초등학교,해운대구
금정구6,영진종합사회복지관,해운대구
184,반여농산물시장서문,해운대구
38,동해선송정역,해운대구
39,동해선송정역,해운대구
40,동해선송정역,해운대구
63,동해선송정역,해운대구
139,동해선송정역,해운대구
200,동해선송정역,해운대구
3006,동해선송정역,해운대구
1003-F,동해선송정역,해운대구
38,송정2휴먼시아,해운대구
39,송정2휴먼시아,해운대구
40,송정2휴먼시아,해운대구
63,송정2휴먼시아,해운대구
139,송정2휴먼시아,해운대구
200,송정2휴먼시아,해운대구
1001,송정2휴먼시아,해운대구
1003,송정2휴먼시아,해운대구
1003-F,송정2휴먼시아,해운대구
100-1,송정해수욕장입구(기종점),해운대구
141,송정해수욕장입구(기종점),해운대구
141-F,송정해수욕장입구(기종점),해운대구
38,브라보주유소,해운대구
39,브라보주유소,해운대구
40,브라보주유소,해운대구
63,브라보주유소,해운대구
139,브라보주유소,해운대구
200,브라보주유소,해운대구
100,송정,해운대구
181,송정,해운대구
185,송정,해운대구
100,송정해수욕장,해운대구
181,송정해수욕장,해운대구
185,송정해수욕장,해운대구
31,송정1단지주공,해운대구
38,송정1단지주공,해운대구
39,송정1단지주공,해운대구
40,송정1단지주공,해운대구
63,송정1단지주공,해운대구
100,송정1단지주공,해운대구
100-1,송정1단지주공,해운대구
139,송정1단지주공,해운대구
141,송정1단지주공,해운대구
181,송정1단지주공,해운대구
200,송정1단지주공,해운대구
307,송정1단지주공,해운대구
141-F,송정1단지주공,해운대구
36,반송시장,해운대구
115-1,반송시장,해운대구
129-1,반송시장,해운대구
183,반송시장,해운대구
189,반송시장,해운대구
189-1,반송시장,해운대구
183-F,반송시장,해운대구
기장군11,반송시장,해운대구
36,반송우체국.영산대역,해운대구
115-1,반송우체국.영산대역,해운대구
129-1,반송우체국.영산대역,해운대구
183,반송우체국.영산대역,해운대구
189,반송우체국.영산대역,해운대구
189-1,반송우체국.영산대역,해운대구
183-F,반송우체국.영산대역,해운대구
기장군11,반송골목시장,해운대구
기장군11,영산대학교입구,해운대구
기장군11,성주탕,해운대구
기장군11,반송골목시장,해운대구
기장군11,영산대학교입구,해운대구
기장군11,성주탕,해운대구
기장군11,모던홈마트,해운대구
5-1,장산초등학교,해운대구
43,장산초등학교,해운대구
107,장산초등학교,해운대구
155,장산초등학교,해운대구
5-1,한화꿈에그린아파트,해운대구
43,한화꿈에그린아파트,해운대구
107,한화꿈에그린아파트,해운대구
155,한화꿈에그린아파트,해운대구
금정구6,장산중학교.꿈에그린아파트,해운대구
5-1,반여동부산은행,해운대구
43,반여동부산은행,해운대구
107,반여동부산은행,해운대구
155,반여동부산은행,해운대구
금정구6,왕자아파트.반여동부산은행,해운대구
44,반여3동,해운대구
52,반여3동,해운대구
115,반여3동,해운대구
115-1,반여3동,해운대구
144,반여3동,해운대구
155,반여3동,해운대구
189-1,반여3동,해운대구
44,수협장산지점,해운대구
52,수협장산지점,해운대구
115,수협장산지점,해운대구
115-1,수협장산지점,해운대구
144,수협장산지점,해운대구
155,수협장산지점,해운대구
189-1,수협장산지점,해운대구
44,반여2동,해운대구
52,반여2동,해운대구
115,반여2동,해운대구
115-1,반여2동,해운대구
144,반여2동,해운대구
155,반여2동,해운대구
189-1,반여2동,해운대구
5-1,동부지청,해운대구
115,동부지청,해운대구
115-1,동부지청,해운대구
144,동부지청,해운대구
155,동부지청,해운대구
189-1,동부지청,해운대구
해운대구3-1,동부지청입구,해운대구
해운대구3,동부지청입구,해운대구
해운대구3-1,동부지청입구,해운대구
5-1,반산초등학교,해운대구
115,반산초등학교,해운대구
115-1,반산초등학교,해운대구
144,반산초등학교,해운대구
155,반산초등학교,해운대구
189-1,반산초등학교,해운대구
해운대구1,남성선파크타운,해운대구
해운대구3,남성선파크타운,해운대구
해운대구3-1,남성선파크타운,해운대구
5-1,재송중학교,해운대구
115,재송중학교,해운대구
115-1,재송중학교,해운대구
144,재송중학교,해운대구
155,재송중학교,해운대구
189-1,재송중학교,해운대구
5-1,재송그린아파트,해운대구
115,재송그린아파트,해운대구
115-1,재송그린아파트,해운대구
144,재송그린아파트,해운대구
155,재송그린아파트,해운대구
189-1,재송그린아파트,해운대구
해운대구3,재송그린아파트,해운대구
해운대구3-1,재송그린아파트,해운대구
해운대구3,재송중학교,해운대구
해운대구3-1,재송중학교,해운대구
5-1,재송그린아파트,해운대구
115,재송그린아파트,해운대구
115-1,재송그린아파트,해운대구
144,재송그린아파트,해운대구
155,재송그린아파트,해운대구
189-1,재송그린아파트,해운대구
해운대구3-1,재송그린아파트,해운대구
해운대구3-1,KT재송지사,해운대구
5-1,동부지청,해운대구
115,동부지청,해운대구
115-1,동부지청,해운대구
144,동부지청,해운대구
155,동부지청,해운대구
189-1,동부지청,해운대구
해운대구1,남성선파크타운,해운대구
해운대구3,남성선파크타운,해운대구
해운대구3-1,남성선파크타운,해운대구
36,무정초등학교,해운대구
115,무정초등학교,해운대구
동래구6-1,무정초등학교,해운대구
금정구6,무정초등학교,해운대구
동래구6-1,센텀롯데캐슬2차아파트,해운대구
36,무정삼거리,해운대구
115,무정삼거리,해운대구
금정구6,무정삼거리,해운대구
금정구6,드파인센텀.센텀스위첸,해운대구
동래구6-1,센텀롯데캐슬2차아파트,해운대구
해운대구3-1,센텀스타,해운대구
31,올림픽교차로환승센터,해운대구
39,올림픽교차로환승센터,해운대구
40,올림픽교차로환승센터,해운대구
63,올림픽교차로환승센터,해운대구
100,올림픽교차로환승센터,해운대구
100-1,올림픽교차로환승센터,해운대구
115-1,올림픽교차로환승센터,해운대구
141,올림픽교차로환승센터,해운대구
181,올림픽교차로환승센터,해운대구
200,올림픽교차로환승센터,해운대구
3006,올림픽교차로환승센터,해운대구
141-F,올림픽교차로환승센터,해운대구
해운대구3-1,홈플러스,해운대구
해운대구3-2,홈플러스,해운대구
해운대구3-2,홈플러스,해운대구
수영구2-1,홈플러스,해운대구
5-1,동해선벡스코역,해운대구
31,동해선벡스코역,해운대구
100,동해선벡스코역,해운대구
100-1,동해선벡스코역,해운대구
107,동해선벡스코역,해운대구
115,동해선벡스코역,해운대구
115-1,동해선벡스코역,해운대구
155,동해선벡스코역,해운대구
200,동해선벡스코역,해운대구
1002,동해선벡스코역,해운대구
5-1,센텀시티역.벡스코,해운대구
39,센텀시티역.벡스코,해운대구
40,센텀시티역.벡스코,해운대구
63,센텀시티역.벡스코,해운대구
115,센텀시티역.벡스코,해운대구
141,센텀시티역.벡스코,해운대구
155,센텀시티역.벡스코,해운대구
181,센텀시티역.벡스코,해운대구
185,센텀시티역.벡스코,해운대구
1001,센텀시티역.벡스코,해운대구
1002,센텀시티역.벡스코,해운대구
3001,센텀시티역.벡스코,해운대구
141-F,센텀시티역.벡스코,해운대구
해운대구3-1,센텀시티2번출구,해운대구
해운대구3-2,센텀시티2번출구,해운대구
수영구2-1,센텀시티2번출구,해운대구
307,벡스코,해운대구
307,벡스코,해운대구
5-1,센텀시티역.벡스코,해운대구
39,센텀시티역.벡스코,해운대구
40,센텀시티역.벡스코,해운대구
63,센텀시티역.벡스코,해운대구
107,센텀시티역.벡스코,해운대구
115,센텀시티역.벡스코,해운대구
141,센텀시티역.벡스코,해운대구
155,센텀시티역.벡스코,해운대구
181,센텀시티역.벡스코,해운대구
185,센텀시티역.벡스코,해운대구
1001,센텀시티역.벡스코,해운대구
1002,센텀시티역.벡스코,해운대구
141-F,센텀시티역.벡스코,해운대구
해운대구3-1,센텀시티1번출구,해운대구
해운대구3-2,센텀시티1번출구,해운대구
수영구2-1,센텀시티1번출구,해운대구
307,롯데백화점센텀시티점,해운대구
해운대구3-1,센텀시티4번출구,해운대구
해운대구3-2,센텀시티4번출구,해운대구
5-1,신세계센텀시티,해운대구
39,신세계센텀시티,해운대구
40,신세계센텀시티,해운대구
63,신세계센텀시티,해운대구
141,신세계센텀시티,해운대구
155,신세계센텀시티,해운대구
141-F,신세계센텀시티,해운대구
5-1,신세계센텀시티,해운대구
39,신세계센텀시티,해운대구
40,신세계센텀시티,해운대구
63,신세계센텀시티,해운대구
141,신세계센텀시티,해운대구
155,신세계센텀시티,해운대구
185,신세계센텀시티,해운대구
141-F,신세계센텀시티,해운대구
38,해강중고교,해운대구
185,해강중고교,해운대구
307,해강중고교,해운대구
1003,해강중고교,해운대구
1003-F,해강중고교,해운대구
31,벡스코.시립미술관,해운대구
39,벡스코.시립미술관,해운대구
40,벡스코.시립미술관,해운대구
63,벡스코.시립미술관,해운대구
100,벡스코.시립미술관,해운대구
100-1,벡스코.시립미술관,해운대구
115-1,벡스코.시립미술관,해운대구
141,벡스코.시립미술관,해운대구
181,벡스코.시립미술관,해운대구
185,벡스코.시립미술관,해운대구
200,벡스코.시립미술관,해운대구
3001,벡스코.시립미술관,해운대구
141-F,벡스코.시립미술관,해운대구
38,요트경기장,해운대구
38,해강중고교,해운대구
185,해강중고교,해운대구
307,해강중고교,해운대구
1003,해강중고교,해운대구
1003-F,해강중고교,해운대구
185,중동119안전센터,해운대구
200,중동119안전센터,해운대구
141-F,중동119안전센터,해운대구
185,동백초등학교,해운대구
200,동백초등학교,해운대구
141-F,동백초등학교,해운대구
185,중2동행정복지센터,해운대구
200,중2동행정복지센터,해운대구
141-F,중2동행정복지센터,해운대구
39,동백초등학교.해운대보건소,해운대구
100,동백초등학교.해운대보건소,해운대구
141,동백초등학교.해운대보건소,해운대구
1003-F,동백초등학교.해운대보건소,해운대구
40,신동아아파트,해운대구
40,아림비치맨션,해운대구
해운대구2,우성빌라트,해운대구
해운대구7,우성빌라트,해운대구
해운대구10,우성빌라트,해운대구
해운대구2,동백초등학교.힐스테이트위브아파트,해운대구
해운대구10,동백초등학교.힐스테이트위브아파트,해운대구
해운대구2,현우산호맨션,해운대구
해운대구7,현우산호맨션,해운대구
해운대구10,현우산호맨션,해운대구
해운대구2,동백초등학교.힐스테이트위브아파트,해운대구
해운대구10,동백초등학교.힐스테이트위브아파트,해운대구
해운대구2,SK뷰아파트,해운대구
해운대구7,SK뷰아파트,해운대구
해운대구2,경남선경아파트,해운대구
해운대구7,경남선경아파트,해운대구
해운대구10,경남선경아파트,해운대구
해운대구10,해월정사어귀삼거리,해운대구
해운대구10,새터,해운대구
해운대구10,슈퍼앞,해운대구
40,부대앞,해운대구
185,해운대해수욕장,해운대구
307,해운대해수욕장,해운대구
1003,해운대해수욕장,해운대구
1003-F,해운대해수욕장,해운대구
185,동백섬입구,해운대구
307,동백섬입구,해운대구
1003,동백섬입구,해운대구
1003-F,동백섬입구,해운대구
139,벽산아파트,해운대구
307,벽산아파트,해운대구
해운대구7,벽산아파트,해운대구
139,장산역.화목아파트,해운대구
307,장산역.화목아파트,해운대구
38,대우2차아파트,해운대구
40,대우2차아파트,해운대구
307,대우2차아파트,해운대구
39,한라아파트,해운대구
100,한라아파트,해운대구
115-1,한라아파트,해운대구
141,한라아파트,해운대구
200,한라아파트,해운대구
1003,한라아파트,해운대구
141-F,한라아파트,해운대구
1003-F,한라아파트,해운대구
해운대구7,한라아파트,해운대구
38,부흥고.해운대백병원,해운대구
39,부흥고.해운대백병원,해운대구
40,부흥고.해운대백병원,해운대구
100,부흥고.해운대백병원,해운대구
115-1,부흥고.해운대백병원,해운대구
139,부흥고.해운대백병원,해운대구
141,부흥고.해운대백병원,해운대구
200,부흥고.해운대백병원,해운대구
141-F,부흥고.해운대백병원,해운대구
38,동일아파트,해운대구
139,좌동재래시장입구,해운대구
185,좌동재래시장입구,해운대구
38,좌동재래시장,해운대구
1001,좌동재래시장,해운대구
100,대우아파트,해운대구
200,대우아파트,해운대구
해운대구2,대우.상록아파트,해운대구
해운대구10,대우.상록아파트,해운대구
185,해운대해수욕장,해운대구
307,해운대해수욕장,해운대구
1003,해운대해수욕장,해운대구
1003-F,해운대해수욕장,해운대구
307,그랜드조선부산호텔,해운대구
185,해운대해수욕장입구,해운대구
307,해운대해수욕장입구,해운대구
1003,해운대해수욕장입구,해운대구
1003-F,해운대해수욕장입구,해운대구
63,중동역.순복음교회,해운대구
100-1,중동역.순복음교회,해운대구
115-1,중동역.순복음교회,해운대구
181,중동역.순복음교회,해운대구
63,코오롱아파트,해운대구
100-1,코오롱아파트,해운대구
115-1,코오롱아파트,해운대구
181,코오롱아파트,해운대구
63,코오롱아파트,해운대구
100-1,코오롱아파트,해운대구
115-1,코오롱아파트,해운대구
181,코오롱아파트,해운대구
63,중동역.순복음교회,해운대구
100-1,중동역.순복음교회,해운대구
115-1,중동역.순복음교회,해운대구
181,중동역.순복음교회,해운대구
63,한일아파트,해운대구
100-1,한일아파트,해운대구
115-1,한일아파트,해운대구
181,한일아파트,해운대구
63,LH뜨란채아파트,해운대구
100-1,LH뜨란채아파트,해운대구
115-1,LH뜨란채아파트,해운대구
181,LH뜨란채아파트,해운대구
39,벽산아파트,해운대구
100,벽산아파트,해운대구
115-1,벽산아파트,해운대구
141,벽산아파트,해운대구
200,벽산아파트,해운대구
1003,벽산아파트,해운대구
141-F,벽산아파트,해운대구
1003-F,벽산아파트,해운대구
해운대구2,중1동,해운대구
해운대구7,중1동,해운대구
해운대구10,중1동,해운대구
39,중1동,해운대구
100,중1동,해운대구
115-1,중1동,해운대구
141,중1동,해운대구
185,중1동,해운대구
200,중1동,해운대구
141-F,중1동,해운대구
해운대구2,중1동,해운대구
해운대구7,중1동,해운대구
해운대구10,중1동,해운대구
해운대구2,해운대시장,해운대구
해운대구7,해운대시장,해운대구
해운대구10,해운대시장,해운대구
31,해운대구청,해운대구
39,해운대구청,해운대구
100,해운대구청,해운대구
115-1,해운대구청,해운대구
141,해운대구청,해운대구
200,해운대구청,해운대구
141-F,해운대구청,해운대구
해운대구2,해운대구청,해운대구
해운대구7,해운대구청,해운대구
해운대구10,해운대구청,해운대구
해운대구2,해운대도시철도역,해운대구
해운대구7,해운대도시철도역,해운대구
해운대구10,해운대도시철도역,해운대구
63,건널목삼거리,해운대구
100-1,건널목삼거리,해운대구
115-1,건널목삼거리,해운대구
181,건널목삼거리,해운대구
40,건널목삼거리,해운대구
63,건널목삼거리,해운대구
100-1,건널목삼거리,해운대구
115-1,건널목삼거리,해운대구
181,건널목삼거리,해운대구
40,건널목삼거리,해운대구
40,해운대고교,해운대구
40,해운대고교,해운대구
39,중1동,해운대구
100,중1동,해운대구
115-1,중1동,해운대구
141,중1동,해운대구
185,중1동,해운대구
200,중1동,해운대구
141-F,중1동,해운대구
39,미포.문탠로드입구,해운대구
100,미포.문탠로드입구,해운대구
141,미포.문탠로드입구,해운대구
185,미포.문탠로드입구,해운대구
200,미포.문탠로드입구,해운대구
1003,미포.문탠로드입구,해운대구
141-F,미포.문탠로드입구,해운대구
1003-F,미포.문탠로드입구,해운대구
해운대구2,미포.문탠로드입구,해운대구
해운대구7,미포.문탠로드입구,해운대구
해운대구10,미포.문탠로드입구,해운대구
200,중동119안전센터,해운대구
141-F,중동119안전센터,해운대구
200,동백초등학교,해운대구
141-F,동백초등학교,해운대구
200,중2동행정복지센터,해운대구
141-F,중2동행정복지센터,해운대구
39,동백중학교,해운대구
100,동백중학교,해운대구
141,동백중학교,해운대구
185,동백중학교,해운대구
1003,동백중학교,해운대구
1003-F,동백중학교,해운대구
185,장산역.웅신시네아트,해운대구
200,장산역.웅신시네아트,해운대구
115-1,장산역,해운대구
139,장산역,해운대구
307,장산역,해운대구
3006,장산역,해운대구
해운대구2,장산역,해운대구
해운대구7,장산역,해운대구
해운대구10,장산역,해운대구
185,장산역,해운대구
200,장산역,해운대구
39,동백중학교,해운대구
100,동백중학교,해운대구
141,동백중학교,해운대구
1003,동백중학교,해운대구
1003-F,동백중학교,해운대구
38,동일아파트,해운대구
38,이마트.중동역,해운대구
1001,이마트.중동역,해운대구
185,동백섬입구,해운대구
307,동백섬입구,해운대구
1003,동백섬입구,해운대구
1003-F,동백섬입구,해운대구
31,대동아파트,해운대구
38,대동아파트,해운대구
40,대동아파트,해운대구
63,대동아파트,해운대구
100-1,대동아파트,해운대구
115-1,대동아파트,해운대구
181,대동아파트,해운대구
1001,대동아파트,해운대구
31,대림1차아파트,해운대구
38,대림1차아파트,해운대구
40,대림1차아파트,해운대구
63,대림1차아파트,해운대구
100-1,대림1차아파트,해운대구
115-1,대림1차아파트,해운대구
181,대림1차아파트,해운대구
1001,대림1차아파트,해운대구
31,동부아파트,해운대구
38,동부아파트,해운대구
40,동부아파트,해운대구
63,동부아파트,해운대구
100-1,동부아파트,해운대구
115-1,동부아파트,해운대구
181,동부아파트,해운대구
1001,동부아파트,해운대구
31,동신아파트,해운대구
38,동신아파트,해운대구
40,동신아파트,해운대구
63,동신아파트,해운대구
100-1,동신아파트,해운대구
115-1,동신아파트,해운대구
181,동신아파트,해운대구
139,해운대교육지원청,해운대구
31,대림1차아파트,해운대구
38,대림1차아파트,해운대구
40,대림1차아파트,해운대구
63,대림1차아파트,해운대구
100-1,대림1차아파트,해운대구
115-1,대림1차아파트,해운대구
181,대림1차아파트,해운대구
1001,대림1차아파트,해운대구
31,대동아파트,해운대구
38,대동아파트,해운대구
40,대동아파트,해운대구
63,대동아파트,해운대구
100-1,대동아파트,해운대구
115-1,대동아파트,해운대구
181,대동아파트,해운대구
1001,대동아파트,해운대구
31,대림3차아파트,해운대구
40,대림3차아파트,해운대구
63,대림3차아파트,해운대구
100-1,대림3차아파트,해운대구
115-1,대림3차아파트,해운대구
181,대림3차아파트,해운대구
40,양운초등학교,해운대구
31,신도시시장.아세안문화원,해운대구
63,신도시시장.아세안문화원,해운대구
100-1,신도시시장.아세안문화원,해운대구
181,신도시시장.아세안문화원,해운대구
185,신도시시장.아세안문화원,해운대구
1001,신도시시장.아세안문화원,해운대구
38,부산문화여고,해운대구
38,요트경기장,해운대구
115-1,장산역13번출구,해운대구
63,한일아파트,해운대구
100-1,한일아파트,해운대구
115-1,한일아파트,해운대구
181,한일아파트,해운대구
100,현대아파트,해운대구
115-1,현대아파트,해운대구
141,현대아파트,해운대구
185,현대아파트,해운대구
200,현대아파트,해운대구
141-F,현대아파트,해운대구
해운대구2,현대아파트,해운대구
해운대구7,현대아파트,해운대구
해운대구10,현대아파트,해운대구
139,좌동재래시장입구,해운대구
185,좌동재래시장입구,해운대구
139,해운대교육지원청,해운대구
40,해운대구청어귀삼거리,해운대구
해운대구2,해운대구청어귀삼거리,해운대구
해운대구7,해운대구청어귀삼거리,해운대구
해운대구10,해운대구청어귀삼거리,해운대구
39,영남아파트,해운대구
100,영남아파트,해운대구
115-1,영남아파트,해운대구
141,영남아파트,해운대구
200,영남아파트,해운대구
1003,영남아파트,해운대구
141-F,영남아파트,해운대구
1003-F,영남아파트,해운대구
해운대구2,SK뷰아파트,해운대구
해운대구7,SK뷰아파트,해운대구
해운대구10,SK뷰아파트,해운대구
해운대구2,경남선경아파트,해운대구
해운대구7,경남선경아파트,해운대구
해운대구10,경남선경아파트,해운대구
39,상록아파트107동앞,해운대구
115-1,상록아파트107동앞,해운대구
100,대우아파트,해운대구
141,대우아파트,해운대구
200,대우아파트,해운대구
141-F,대우아파트,해운대구
해운대구2,대우.상록아파트,해운대구
해운대구10,대우.상록아파트,해운대구
39,SK뷰아파트,해운대구
115-1,SK뷰아파트,해운대구
141,SK뷰아파트,해운대구
141-F,SK뷰아파트,해운대구
39,해운대보건소,해운대구
100,해운대보건소,해운대구
141,해운대보건소,해운대구
185,해운대보건소,해운대구
1003-F,해운대보건소,해운대구
100,상록아파트,해운대구
115-1,상록아파트,해운대구
185,상록아파트,해운대구
200,상록아파트,해운대구
해운대구2,상록아파트,해운대구
해운대구7,상록아파트,해운대구
31,신도시시장.아세안문화원,해운대구
39,신도시시장.아세안문화원,해운대구
63,신도시시장.아세안문화원,해운대구
100,신도시시장.아세안문화원,해운대구
100-1,신도시시장.아세안문화원,해운대구
139,신도시시장.아세안문화원,해운대구
141,신도시시장.아세안문화원,해운대구
181,신도시시장.아세안문화원,해운대구
185,신도시시장.아세안문화원,해운대구
200,신도시시장.아세안문화원,해운대구
1001,신도시시장.아세안문화원,해운대구
1003,신도시시장.아세안문화원,해운대구
141-F,신도시시장.아세안문화원,해운대구
1003-F,신도시시장.아세안문화원,해운대구
38,부흥고.해운대백병원,해운대구
39,부흥고.해운대백병원,해운대구
40,부흥고.해운대백병원,해운대구
100,부흥고.해운대백병원,해운대구
115-1,부흥고.해운대백병원,해운대구
139,부흥고.해운대백병원,해운대구
141,부흥고.해운대백병원,해운대구
200,부흥고.해운대백병원,해운대구
1003,부흥고.해운대백병원,해운대구
141-F,부흥고.해운대백병원,해운대구
1003-F,부흥고.해운대백병원,해운대구
31,동신아파트,해운대구
38,동신아파트,해운대구
40,동신아파트,해운대구
63,동신아파트,해운대구
100-1,동신아파트,해운대구
115-1,동신아파트,해운대구
181,동신아파트,해운대구
31,동부아파트,해운대구
38,동부아파트,해운대구
40,동부아파트,해운대구
63,동부아파트,해운대구
100-1,동부아파트,해운대구
115-1,동부아파트,해운대구
181,동부아파트,해운대구
1001,동부아파트,해운대구
38,좌동재래시장,해운대구
1001,좌동재래시장,해운대구
40,신동아아파트,해운대구
40,공작맨션,해운대구
40,우1치안센터,해운대구
40,해운대관광고등학교,해운대구
40,공작맨션,해운대구
40,해운대관광고등학교,해운대구
40,우1치안센터,해운대구
185,요트경기장.경남마리나아파트,해운대구
307,요트경기장.경남마리나아파트,해운대구
1003,요트경기장.경남마리나아파트,해운대구
1003-F,요트경기장.경남마리나아파트,해운대구
185,대우마리나아파트,해운대구
307,대우마리나아파트,해운대구
1003,대우마리나아파트,해운대구
1003-F,대우마리나아파트,해운대구
185,요트경기장.경남마리나아파트,해운대구
307,요트경기장.경남마리나아파트,해운대구
1003,요트경기장.경남마리나아파트,해운대구
1003-F,요트경기장.경남마리나아파트,해운대구
185,대우마리나아파트,해운대구
307,대우마리나아파트,해운대구
1003,대우마리나아파트,해운대구
1003-F,대우마리나아파트,해운대구
해운대구2,우성빌라트,해운대구
해운대구7,우성빌라트,해운대구
해운대구10,우성빌라트,해운대구
해운대구2,현우산호맨션,해운대구
해운대구7,현우산호맨션,해운대구
해운대구10,현우산호맨션,해운대구
해운대구2,동해사,해운대구
해운대구7,동해사,해운대구
해운대구10,동해사,해운대구
31,송정1단지주공,해운대구
38,송정1단지주공,해운대구
39,송정1단지주공,해운대구
40,송정1단지주공,해운대구
63,송정1단지주공,해운대구
100,송정1단지주공,해운대구
100-1,송정1단지주공,해운대구
139,송정1단지주공,해운대구
141,송정1단지주공,해운대구
181,송정1단지주공,해운대구
185,송정1단지주공,해운대구
200,송정1단지주공,해운대구
307,송정1단지주공,해운대구
141-F,송정1단지주공,해운대구
38,송정해수욕장입구,해운대구
39,송정해수욕장입구,해운대구
40,송정해수욕장입구,해운대구
63,송정해수욕장입구,해운대구
139,송정해수욕장입구,해운대구
200,송정해수욕장입구,해운대구
1001,송정해수욕장입구,해운대구
1003,송정해수욕장입구,해운대구
3006,송정해수욕장입구,해운대구
1003-F,송정해수욕장입구,해운대구
185,광어골입구,해운대구
185,광어골입구,해운대구
185,광어골입구,해운대구
185,광어골입구,해운대구
185,KT송정타워,해운대구
185,KT송정타워,해운대구
139,해운대문화회관,해운대구
185,해운대문화회관,해운대구
115-1,동일아파트,해운대구
307,동일아파트,해운대구
38,이마트.중동역,해운대구
1001,이마트.중동역,해운대구
115-1,삼정코아아파트,해운대구
200,삼정코아아파트,해운대구
115-1,삼정코아아파트,해운대구
200,삼정코아아파트,해운대구
해운대구2,장산역,해운대구
해운대구7,장산역,해운대구
해운대구10,장산역,해운대구
38,장산역.해운대문화회관,해운대구
139,장산역.해운대문화회관,해운대구
185,장산역.해운대문화회관,해운대구
1001,장산역.해운대문화회관,해운대구
115-1,동일아파트,해운대구
307,동일아파트,해운대구
185,KT송정타워,해운대구
185,KT송정타워,해운대구
40,양운초등학교,해운대구
31,대림3차아파트,해운대구
40,대림3차아파트,해운대구
63,대림3차아파트,해운대구
100-1,대림3차아파트,해운대구
115-1,대림3차아파트,해운대구
181,대림3차아파트,해운대구
63,신성아파트,해운대구
100-1,신성아파트,해운대구
115-1,신성아파트,해운대구
181,신성아파트,해운대구
38,한마음스포츠센터,해운대구
38,한마음스포츠센터,해운대구
100-1,한마음스포츠센터,해운대구
100-1,한마음스포츠센터,해운대구
139,한마음스포츠센터,해운대구
40,우일시장,해운대구
40,부대앞,해운대구
39,영남아파트,해운대구
100,영남아파트,해운대구
115-1,영남아파트,해운대구
141,영남아파트,해운대구
200,영남아파트,해운대구
1003,영남아파트,해운대구
141-F,영남아파트,해운대구
1003-F,영남아파트,해운대구
38,해운대구청어귀삼거리,해운대구
40,해운대구청어귀삼거리,해운대구
63,해운대구청어귀삼거리,해운대구
100-1,해운대구청어귀삼거리,해운대구
115-1,해운대구청어귀삼거리,해운대구
181,해운대구청어귀삼거리,해운대구
1001,해운대구청어귀삼거리,해운대구
3006,해운대구청어귀삼거리,해운대구
39,미포.문탠로드입구,해운대구
100,미포.문탠로드입구,해운대구
141,미포.문탠로드입구,해운대구
185,미포.문탠로드입구,해운대구
200,미포.문탠로드입구,해운대구
1003,미포.문탠로드입구,해운대구
141-F,미포.문탠로드입구,해운대구
1003-F,미포.문탠로드입구,해운대구
해운대구2,미포.문탠로드입구,해운대구
해운대구7,미포.문탠로드입구,해운대구
해운대구10,미포.문탠로드입구,해운대구
31,해운대온천사거리,해운대구
39,해운대온천사거리,해운대구
100,해운대온천사거리,해운대구
115-1,해운대온천사거리,해운대구
141,해운대온천사거리,해운대구
185,해운대온천사거리,해운대구
200,해운대온천사거리,해운대구
307,해운대온천사거리,해운대구
1003,해운대온천사거리,해운대구
141-F,해운대온천사거리,해운대구
1003-F,해운대온천사거리,해운대구
해운대구2,해운대온천사거리,해운대구
해운대구7,해운대온천사거리,해운대구
해운대구10,해운대온천사거리,해운대구
185,해운대온천사거리,해운대구
307,해운대온천사거리,해운대구
1003,해운대온천사거리,해운대구
1003-F,해운대온천사거리,해운대구
40,우일시장,해운대구
해운대구10,새터,해운대구
해운대구10,슈퍼앞,해운대구
해운대구2,청사포,해운대구
해운대구7,청사포,해운대구
해운대구10,청사포,해운대구
해운대구10,해월정사어귀삼거리,해운대구
해운대구2,중동119안전센터,해운대구
해운대구7,중동119안전센터,해운대구
해운대구10,중동119안전센터,해운대구
해운대구7,중동우체국,해운대구
해운대구2,중동119안전센터,해운대구
해운대구7,중동119안전센터,해운대구
해운대구10,중동119안전센터,해운대구
해운대구2,일신하일라빌라.경동메르빌골드,해운대구
해운대구7,일신하일라빌라.경동메르빌골드,해운대구
해운대구10,일신하일라빌라.경동메르빌골드,해운대구
해운대구2,일신하일라빌라.경동메르빌골드,해운대구
해운대구7,일신하일라빌라.경동메르빌골드,해운대구
해운대구10,일신하일라빌라.경동메르빌골드,해운대구
해운대구2,해월정입구,해운대구
해운대구7,해월정입구,해운대구
해운대구10,해월정입구,해운대구
해운대구2,달맞이요양병원,해운대구
해운대구7,달맞이요양병원,해운대구
해운대구10,달맞이요양병원,해운대구
해운대구2,해월정입구,해운대구
해운대구7,해월정입구,해운대구
해운대구10,해월정입구,해운대구
해운대구2,달맞이요양병원,해운대구
해운대구7,달맞이요양병원,해운대구
해운대구10,달맞이요양병원,해운대구
해운대구2,송림마트,해운대구
해운대구7,송림마트,해운대구
해운대구10,송림마트,해운대구
해운대구2,송림마트,해운대구
해운대구7,송림마트,해운대구
해운대구10,송림마트,해운대구
해운대구2,달맞이성당,해운대구
해운대구7,달맞이성당,해운대구
해운대구10,달맞이성당,해운대구
해운대구2,달맞이성당,해운대구
해운대구7,달맞이성당,해운대구
해운대구10,달맞이성당,해운대구
해운대구2,추리문학관,해운대구
해운대구7,추리문학관,해운대구
해운대구10,추리문학관,해운대구
해운대구2,추리문학관,해운대구
해운대구7,추리문학관,해운대구
해운대구10,추리문학관,해운대구
해운대구2,동해사,해운대구
해운대구7,동해사,해운대구
해운대구10,동해사,해운대구
금정구6,반여동탑마트,해운대구
5-1,삼어교입구.선수촌아파트,해운대구
43,삼어교입구.선수촌아파트,해운대구
107,삼어교입구.선수촌아파트,해운대구
155,삼어교입구.선수촌아파트,해운대구
5-1,장산초등학교,해운대구
43,장산초등학교,해운대구
107,장산초등학교,해운대구
155,장산초등학교,해운대구
5-1,한화꿈에그린아파트,해운대구
43,한화꿈에그린아파트,해운대구
107,한화꿈에그린아파트,해운대구
155,한화꿈에그린아파트,해운대구
금정구6,반여1동행정복지센터,해운대구
38,브라보주유소,해운대구
39,브라보주유소,해운대구
40,브라보주유소,해운대구
63,브라보주유소,해운대구
139,브라보주유소,해운대구
200,브라보주유소,해운대구
38,송정2휴먼시아,해운대구
39,송정2휴먼시아,해운대구
40,송정2휴먼시아,해운대구
63,송정2휴먼시아,해운대구
139,송정2휴먼시아,해운대구
200,송정2휴먼시아,해운대구
1001,송정2휴먼시아,해운대구
1003,송정2휴먼시아,해운대구
1003-F,송정2휴먼시아,해운대구
38,동해선송정역,해운대구
39,동해선송정역,해운대구
40,동해선송정역,해운대구
63,동해선송정역,해운대구
139,동해선송정역,해운대구
200,동해선송정역,해운대구
3006,동해선송정역,해운대구
1003-F,동해선송정역,해운대구
38,송정해수욕장입구,해운대구
39,송정해수욕장입구,해운대구
40,송정해수욕장입구,해운대구
63,송정해수욕장입구,해운대구
139,송정해수욕장입구,해운대구
200,송정해수욕장입구,해운대구
1001,송정해수욕장입구,해운대구
1003,송정해수욕장입구,해운대구
3006,송정해수욕장입구,해운대구
1003-F,송정해수욕장입구,해운대구
115,동해선센텀역,해운대구
307,동해선센텀역,해운대구
115,더샵센텀스타아파트,해운대구
307,더샵센텀스타아파트,해운대구
36,왕자맨션,해운대구
115,왕자맨션,해운대구
해운대구1,혜성골든타운,해운대구
해운대구3,혜성골든타운,해운대구
해운대구3-1,혜성골든타운,해운대구
해운대구1,센텀글로리아아파트,해운대구
해운대구1,센텀글로리아아파트,해운대구
해운대구3,센텀글로리아아파트,해운대구
해운대구3-1,센텀글로리아아파트,해운대구
해운대구1,센텀그린타워아파트,해운대구
해운대구3,센텀그린타워아파트,해운대구
해운대구3-1,센텀그린타워아파트,해운대구
해운대구1,센텀동국아파트,해운대구
해운대구3,센텀동국아파트,해운대구
해운대구3-1,센텀동국아파트,해운대구
해운대구3-1,KT재송지사,해운대구
5-1,반석초등학교,해운대구
36,반석초등학교,해운대구
43,반석초등학교,해운대구
107,반석초등학교,해운대구
115-1,반석초등학교,해운대구
189-1,반석초등학교,해운대구
5-1,왕자맨션,해운대구
43,왕자맨션,해운대구
107,왕자맨션,해운대구
155,왕자맨션,해운대구
금정구6,영원프라자,해운대구
36,왕자맨션,해운대구
115,왕자맨션,해운대구
사하구3,삼경아파트후문,사하구
사하구3,부경보건고등학교,사하구
사하구3,장림여중,사하구
사하구3,부경보건고등학교,사하구
사하구3,삼경아파트후문,사하구
사하구3,장림여중,사하구
사하구3,협진태양맨션,사하구
사하구3,협진태양맨션,사하구
사하구3,장림2치안센터,사하구
사하구6,강남아파트,사하구
사하구6,국제마마아파트,사하구
사하구6,벽산마마아파트,사하구
사하구6,강남아파트,사하구
사하구6,국제마마아파트,사하구
사하구6,협성르네상스,사하구
3,벽산아파트,사하구
103,벽산아파트,사하구
3,동원자동차정비공업사,사하구
103,동원자동차정비공업사,사하구
사하구6,103번종점,사하구
사하구6,자연병원,사하구
사하구6,벽산마마아파트,사하구
3,벽산아파트,사하구
3,협성르네상스타운아파트,사하구
3,부산현대미술관,사하구
55,부산현대미술관,사하구
58,부산현대미술관,사하구
58-1,부산현대미술관,사하구
58-2,부산현대미술관,사하구
122,부산현대미술관,사하구
124,부산현대미술관,사하구
128-1,부산현대미술관,사하구
161,부산현대미술관,사하구
171,부산현대미술관,사하구
172,부산현대미술관,사하구
3,동매교사거리,사하구
124,동매교사거리,사하구
171,동매교사거리,사하구
103,사남초등학교,사하구
138,사남초등학교,사하구
3001,사남초등학교,사하구
103,사남신익아파트,사하구
138,사남신익아파트,사하구
103,신평배고개,사하구
138,신평배고개,사하구
3,신평,사하구
103,신평,사하구
138,신평,사하구
3,신평배고개,사하구
103,신평배고개,사하구
138,신평배고개,사하구
113,한성기린APT,사하구
124,한성기린APT,사하구
171,한성기린APT,사하구
사하구14,원영조선,사하구
사하구14,정현냉동,사하구
96-1,정현냉동,사하구
96-1,구평삼거리,사하구
6,부산천연가스발전소,사하구
16,부산천연가스발전소,사하구
96-1,부산천연가스발전소,사하구
171,부산천연가스발전소,사하구
172,부산천연가스발전소,사하구
3006,부산천연가스발전소,사하구
사하구1,감천1동주민센터,사하구
사하구1-1,감천1동주민센터,사하구
사하구1,부일고등학교,사하구
사하구1-1,부일고등학교,사하구
61,수협,사하구
61,감천우체국,사하구
61,감천2동,사하구
6,감천사거리,사하구
9,감천사거리,사하구
16,감천사거리,사하구
61,감천사거리,사하구
96-1,감천사거리,사하구
171,감천사거리,사하구
172,감천사거리,사하구
3006,감천사거리,사하구
6,남성한빛가든,사하구
9,남성한빛가든,사하구
16,남성한빛가든,사하구
61,남성한빛가든,사하구
96-1,남성한빛가든,사하구
171,남성한빛가든,사하구
172,남성한빛가든,사하구
6,감천초등학교,사하구
9,감천초등학교,사하구
16,감천초등학교,사하구
61,감천초등학교,사하구
96-1,감천초등학교,사하구
171,감천초등학교,사하구
172,감천초등학교,사하구
9,감천119안전센터,사하구
서구2-2,감천119안전센터,사하구
서구2-2,감천초등학교,사하구
서구2-2,대한수산,사하구
서구2-2,원스탑마트,사하구
서구2-2,감천2동,사하구
사하구1,감천2동,사하구
사하구1-1,감천2동,사하구
서구2-2,감천사거리,사하구
사하구1,감천사거리,사하구
사하구1-1,감천사거리,사하구
서구2-2,수협,사하구
사하구1,수협,사하구
사하구1-1,수협,사하구
11,대티터널입구,사하구
103,대티터널입구,사하구
126,대티터널입구,사하구
161,대티터널입구,사하구
96-1,두송중학교,사하구
96-1,대선조선,사하구
96-1,두송중학교,사하구
사하구14,한진해운,사하구
96-1,인터지스보세창고,사하구
사하구14,(주)모든석유(세방),사하구
96-1,세방,사하구
96-1,인터지스보세창고,사하구
사하구14,(주)모든석유(세방),사하구
96-1,세방,사하구
사하구14,안구평,사하구
사하구14,정현냉동,사하구
96-1,구평동,사하구
96-1,정현냉동,사하구
사하구6,두송복지관,사하구
사하구8,두송복지관,사하구
사하구6,주공4지구117,사하구
사하구8,주공4지구117,사하구
사하구6,주공4지구120,사하구
사하구8,주공4지구120,사하구
사하구6,다송중학교,사하구
사하구8,다송중학교,사하구
96-1,다송중학교,사하구
3,을숙도문화회관,사하구
55,을숙도문화회관,사하구
58,을숙도문화회관,사하구
58-1,을숙도문화회관,사하구
58-2,을숙도문화회관,사하구
122,을숙도문화회관,사하구
124,을숙도문화회관,사하구
128-1,을숙도문화회관,사하구
161,을숙도문화회관,사하구
171,을숙도문화회관,사하구
172,을숙도문화회관,사하구
2000,을숙도문화회관,사하구
강서구7,을숙도,사하구
강서구9-1,을숙도,사하구
강서구12,을숙도,사하구
강서구12-1,을숙도,사하구
강서구13,을숙도,사하구
강서구15,을숙도,사하구
강서구15-1,을숙도,사하구
강서구20,을숙도,사하구
강서구21,을숙도,사하구
3,을숙도문화회관,사하구
55,을숙도문화회관,사하구
58,을숙도문화회관,사하구
58-1,을숙도문화회관,사하구
58-2,을숙도문화회관,사하구
122,을숙도문화회관,사하구
124,을숙도문화회관,사하구
128-1,을숙도문화회관,사하구
161,을숙도문화회관,사하구
171,을숙도문화회관,사하구
172,을숙도문화회관,사하구
2000,을숙도문화회관,사하구
강서구7,을숙도,사하구
강서구9-1,을숙도,사하구
강서구12,을숙도,사하구
강서구12-1,을숙도,사하구
강서구13,을숙도,사하구
강서구15,을숙도,사하구
강서구15-1,을숙도,사하구
강서구20,을숙도,사하구
강서구21,을숙도,사하구
2,신평2동교차로,사하구
11,신평2동교차로,사하구
58,신평2동교차로,사하구
124,신평2동교차로,사하구
172,신평2동교차로,사하구
338,신평2동교차로,사하구
2-F,신평2동교차로,사하구
2,한국주철관,사하구
11,한국주철관,사하구
58,한국주철관,사하구
124,한국주철관,사하구
172,한국주철관,사하구
338,한국주철관,사하구
2-F,한국주철관,사하구
사하구3-1,신평2동교차로,사하구
사하구6,신평2동교차로,사하구
사하구3-1,한국주철관,사하구
사하구6,한국주철관,사하구
사하구3-1,경도산업,사하구
사하구6,경도산업,사하구
사하구9,경도산업,사하구
사하구3-1,한창섬유,사하구
사하구6,한창섬유,사하구
113,코오롱·무지개아파트,사하구
124,코오롱·무지개아파트,사하구
138-1,코오롱·무지개아파트,사하구
161,코오롱·무지개아파트,사하구
113,동성화학,사하구
124,동성화학,사하구
138-1,동성화학,사하구
161,동성화학,사하구
113,삼진냉장,사하구
124,삼진냉장,사하구
138-1,삼진냉장,사하구
161,삼진냉장,사하구
2,동성화학,사하구
11,동성화학,사하구
58,동성화학,사하구
113,동성화학,사하구
138-1,동성화학,사하구
161,동성화학,사하구
172,동성화학,사하구
338,동성화학,사하구
2-F,동성화학,사하구
2,신평역,사하구
11,신평역,사하구
58,신평역,사하구
113,신평역,사하구
138-1,신평역,사하구
161,신평역,사하구
172,신평역,사하구
338,신평역,사하구
3007,신평역,사하구
2-F,신평역,사하구
2,한국주철관,사하구
11,한국주철관,사하구
58,한국주철관,사하구
124,한국주철관,사하구
172,한국주철관,사하구
338,한국주철관,사하구
2-F,한국주철관,사하구
2,신평2동교차로,사하구
11,신평2동교차로,사하구
58,신평2동교차로,사하구
124,신평2동교차로,사하구
172,신평2동교차로,사하구
338,신평2동교차로,사하구
2-F,신평2동교차로,사하구
사하구3-1,신평2동교차로,사하구
사하구6,신평2동교차로,사하구
사하구3-1,한국주철관,사하구
사하구6,한국주철관,사하구
2,장림포구입구,사하구
11,장림포구입구,사하구
58,장림포구입구,사하구
124,장림포구입구,사하구
172,장림포구입구,사하구
338,장림포구입구,사하구
2-F,장림포구입구,사하구
사하구3-1,장림포구(서부산자동차),사하구
사하구6,장림포구(서부산자동차),사하구
2,신남초등학교,사하구
11,신남초등학교,사하구
58,신남초등학교,사하구
113,신남초등학교,사하구
138-1,신남초등학교,사하구
161,신남초등학교,사하구
172,신남초등학교,사하구
338,신남초등학교,사하구
2-F,신남초등학교,사하구
사하구3-1,신남초등교,사하구
사하구6,신남초등교,사하구
사하구9,신남초등교,사하구
11,신남초등학교,사하구
58,신남초등학교,사하구
113,신남초등학교,사하구
161,신남초등학교,사하구
172,신남초등학교,사하구
338,신남초등학교,사하구
11,가락타운2.3지구,사하구
58,가락타운2.3지구,사하구
113,가락타운2.3지구,사하구
161,가락타운2.3지구,사하구
172,가락타운2.3지구,사하구
338,가락타운2.3지구,사하구
2,강변아파트,사하구
138-1,강변아파트,사하구
2-F,강변아파트,사하구
2,가락타운104동,사하구
138-1,가락타운104동,사하구
2-F,가락타운104동,사하구
2,가락타운115동,사하구
138-1,가락타운115동,사하구
2-F,가락타운115동,사하구
2,장림1동행정복지센터,사하구
11,장림1동행정복지센터,사하구
172,장림1동행정복지센터,사하구
338,장림1동행정복지센터,사하구
2-F,장림1동행정복지센터,사하구
사하구5,장림1동주민센터,사하구
사하구6,장림1동주민센터,사하구
사하구9,장림1동주민센터,사하구
사하구3-1,동원로얄아파트입구,사하구
사하구5,동원로얄아파트입구,사하구
사하구9,동원로얄아파트입구,사하구
2,장림포구입구,사하구
11,장림포구입구,사하구
58,장림포구입구,사하구
124,장림포구입구,사하구
172,장림포구입구,사하구
338,장림포구입구,사하구
2-F,장림포구입구,사하구
사하구3-1,장림포구(서부산자동차),사하구
사하구6,장림포구(서부산자동차),사하구
사하구3-1,도시가스,사하구
사하구5,도시가스,사하구
사하구3-1,일진종합상사,사하구
사하구5,일진종합상사,사하구
172,장림초등학교,사하구
사하구3,장림초등학교,사하구
사하구5,장림초등학교,사하구
2,장림중소기업은행,사하구
11,장림중소기업은행,사하구
172,장림중소기업은행,사하구
338,장림중소기업은행,사하구
2-F,장림중소기업은행,사하구
2,장림시장,사하구
11,장림시장,사하구
172,장림시장,사하구
338,장림시장,사하구
2-F,장림시장,사하구
사하구3,장림시장,사하구
사하구5,장림시장,사하구
사하구6,장림시장,사하구
사하구3,중소기업은행,사하구
사하구5,중소기업은행,사하구
사하구6,중소기업은행,사하구
58-2,대광고등학교,사하구
113,대광고등학교,사하구
58-2,동매교사거리,사하구
113,동매교사거리,사하구
2,당리중학교,사하구
11,당리중학교,사하구
16,당리중학교,사하구
113,당리중학교,사하구
126,당리중학교,사하구
138,당리중학교,사하구
2-F,당리중학교,사하구
11,사하구청.당리역,사하구
113,사하구청.당리역,사하구
2,사하구청.당리역,사하구
3,사하구청.당리역,사하구
16,사하구청.당리역,사하구
58-2,사하구청.당리역,사하구
124,사하구청.당리역,사하구
126,사하구청.당리역,사하구
138,사하구청.당리역,사하구
171,사하구청.당리역,사하구
1001,사하구청.당리역,사하구
2-F,사하구청.당리역,사하구
사하구2,사동초등학교,사하구
사하구2,푸르지오아파트,사하구
103,신평시장,사하구
138,신평시장,사하구
138-1,신평시장,사하구
161,신평시장,사하구
113,동매역,사하구
124,동매역,사하구
138-1,동매역,사하구
161,동매역,사하구
103,신평시장,사하구
113,신평시장,사하구
124,신평시장,사하구
138,신평시장,사하구
138-1,신평시장,사하구
161,신평시장,사하구
124,신평시장,사하구
171,신평시장,사하구
3001,신평시장,사하구
3,동매역,사하구
103,동매역,사하구
138,동매역,사하구
103,동매역,사하구
124,동매역,사하구
138,동매역,사하구
138-1,동매역,사하구
161,동매역,사하구
사하구9,사하소방서 사하우체국,사하구
3,신평,사하구
103,신평,사하구
113,신평,사하구
138,신평,사하구
3,배고개,사하구
103,배고개,사하구
113,배고개,사하구
138,배고개,사하구
113,삼진냉장,사하구
124,삼진냉장,사하구
138-1,삼진냉장,사하구
161,삼진냉장,사하구
113,코오롱·무지개아파트,사하구
124,코오롱·무지개아파트,사하구
138-1,코오롱·무지개아파트,사하구
161,코오롱·무지개아파트,사하구
사하구9,롯데마트,사하구
109,강서체육공원,강서구
307,강서체육공원,강서구
109,신덕삼거리,강서구
307,신덕삼거리,강서구
강서구11,강서체육공원복지회관,강서구
강서구13,강서체육공원복지회관,강서구
123,대저119안전센터,강서구
307,대저119안전센터,강서구
강서구11,대저119안전센터,강서구
강서구13,대저119안전센터,강서구
강서구19,대저119안전센터,강서구
123,수로다리,강서구
127,수로다리,강서구
1004-F,수로다리,강서구
109,강서구청역,강서구
강서구11,대저농협,강서구
109,경전철덕두역,강서구
109,경전철덕두역,강서구
307,경전철덕두역,강서구
강서구11,국제화물청사,강서구
강서구13,국제화물청사,강서구
강서구13,국제화물청사,강서구
강서구11,공항파출소.덕두역,강서구
강서구13,공항파출소.덕두역,강서구
강서구13,공항파출소.덕두역,강서구
109,경전철덕두역,강서구
109,경전철덕두역,강서구
307,경전철덕두역,강서구
강서구13,덕두역,강서구
강서구13,덕두역,강서구
강서구7-1,신덕복지회관,강서구
강서구7-2,신덕복지회관,강서구
강서구15,신덕복지회관,강서구
강서구7-1,딴치,강서구
강서구7-2,딴치,강서구
강서구15,딴치,강서구
강서구7-1,핏대섬새동네,강서구
강서구7-2,핏대섬새동네,강서구
강서구15,핏대섬새동네,강서구
강서구7-1,농협공판장,강서구
강서구7-2,농협공판장,강서구
강서구15,농협공판장,강서구
강서구7-1,강동동행정복지센터,강서구
강서구7-2,강동동행정복지센터,강서구
강서구15,강동동행정복지센터,강서구
강서구7-1,강동치안센터,강서구
강서구7-2,강동치안센터,강서구
강서구15,강동치안센터,강서구
강서구7-1,강서해수랜드,강서구
강서구7-2,강서해수랜드,강서구
강서구15,강서해수랜드,강서구
109,국제선청사,강서구
109,국제선청사,강서구
307,국제선청사,강서구
3003,국제선청사,강서구
109,명지시장,강서구
55,성산,강서구
3005,성산,강서구
3007,성산,강서구
강서구7,장락새동네,강서구
강서구12,장락새동네,강서구
강서구12-1,장락새동네,강서구
강서구12,생곡삼거리,강서구
강서구12-1,생곡삼거리,강서구
강서구7,성산삼거리,강서구
강서구9,성산삼거리,강서구
강서구12,성산삼거리,강서구
강서구12-1,성산삼거리,강서구
강서구16,성산삼거리,강서구
강서구7,성산,강서구
강서구9,성산,강서구
강서구12,성산,강서구
강서구12-1,성산,강서구
강서구16,성산,강서구
강서구7,장락,강서구
강서구12,장락,강서구
강서구12-1,장락,강서구
58,성산2구,강서구
161,성산2구,강서구
58,녹산중학교,강서구
161,녹산중학교,강서구
58,성산다리,강서구
161,성산다리,강서구
58,녹명초등학교,강서구
161,녹명초등학교,강서구
강서구9,본녹산녹명초등학교,강서구
강서구9-1,본녹산녹명초등학교,강서구
강서구16,본녹산녹명초등학교,강서구
강서구9,녹산중학교,강서구
강서구9-1,녹산중학교,강서구
강서구16,녹산중학교,강서구
강서구9,성산,강서구
강서구9-1,성산,강서구
강서구16,성산,강서구
강서구9,성산2구,강서구
강서구9-1,성산2구,강서구
강서구16,성산2구,강서구
58-1,명지시장,강서구
124,명지시장,강서구
128-1,명지시장,강서구
171,명지시장,강서구
강서구7,명지시장,강서구
강서구7,명지시장,강서구
강서구9-1,명지시장,강서구
강서구9-1,명지시장,강서구
강서구12,명지시장,강서구
강서구12,명지시장,강서구
강서구13,명지시장,강서구
강서구13,명지시장,강서구
강서구15,명지시장,강서구
강서구15,명지시장,강서구
강서구20,명지시장,강서구
강서구21,명지시장,강서구
강서구21,명지시장,강서구
강서구22,명지시장,강서구
58-1,명지새동네,강서구
124,명지새동네,강서구
128-1,명지새동네,강서구
171,명지새동네,강서구
2000,명지새동네,강서구
강서구8-1,명지새동네,강서구
강서구20,명지새동네,강서구
강서구22,명지새동네,강서구
3007,차량등록사업소,강서구
강서구8,차량등록사업소,강서구
172,명지신도시,강서구
2000,명지신도시,강서구
3006,명지신도시,강서구
58-1,삼성전기기숙사,강서구
58-1,삼성전기기숙사,강서구
55,삼성전기후문,강서구
58-1,삼성전기후문,강서구
124,삼성전기후문,강서구
강서구9-1,삼성전기후문,강서구
강서구9-1,동아밸브,강서구
강서구9-1,삼창기전,강서구
3,르노자동차남문,강서구
58-1,르노자동차남문,강서구
58-2,르노자동차남문,강서구
109,르노자동차남문,강서구
124,르노자동차남문,강서구
128-1,르노자동차남문,강서구
171,르노자동차남문,강서구
172,르노자동차남문,강서구
520,르노자동차남문,강서구
3006,르노자동차남문,강서구
3007,르노자동차남문,강서구
강서구9,르노자동차남문,강서구
강서구20,르노자동차남문,강서구
128-1,르노자동차정문,강서구
172,르노자동차정문,강서구
520,르노자동차정문,강서구
2000,르노자동차정문,강서구
3005,르노자동차정문,강서구
3006,르노자동차정문,강서구
강서구20,르노자동차정문,강서구
강서구20,신호하수처리장,강서구
강서구9,신호윌아파트105동,강서구
3,윌아파트,강서구
58-1,윌아파트,강서구
58-2,윌아파트,강서구
109,윌아파트,강서구
124,윌아파트,강서구
171,윌아파트,강서구
3002,윌아파트,강서구
3,르노자동차남문,강서구
58-1,르노자동차남문,강서구
58-2,르노자동차남문,강서구
109,르노자동차남문,강서구
124,르노자동차남문,강서구
128-1,르노자동차남문,강서구
171,르노자동차남문,강서구
172,르노자동차남문,강서구
520,르노자동차남문,강서구
3006,르노자동차남문,강서구
3007,르노자동차남문,강서구
강서구9,르노자동차남문,강서구
강서구20,르노자동차남문,강서구
58,우진목재,강서구
109,우진목재,강서구
124,우진목재,강서구
128-1,우진목재,강서구
171,우진목재,강서구
172,우진목재,강서구
58,우진목재,강서구
109,우진목재,강서구
124,우진목재,강서구
128-1,우진목재,강서구
171,우진목재,강서구
172,우진목재,강서구
58,녹산하수처리장,강서구
58-1,녹산하수처리장,강서구
58-2,녹산하수처리장,강서구
520,녹산하수처리장,강서구
58-1,신호하수처리장,강서구
58-2,신호하수처리장,강서구
109,신호하수처리장,강서구
124,신호하수처리장,강서구
128-1,신호하수처리장,강서구
171,신호하수처리장,강서구
172,신호하수처리장,강서구
520,신호하수처리장,강서구
58,녹산하수처리장,강서구
109,녹산하수처리장,강서구
124,녹산하수처리장,강서구
128-1,녹산하수처리장,강서구
171,녹산하수처리장,강서구
172,녹산하수처리장,강서구
58-1,녹산하수처리장,강서구
58-2,녹산하수처리장,강서구
109,녹산하수처리장,강서구
124,녹산하수처리장,강서구
128-1,녹산하수처리장,강서구
171,녹산하수처리장,강서구
172,녹산하수처리장,강서구
520,녹산하수처리장,강서구
강서구9-1,사암입바위,강서구
강서구9-1,삼성자동차출고사무소,강서구
강서구9-1,화전마을입구,강서구
강서구9-1,대한제강,강서구
58-2,태광금속,강서구
124,태광금속,강서구
520,태광금속,강서구
58-1,갑을녹산병원,강서구
58-1,갑을녹산병원,강서구
58,녹산염색공단,강서구
58-1,녹산염색공단,강서구
58-2,녹산염색공단,강서구
520,녹산염색공단,강서구
58,녹산염색공단,강서구
58-1,녹산염색공단,강서구
58-2,녹산염색공단,강서구
520,녹산염색공단,강서구
58,부산지방중소벤처기업청,강서구
58-1,부산지방중소벤처기업청,강서구
58-2,부산지방중소벤처기업청,강서구
520,부산지방중소벤처기업청,강서구
2000,부산지방중소벤처기업청,강서구
3006,부산지방중소벤처기업청,강서구
강서구20,강서소방서,강서구
58-2,삼성전기,강서구
124,삼성전기,강서구
520,삼성전기,강서구
58,부산지방중소벤처기업청,강서구
58-1,부산지방중소벤처기업청,강서구
58-2,부산지방중소벤처기업청,강서구
520,부산지방중소벤처기업청,강서구
2000,부산지방중소벤처기업청,강서구
3006,부산지방중소벤처기업청,강서구
강서구20,부산지방중소벤처기업청,강서구
58-2,대흥공업사거리,강서구
124,대흥공업사거리,강서구
520,대흥공업사거리,강서구
58-2,삼보목재,강서구
124,삼보목재,강서구
520,삼보목재,강서구
58-2,태광금속,강서구
124,태광금속,강서구
520,태광금속,강서구
58-2,삼보목재,강서구
124,삼보목재,강서구
520,삼보목재,강서구
58-2,대흥공업사거리,강서구
124,대흥공업사거리,강서구
520,대흥공업사거리,강서구
58-2,삼성전기,강서구
124,삼성전기,강서구
520,삼성전기,강서구
강서구9-1,효성스틸,강서구
55,삼성전기후문,강서구
58-1,삼성전기후문,강서구
124,삼성전기후문,강서구
강서구9-1,삼성전기후문,강서구
강서구9-1,효성스틸,강서구
강서구9-1,대한제강,강서구
55,대한제강,강서구
58-1,대한제강,강서구
124,대한제강,강서구
55,화물터미널,강서구
58,화물터미널,강서구
58-1,화물터미널,강서구
강서구9-1,화물터미널,강서구
강서구9-1,화물터미널,강서구
55,농심,강서구
58-1,리노공업,강서구
58-2,리노공업,강서구
520,리노공업,강서구
58-1,DSR,강서구
58-2,DSR,강서구
520,DSR,강서구
58-1,해덕파워웨이,강서구
58-2,해덕파워웨이,강서구
520,해덕파워웨이,강서구
58-1,동서열처리,강서구
58-2,동서열처리,강서구
520,동서열처리,강서구
58-1,리노공업,강서구
58-2,리노공업,강서구
520,리노공업,강서구
58-1,해덕파워웨이,강서구
58-2,해덕파워웨이,강서구
520,해덕파워웨이,강서구
58-1,동서열처리,강서구
58-2,동서열처리,강서구
520,동서열처리,강서구
58-1,DSR,강서구
58-2,DSR,강서구
520,DSR,강서구
58-1,부산프라스틱공업,강서구
58-2,부산프라스틱공업,강서구
520,부산프라스틱공업,강서구
58-1,부산프라스틱공업,강서구
58-2,부산프라스틱공업,강서구
520,부산프라스틱공업,강서구
강서구9-1,두산정비,강서구
강서구9-1,농심,강서구
55,동아밸브,강서구
58-1,동아밸브,강서구
강서구9-1,동아밸브,강서구
강서구9-1,삼창기전,강서구
강서구9-1,두산정비,강서구
강서구9-1,농심,강서구
55,농심,강서구
55,화물터미널,강서구
58,화물터미널,강서구
58-1,화물터미널,강서구
강서구9-1,송정방근마을,강서구
강서구16,송정방근마을,강서구
55,(구)검문소,강서구
58,(구)검문소,강서구
강서구9-1,송정방근마을,강서구
강서구16,송정방근마을,강서구
55,용원,강서구
58,용원,강서구
58-2,용원,강서구
520,용원,강서구
55,태웅스틸,강서구
58,태웅스틸,강서구
58-1,태웅스틸,강서구
강서구9-1,태웅스틸,강서구
강서구9-1,국제휠타,강서구
55,태웅스틸,강서구
58,태웅스틸,강서구
58-1,태웅스틸,강서구
강서구9-1,태웅스틸,강서구
58-1,송정다리,강서구
58-2,송정다리,강서구
520,송정다리,강서구
강서구9-1,국제휠타,강서구
58-1,(주)거보,강서구
58-2,(주)거보,강서구
520,(주)거보,강서구
55,(주)태광본사,강서구
58,(주)태광본사,강서구
58-2,(주)태광본사,강서구
520,(주)태광본사,강서구
강서구9-1,해광테크,강서구
강서구9-1,부광산업,강서구
58,부광산업,강서구
58-1,부광산업,강서구
강서구9-1,해광테크,강서구
58,부광산업,강서구
58-1,부광산업,강서구
강서구9-1,부광산업,강서구
55,영남자동화기계,강서구
58,영남자동화기계,강서구
58-1,영남자동화기계,강서구
58-2,영남자동화기계,강서구
520,영남자동화기계,강서구
55,영남자동화기계,강서구
58,영남자동화기계,강서구
58-1,영남자동화기계,강서구
58-2,영남자동화기계,강서구
520,영남자동화기계,강서구
55,영도산업,강서구
58,영도산업,강서구
58-1,영도산업,강서구
58-2,영도산업,강서구
520,영도산업,강서구
55,영도산업,강서구
58,영도산업,강서구
58-1,영도산업,강서구
58-2,영도산업,강서구
520,영도산업,강서구
58-1,송정다리,강서구
58-2,송정다리,강서구
520,송정다리,강서구
58-1,(주)거보,강서구
58-2,(주)거보,강서구
520,(주)거보,강서구
58,송정,강서구
58,송정,강서구
55,(구)검문소,강서구
55,풍영산업,강서구
58-1,풍영산업,강서구
58-1,풍영산업,강서구
55,풍영산업,강서구
58-1,풍영산업,강서구
58,보람공원,강서구
58-2,보람공원,강서구
520,보람공원,강서구
55,경제자유구역청,강서구
55,경제자유구역청,강서구
58-1,경제자유구역청,강서구
58-1,경제자유구역청,강서구
58-2,경제자유구역청,강서구
58-2,경제자유구역청,강서구
520,경제자유구역청,강서구
520,경제자유구역청,강서구
2000,경제자유구역청,강서구
3006,경제자유구역청,강서구
55,경제자유구역청,강서구
55,경제자유구역청,강서구
58-1,경제자유구역청,강서구
58-1,경제자유구역청,강서구
58-2,경제자유구역청,강서구
58-2,경제자유구역청,강서구
520,경제자유구역청,강서구
520,경제자유구역청,강서구
2000,경제자유구역청,강서구
3006,경제자유구역청,강서구
강서구20,경제자유구역청,강서구
58,보람공원,강서구
58-2,보람공원,강서구
520,보람공원,강서구
58,경제자유구역청사거리,강서구
58,경제자유구역청사거리,강서구
강서구5,평강농협,강서구
123,대사리3구,강서구
127,대사리3구,강서구
1004,대사리3구,강서구
1004-F,대사리3구,강서구
123,(구)국립농산물품질관리원,강서구
127,(구)국립농산물품질관리원,강서구
1004-F,(구)국립농산물품질관리원,강서구
강서구2,대사리3구,강서구
강서구6,대사리3구,강서구
강서구7-1,대사리3구,강서구
강서구7-2,대사리3구,강서구
강서구15,대사리3구,강서구
강서구2,(구)국립농산물품질관리원,강서구
강서구6,(구)국립농산물품질관리원,강서구
강서구7-1,(구)국립농산물품질관리원,강서구
강서구7-2,(구)국립농산물품질관리원,강서구
강서구15,(구)국립농산물품질관리원,강서구
123,(구)국립농산물품질관리원,강서구
127,(구)국립농산물품질관리원,강서구
1004-F,(구)국립농산물품질관리원,강서구
123,대사리3구,강서구
127,대사리3구,강서구
1004,대사리3구,강서구
1004-F,대사리3구,강서구
강서구2,(구)국립농산물품질관리원,강서구
강서구6,(구)국립농산물품질관리원,강서구
강서구7-1,(구)국립농산물품질관리원,강서구
강서구7-2,(구)국립농산물품질관리원,강서구
강서구15,(구)국립농산물품질관리원,강서구
강서구2,대사리3구,강서구
강서구6,대사리3구,강서구
강서구7-1,대사리3구,강서구
강서구7-2,대사리3구,강서구
강서구15,대사리3구,강서구
강서구7-1,강동동행정복지센터,강서구
강서구7-2,강동동행정복지센터,강서구
강서구15,강동동행정복지센터,강서구
강서구7-1,농협공판장,강서구
강서구7-2,농협공판장,강서구
강서구15,농협공판장,강서구
강서구7-1,핏대섬새동네,강서구
강서구7-2,핏대섬새동네,강서구
강서구15,핏대섬새동네,강서구
강서구7-1,딴치,강서구
강서구7-2,딴치,강서구
강서구15,딴치,강서구
강서구7-1,신덕복지회관,강서구
강서구7-2,신덕복지회관,강서구
강서구15,신덕복지회관,강서구
강서구7-1,강동치안센터,강서구
강서구7-2,강동치안센터,강서구
강서구15,강동치안센터,강서구
123,대사역.대사리2구,강서구
127,대사역.대사리2구,강서구
1004,대사역.대사리2구,강서구
1004-F,대사역.대사리2구,강서구
강서구2,대사역.대사리2구,강서구
강서구6,대사역.대사리2구,강서구
강서구6,대사리1구,강서구
123,대사역.대사리2구,강서구
127,대사역.대사리2구,강서구
1004,대사역.대사리2구,강서구
1004-F,대사역.대사리2구,강서구
강서구2,대사리1구,강서구
강서구6,대사리1구,강서구
강서구2,대사역.대사리2구,강서구
강서구6,대사역.대사리2구,강서구
강서구2,중덕마을,강서구
123,대사리1구,강서구
127,대사리1구,강서구
1004-F,대사리1구,강서구
123,대사리1구,강서구
127,대사리1구,강서구
1004-F,대사리1구,강서구
58,산양마을,강서구
58,성고개,강서구
강서구9-1,산양마을입구,강서구
58,성고개,강서구
58,산양마을,강서구
58,녹산중학교,강서구
161,녹산중학교,강서구
58,성산2구,강서구
161,성산2구,강서구
58,녹명초등학교,강서구
161,녹명초등학교,강서구
58,성산다리,강서구
161,성산다리,강서구
강서구9,본녹산녹명초등학교,강서구
강서구9-1,본녹산녹명초등학교,강서구
강서구16,본녹산녹명초등학교,강서구
강서구9,녹산중학교,강서구
강서구9-1,녹산중학교,강서구
강서구16,녹산중학교,강서구
강서구9-1,성산,강서구
강서구9,성산2구,강서구
강서구9-1,성산2구,강서구
강서구16,성산2구,강서구
강서구7,순아3구,강서구
강서구9-1,순아3구,강서구
강서구12,순아3구,강서구
강서구12-1,순아3구,강서구
강서구7,노적봉능엄사 입구,강서구
강서구12,노적봉능엄사 입구,강서구
강서구12-1,노적봉능엄사 입구,강서구
55,사취등,강서구
58,사취등,강서구
122,사취등,강서구
161,사취등,강서구
강서구7,사취등,강서구
강서구8,사취등,강서구
강서구9-1,사취등,강서구
강서구12,사취등,강서구
강서구12-1,사취등,강서구
강서구15,사취등,강서구
3,협성휴포레,강서구
109,협성휴포레,강서구
172,협성휴포레,강서구
3,진목,강서구
55,진목,강서구
58,진목,강서구
58-2,진목,강서구
109,진목,강서구
122,진목,강서구
161,진목,강서구
172,진목,강서구
3,경일고등학교입구,강서구
55,경일고등학교입구,강서구
58,경일고등학교입구,강서구
109,경일고등학교입구,강서구
122,경일고등학교입구,강서구
161,경일고등학교입구,강서구
172,경일고등학교입구,강서구
3002,경일고등학교입구,강서구
3007,경일고등학교입구,강서구
강서구7,진목,강서구
강서구8-1,진목,강서구
강서구9-1,진목,강서구
강서구12,진목,강서구
강서구12-1,진목,강서구
강서구15,진목,강서구
강서구15-1,진목,강서구
강서구21,진목,강서구
강서구7,경일고등학교입구,강서구
강서구8-1,경일고등학교입구,강서구
강서구9-1,경일고등학교입구,강서구
강서구12,경일고등학교입구,강서구
강서구12-1,경일고등학교입구,강서구
강서구15,경일고등학교입구,강서구
강서구15-1,경일고등학교입구,강서구
강서구8,경일고등학교,강서구
강서구21,경일고등학교,강서구
강서구8,중리새동네,강서구
강서구21,중리새동네,강서구
강서구8,명지농협,강서구
강서구21,명지농협,강서구
55,옥포마을,강서구
강서구11,덕두새동네,강서구
307,국내선,강서구
3003,국내선,강서구
109,국내선,강서구
109,국내선,강서구
307,국내선,강서구
3003,국내선,강서구
강서구11,국내선청사,강서구
강서구11,국내선청사,강서구
강서구13,국내선청사,강서구
강서구13,국내선청사,강서구
307,국제선청사,강서구
3003,국제선청사,강서구
강서구7,렛츠런파크입구,강서구
강서구7-1,렛츠런파크입구,강서구
강서구7-2,렛츠런파크입구,강서구
강서구7-1,세산입구,강서구
강서구7-1,녹산주민문화회관,강서구
강서구7-1,녹산주민문화회관,강서구
강서구7-1,세산입구,강서구
55,세산사거리,강서구
55,가달,강서구
55,생곡마을,강서구
3005,생곡마을,강서구
3007,생곡마을,강서구
강서구7,생곡입구,강서구
강서구7-1,세산사거리,강서구
강서구12-1,세산사거리,강서구
55,세산사거리,강서구
강서구2,가락농협,강서구
강서구6,가락동행정복지센터,강서구
강서구6,죽림삼거리,강서구
강서구7-1,해포,강서구
강서구7-2,해포,강서구
강서구6,통전,강서구
강서구7-1,통전,강서구
강서구7-2,통전,강서구
강서구7-1,해포,강서구
강서구7-2,해포,강서구
강서구9-1,사암입바위,강서구
강서구9-1,삼성자동차출고사무소,강서구
강서구9-1,화전마을입구,강서구
58-1,동리,강서구
171,동리,강서구
58-1,진동,강서구
171,진동,강서구
강서구20,동리,강서구
강서구20,진동,강서구
124,명지초교.명지중학교,강서구
128-1,명지초교.명지중학교,강서구
128-1,명지국제신도시입구,강서구
강서구8-1,명지초교.명지중학교,강서구
강서구22,명지초교.명지중학교,강서구
강서구8,강서구생활문화센터,강서구
강서구21,강서구생활문화센터,강서구
강서구8,중리새동네,강서구
강서구21,중리새동네,강서구
강서구8,명지농협,강서구
강서구21,명지농협,강서구
강서구8,경일고등학교,강서구
강서구21,경일고등학교,강서구
58-1,명지새동네,강서구
124,명지새동네,강서구
128-1,명지새동네,강서구
171,명지새동네,강서구
2000,명지새동네,강서구
강서구7,명지새동네,강서구
강서구7,명지새동네,강서구
강서구8-1,명지새동네,강서구
강서구9-1,명지새동네,강서구
강서구9-1,명지새동네,강서구
강서구12,명지새동네,강서구
강서구12,명지새동네,강서구
강서구13,명지새동네,강서구
강서구13,명지새동네,강서구
강서구15,명지새동네,강서구
강서구15,명지새동네,강서구
강서구20,명지새동네,강서구
강서구21,명지새동네,강서구
강서구21,명지새동네,강서구
강서구22,명지새동네,강서구
109,덕두시장,강서구
강서구13,덕두,강서구
강서구22,덕두,강서구
강서구22,덕두시장,강서구
강서구5,강서구청,강서구
강서구11,강서구청,강서구
강서구13,강서구청,강서구
강서구19,강서구청,강서구
강서구7-1,덕계,강서구
강서구7-2,덕계,강서구
강서구15,덕계,강서구
강서구7-1,신덕신천마을,강서구
강서구7-2,신덕신천마을,강서구
강서구15,신덕신천마을,강서구
강서구15,득천사거리,강서구
강서구15,현대슈퍼,강서구
강서구15,상곡정미소,강서구
강서구15,득천,강서구
강서구2,덕도초등학교,강서구
강서구7-1,덕포마을,강서구
강서구7-2,덕포마을,강서구
123,낙동중학교,강서구
127,낙동중학교,강서구
1004-F,낙동중학교,강서구
123,중리입구,강서구
123,강서복지회관.우편집중국,강서구
127,대저역,강서구
1004,대저역,강서구
1004-F,대저역,강서구
127,체육공원역,강서구
1004,체육공원역,강서구
1004-F,체육공원역,강서구
강서구2,대저역,강서구
강서구6,대저역,강서구
강서구7-1,대저역,강서구
강서구7-2,대저역,강서구
강서구15,대저역,강서구
강서구2,강서체육공원역,강서구
강서구6,강서체육공원역,강서구
강서구7-1,강서체육공원역,강서구
강서구7-2,강서체육공원역,강서구
강서구15,강서체육공원역,강서구
123,부산교도소,강서구
127,부산교도소,강서구
1004-F,부산교도소,강서구
123,평강역,강서구
127,평강역,강서구
1004,평강역,강서구
1004-F,평강역,강서구
강서구2,평강,강서구
강서구6,평강,강서구
강서구7-1,평강,강서구
강서구7-2,평강,강서구
강서구15,평강,강서구
강서구2,부산교도소,강서구
강서구6,부산교도소,강서구
강서구7-1,부산교도소,강서구
강서구7-2,부산교도소,강서구
강서구15,부산교도소,강서구
123,낙동중학교,강서구
123,수로다리,강서구
123,중리입구,강서구
127,중리입구,강서구
1004-F,중리입구,강서구
123,강서복지회관.우편집중국,강서구
127,강서복지회관.우편집중국,강서구
1004-F,강서복지회관.우편집중국,강서구
강서구6,시만,강서구
강서구6,식만,강서구
강서구6,용등,강서구
강서구6,시만교,강서구
강서구6,식만교,강서구
강서구2,가락농협,강서구
강서구6,가락파출소,강서구
강서구6,죽림삼거리,강서구
109,금호마을,강서구
강서구13,금호마을,강서구
강서구22,금호마을,강서구
강서구13,동방,강서구
강서구22,동방,강서구
강서구13,금호마을,강서구
강서구13,동방,강서구
강서구22,동방,강서구
109,금호마을,강서구
강서구2,대저역,강서구
강서구6,대저역,강서구
강서구7-1,대저역,강서구
강서구7-2,대저역,강서구
강서구15,대저역,강서구
강서구2,강서체육공원역,강서구
강서구6,강서체육공원역,강서구
강서구7-1,강서체육공원역,강서구
강서구7-2,강서체육공원역,강서구
강서구15,강서체육공원역,강서구
강서구11,신덕삼거리,강서구
강서구13,신덕삼거리,강서구
109,신덕삼거리,강서구
307,신덕삼거리,강서구
109,강서체육공원,강서구
307,강서체육공원,강서구
강서구11,강서체육공원복지회관,강서구
강서구13,강서체육공원복지회관,강서구
강서구13,신덕삼거리,강서구
3,진목,강서구
55,진목,강서구
58,진목,강서구
58-2,진목,강서구
109,진목,강서구
122,진목,강서구
161,진목,강서구
172,진목,강서구
3,경일고등학교입구,강서구
55,경일고등학교입구,강서구
58,경일고등학교입구,강서구
109,경일고등학교입구,강서구
122,경일고등학교입구,강서구
161,경일고등학교입구,강서구
172,경일고등학교입구,강서구
3002,경일고등학교입구,강서구
3007,경일고등학교입구,강서구
강서구7,진목,강서구
강서구8-1,진목,강서구
강서구9-1,진목,강서구
강서구12,진목,강서구
강서구12-1,진목,강서구
강서구15,진목,강서구
강서구15-1,진목,강서구
강서구7,경일고등학교입구,강서구
강서구8-1,경일고등학교입구,강서구
강서구9-1,경일고등학교입구,강서구
강서구12,경일고등학교입구,강서구
강서구12-1,경일고등학교입구,강서구
강서구15,경일고등학교입구,강서구
강서구15-1,경일고등학교입구,강서구
강서구7,노적봉능엄사 입구,강서구
강서구9-1,노적봉능엄사 입구,강서구
강서구12,노적봉능엄사 입구,강서구
강서구12-1,노적봉능엄사 입구,강서구
55,구랑,강서구
109,강서브라이트센터,강서구
109,강서브라이트센터,강서구
307,강서브라이트센터,강서구
강서구13,강서브라이트센터,강서구
강서구13,강서브라이트센터,강서구
109,강서브라이트센터,강서구
109,강서브라이트센터,강서구
307,강서브라이트센터,강서구
강서구13,강서브라이트센터,강서구
강서구13,강서브라이트센터,강서구
강서구7-1,마음,강서구
강서구12-1,마음,강서구
55,마음,강서구
55,중곡,강서구
3005,중곡,강서구
강서구11,공항파출소,강서구
55,성산,강서구
3005,성산,강서구
3007,성산,강서구
강서구7,장락새동네,강서구
강서구12,장락새동네,강서구
강서구12-1,장락새동네,강서구
강서구7,장락포,강서구
강서구12,장락포,강서구
강서구12-1,장락포,강서구
강서구12,생곡삼거리,강서구
강서구12-1,생곡삼거리,강서구
강서구7,성산,강서구
강서구9,성산,강서구
강서구12,성산,강서구
강서구12-1,성산,강서구
강서구16,성산,강서구
강서구7,장락,강서구
강서구12,장락,강서구
강서구12-1,장락,강서구
강서구7,생곡삼거리,강서구
강서구7,생곡삼거리,강서구
강서구7,생곡,강서구
강서구7,생곡,강서구
55,용적사입구,강서구
강서구11,신덕삼거리,강서구
109,신덕마을,강서구
307,신덕마을,강서구
강서구11,등구마을,강서구
강서구13,등구마을,강서구
강서구11,신덕마을,강서구
강서구13,신덕마을,강서구
109,신덕마을,강서구
307,신덕마을,강서구
강서구11,등구마을,강서구
강서구13,등구마을,강서구
강서구11,신덕마을,강서구
강서구13,신덕마을,강서구
109,등구마을,강서구
307,등구마을,강서구
109,등구마을,강서구
307,등구마을,강서구
강서구7-1,둔치도,강서구
강서구7-2,둔치도,강서구
강서구7,조만포,강서구
강서구7-1,조만포,강서구
강서구7-2,조만포,강서구
3005,둔치도입구,강서구
123,강서구청역,강서구
127,강서구청역,강서구
307,강서구청역,강서구
1004-F,강서구청역,강서구
109,강서구청역,강서구
강서구2,강서구청역,강서구
강서구5,강서구청역,강서구
강서구11,강서구청역,강서구
강서구13,강서구청역,강서구
강서구15,강서구청역,강서구
강서구19,강서구청역,강서구
강서구2,강서구청역,강서구
강서구5,강서구청역,강서구
강서구11,강서구청역,강서구
강서구13,강서구청역,강서구
강서구15,강서구청역,강서구
강서구5,부산교도소,강서구
강서구5,중리1구꽃동네,강서구
강서구5,평강,강서구
강서구5,평강농협,강서구
강서구22,평강농협,강서구
123,평강역,강서구
127,평강역,강서구
1004,평강역,강서구
1004-F,평강역,강서구
강서구2,평강,강서구
강서구6,평강,강서구
강서구7-1,평강,강서구
강서구7-2,평강,강서구
강서구15,평강,강서구
강서구5,평강대리1구,강서구
강서구5,평강대리,강서구
강서구22,평강대리,강서구
강서구7-1,강서해수랜드,강서구
강서구7-2,강서해수랜드,강서구
강서구15,강서해수랜드,강서구
강서구7-1,덕계,강서구
강서구7-2,덕계,강서구
강서구15,덕계,강서구
강서구7-1,신덕신천마을,강서구
강서구7-2,신덕신천마을,강서구
강서구15,신덕신천마을,강서구
강서구5,공항상회,강서구
강서구22,공항상회,강서구
강서구5,칠점입구,강서구
강서구22,칠점입구,강서구
강서구5,평강사리마을입구,강서구
강서구22,평강사리마을입구,강서구
강서구5,울만신평 하리,강서구
강서구6,시만,강서구
강서구6,식만,강서구
강서구6,용등,강서구
강서구6,시만교,강서구
강서구6,식만교,강서구
강서구13,금호오리마을,강서구
강서구22,금호오리마을,강서구
강서구11,신평마을,강서구
강서구11,성심정미소,강서구
강서구11,입소마을회관,강서구
강서구11,공항기숙사후문,강서구
강서구11,신평마을회관,강서구
강서구11,설만마을회관,강서구
강서구11,동신에프에이,강서구
강서구11,신진화이너스,강서구
강서구15,상곡정미소,강서구
강서구15,현대슈퍼,강서구
강서구7-1,득천사거리,강서구
강서구7-2,득천사거리,강서구
강서구15,득천사거리,강서구
강서구15,득천,강서구
강서구15,강동119안전센터,강서구
55,용적사입구,강서구
55,가달,강서구
55,생곡마을,강서구
3005,생곡마을,강서구
3007,생곡마을,강서구
강서구7,생곡입구,강서구
강서구7-1,둔치도입구,강서구
강서구7-2,둔치도입구,강서구
강서구7,생곡삼거리,강서구
강서구7,생곡삼거리,강서구
강서구7,사구,강서구
강서구7-1,사구,강서구
강서구7-2,사구,강서구
강서구7,조만포,강서구
강서구7-1,조만포,강서구
강서구7-2,조만포,강서구
3005,둔치도입구,강서구
강서구7,범방주유소,강서구
강서구7,사구,강서구
강서구7-1,사구,강서구
강서구7-2,사구,강서구
3,중흥프라디움,강서구
128-1,중흥프라디움,강서구
172,중흥프라디움,강서구
강서구8,한국토지주택공사,강서구
강서구8-1,한국토지주택공사,강서구
3005,지사산단입구,강서구
강서구7-1,명동,강서구
강서구7-2,명동,강서구
강서구12,명동,강서구
강서구12-1,명동,강서구
55,명동,강서구
55,명동,강서구
3005,명동,강서구
강서구7-1,동양메이져,강서구
강서구7-2,동양메이져,강서구
강서구12,동양메이져,강서구
강서구12-1,동양메이져,강서구
강서구7-1,명동,강서구
강서구7-2,명동,강서구
강서구12,명동,강서구
강서구12-1,명동,강서구
55,명동,강서구
55,명동,강서구
3005,명동,강서구
강서구7-2,동화엔텍,강서구
강서구7-2,동화엔텍,강서구
강서구7-2,협성DS엘리시안,강서구
강서구7-2,협성DS엘리시안,강서구
강서구7-1,지사휴먼시아아파트,강서구
강서구7-2,지사휴먼시아아파트,강서구
강서구12,지사휴먼시아아파트,강서구
강서구12-1,지사휴먼시아아파트,강서구
55,지사휴먼시아아파트,강서구
55,지사휴먼시아아파트,강서구
3005,지사휴먼시아아파트,강서구
3007,지사휴먼시아아파트,강서구
55,지사휴먼시아아파트,강서구
55,지사휴먼시아아파트,강서구
3005,지사휴먼시아아파트,강서구
3007,지사휴먼시아아파트,강서구
강서구7-1,지사휴먼시아아파트,강서구
강서구7-2,지사휴먼시아아파트,강서구
강서구12,지사휴먼시아아파트,강서구
강서구12-1,지사휴먼시아아파트,강서구
55,지사문화회관,강서구
55,지사문화회관,강서구
3005,지사문화회관,강서구
3007,지사문화회관,강서구
55,지사문화회관,강서구
55,지사문화회관,강서구
3005,지사문화회관,강서구
3007,지사문화회관,강서구
3005,에스피엘,강서구
3005,이원솔루텍,강서구
3005,이원솔루텍,강서구
강서구7-2,이원솔루텍,강서구
55,이원솔루텍,강서구
55,이원솔루텍,강서구
강서구7-2,이원솔루텍,강서구
강서구12,이원솔루텍,강서구
3005,자동차부품복지관,강서구
3005,자동차부품복지관,강서구
3005,테크노파크입구,강서구
강서구12,자동차부품복지관,강서구
강서구12,테크노파크입구,강서구
강서구12,자동차부품복지관,강서구
3005,테크노파크입구,강서구
강서구12,테크노파크입구,강서구
강서구8,강서구생활문화센터,강서구
강서구21,강서구생활문화센터,강서구
강서구8,학생안전체험관,강서구
강서구21,학생안전체험관,강서구
강서구8,학생안전체험관,강서구
강서구21,학생안전체험관,강서구
강서구7-1,덕포마을,강서구
강서구7-2,덕포마을,강서구
강서구2,강동교회,강서구
강서구2,상덕마을,강서구
강서구2,덕도초등학교,강서구
강서구2,덕계마을,강서구
강서구2,덕계마을,강서구
강서구2,북정마을,강서구
강서구2,북정마을,강서구
강서구2,중덕마을,강서구
강서구2,강동교회,강서구
강서구2,상덕마을,강서구
강서구2,덕포마을,강서구
강서구11,월포,강서구
강서구11,신평마을,강서구
강서구11,성심정미소,강서구
강서구11,신평종점,강서구
강서구11,입소마을회관,강서구
강서구11,공항기숙사후문,강서구
강서구11,신평마을회관,강서구
강서구5,변덕마을,강서구
강서구5,변덕초소,강서구
강서구5,변덕초소,강서구
강서구5,강서고교,강서구
강서구5,강서고교,강서구
강서구5,새날교회,강서구
55,(주)태광본사,강서구
58,(주)태광본사,강서구
58-2,(주)태광본사,강서구
520,(주)태광본사,강서구
172,명지신도시,강서구
2000,명지신도시,강서구
3006,명지신도시,강서구
3,신호대교,강서구
58-1,신호대교,강서구
58-2,신호대교,강서구
109,신호대교,강서구
124,신호대교,강서구
128-1,신호대교,강서구
171,신호대교,강서구
3002,신호대교,강서구
강서구20,명지오션시티,강서구
36,경찰전직지원센터,연제구
86,경찰전직지원센터,연제구
87,경찰전직지원센터,연제구
99,경찰전직지원센터,연제구
105,경찰전직지원센터,연제구
110-1,경찰전직지원센터,연제구
189-1,경찰전직지원센터,연제구
36,웰니스병원.연산농협,연제구
86,웰니스병원.연산농협,연제구
87,웰니스병원.연산농협,연제구
99,웰니스병원.연산농협,연제구
105,웰니스병원.연산농협,연제구
110-1,웰니스병원.연산농협,연제구
36,연안교,연제구
49,연안교,연제구
57,연안교,연제구
99,연안교,연제구
100,연안교,연제구
105,연안교,연제구
110-1,연안교,연제구
36,경찰전직지원센터,연제구
86,경찰전직지원센터,연제구
87,경찰전직지원센터,연제구
99,경찰전직지원센터,연제구
105,경찰전직지원센터,연제구
110-1,경찰전직지원센터,연제구
100-1,연제자동차매매단지,연제구
10,교대역,연제구
31,교대역,연제구
43,교대역,연제구
77,교대역,연제구
100-1,교대역,연제구
129-1,교대역,연제구
189,교대역,연제구
506,교대역,연제구
36,연산교차로,연제구
86,연산교차로,연제구
87,연산교차로,연제구
99,연산교차로,연제구
105,연산교차로,연제구
106,연산교차로,연제구
110-1,연산교차로,연제구
189-1,연산교차로,연제구
54,연산교차로,연제구
100-1,연산교차로,연제구
연제구2,연산역8번출구,연제구
51,반도보라아파트,연제구
189,반도보라아파트,연제구
연제구2,반도보라아파트,연제구
연제구2,연산역4번출구,연제구
36,연산역,연제구
54,연산역,연제구
105,연산역,연제구
연제구1,아람빌딩,연제구
연제구2,아람빌딩,연제구
연제구2,아람빌딩,연제구
연제구6,아람빌딩,연제구
연제구7,아람빌딩,연제구
20,신리삼거리,연제구
51,신리삼거리,연제구
57,신리삼거리,연제구
62,신리삼거리,연제구
131,신리삼거리,연제구
연제구2,신리삼거리,연제구
연제구2,여동승내과,연제구
연제구2,여동승내과,연제구
51,신리삼거리,연제구
51,연산시장.물만골역,연제구
51,연산초등학교,연제구
189,연산초등학교,연제구
51,연산시장.물만골역,연제구
연제구2,연산시장.물만골역,연제구
54,부산경상대학교정문,연제구
100-1,부산경상대학교정문,연제구
54,부산경상대학교서문,연제구
100-1,부산경상대학교서문,연제구
54,현대아파트,연제구
100-1,현대아파트,연제구
54,현대아파트,연제구
100-1,현대아파트,연제구
54,부산경상대학교서문,연제구
100-1,부산경상대학교서문,연제구
54,부산경상대학교정문,연제구
100-1,부산경상대학교정문,연제구
36,연산역,연제구
54,연산역,연제구
100-1,연산역,연제구
105,연산역,연제구
36,거제역,연제구
54,거제역,연제구
105,거제역,연제구
연제구3,시청공원등대앞,연제구
54,연산중학교,연제구
100-1,연산중학교,연제구
54,연산중학교,연제구
100-1,연산중학교,연제구
54,연일시장,연제구
100-1,연일시장,연제구
189-1,연일시장,연제구
연제구2,건치과의원,연제구
연제구2,연일시장,연제구
연제구2,연제구국민체육센터,연제구
연제구2,한일유앤아이,연제구
42,부산소방본부.교통정보서비스센터,연제구
49,부산소방본부.교통정보서비스센터,연제구
54,부산소방본부.교통정보서비스센터,연제구
57,부산소방본부.교통정보서비스센터,연제구
87,부산소방본부.교통정보서비스센터,연제구
100,부산소방본부.교통정보서비스센터,연제구
115,부산소방본부.교통정보서비스센터,연제구
210,부산소방본부.교통정보서비스센터,연제구
307,부산소방본부.교통정보서비스센터,연제구
42,토곡사거리,연제구
49,토곡사거리,연제구
54,토곡사거리,연제구
57,토곡사거리,연제구
87,토곡사거리,연제구
100,토곡사거리,연제구
115,토곡사거리,연제구
210,토곡사거리,연제구
307,토곡사거리,연제구
54,부산소방본부.교통정보서비스센터,연제구
100,부산소방본부.교통정보서비스센터,연제구
100-1,부산소방본부.교통정보서비스센터,연제구
115,부산소방본부.교통정보서비스센터,연제구
307,부산소방본부.교통정보서비스센터,연제구
42,부산소방본부.교통정보서비스센터,연제구
49,부산소방본부.교통정보서비스센터,연제구
54,부산소방본부.교통정보서비스센터,연제구
57,부산소방본부.교통정보서비스센터,연제구
87,부산소방본부.교통정보서비스센터,연제구
210,부산소방본부.교통정보서비스센터,연제구
54,부산소방본부.교통정보서비스센터,연제구
100-1,부산소방본부.교통정보서비스센터,연제구
54,엘지아파트,연제구
100-1,엘지아파트,연제구
연제구7,엘지아파트,연제구
연제구7,연제경찰서,연제구
54,엘지아파트,연제구
100-1,엘지아파트,연제구
10,삼정그린아파트,연제구
33-1,삼정그린아파트,연제구
54,삼정그린아파트,연제구
57,삼정그린아파트,연제구
57,삼정그린아파트,연제구
83-1,삼정그린아파트,연제구
111-1,삼정그린아파트,연제구
210,삼정그린아파트,연제구
부산진구17,삼정그린코아아파트,연제구
부산진구17,부산의료원,연제구
10,부산의료원,연제구
33-1,부산의료원,연제구
54,부산의료원,연제구
57,부산의료원,연제구
57,부산의료원,연제구
83-1,부산의료원,연제구
111-1,부산의료원,연제구
210,부산의료원,연제구
부산진구17,대우그린타워아파트,연제구
10,부산의료원,연제구
33-1,부산의료원,연제구
54,부산의료원,연제구
57,부산의료원,연제구
57,부산의료원,연제구
83-1,부산의료원,연제구
111-1,부산의료원,연제구
210,부산의료원,연제구
10,국가기록원 부산분원,연제구
33-1,국가기록원 부산분원,연제구
54,국가기록원 부산분원,연제구
83-1,국가기록원 부산분원,연제구
111-1,국가기록원 부산분원,연제구
210,국가기록원 부산분원,연제구
33,시민도서관,부산진구
54,시민도서관,부산진구
81,시민도서관,부산진구
83-1,시민도서관,부산진구
103,시민도서관,부산진구
133-1,시민도서관,부산진구
부산진구17,시민도서관,부산진구
부산진구17,초읍삼거리,부산진구
부산진구17,초읍고개,연제구
부산진구17,국가기록원.역사기록관,연제구
29,교대역,연제구
51,교대역,연제구
52,교대역,연제구
179,교대역,연제구
10,거제1치안센터,연제구
31,거제1치안센터,연제구
43,거제1치안센터,연제구
52,거제1치안센터,연제구
77,거제1치안센터,연제구
129-1,거제1치안센터,연제구
506,거제1치안센터,연제구
10,거제1치안센터,연제구
31,거제1치안센터,연제구
43,거제1치안센터,연제구
52,거제1치안센터,연제구
77,거제1치안센터,연제구
129-1,거제1치안센터,연제구
506,거제1치안센터,연제구
10,법원검찰청.거제역,연제구
31,법원검찰청.거제역,연제구
43,법원검찰청.거제역,연제구
52,법원검찰청.거제역,연제구
77,법원검찰청.거제역,연제구
129-1,법원검찰청.거제역,연제구
506,법원검찰청.거제역,연제구
10,홈플러스,연제구
210,홈플러스,연제구
부산진구17,홈플러스,연제구
10,사직실내수영장,연제구
210,사직실내수영장,연제구
부산진구17,사직실내수영장,연제구
54,사직실내수영장,연제구
57,사직실내수영장,연제구
83-1,사직실내수영장,연제구
131,사직실내수영장,연제구
10,삼정그린아파트,연제구
33-1,삼정그린아파트,연제구
54,삼정그린아파트,연제구
57,삼정그린아파트,연제구
57,삼정그린아파트,연제구
83-1,삼정그린아파트,연제구
111-1,삼정그린아파트,연제구
210,삼정그린아파트,연제구
부산진구17,삼정그린코아아파트,연제구
연제구1,화성가스,연제구
연제구1,화성가스,연제구
연제구2,화성가스,연제구
연제구2,화성가스,연제구
연제구6,화성가스,연제구
연제구7,화성가스,연제구
5-1,연제구청,연제구
20,연제구청,연제구
57,연제구청,연제구
62,연제구청,연제구
63,연제구청,연제구
131,연제구청,연제구
141,연제구청,연제구
141-F,연제구청,연제구
연제구1,이마트연제점,연제구
연제구2,이마트연제점,연제구
연제구2,이마트연제점,연제구
연제구6,이마트연제점,연제구
연제구7,이마트연제점,연제구
연제구3,거제청과시장,연제구
연제구3,동해선거제해맞이역,연제구
연제구3,거제3동새마을금고,연제구
10,동해선거제해맞이역,연제구
31,동해선거제해맞이역,연제구
43,동해선거제해맞이역,연제구
44,동해선거제해맞이역,연제구
52,동해선거제해맞이역,연제구
77,동해선거제해맞이역,연제구
80,동해선거제해맞이역,연제구
111,동해선거제해맞이역,연제구
129-1,동해선거제해맞이역,연제구
131,동해선거제해맞이역,연제구
506,동해선거제해맞이역,연제구
1002-F,동해선거제해맞이역,연제구
10,동해선거제해맞이역,연제구
31,동해선거제해맞이역,연제구
43,동해선거제해맞이역,연제구
44,동해선거제해맞이역,연제구
52,동해선거제해맞이역,연제구
77,동해선거제해맞이역,연제구
80,동해선거제해맞이역,연제구
111,동해선거제해맞이역,연제구
129-1,동해선거제해맞이역,연제구
131,동해선거제해맞이역,연제구
506,동해선거제해맞이역,연제구
1002-F,동해선거제해맞이역,연제구
86,연산8치안센터,연제구
86,연산교,연제구
42,토곡한양아파트,연제구
189-1,토곡한양아파트,연제구
210,토곡한양아파트,연제구
307,토곡한양아파트,연제구
10,사직119안전센터,동래구
210,사직119안전센터,동래구
부산진구17,사직119안전센터,동래구
42,망미주공아파트,연제구
49,망미주공아파트,연제구
54,망미주공아파트,연제구
57,망미주공아파트,연제구
87,망미주공아파트,연제구
210,망미주공아파트,연제구
42,오양아파트,수영구
49,오양아파트,수영구
54,오양아파트,수영구
57,오양아파트,수영구
210,오양아파트,수영구
5-1,연제구청,연제구
20,연제구청,연제구
57,연제구청,연제구
62,연제구청,연제구
63,연제구청,연제구
131,연제구청,연제구
141,연제구청,연제구
141-F,연제구청,연제구
부산진구11,이마트연제점,연제구
131,부산지방노동청.국세청,연제구
141,부산지방노동청.국세청,연제구
연제구1,연제구청,연제구
연제구2,연제구청,연제구
연제구2,연제구청,연제구
연제구6,연제구청,연제구
연제구7,연제구청,연제구
189-1,연산자이아파트114동앞,연제구
49,연동시장,연제구
57,연동시장,연제구
86,연동시장,연제구
87,연동시장,연제구
100,연동시장,연제구
189-1,연동시장,연제구
49,부산경상대학입구,연제구
57,부산경상대학입구,연제구
86,부산경상대학입구,연제구
87,부산경상대학입구,연제구
100,부산경상대학입구,연제구
189-1,부산경상대학입구,연제구
49,연동시장,연제구
57,연동시장,연제구
86,연동시장,연제구
87,연동시장,연제구
100,연동시장,연제구
189-1,연동시장,연제구
49,경동아파트,연제구
57,경동아파트,연제구
86,경동아파트,연제구
87,경동아파트,연제구
100,경동아파트,연제구
49,경동아파트,연제구
57,경동아파트,연제구
86,경동아파트,연제구
87,경동아파트,연제구
100,경동아파트,연제구
189-1,경동아파트,연제구
189-1,연산자이아파트104동앞,연제구
10,대선주조,연제구
189,대선주조,연제구
부산진구17,부산교육대학교후문,연제구
부산진구17,화신아파트,연제구
57,법원어귀교차로,동래구
10,여명중학교,동래구
57,여명중학교,동래구
189,여명중학교,동래구
57,사직동,동래구
83-1,사직동,동래구
105,사직동,동래구
54,연일시장,연제구
100-1,연일시장,연제구
연제구2,드림텔,연제구
연제구2,연일시장,연제구
54,연산교차로,연제구
100-1,연산교차로,연제구
189-1,연산교차로,연제구
연제구2,연산역10번출구,연제구
36,웰니스병원.연산농협,연제구
86,웰니스병원.연산농협,연제구
87,웰니스병원.연산농협,연제구
99,웰니스병원.연산농협,연제구
105,웰니스병원.연산농협,연제구
110-1,웰니스병원.연산농협,연제구
189-1,웰니스병원.연산농협,연제구
36,연산교차로,연제구
86,연산교차로,연제구
87,연산교차로,연제구
99,연산교차로,연제구
105,연산교차로,연제구
106,연산교차로,연제구
110-1,연산교차로,연제구
42,토곡사거리,연제구
49,토곡사거리,연제구
54,토곡사거리,연제구
57,토곡사거리,연제구
87,토곡사거리,연제구
100,토곡사거리,연제구
115,토곡사거리,연제구
210,토곡사거리,연제구
307,토곡사거리,연제구
49,토곡한양아파트,연제구
57,토곡한양아파트,연제구
87,토곡한양아파트,연제구
100,토곡한양아파트,연제구
189-1,토곡한양아파트,연제구
42,토곡한양아파트,연제구
86,토곡한양아파트,연제구
189-1,토곡한양아파트,연제구
210,토곡한양아파트,연제구
307,토곡한양아파트,연제구
49,연산8치안센터,연제구
57,연산8치안센터,연제구
86,연산8치안센터,연제구
87,연산8치안센터,연제구
100,연산8치안센터,연제구
189-1,연산8치안센터,연제구
49,토곡한양아파트,연제구
57,토곡한양아파트,연제구
86,토곡한양아파트,연제구
87,토곡한양아파트,연제구
100,토곡한양아파트,연제구
49,연산8치안센터,연제구
57,연산8치안센터,연제구
87,연산8치안센터,연제구
100,연산8치안센터,연제구
189-1,연산8치안센터,연제구
49,연천시장,연제구
57,연천시장,연제구
86,연천시장,연제구
87,연천시장,연제구
100,연천시장,연제구
189-1,연천시장,연제구
49,파크시티아파트입구,연제구
57,파크시티아파트입구,연제구
86,파크시티아파트입구,연제구
87,파크시티아파트입구,연제구
100,파크시티아파트입구,연제구
189-1,파크시티아파트입구,연제구
54,현대쌍용아파트,연제구
105,현대쌍용아파트,연제구
54,남문초.연제우체국,연제구
105,남문초.연제우체국,연제구
부산진구17,현대쌍용아파트,연제구
부산진구17,남문초.연제우체국,연제구
33-1,창신초등학교,연제구
44,창신초등학교,연제구
50,창신초등학교,연제구
57,창신초등학교,연제구
80,창신초등학교,연제구
105,창신초등학교,연제구
111,창신초등학교,연제구
111-1,창신초등학교,연제구
1002-F,창신초등학교,연제구
44,거성교차로.종합운동장역,연제구
50,거성교차로.종합운동장역,연제구
105,거성교차로.종합운동장역,연제구
111,거성교차로.종합운동장역,연제구
44,법원검찰청,연제구
111,법원검찰청,연제구
80,거성교차로.종합운동장역,연제구
131,거성교차로.종합운동장역,연제구
1002-F,거성교차로.종합운동장역,연제구
부산진구17,종합운동장역,연제구
33-1,창신초등학교.종합운동장역,연제구
44,창신초등학교.종합운동장역,연제구
57,창신초등학교.종합운동장역,연제구
80,창신초등학교.종합운동장역,연제구
105,창신초등학교.종합운동장역,연제구
111,창신초등학교.종합운동장역,연제구
111-1,창신초등학교.종합운동장역,연제구
1002-F,창신초등학교.종합운동장역,연제구
10,법원검찰청.거제역,연제구
31,법원검찰청.거제역,연제구
43,법원검찰청.거제역,연제구
52,법원검찰청.거제역,연제구
77,법원검찰청.거제역,연제구
129-1,법원검찰청.거제역,연제구
506,법원검찰청.거제역,연제구
36,거제역,연제구
54,거제역,연제구
105,거제역,연제구
10,경남아파트,연제구
31,경남아파트,연제구
43,경남아파트,연제구
44,경남아파트,연제구
52,경남아파트,연제구
77,경남아파트,연제구
111,경남아파트,연제구
129-1,경남아파트,연제구
506,경남아파트,연제구
54,동해선거제역,연제구
105,동해선거제역,연제구
80,거제리안동네,연제구
131,거제리안동네,연제구
1002-F,거제리안동네,연제구
80,거제교회,연제구
131,거제교회,연제구
1002-F,거제교회,연제구
연제구3,화랑아파트,연제구
연제구3,쌍용더플래티넘거제아시아드,연제구
연제구3,레이카운티2단지,연제구
80,거제리안동네,연제구
131,거제리안동네,연제구
1002-F,거제리안동네,연제구
80,거성교차로,연제구
131,거성교차로,연제구
1002-F,거성교차로,연제구
80,거제교회,연제구
131,거제교회,연제구
1002-F,거제교회,연제구
연제구3,대우아파트,연제구
10,경남아파트,연제구
44,경남아파트,연제구
77,경남아파트,연제구
111,경남아파트,연제구
31,경남아파트,연제구
43,경남아파트,연제구
52,경남아파트,연제구
129-1,경남아파트,연제구
506,경남아파트,연제구
54,동해선거제역,연제구
105,동해선거제역,연제구
44,법원검찰청,연제구
111,법원검찰청,연제구
5-1,신리삼거리,연제구
63,신리삼거리,연제구
141,신리삼거리,연제구
141-F,신리삼거리,연제구
5-1,신리삼거리,연제구
20,신리삼거리,연제구
57,신리삼거리,연제구
62,신리삼거리,연제구
63,신리삼거리,연제구
131,신리삼거리,연제구
141,신리삼거리,연제구
141-F,신리삼거리,연제구
42,망미주공아파트,연제구
49,망미주공아파트,연제구
54,망미주공아파트,연제구
57,망미주공아파트,연제구
210,망미주공아파트,연제구
20,배산역.만화도서관,연제구
51,배산역.만화도서관,연제구
57,배산역.만화도서관,연제구
62,배산역.만화도서관,연제구
131,배산역.만화도서관,연제구
연제구6,연산3동새마을금고.연제만화도서관,연제구
연제구7,연산3동새마을금고.연제만화도서관,연제구
5-1,한독아파트,연제구
63,한독아파트,연제구
141,한독아파트,연제구
141-F,한독아파트,연제구
20,한독아파트,연제구
51,한독아파트,연제구
57,한독아파트,연제구
62,한독아파트,연제구
131,한독아파트,연제구
연제구2,연산종합사회복지관,연제구
연제구2,힐스테이트2차상가앞,연제구
연제구2,한독아파트,연제구
5-1,한독아파트,연제구
20,한독아파트,연제구
51,한독아파트,연제구
57,한독아파트,연제구
62,한독아파트,연제구
63,한독아파트,연제구
131,한독아파트,연제구
141,한독아파트,연제구
141-F,한독아파트,연제구
연제구7,동서그린아파트,연제구
연제구7,동암학교,연제구
연제구7,엘지아파트,연제구
연제구7,연제경찰서,연제구
연제구3,시청역,연제구
연제구1,시청역,연제구
연제구2,시청역,연제구
연제구2,시청역,연제구
연제구6,시청역,연제구
연제구7,시청역,연제구
131,부산지방노동청.국세청,연제구
141,부산지방노동청.국세청,연제구
연제구3,부산경찰청,연제구
연제구6,동명초등학교,연제구
연제구7,동명초등학교,연제구
연제구6,연미시장입구,연제구
연제구7,연미시장입구,연제구
연제구6,연제고등학교,연제구
연제구7,연제고등학교,연제구
연제구6,연제중학교,연제구
연제구7,연제중학교,연제구
연제구3,곰두리스포츠센터,연제구
연제구3,레이카운티4단지,연제구
연제구3,만수사,연제구
연제구3,청구아파트,연제구
연제구3,거제여중입구,연제구
연제구3,레이카운티2단지,연제구
연제구3,거제시장,연제구
연제구3,거제청과시장,연제구
연제구3,거제3동새마을금고,연제구
연제구3,시청공원,연제구
연제구1,연산전화국,연제구
부산진구11,양정포레힐즈스위첸,부산진구
부산진구11,연산전화국,연제구
연제구1,이마트연제점,연제구
연제구1,연산더샵아파트정문앞,연제구
연제구1,삼일아파트,연제구
연제구1,연산2동행정복지센터,연제구
연제구1,연산시장,연제구
연제구1,연산초등학교후문,연제구
연제구2,보성아파트,연제구
연제구2,보성아파트,연제구
연제구6,보성아파트,연제구
연제구7,보성아파트,연제구
연제구2,태경빌라,연제구
연제구2,태경빌라,연제구
연제구6,태경빌라,연제구
연제구7,태경빌라,연제구
51,연산초등학교,연제구
189,연산초등학교,연제구
연제구2,롯데데시앙정문,연제구
연제구2,롯데데시앙정문,연제구
연제구6,롯데데시앙정문,연제구
연제구2,연산초등학교,연제구
연제구2,연산초등학교,연제구
연제구7,연산초등학교,연제구
51,반도보라아파트,연제구
189,반도보라아파트,연제구
연제구2,반도보라아파트,연제구
연제구2,케이티앤지부산본부,연제구
연제구2,연산종합사회복지관,연제구
연제구2,힐스테이트2차상가앞,연제구
연제구2,한독아파트,연제구
연제구2,회전교차로,연제구
50,법원검찰청정문,연제구
54,법원검찰청정문,연제구
54,법원검찰청정문,연제구
50,법원후문,연제구
54,법원후문,연제구
50,거제리대조연립,연제구
54,거제리대조연립,연제구
54,거제리대조연립,연제구
54,법원후문,연제구
50,남문초.연제우체국,연제구
54,남문초.연제우체국,연제구
105,남문초.연제우체국,연제구
50,현대쌍용아파트,연제구
54,현대쌍용아파트,연제구
105,현대쌍용아파트,연제구
부산진구17,남문초.연제우체국,연제구
부산진구17,현대쌍용아파트,연제구
54,수영강푸르지오아파트,연제구
100,수영강푸르지오아파트,연제구
100-1,수영강푸르지오아파트,연제구
115,수영강푸르지오아파트,연제구
307,수영강푸르지오아파트,연제구
54,연제예식장,연제구
100,연제예식장,연제구
100-1,연제예식장,연제구
115,연제예식장,연제구
307,연제예식장,연제구
10,사직실내수영장,연제구
210,사직실내수영장,연제구
부산진구17,사직실내수영장,연제구
10,아시아드주경기장,연제구
210,아시아드주경기장,연제구
부산진구17,아시아드주경기장,연제구
8,구학초등학교,사상구
15,구학초등학교,사상구
67,구학초등학교,사상구
161,구학초등학교,사상구
168,구학초등학교,사상구
부산진구10-1,구학초등학교,사상구
8,구덕고교,사상구
15,구덕고교,사상구
67,구덕고교,사상구
161,구덕고교,사상구
168,구덕고교,사상구
8,여성문화회관,사상구
15,여성문화회관,사상구
67,여성문화회관,사상구
161,여성문화회관,사상구
168,여성문화회관,사상구
3003,여성문화회관,사상구
부산진구10-1,구덕고등학교,사상구
부산진구10-1,구덕극동아파트,사상구
부산진구10-1,축산물도매시장,사상구
8,구학초등학교,사상구
15,구학초등학교,사상구
67,구학초등학교,사상구
161,구학초등학교,사상구
168,구학초등학교,사상구
부산진구10-1,구학초등학교,사상구
68,주례사거리,사상구
128-1,주례사거리,사상구
168,주례사거리,사상구
부산진구10-1,주례사거리,사상구
사상구3,주례사거리,사상구
사상구3-1,주례사거리,사상구
사상구5-2,주례사거리,사상구
사상구3,신진정비공장,사상구
68,다누림센터·부산구치소,사상구
128-1,다누림센터·부산구치소,사상구
168,다누림센터·부산구치소,사상구
68,학장,사상구
128-1,학장,사상구
168,학장,사상구
부산진구10-1,다누림센터.부산구치소,사상구
사상구3-1,다누림센터.부산구치소,사상구
부산진구10-1,학장,사상구
8,학장교차로,사상구
15,학장교차로,사상구
61,학장교차로,사상구
161,학장교차로,사상구
68,동양아파트,사상구
128-1,동양아파트,사상구
168,동양아파트,사상구
68,다누림센터·부산구치소,사상구
128-1,다누림센터·부산구치소,사상구
168,다누림센터·부산구치소,사상구
67,학장교차로,사상구
68,학장교차로,사상구
77,학장교차로,사상구
110,학장교차로,사상구
128-1,학장교차로,사상구
부산진구10-1,동양아파트,사상구
사상구3-1,동양아파트,사상구
부산진구10-1,학장교차로,사상구
사상구3-1,학장교차로,사상구
126,삼락동,사상구
126,국제식품,사상구
77,경북철강,사상구
110,경북철강,사상구
338,경북철강,사상구
61,경북철강,사상구
338,경북철강,사상구
61,유유철강,사상구
338,유유철강,사상구
138-1,산업용품상가,사상구
128-1,주감초등학교,사상구
129-1,주감초등학교,사상구
133,주감초등학교,사상구
169-1,주감초등학교,사상구
128-1,백양마을,사상구
129-1,백양마을,사상구
133-1,백양마을,사상구
169-1,백양마을,사상구
128-1,주감중학교,사상구
129-1,주감중학교,사상구
133-1,주감중학교,사상구
169-1,주감중학교,사상구
128-1,사상근린공원,사상구
129-1,사상근린공원,사상구
133-1,사상근린공원,사상구
169-1,사상근린공원,사상구
128-1,부산솔빛학교.능인사,사상구
129-1,부산솔빛학교.능인사,사상구
133-1,부산솔빛학교.능인사,사상구
169-1,부산솔빛학교.능인사,사상구
사상구2-1,주감중학교,사상구
15,서부시외버스터미널.사상역,사상구
31,서부시외버스터미널.사상역,사상구
33,서부시외버스터미널.사상역,사상구
59,서부시외버스터미널.사상역,사상구
62,서부시외버스터미널.사상역,사상구
110,서부시외버스터미널.사상역,사상구
123,서부시외버스터미널.사상역,사상구
138-1,서부시외버스터미널.사상역,사상구
160,서부시외버스터미널.사상역,사상구
169,서부시외버스터미널.사상역,사상구
338,서부시외버스터미널.사상역,사상구
1004-F,서부시외버스터미널.사상역,사상구
사상구1-1,서부시외버스터미널.사상역,사상구
사상구7,서부시외버스터미널.사상역,사상구
15,사상초등학교,사상구
31,사상초등학교,사상구
33,사상초등학교,사상구
59,사상초등학교,사상구
62,사상초등학교,사상구
110,사상초등학교,사상구
123,사상초등학교,사상구
160,사상초등학교,사상구
169,사상초등학교,사상구
338,사상초등학교,사상구
1004-F,사상초등학교,사상구
사상구1-1,사상초등학교,사상구
77,괘법르네시떼역.르네시떼,사상구
110,괘법르네시떼역.르네시떼,사상구
138-1,괘법르네시떼역.르네시떼,사상구
3003,괘법르네시떼역.르네시떼,사상구
3005,괘법르네시떼역.르네시떼,사상구
사상구1-1,괘법르네시떼역.르네시떼,사상구
사상구1-1,괘법르네시떼역.르네시떼,사상구
사상구7,괘법르네시떼역.르네시떼,사상구
31,삼대한의원,사상구
33,삼대한의원,사상구
61,삼대한의원,사상구
62,삼대한의원,사상구
138-1,삼대한의원,사상구
160,삼대한의원,사상구
161,삼대한의원,사상구
169,삼대한의원,사상구
186,삼대한의원,사상구
1004-F,삼대한의원,사상구
31,사상우체국,사상구
33,사상우체국,사상구
61,사상우체국,사상구
62,사상우체국,사상구
138-1,사상우체국,사상구
160,사상우체국,사상구
161,사상우체국,사상구
169,사상우체국,사상구
186,사상우체국,사상구
1004-F,사상우체국,사상구
77,감전초등학교,사상구
77,감전시장입구,사상구
67,개금시장,부산진구
167,개금시장,부산진구
67,백병원입구,부산진구
167,백병원입구,부산진구
부산진구10-1,개금시장,부산진구
부산진구10-1,백병원입구,부산진구
67,주례여자고등학교,사상구
167,주례여자고등학교,사상구
부산진구10-1,개금현대아파트,사상구
사상구5,개금현대아파트,사상구
사상구5-1,개금현대아파트,사상구
사상구5-2,개금현대아파트,사상구
사상구3,주례지구대,사상구
사상구2,동서대KIT생활관,사상구
사상구2,동서대글로벌빌리지,사상구
사상구2,동서대후문,사상구
사상구3,주례지구대,사상구
129-1,반도보라아파트,사상구
133,반도보라아파트,사상구
169-1,반도보라아파트,사상구
사상구2-2,주양초등학교운동장,사상구
129-1,보훈병원,사상구
133-1,보훈병원,사상구
169-1,보훈병원,사상구
사상구2-2,부산보훈병원,사상구
16,엄궁초등학교.동백맨션,사상구
67,엄궁초등학교.동백맨션,사상구
108,엄궁초등학교.동백맨션,사상구
123,엄궁초등학교.동백맨션,사상구
16,대림아파트,사상구
67,대림아파트,사상구
108,대림아파트,사상구
123,대림아파트,사상구
16,엄궁롯데캐슬,사상구
16,대림아파트,사상구
123,대림아파트,사상구
16,동백맨션,사상구
123,동백맨션,사상구
16,코오롱아파트후문,사상구
67,코오롱아파트후문,사상구
108,코오롱아파트후문,사상구
123,코오롱아파트후문,사상구
16,쌍용스윗닷홈,사상구
67,쌍용스윗닷홈,사상구
108,쌍용스윗닷홈,사상구
123,쌍용스윗닷홈,사상구
16,코오롱아파트정문,사상구
67,코오롱아파트정문,사상구
108,코오롱아파트정문,사상구
123,코오롱아파트정문,사상구
16,대동아파트,사상구
67,대동아파트,사상구
108,대동아파트,사상구
123,대동아파트,사상구
16,엄궁초등학교,사상구
16,(구)엄궁동부산은행,사상구
16,한신아파트후문,사상구
67,한신아파트후문,사상구
108,한신아파트후문,사상구
123,한신아파트후문,사상구
16,엄궁(기점),사상구
67,한신아파트정문,사상구
108,한신아파트정문,사상구
123,한신아파트정문,사상구
16,엄궁한신1차아파트,사상구
67,엄궁한신1차아파트,사상구
68,엄궁한신1차아파트,사상구
108,엄궁한신1차아파트,사상구
123,엄궁한신1차아파트,사상구
126,엄궁한신1차아파트,사상구
128-1,엄궁한신1차아파트,사상구
138,엄궁한신1차아파트,사상구
138-1,엄궁한신1차아파트,사상구
338,엄궁한신1차아파트,사상구
123,한신아파트정문,사상구
123,한신아파트후문,사상구
16,하단SK뷰아파트앞,사하구
68,하단SK뷰아파트앞,사하구
126,하단SK뷰아파트앞,사하구
128-1,하단SK뷰아파트앞,사하구
138,하단SK뷰아파트앞,사하구
138-1,하단SK뷰아파트앞,사하구
338,하단SK뷰아파트앞,사하구
16,쌍용스윗닷홈,사상구
123,쌍용스윗닷홈,사상구
16,대동아파트,사상구
123,대동아파트,사상구
16,코오롱아파트후문,사상구
123,코오롱아파트후문,사상구
16,코오롱아파트정문,사상구
123,코오롱아파트정문,사상구
59,사상전화국,사상구
77,사상전화국,사상구
108,사상전화국,사상구
138,사상전화국,사상구
59,부산구치소,사상구
77,부산구치소,사상구
108,부산구치소,사상구
138,부산구치소,사상구
59,주례교차로,사상구
77,주례교차로,사상구
108,주례교차로,사상구
138,주례교차로,사상구
8,사상전화국,사상구
15,사상전화국,사상구
161,사상전화국,사상구
3003,사상전화국,사상구
사상구7,롯데정비,사상구
126,금강화학,사상구
126,금강화학,사상구
126,국제식품,사상구
126,서부주유소,사상구
126,(주)대정.성지,사상구
123,엄궁농산물도매시장,사상구
16,엄궁롯데캐슬,사상구
31,주례우체국,사상구
33,주례우체국,사상구
61,주례우체국,사상구
62,주례우체국,사상구
138-1,주례우체국,사상구
160,주례우체국,사상구
169,주례우체국,사상구
186,주례우체국,사상구
1004-F,주례우체국,사상구
사상구2-1,주례새마을금고본점,사상구
31,북부산세무서.감전역,사상구
33,북부산세무서.감전역,사상구
61,북부산세무서.감전역,사상구
62,북부산세무서.감전역,사상구
138-1,북부산세무서.감전역,사상구
160,북부산세무서.감전역,사상구
169,북부산세무서.감전역,사상구
186,북부산세무서.감전역,사상구
1004-F,북부산세무서.감전역,사상구
126,삼락생태공원,사상구
126,삼락생태공원,사상구
8,KEB하나은행,사상구
15,KEB하나은행,사상구
59,KEB하나은행,사상구
61,KEB하나은행,사상구
77,KEB하나은행,사상구
110,KEB하나은행,사상구
123,KEB하나은행,사상구
338,KEB하나은행,사상구
3003,KEB하나은행,사상구
77,감전시장입구,사상구
77,감전초등학교,사상구
8,감전시장,사상구
15,감전시장,사상구
59,감전시장,사상구
61,감전시장,사상구
110,감전시장,사상구
123,감전시장,사상구
338,감전시장,사상구
77,산업용품유통상가,사상구
77,서감초등학교,사상구
77,(구)대도운수종점,사상구
126,괘법르네시떼역.르네시떼,사상구
33,덕포시장,사상구
59,덕포시장,사상구
110,덕포시장,사상구
160,덕포시장,사상구
1004-F,덕포시장,사상구
15,덕포시장.덕포역,사상구
31,덕포시장.덕포역,사상구
62,덕포시장.덕포역,사상구
123,덕포시장.덕포역,사상구
169,덕포시장.덕포역,사상구
338,덕포시장.덕포역,사상구
사상구1-1,덕포시장,사상구
사상구1-1,덕포역,사상구
8,새벽시장,사상구
15,새벽시장,사상구
59,새벽시장,사상구
61,새벽시장,사상구
77,새벽시장,사상구
110,새벽시장,사상구
123,새벽시장,사상구
338,새벽시장,사상구
3003,새벽시장,사상구
77,제일약국,사상구
110,제일약국,사상구
77,럭키슈퍼,사상구
110,럭키슈퍼,사상구
126,부산전문장례식장,사상구
138-1,부산전문장례식장,사상구
123,진흥스틸,사상구
77,학장초등학교,사상구
110,학장초등학교,사상구
77,학장동 종점,사상구
77,학장동 종점,사상구
108,학장초등학교,사상구
123,학장초등학교,사상구
108,학장초등학교,사상구
123,학장초등학교,사상구
67,학장교차로,사상구
68,학장교차로,사상구
128-1,학장교차로,사상구
67,학장교,사상구
68,학장교,사상구
108,학장교,사상구
123,학장교,사상구
128-1,학장교,사상구
67,엄궁중학교,사상구
68,엄궁중학교,사상구
108,엄궁중학교,사상구
123,엄궁중학교,사상구
128-1,엄궁중학교,사상구
67,반도보라아파트,사상구
68,반도보라아파트,사상구
108,반도보라아파트,사상구
123,반도보라아파트,사상구
128-1,반도보라아파트,사상구
67,학장중학교,사상구
68,학장중학교,사상구
108,학장중학교,사상구
123,학장중학교,사상구
128-1,학장중학교,사상구
67,엄궁럭키아파트,사상구
68,엄궁럭키아파트,사상구
108,엄궁럭키아파트,사상구
123,엄궁럭키아파트,사상구
128-1,엄궁럭키아파트,사상구
338,경동스틸,사상구
338,케스텍코리아,사상구
126,엄궁정비,사상구
138,엄궁정비,사상구
138-1,엄궁정비,사상구
8,학장입구,사상구
15,학장입구,사상구
59,학장입구,사상구
108,학장입구,사상구
138,학장입구,사상구
3002,학장입구,사상구
77,학장입구,사상구
108,학장입구,사상구
110,학장입구,사상구
123,학장입구,사상구
8,학장입구,사상구
15,학장입구,사상구
59,학장입구,사상구
61,학장입구,사상구
138,학장입구,사상구
3002,학장입구,사상구
8,사상전화국,사상구
15,사상전화국,사상구
61,사상전화국,사상구
161,사상전화국,사상구
3003,사상전화국,사상구
31,북부산세무서.감전역,사상구
33,북부산세무서.감전역,사상구
61,북부산세무서.감전역,사상구
62,북부산세무서.감전역,사상구
138-1,북부산세무서.감전역,사상구
160,북부산세무서.감전역,사상구
169,북부산세무서.감전역,사상구
186,북부산세무서.감전역,사상구
1004-F,북부산세무서.감전역,사상구
31,온골마을입구,사상구
33,온골마을입구,사상구
61,온골마을입구,사상구
62,온골마을입구,사상구
138-1,온골마을입구,사상구
160,온골마을입구,사상구
169,온골마을입구,사상구
186,온골마을입구,사상구
1004-F,온골마을입구,사상구
77,북부산세무서.감전역,사상구
161,북부산세무서.감전역,사상구
77,북부산세무서.감전역,사상구
161,북부산세무서.감전역,사상구
161,사상구청,사상구
사상구7,북부운전면허시험장,사상구
사상구7,사상소방서,사상구
사상구7,덕포시장.사상생활사박물관,사상구
사상구7,삼락생태공원,사상구
126,삼락동행정복지센터,사상구
사상구7,북부운전면허시험장,사상구
사상구7,사상소방서,사상구
8,학장교차로,사상구
15,학장교차로,사상구
161,학장교차로,사상구
33-1,덕포청구아파트,사상구
62,덕포청구아파트,사상구
128-1,덕포청구아파트,사상구
129-1,덕포청구아파트,사상구
33-1,한전북부산지점,사상구
62,한전북부산지점,사상구
128-1,한전북부산지점,사상구
129-1,한전북부산지점,사상구
사상구1-1,덕포청구아파트,사상구
사상구1-1,덕포경동1차아파트,사상구
사상구1-1,덕포경동2차아파트,사상구
사상구1-1,덕포청구아파트,사상구
사상구1-1,오양힐타운아파트,사상구
8,감전시장,사상구
15,감전시장,사상구
59,감전시장,사상구
61,감전시장,사상구
77,감전시장,사상구
110,감전시장,사상구
123,감전시장,사상구
338,감전시장,사상구
77,사상구청,사상구
161,사상구청,사상구
126,감전동,사상구
138,감전동,사상구
138-1,감전동,사상구
사상구2-1,주감초등학교,사상구
사상구2-2,주감초등학교,사상구
사상구2-1,주감초등학교,사상구
사상구2-2,주감초등학교,사상구
128-1,주감초등학교,사상구
129-1,주감초등학교,사상구
133-1,주감초등학교,사상구
169-1,주감초등학교,사상구
129-1,보훈병원,사상구
133,보훈병원,사상구
169-1,보훈병원,사상구
사상구2-1,주례동일2차아파트,사상구
사상구2-1,주례청구아파트후문,사상구
사상구2-1,주례동일1차아파트,사상구
16,엄궁한신1차아파트,사상구
68,엄궁한신1차아파트,사상구
126,엄궁한신1차아파트,사상구
128-1,엄궁한신1차아파트,사상구
138,엄궁한신1차아파트,사상구
138-1,엄궁한신1차아파트,사상구
338,엄궁한신1차아파트,사상구
123,엄궁아파트,사상구
77,서감초등학교,사상구
110,서감초등학교,사상구
사상구2-2,주례현대아파트,사상구
사상구2-2,주례현대아파트,사상구
사상구2-2,부산보훈병원,사상구
사상구2-2,양지1공원,사상구
사상구2-2,백운사,사상구
사상구2-2,양지마을,사상구
사상구2-2,창신주택,사상구
사상구2-2,양지공원,사상구
부산진구9,주례한일유앤아이아파트,사상구
사상구2-2,주례한일유앤아이아파트,사상구
사상구2,주례럭키아파트,사상구
사상구2,동주초등학교,사상구
사상구3,동주초등학교,사상구
사상구3-1,동주초등학교,사상구
사상구2,주례열린도서관,사상구
사상구2,동주초등학교,사상구
사상구3,동주초등학교,사상구
사상구3-1,동주초등학교,사상구
사상구2,주례열린도서관,사상구
사상구2,동서대KIT생활관,사상구
사상구2,동서대글로벌빌리지,사상구
사상구2,동서대후문,사상구
사상구2,경남정보대입구,사상구
사상구2,경남정보대입구,사상구
사상구2,주례2동행정복지센터,사상구
사상구5-1,냉정역5번출구,사상구
사상구5-2,냉정역5번출구,사상구
사상구2,냉정역,사상구
사상구5,냉정역,사상구
사상구5-1,냉정역,사상구
사상구5-1,냉정역,사상구
사상구5-2,냉정역,사상구
사상구6,냉정역,사상구
사상구2,주례2동행정복지센터,사상구
사상구5,트윈빌딩,사상구
사상구5-1,트윈빌딩,사상구
사상구5-1,트윈빌딩,사상구
사상구5-2,트윈빌딩,사상구
사상구5-2,트윈빌딩,사상구
사상구5,태화주유소,사상구
사상구5-1,태화주유소,사상구
사상구5-2,태화주유소,사상구
사상구6,태화주유소,사상구
사상구2,냉정시장,사상구
사상구2,냉정역,사상구
사상구2,냉정시장,사상구
사상구2,경남정보대학교,사상구
사상구2,광우맨션,사상구
사상구2,주례중학교,사상구
사상구2,주례여자고등학교,사상구
사상구2-1,주례청구아파트110동,사상구
사상구2-1,주례청구아파트정문,사상구
사상구3,일신주택,사상구
사상구3,일신주택입구,사상구
사상구3,주례벽산아파트,사상구
사상구3,일신주택입구,사상구
사상구3,주례벽산아파트,사상구
사상구5-2,동서대입구,사상구
사상구5,동서대학교,사상구
사상구5-1,동서대학교,사상구
사상구5-2,동서대학교,사상구
사상구7,구)부산솔빛학교,사상구
사상구7,조광페인트,사상구
사상구7,사상중앙병원,사상구
사상구7,사상중앙병원,사상구
부산진구10-1,구학초등학교,사상구
31,모라주공아파트,사상구
148,모라주공아파트,사상구
338,모라주공아파트,사상구
77,럭키슈퍼,사상구
77,감전동행정복지센터,사상구
31,모라주공아파트,사상구
148,모라주공아파트,사상구
338,모라주공아파트,사상구
강서구19,시내버스종점,사상구
77,파라곤호텔,사상구
110,파라곤호텔,사상구
3003,파라곤호텔,사상구
37,원자력의학원,기장군
182,원자력의학원,기장군
187,원자력의학원,기장군
188,원자력의학원,기장군
302,원자력의학원,기장군
3008,원자력의학원,기장군
3008-F,원자력의학원,기장군
37,원자력의학원,기장군
182,원자력의학원,기장군
187,원자력의학원,기장군
188,원자력의학원,기장군
302,원자력의학원,기장군
3008,원자력의학원,기장군
3008-F,원자력의학원,기장군
37,좌천삼거리,기장군
182,좌천삼거리,기장군
187,좌천삼거리,기장군
188,좌천삼거리,기장군
302,좌천삼거리,기장군
3008,좌천삼거리,기장군
3008-F,좌천삼거리,기장군
37,장안제일고등학교,기장군
182,장안제일고등학교,기장군
187,장안제일고등학교,기장군
188,장안제일고등학교,기장군
302,장안제일고등학교,기장군
3008,장안제일고등학교,기장군
3008-F,장안제일고등학교,기장군
기장군3,장안제일고등학교,기장군
기장군3,장안제일고등학교,기장군
기장군8,장안제일고등학교,기장군
기장군57,장안제일고등학교,기장군
기장군3,좌천삼거리,기장군
기장군3,좌천삼거리,기장군
기장군8,좌천삼거리,기장군
기장군57,좌천삼거리,기장군
기장군11,안평.고촌,기장군
36,고촌주택단지,기장군
73,고촌주택단지,기장군
183,고촌주택단지,기장군
187,고촌주택단지,기장군
183-F,고촌주택단지,기장군
36,철마삼거리,기장군
183,철마삼거리,기장군
187,철마삼거리,기장군
188,철마삼거리,기장군
183-F,철마삼거리,기장군
36,안평차량기지,기장군
73,안평차량기지,기장군
183,안평차량기지,기장군
187,안평차량기지,기장군
188,안평차량기지,기장군
183-F,안평차량기지,기장군
기장군11,철마삼거리,기장군
기장군11,안평차량기지,기장군
36,안평역.고촌마을,기장군
73,안평역.고촌마을,기장군
183,안평역.고촌마을,기장군
187,안평역.고촌마을,기장군
188,안평역.고촌마을,기장군
183-F,안평역.고촌마을,기장군
기장군11,안평.고촌,기장군
36,대진여객.고촌역,해운대구
73,대진여객.고촌역,해운대구
183,대진여객.고촌역,해운대구
187,대진여객.고촌역,해운대구
183-F,대진여객.고촌역,해운대구
36,안평역.고촌마을,기장군
73,안평역.고촌마을,기장군
183,안평역.고촌마을,기장군
187,안평역.고촌마을,기장군
188,안평역.고촌마을,기장군
183-F,안평역.고촌마을,기장군
36,고촌주택단지,기장군
73,고촌주택단지,기장군
183,고촌주택단지,기장군
187,고촌주택단지,기장군
188,고촌주택단지,기장군
188,고촌주택단지,기장군
183-F,고촌주택단지,기장군
189,고촌역.대진여객,해운대구
189-1,고촌역.대진여객,해운대구
36,대진여객.고촌역,기장군
73,대진여객.고촌역,기장군
115-1,대진여객.고촌역,기장군
129-1,대진여객.고촌역,기장군
183,대진여객.고촌역,기장군
187,대진여객.고촌역,기장군
183-F,대진여객.고촌역,기장군
기장군11,고촌역,기장군
73,안평삼거리,기장군
36,철마삼거리,기장군
183,철마삼거리,기장군
187,철마삼거리,기장군
188,철마삼거리,기장군
183-F,철마삼거리,기장군
기장군11,철마삼거리,기장군
기장군11,만화리입구,기장군
기장군11,만화리,기장군
36,만화리입구,기장군
183,만화리입구,기장군
187,만화리입구,기장군
188,만화리입구,기장군
183-F,만화리입구,기장군
36,만화리입구,기장군
183,만화리입구,기장군
187,만화리입구,기장군
188,만화리입구,기장군
183-F,만화리입구,기장군
36,농업기술센터,기장군
183,농업기술센터,기장군
187,농업기술센터,기장군
188,농업기술센터,기장군
183-F,농업기술센터,기장군
기장군11,농업기술센터,기장군
36,농업기술센터,기장군
183,농업기술센터,기장군
187,농업기술센터,기장군
188,농업기술센터,기장군
183-F,농업기술센터,기장군
36,만화리영락동산,기장군
183,만화리영락동산,기장군
187,만화리영락동산,기장군
188,만화리영락동산,기장군
183-F,만화리영락동산,기장군
기장군11,농업기술센터,기장군
기장군11,만화리영락동산,기장군
36,만화리영락동산,기장군
183,만화리영락동산,기장군
187,만화리영락동산,기장군
188,만화리영락동산,기장군
183-F,만화리영락동산,기장군
기장군11,만화리영락동산,기장군
139,부산대청중학교,기장군
38,연화교차로,기장군
39,연화교차로,기장군
40,연화교차로,기장군
63,연화교차로,기장군
139,연화교차로,기장군
185,연화교차로,기장군
200,연화교차로,기장군
1003-F,연화교차로,기장군
100,연화교차로,기장군
기장군6,기장군청,기장군
기장군6,신천,기장군
기장군6,기장실버타운,기장군
기장군6,신앙촌,기장군
기장군6,원죽1구,기장군
기장군6,기장군청,기장군
기장군6,신천,기장군
기장군6,죽성사거리,기장군
37,덕산마을,기장군
73,덕산마을,기장군
73,덕산마을,기장군
105,덕산마을,기장군
107,덕산마을,기장군
107,덕산마을,기장군
182,덕산마을,기장군
188,덕산마을,기장군
302,덕산마을,기장군
3008,덕산마을,기장군
3008-F,덕산마을,기장군
37,가화테라스1차,기장군
73,가화테라스1차,기장군
105,가화테라스1차,기장군
106,가화테라스1차,기장군
107,가화테라스1차,기장군
182,가화테라스1차,기장군
184,가화테라스1차,기장군
37,강변마을,기장군
105,강변마을,기장군
182,강변마을,기장군
188,강변마을,기장군
302,강변마을,기장군
3008,강변마을,기장군
3008-F,강변마을,기장군
기장군57,강변마을,기장군
37,가화테라스1차,기장군
73,가화테라스1차,기장군
105,가화테라스1차,기장군
106,가화테라스1차,기장군
107,가화테라스1차,기장군
182,가화테라스1차,기장군
184,가화테라스1차,기장군
302,가화테라스1차,기장군
37,독점마을,기장군
182,독점마을,기장군
188,독점마을,기장군
302,독점마을,기장군
37,강변마을,기장군
105,강변마을,기장군
182,강변마을,기장군
188,강변마을,기장군
302,강변마을,기장군
3008,강변마을,기장군
3008-F,강변마을,기장군
기장군57,강변마을,기장군
37,서편마을,기장군
182,서편마을,기장군
188,서편마을,기장군
302,서편마을,기장군
3008,서편마을,기장군
3008-F,서편마을,기장군
37,예림마을,기장군
182,예림마을,기장군
188,예림마을,기장군
302,예림마을,기장군
3008,예림마을,기장군
3008-F,예림마을,기장군
기장군8,독점마을,기장군
기장군57,독점마을,기장군
기장군8,서편마을,기장군
기장군8,예림마을,기장군
37,독점마을,기장군
182,독점마을,기장군
188,독점마을,기장군
302,독점마을,기장군
기장군8,독점마을,기장군
기장군57,독점마을,기장군
73,신동아파밀리에후문,기장군
106,신동아파밀리에후문,기장군
107,신동아파밀리에후문,기장군
184,신동아파밀리에후문,기장군
188,신동아파밀리에후문,기장군
3008,신동아파밀리에후문,기장군
3008-F,신동아파밀리에후문,기장군
37,정관읍행정복지센터.기장소방서,기장군
73,정관읍행정복지센터.기장소방서,기장군
73,정관읍행정복지센터.기장소방서,기장군
106,정관읍행정복지센터.기장소방서,기장군
106,정관읍행정복지센터.기장소방서,기장군
107,정관읍행정복지센터.기장소방서,기장군
107,정관읍행정복지센터.기장소방서,기장군
182,정관읍행정복지센터.기장소방서,기장군
302,정관읍행정복지센터.기장소방서,기장군
3008,정관읍행정복지센터.기장소방서,기장군
3008-F,정관읍행정복지센터.기장소방서,기장군
37,평전마을,기장군
73,평전마을,기장군
106,평전마을,기장군
107,평전마을,기장군
182,평전마을,기장군
184,평전마을,기장군
188,평전마을,기장군
3008,평전마을,기장군
3008-F,평전마을,기장군
37,산막입구,기장군
73,산막입구,기장군
106,산막입구,기장군
107,산막입구,기장군
182,산막입구,기장군
184,산막입구,기장군
188,산막입구,기장군
3008,산막입구,기장군
3008-F,산막입구,기장군
기장군8,정관읍사무소.기장소방서,기장군
기장군57,정관읍사무소.기장소방서,기장군
188,정관읍행정복지센터.기장소방서,기장군
기장군57,덕산마을,기장군
37,정관신도시 롯데캐슬,기장군
182,정관신도시 롯데캐슬,기장군
184,정관신도시 롯데캐슬,기장군
37,정관신도시 롯데캐슬,기장군
182,정관신도시 롯데캐슬,기장군
184,정관신도시 롯데캐슬,기장군
37,한진해모로,기장군
73,한진해모로,기장군
106,한진해모로,기장군
107,한진해모로,기장군
182,한진해모로,기장군
184,한진해모로,기장군
188,한진해모로,기장군
302,한진해모로,기장군
3008,한진해모로,기장군
3008-F,한진해모로,기장군
37,계룡리슈빌,기장군
73,계룡리슈빌,기장군
106,계룡리슈빌,기장군
107,계룡리슈빌,기장군
182,계룡리슈빌,기장군
184,계룡리슈빌,기장군
188,계룡리슈빌,기장군
302,계룡리슈빌,기장군
3008,계룡리슈빌,기장군
3008-F,계룡리슈빌,기장군
73,휴먼시아1차,기장군
106,휴먼시아1차,기장군
107,휴먼시아1차,기장군
184,휴먼시아1차,기장군
188,휴먼시아1차,기장군
302,휴먼시아1차,기장군
3008,휴먼시아1차,기장군
3008-F,휴먼시아1차,기장군
37,정원초등학교,기장군
73,정원초등학교,기장군
106,정원초등학교,기장군
107,정원초등학교,기장군
182,정원초등학교,기장군
188,정원초등학교,기장군
302,정원초등학교,기장군
3008,정원초등학교,기장군
3008-F,정원초등학교,기장군
37,모전마을,기장군
106,모전마을,기장군
107,모전마을,기장군
188,모전마을,기장군
302,모전마을,기장군
3008,모전마을,기장군
3008-F,모전마을,기장군
73,신정초등학교,기장군
106,신정초등학교,기장군
107,신정초등학교,기장군
182,신정초등학교,기장군
188,신정초등학교,기장군
302,신정초등학교,기장군
3008,신정초등학교,기장군
3008-F,신정초등학교,기장군
기장군8,신정초등학교,기장군
기장군57,신정초등학교,기장군
기장군8,정원초등학교,기장군
기장군57,정원초등학교,기장군
37,모전마을,기장군
106,모전마을,기장군
107,모전마을,기장군
182,모전마을,기장군
188,모전마을,기장군
302,모전마을,기장군
3008,모전마을,기장군
3008-F,모전마을,기장군
37,정원초등학교,기장군
73,정원초등학교,기장군
106,정원초등학교,기장군
107,정원초등학교,기장군
182,정원초등학교,기장군
188,정원초등학교,기장군
302,정원초등학교,기장군
3008,정원초등학교,기장군
3008-F,정원초등학교,기장군
37,솔마루공원,기장군
106,솔마루공원,기장군
107,솔마루공원,기장군
188,솔마루공원,기장군
302,솔마루공원,기장군
3008,솔마루공원,기장군
3008-F,솔마루공원,기장군
37,정관고개,기장군
302,정관고개,기장군
37,정관고개,기장군
302,정관고개,기장군
37,부산추모공원,기장군
302,부산추모공원,기장군
37,부산추모공원,기장군
302,부산추모공원,기장군
37,백운제1공원,기장군
302,백운제1공원,기장군
37,용천사,기장군
302,용천사,기장군
37,백운제1공원,기장군
302,백운제1공원,기장군
37,두명마을,기장군
302,두명마을,기장군
37,월평교차로,기장군
180,이천,기장군
188,이천,기장군
기장군3,이천,기장군
180,동부산농협,기장군
188,동부산농협,기장군
기장군3,동부산농협,기장군
180,이천,기장군
188,이천,기장군
기장군3,이천,기장군
182,삼덕입구,기장군
187,삼덕입구,기장군
기장군8,삼덕입구,기장군
180,동부산농협,기장군
188,동부산농협,기장군
기장군3,동부산농협,기장군
36,동해선일광역,기장군
36,동해선일광역,기장군
180,동해선일광역,기장군
181,동해선일광역,기장군
181,동해선일광역,기장군
182,동해선일광역,기장군
187,동해선일광역,기장군
188,동해선일광역,기장군
36,일광해수욕장입구,기장군
139,일광해수욕장입구,기장군
180,일광해수욕장입구,기장군
181,일광해수욕장입구,기장군
기장군2,일광해수욕장입구,기장군
기장군3,일광해수욕장입구,기장군
기장군2,동해선일광역,기장군
기장군2,동해선일광역,기장군
기장군3,동해선일광역,기장군
기장군8,동해선일광역,기장군
180,이동수산,기장군
188,이동수산,기장군
180,이동수산,기장군
188,이동수산,기장군
180,이동방파제,기장군
188,이동방파제,기장군
기장군3,이동방파제,기장군
기장군3,이동수산,기장군
180,부대앞,기장군
188,부대앞,기장군
180,온정,기장군
188,온정,기장군
기장군3,부대앞,기장군
기장군3,온정,기장군
180,이동방파제,기장군
188,이동방파제,기장군
기장군3,이동수산,기장군
기장군3,이동방파제,기장군
180,이동,기장군
188,이동,기장군
기장군3,이동,기장군
180,신평,기장군
188,신평,기장군
180,칠암,기장군
188,칠암,기장군
기장군3,신평,기장군
기장군3,칠암,기장군
180,동백,기장군
188,동백,기장군
180,동백선착장,기장군
188,동백선착장,기장군
기장군3,동백,기장군
기장군3,동백선착장,기장군
180,칠암,기장군
188,칠암,기장군
180,신평,기장군
188,신평,기장군
기장군3,신평,기장군
기장군3,칠암,기장군
180,문중,기장군
188,문중,기장군
기장군3,문중,기장군
180,온정,기장군
188,온정,기장군
180,부대앞,기장군
188,부대앞,기장군
기장군3,부대앞,기장군
기장군3,온정,기장군
180,동백선착장,기장군
188,동백선착장,기장군
180,동백,기장군
188,동백,기장군
기장군3,동백,기장군
기장군3,동백선착장,기장군
180,새끝,기장군
188,새끝,기장군
180,문동,기장군
188,문동,기장군
기장군3,문동,기장군
기장군3,새끝,기장군
180,새끝,기장군
188,새끝,기장군
180,문동,기장군
188,문동,기장군
기장군3,문동,기장군
기장군3,새끝,기장군
180,문중,기장군
188,문중,기장군
기장군3,문중,기장군
37,기장문화예절학교,기장군
180,기장문화예절학교,기장군
기장군3,기장문화예절학교,기장군
37,묘관음사입구,기장군
180,묘관음사입구,기장군
37,임랑삼거리,기장군
188,임랑삼거리,기장군
37,임랑마을,기장군
180,임랑마을,기장군
기장군3,묘관음사입구,기장군
37,월내시장,기장군
180,월내시장,기장군
기장군3,동해선월내역.월내시장,기장군
37,기장문화예절학교,기장군
180,기장문화예절학교,기장군
기장군3,기장문화예절학교,기장군
37,임랑삼거리,기장군
180,임랑삼거리,기장군
37,묘관음사입구,기장군
180,묘관음사입구,기장군
기장군3,묘관음사입구,기장군
기장군3,임랑삼거리,기장군
180,임랑해수욕장입구,기장군
188,임랑해수욕장입구,기장군
기장군3,임랑해수욕장입구,기장군
기장군3,임랑삼거리,기장군
기장군3,임랑삼거리,기장군
180,이동,기장군
188,이동,기장군
기장군3,이동,기장군
기장군2-3,미동마을,기장군
73,이곡,기장군
73,이곡,기장군
기장군2-3,웅천,기장군
73,웅천,기장군
184,웅천,기장군
기장군2-3,장전리,기장군
73,철마면행정복지센터,기장군
107,철마면행정복지센터,기장군
3008,철마면행정복지센터,기장군
3008-F,철마면행정복지센터,기장군
73,구림마을,기장군
기장군2-3,철마면사무소,기장군
184,철마면행정복지센터,기장군
기장군2-3,장전리,기장군
기장군2-3,철마삼거리,기장군
기장군2-3,철마삼거리,기장군
187,대선주조정문,기장군
37,기장구조대,기장군
182,기장구조대,기장군
188,기장구조대,기장군
302,기장구조대,기장군
3008,기장구조대,기장군
3008-F,기장구조대,기장군
기장군8,기장구조대,기장군
기장군57,기장구조대,기장군
37,서편마을,기장군
182,서편마을,기장군
188,서편마을,기장군
302,서편마을,기장군
3008,서편마을,기장군
3008-F,서편마을,기장군
37,예림마을,기장군
182,예림마을,기장군
188,예림마을,기장군
302,예림마을,기장군
3008,예림마을,기장군
3008-F,예림마을,기장군
기장군8,서편마을,기장군
기장군8,예림마을,기장군
37,광명사입구,기장군
182,광명사입구,기장군
188,광명사입구,기장군
302,광명사입구,기장군
기장군8,광명사입구,기장군
기장군57,광명사입구,기장군
기장군8,내덕입구,기장군
기장군57,내덕입구,기장군
37,기장구조대,기장군
182,기장구조대,기장군
188,기장구조대,기장군
302,기장구조대,기장군
3008,기장구조대,기장군
3008-F,기장구조대,기장군
기장군8,기장구조대,기장군
기장군57,기장구조대,기장군
37,내덕입구,기장군
182,내덕입구,기장군
188,내덕입구,기장군
302,내덕입구,기장군
37,부산장안고등학교,기장군
182,부산장안고등학교,기장군
188,부산장안고등학교,기장군
302,부산장안고등학교,기장군
3008,부산장안고등학교,기장군
3008-F,부산장안고등학교,기장군
37,광명사입구,기장군
182,광명사입구,기장군
188,광명사입구,기장군
302,광명사입구,기장군
기장군8,광명사입구,기장군
기장군57,광명사입구,기장군
기장군8,내덕입구,기장군
기장군57,내덕입구,기장군
182,청광.아시아드컨트리클럽,기장군
187,청광.아시아드컨트리클럽,기장군
기장군8,청광.아시아드컨트리클럽,기장군
182,청광.아시아드컨트리클럽,기장군
187,청광.아시아드컨트리클럽,기장군
기장군8,청광.아시아드컨트리클럽,기장군
37,고원1차아파트,기장군
180,고원1차아파트,기장군
73,갈치고개,기장군
73,안평삼거리,기장군
73,상신리,기장군
73,상신리,기장군
73,구칠,기장군
73,구칠,기장군
73,점현,기장군
73,점현,기장군
73,갓안마을,기장군
73,갓안마을,기장군
73,보림,기장군
73,보림,기장군
73,마지회관,기장군
73,마지회관,기장군
기장군2-3,보림,기장군
기장군2-3,마지마을,기장군
73,구림마을,기장군
73,철마면행정복지센터,기장군
107,철마면행정복지센터,기장군
3008,철마면행정복지센터,기장군
3008-F,철마면행정복지센터,기장군
100,동암정문,기장군
181,동암정문,기장군
100,동암후문,기장군
181,동암후문,기장군
1001,동암후문,기장군
100,오시리아관광단지,기장군
181,오시리아관광단지,기장군
185,오시리아관광단지,기장군
100,용궁사.국립수산과학원,기장군
181,용궁사.국립수산과학원,기장군
1001,용궁사.국립수산과학원,기장군
100,동암후문,기장군
181,동암후문,기장군
1001,동암후문,기장군
100,동암정문,기장군
181,동암정문,기장군
100,해광사,기장군
181,해광사,기장군
100,기차여행,기장군
181,기차여행,기장군
100,서암입구,기장군
100,오시리아관광단지,기장군
181,오시리아관광단지,기장군
100,용궁사.국립수산과학원,기장군
181,용궁사.국립수산과학원,기장군
1001,용궁사.국립수산과학원,기장군
100,당사.공수마을,기장군
181,당사.공수마을,기장군
185,당사.공수마을,기장군
100,공수.양경마을,기장군
181,공수.양경마을,기장군
185,공수.양경마을,기장군
100,기차여행,기장군
181,기차여행,기장군
100,해광사,기장군
181,해광사,기장군
181,연서교회,기장군
181,서암,기장군
181,신암,기장군
181,연화리,기장군
181,서암,기장군
181,연서교회,기장군
181,신암,기장군
181,연화리,기장군
181,대변항입구,기장군
73,석길,기장군
184,석길,기장군
기장군2-3,석길마을,기장군
기장군2-3,백길마을,기장군
73,석길,기장군
184,석길,기장군
73,백길,기장군
184,백길,기장군
73,백길,기장군
184,백길,기장군
73,와여마을,기장군
184,와여마을,기장군
기장군2-3,와여마을,기장군
73,와여마을,기장군
184,와여마을,기장군
기장군2-3,철마면사무소,기장군
73,연꽃공원앞,기장군
73,연꽃공원입구,기장군
184,연꽃공원입구,기장군
73,연꽃공원앞,기장군
73,소산마을,기장군
73,웅천,기장군
184,웅천,기장군
73,연꽃공원입구,기장군
184,연꽃공원입구,기장군
73,한국폴리텍동부산캠퍼스,기장군
106,한국폴리텍동부산캠퍼스,기장군
184,한국폴리텍동부산캠퍼스,기장군
73,매곡리,기장군
73,구연동,기장군
105,구연동,기장군
106,구연동,기장군
184,구연동,기장군
73,한국폴리텍동부산캠퍼스,기장군
106,한국폴리텍동부산캠퍼스,기장군
184,한국폴리텍동부산캠퍼스,기장군
73,매곡리,기장군
73,아세아자동차전문,기장군
73,곰내재,기장군
73,기장실버홈,기장군
73,곰내재,기장군
73,소산마을,기장군
37,월내초등학교,기장군
180,월내초등학교,기장군
기장군3,월내초등학교,기장군
37,월내농협,기장군
180,월내농협,기장군
기장군3,월내농협,기장군
37,월내농협,기장군
180,월내농협,기장군
기장군3,월내농협,기장군
37,부산장안고등학교,기장군
182,부산장안고등학교,기장군
188,부산장안고등학교,기장군
302,부산장안고등학교,기장군
3008,부산장안고등학교,기장군
3008-F,부산장안고등학교,기장군
기장군8,부산장안고등학교,기장군
기장군57,부산장안고등학교,기장군
36,메가마트기장점,기장군
139,메가마트기장점,기장군
180,메가마트기장점,기장군
181,메가마트기장점,기장군
기장군3,기장체육관,기장군
기장군2,메가마트기장점,기장군
기장군3,메가마트기장점,기장군
36,이진아파트,기장군
183,이진아파트,기장군
187,이진아파트,기장군
188,이진아파트,기장군
183-F,이진아파트,기장군
기장군11,이진아파트,기장군
기장군11,궁전아파트,기장군
기장군11,기장고등학교,기장군
기장군11,궁전아파트,기장군
기장군2,차고지,기장군
기장군3,차고지,기장군
기장군8,차고지,기장군
기장군11,차고지,기장군
기장군2,차고지,기장군
기장군3,차고지,기장군
기장군8,차고지,기장군
기장군11,차고지,기장군
183,기장성당,기장군
183-F,기장성당,기장군
기장군2,기장성당,기장군
기장군3,기장성당,기장군
기장군6,기장성당,기장군
기장군8,기장성당,기장군
기장군11,기장성당,기장군
183,동해선기장역.기장중학교,기장군
188,동해선기장역.기장중학교,기장군
183-F,동해선기장역.기장중학교,기장군
기장군2,동해선기장역.기장중학교,기장군
기장군3,동해선기장역.기장중학교,기장군
기장군6,동해선기장역.기장중학교,기장군
기장군8,동해선기장역.기장중학교,기장군
기장군11,동해선기장역.기장중학교,기장군
39,기장성당,기장군
180,기장성당,기장군
1003,기장성당,기장군
1003-F,기장성당,기장군
36,기장전화국,기장군
39,기장전화국,기장군
139,기장전화국,기장군
181,기장전화국,기장군
182,기장전화국,기장군
188,기장전화국,기장군
1003,기장전화국,기장군
1003-F,기장전화국,기장군
기장군2,기장전화국,기장군
기장군3,기장전화국,기장군
기장군6,기장전화국,기장군
기장군8,기장전화국,기장군
기장군11,기장전화국,기장군
39,아름공원,기장군
180,아름공원,기장군
1003,아름공원,기장군
1003-F,아름공원,기장군
36,기장지구대,기장군
39,기장지구대,기장군
139,기장지구대,기장군
181,기장지구대,기장군
182,기장지구대,기장군
183,기장지구대,기장군
188,기장지구대,기장군
1003,기장지구대,기장군
183-F,기장지구대,기장군
1003-F,기장지구대,기장군
36,한신아파트정문,기장군
39,한신아파트정문,기장군
139,한신아파트정문,기장군
181,한신아파트정문,기장군
182,한신아파트정문,기장군
183,한신아파트정문,기장군
188,한신아파트정문,기장군
1003,한신아파트정문,기장군
183-F,한신아파트정문,기장군
1003-F,한신아파트정문,기장군
기장군3,기장지구대,기장군
기장군6,기장지구대,기장군
기장군8,기장지구대,기장군
기장군11,기장지구대,기장군
기장군3,한신아파트,기장군
기장군6,한신아파트,기장군
기장군8,한신아파트,기장군
기장군11,한신아파트,기장군
183,동해선기장역.기장중학교,기장군
188,동해선기장역.기장중학교,기장군
183-F,동해선기장역.기장중학교,기장군
기장군3,동해선기장역.기장중학교,기장군
기장군6,동해선기장역.기장중학교,기장군
기장군8,동해선기장역.기장중학교,기장군
기장군11,동해선기장역.기장중학교,기장군
36,기장시장,기장군
39,기장시장,기장군
139,기장시장,기장군
181,기장시장,기장군
182,기장시장,기장군
1003,기장시장,기장군
1003-F,기장시장,기장군
139,기장종합사회복지관,기장군
139,기장종합사회복지관,기장군
39,청강사거리,기장군
181,청강사거리,기장군
183,청강사거리,기장군
1003,청강사거리,기장군
183-F,청강사거리,기장군
1003-F,청강사거리,기장군
36,청강사거리,기장군
180,청강사거리,기장군
181,청강사거리,기장군
182,청강사거리,기장군
36,기장도서관,기장군
기장군3,기장도서관,기장군
기장군6,기장도서관,기장군
기장군8,기장도서관,기장군
39,기장도서관,기장군
139,기장도서관,기장군
181,기장도서관,기장군
182,기장도서관,기장군
183,기장도서관,기장군
188,기장도서관,기장군
1003,기장도서관,기장군
183-F,기장도서관,기장군
1003-F,기장도서관,기장군
기장군11,기장도서관,기장군
36,기장도서관,기장군
39,기장도서관,기장군
139,기장도서관,기장군
181,기장도서관,기장군
182,기장도서관,기장군
183,기장도서관,기장군
188,기장도서관,기장군
1003,기장도서관,기장군
183-F,기장도서관,기장군
1003-F,기장도서관,기장군
기장군3,기장도서관,기장군
기장군8,기장도서관,기장군
기장군11,기장도서관,기장군
기장군11,한신아파트후문,기장군
39,교리,기장군
139,교리,기장군
181,교리,기장군
182,교리,기장군
183,교리,기장군
187,교리,기장군
188,교리,기장군
1003,교리,기장군
183-F,교리,기장군
1003-F,교리,기장군
36,한신아파트정문,기장군
39,한신아파트정문,기장군
139,한신아파트정문,기장군
181,한신아파트정문,기장군
182,한신아파트정문,기장군
183,한신아파트정문,기장군
188,한신아파트정문,기장군
1003,한신아파트정문,기장군
183-F,한신아파트정문,기장군
1003-F,한신아파트정문,기장군
36,기장지구대,기장군
39,기장지구대,기장군
139,기장지구대,기장군
181,기장지구대,기장군
182,기장지구대,기장군
183,기장지구대,기장군
188,기장지구대,기장군
1003,기장지구대,기장군
183-F,기장지구대,기장군
1003-F,기장지구대,기장군
기장군3,기장지구대,기장군
기장군6,기장지구대,기장군
기장군8,기장지구대,기장군
기장군11,기장지구대,기장군
기장군3,한신아파트,기장군
기장군6,한신아파트,기장군
기장군8,한신아파트,기장군
기장군11,한신아파트,기장군
39,죽성사거리,기장군
181,죽성사거리,기장군
183,죽성사거리,기장군
188,죽성사거리,기장군
1003,죽성사거리,기장군
183-F,죽성사거리,기장군
1003-F,죽성사거리,기장군
181,대변,기장군
181,대변항입구,기장군
36,기장읍행정복지센터,기장군
180,기장읍행정복지센터,기장군
181,기장읍행정복지센터,기장군
182,기장읍행정복지센터,기장군
188,기장읍행정복지센터,기장군
36,기장읍행정복지센터,기장군
180,기장읍행정복지센터,기장군
181,기장읍행정복지센터,기장군
182,기장읍행정복지센터,기장군
188,기장읍행정복지센터,기장군
37,월평교차로,기장군
302,월평교차로,기장군
37,두명마을,기장군
302,두명마을,기장군
50,월평교차로,기장군
302,월평교차로,기장군
1002,월평교차로,기장군
1002-F,월평교차로,기장군
기장군2-3,송정리,기장군
금정구2-2,에스엔티모티브,기장군
기장군2-3,에스엔티모티브,기장군
연제구1,경동맨션입구,연제구
연제구1,물만골,연제구
연제구1,물만골마을입구,연제구
연제구1,물만골중간마을,연제구
연제구1,물만골,연제구
연제구1,물만골마을입구,연제구
연제구1,물만골중간마을,연제구
연제구2,이완주정형외과,연제구
연제구2,연산힐스테이트,연제구
연제구6,연산힐스테이트,연제구
연제구7,연산힐스테이트,연제구
연제구2,회전교차로,연제구
연제구2,힐스테이트207동앞,연제구
연제구2,힐스테이트207동앞,연제구
연제구2,하이자동차운전학원,연제구
연제구2,현대홈타운,연제구
연제구2,힐스테이트201동앞,연제구
연제구2,마하사,연제구
연제구2,관음사,연제구
연제구2,법륜사,연제구
연제구6,연제제일교회,연제구
연제구7,연제제일교회,연제구
연제구6,공동주차장,연제구
연제구7,공동주차장,연제구
연제구6,삼성타워,연제구
연제구7,삼성타워,연제구
연제구6,새싹공원,연제구
연제구6,연미시장입구,연제구
연제구6,상장빌라,연제구
연제구6,호반뉴캐슬빌라,연제구
연제구6,시원에이스빌,연제구
연제구6,해연여자고등학교,수영구
연제구6,부산종합사회복지관,수영구
연제구6,현대아파트,수영구
연제구6,보리암입구,수영구
부산진구17,여명중학교,연제구
부산진구17,여명중학교입구,연제구
부산진구11,부산연산행복주택아파트,부산진구
54,삼성여객(종점),연제구
54,삼성여객(종점),연제구
86,삼성여객(종점),연제구
86,삼성여객(종점),연제구
115,삼성여객(종점),연제구
115,삼성여객(종점),연제구
115,수영성당,수영구
54,수영강변e-편한세상,수영구
115,수영강변e-편한세상,수영구
54,수영강변1차e편한세상,수영구
115,수영강변1차e편한세상,수영구
54,수영강변3차e편한세상,수영구
115,수영강변3차e편한세상,수영구
54,성지기업,수영구
115,성지기업,수영구
수영구2,수영강변3차e편한세상,수영구
수영구2,수영강변3차e편한세상,수영구
54,월륜교차로,연제구
115,월륜교차로,연제구
57,망미역,수영구
5-1,망미역,수영구
20,망미역,수영구
51,망미역,수영구
62,망미역,수영구
63,망미역,수영구
131,망미역,수영구
141,망미역,수영구
141-F,망미역,수영구
5-1,부산울산지방병무청,수영구
20,부산울산지방병무청,수영구
51,부산울산지방병무청,수영구
57,부산울산지방병무청,수영구
62,부산울산지방병무청,수영구
63,부산울산지방병무청,수영구
131,부산울산지방병무청,수영구
141,부산울산지방병무청,수영구
141-F,부산울산지방병무청,수영구
5-1,망미1파출소,수영구
20,망미1파출소,수영구
57,망미1파출소,수영구
62,망미1파출소,수영구
63,망미1파출소,수영구
141,망미1파출소,수영구
141-F,망미1파출소,수영구
51,망미1파출소,수영구
131,망미1파출소,수영구
5-1,망미1파출소,수영구
63,망미1파출소,수영구
141,망미1파출소,수영구
141-F,망미1파출소,수영구
20,망미1파출소,수영구
51,망미1파출소,수영구
57,망미1파출소,수영구
62,망미1파출소,수영구
131,망미1파출소,수영구
5-1,부산울산지방병무청,수영구
20,부산울산지방병무청,수영구
51,부산울산지방병무청,수영구
57,부산울산지방병무청,수영구
62,부산울산지방병무청,수영구
63,부산울산지방병무청,수영구
131,부산울산지방병무청,수영구
141,부산울산지방병무청,수영구
141-F,부산울산지방병무청,수영구
115,수영성당,수영구
수영구2,수영성당,수영구
115,수영강변1차e편한세상,수영구
54,망미2동,수영구
54,망미2동,수영구
수영구2,동림맨션,수영구
54,수영구드림스타트센터,수영구
54,태창아파트,수영구
수영구2,망미초등학교,수영구
수영구2,팔도시장후문,수영구
42,망미중앙시장,수영구
49,망미중앙시장,수영구
54,망미중앙시장,수영구
57,망미중앙시장,수영구
210,망미중앙시장,수영구
42,망미중앙시장,수영구
49,망미중앙시장,수영구
54,망미중앙시장,수영구
57,망미중앙시장,수영구
210,망미중앙시장,수영구
42,망미우체국,수영구
49,망미우체국,수영구
54,망미우체국,수영구
57,망미우체국,수영구
210,망미우체국,수영구
42,선경아파트,연제구
49,선경아파트,연제구
54,선경아파트,연제구
57,선경아파트,연제구
210,선경아파트,연제구
5-1,수영경찰서.수영아파트,수영구
20,수영경찰서.수영아파트,수영구
42,수영경찰서.수영아파트,수영구
49,수영경찰서.수영아파트,수영구
51,수영경찰서.수영아파트,수영구
54,수영경찰서.수영아파트,수영구
62,수영경찰서.수영아파트,수영구
63,수영경찰서.수영아파트,수영구
131,수영경찰서.수영아파트,수영구
141,수영경찰서.수영아파트,수영구
210,수영경찰서.수영아파트,수영구
141-F,수영경찰서.수영아파트,수영구
5-1,수영사적공원,수영구
49,수영사적공원,수영구
54,수영사적공원,수영구
63,수영사적공원,수영구
141,수영사적공원,수영구
210,수영사적공원,수영구
141-F,수영사적공원,수영구
20,수영사적공원,수영구
42,수영사적공원,수영구
51,수영사적공원,수영구
62,수영사적공원,수영구
131,수영사적공원,수영구
5-1,망미역,수영구
20,망미역,수영구
51,망미역,수영구
57,망미역,수영구
62,망미역,수영구
63,망미역,수영구
131,망미역,수영구
141,망미역,수영구
141-F,망미역,수영구
42,금호주유소,수영구
49,금호주유소,수영구
54,금호주유소,수영구
57,금호주유소,수영구
210,금호주유소,수영구
수영구2,금호주유소,수영구
수영구2,금호빌라,수영구
수영구2,수영구드림스타트센터,수영구
해운대구3,협성르네상스,수영구
해운대구3,협성르네상스,수영구
54,미광운수,수영구
해운대구3,미광운수,수영구
54,태창아파트,수영구
54,수영구드림스타트센터,수영구
210,센텀비치푸르지오,수영구
210,수영만아이파크,수영구
54,미광운수,수영구
해운대구3,미광운수,수영구
5-1,수영현대아파트.민락역,수영구
39,수영현대아파트.민락역,수영구
40,수영현대아파트.민락역,수영구
63,수영현대아파트.민락역,수영구
141,수영현대아파트.민락역,수영구
155,수영현대아파트.민락역,수영구
210,수영현대아파트.민락역,수영구
141-F,수영현대아파트.민락역,수영구
1003-F,수영현대아파트.민락역,수영구
38,민락교,수영구
41,민락교,수영구
83-1,민락교,수영구
5-1,수영현대아파트.민락역,수영구
39,수영현대아파트.민락역,수영구
40,수영현대아파트.민락역,수영구
63,수영현대아파트.민락역,수영구
141,수영현대아파트.민락역,수영구
155,수영현대아파트.민락역,수영구
210,수영현대아파트.민락역,수영구
141-F,수영현대아파트.민락역,수영구
1003-F,수영현대아파트.민락역,수영구
210,수영만아이파크,수영구
41,센텀비치푸르지오,수영구
83-1,센텀비치푸르지오,수영구
41,롯데캐슬아파트,수영구
83-1,롯데캐슬아파트,수영구
210,롯데캐슬아파트,수영구
41,센텀비치푸르지오,수영구
83-1,센텀비치푸르지오,수영구
210,센텀비치푸르지오,수영구
42,수영사적공원,수영구
49,수영사적공원,수영구
51,수영사적공원,수영구
54,수영사적공원,수영구
210,수영사적공원,수영구
5-1,수영사적공원,수영구
20,수영사적공원,수영구
62,수영사적공원,수영구
63,수영사적공원,수영구
131,수영사적공원,수영구
141,수영사적공원,수영구
141-F,수영사적공원,수영구
42,수영경찰서.수영아파트,수영구
49,수영경찰서.수영아파트,수영구
51,수영경찰서.수영아파트,수영구
54,수영경찰서.수영아파트,수영구
210,수영경찰서.수영아파트,수영구
5-1,수영경찰서.수영아파트,수영구
20,수영경찰서.수영아파트,수영구
62,수영경찰서.수영아파트,수영구
63,수영경찰서.수영아파트,수영구
131,수영경찰서.수영아파트,수영구
141,수영경찰서.수영아파트,수영구
141-F,수영경찰서.수영아파트,수영구
20,수영교차로.수영역,수영구
42,수영교차로.수영역,수영구
51,수영교차로.수영역,수영구
62,수영교차로.수영역,수영구
131,수영교차로.수영역,수영구
20,수영구보건소,수영구
39,수영구보건소,수영구
40,수영구보건소,수영구
42,수영구보건소,수영구
51,수영구보건소,수영구
62,수영구보건소,수영구
131,수영구보건소,수영구
155,수영구보건소,수영구
1003,수영구보건소,수영구
1003-F,수영구보건소,수영구
해운대구3,센텀병원.수영역,수영구
20,수영역,수영구
42,수영역,수영구
49,수영역,수영구
51,수영역,수영구
62,수영역,수영구
131,수영역,수영구
39,수영역,수영구
40,수영역,수영구
155,수영역,수영구
1003,수영역,수영구
1003-F,수영역,수영구
20,광안시장.광안역,수영구
39,광안시장.광안역,수영구
42,광안시장.광안역,수영구
51,광안시장.광안역,수영구
62,광안시장.광안역,수영구
131,광안시장.광안역,수영구
155,광안시장.광안역,수영구
20,광안역,수영구
42,광안역,수영구
49,광안역,수영구
51,광안역,수영구
62,광안역,수영구
131,광안역,수영구
39,광안역,수영구
40,광안역,수영구
155,광안역,수영구
1001,광안역,수영구
1003,광안역,수영구
1003-F,광안역,수영구
38,광안리입구,수영구
42,광안리입구,수영구
62,광안리입구,수영구
83,광안리입구,수영구
83-1,광안리입구,수영구
108,광안리입구,수영구
49,이화맨션,수영구
38,동방시장,수영구
41,동방시장,수영구
62,동방시장,수영구
83,동방시장,수영구
83-1,동방시장,수영구
108,동방시장,수영구
38,민락동골목시장,수영구
41,민락동골목시장,수영구
62,민락동골목시장,수영구
83,민락동골목시장,수영구
83-1,민락동골목시장,수영구
108,민락동골목시장,수영구
38,광안농협앞,수영구
41,광안농협앞,수영구
49,광안농협앞,수영구
62,광안농협앞,수영구
83,광안농협앞,수영구
83-1,광안농협앞,수영구
108,광안농협앞,수영구
39,수영교차로.수영역,수영구
40,수영교차로.수영역,수영구
155,수영교차로.수영역,수영구
1001,수영교차로.수영역,수영구
1003,수영교차로.수영역,수영구
1003-F,수영교차로.수영역,수영구
5-1,수영교차로.수영역,수영구
54,수영교차로.수영역,수영구
63,수영교차로.수영역,수영구
141,수영교차로.수영역,수영구
210,수영교차로.수영역,수영구
141-F,수영교차로.수영역,수영구
해운대구3,수영교차로.팔도시장,수영구
49,민락아파트,수영구
49,화목아파트,수영구
210,진로비치아파트,수영구
41,진로아파트2단지옆,수영구
83-1,진로아파트2단지옆,수영구
210,진로아파트2단지옆,수영구
41,진로아파트2단지옆,수영구
83-1,진로아파트2단지옆,수영구
210,진로아파트2단지옆,수영구
41,민락수변공원,수영구
83-1,민락수변공원,수영구
210,민락수변공원,수영구
41,민락수변공원,수영구
83-1,민락수변공원,수영구
210,민락수변공원,수영구
41,롯데캐슬아파트,수영구
83-1,롯데캐슬아파트,수영구
210,롯데캐슬아파트,수영구
20,금련산청소년수련원,수영구
38,금련산청소년수련원,수영구
39,금련산청소년수련원,수영구
40,금련산청소년수련원,수영구
51,금련산청소년수련원,수영구
83,금련산청소년수련원,수영구
83-1,금련산청소년수련원,수영구
108,금련산청소년수련원,수영구
131,금련산청소년수련원,수영구
155,금련산청소년수련원,수영구
1003,금련산청소년수련원,수영구
1003-F,금련산청소년수련원,수영구
수영구2,수영구청,수영구
41,KBS방송국,수영구
42,KBS방송국,수영구
41,광일맨션,수영구
42,광일맨션,수영구
41,광안리카페거리입구,수영구
42,광안리카페거리입구,수영구
남구8,해변시장,수영구
남구8,삼익유수풀장,수영구
남구8,노인복지회관,수영구
41,KBS방송국,수영구
42,KBS방송국,수영구
남구8,KBS방송국,수영구
38,광안리해수욕장,수영구
41,광안리해수욕장,수영구
62,광안리해수욕장,수영구
83,광안리해수욕장,수영구
83-1,광안리해수욕장,수영구
108,광안리해수욕장,수영구
41,광안리카페거리입구,수영구
42,광안리카페거리입구,수영구
41,광일맨션,수영구
42,광일맨션,수영구
41,광안리해수욕장,수영구
42,광안리해수욕장,수영구
38,광안리해수욕장,수영구
42,광안리해수욕장,수영구
49,광안리해수욕장,수영구
62,광안리해수욕장,수영구
83,광안리해수욕장,수영구
83-1,광안리해수욕장,수영구
108,광안리해수욕장,수영구
38,광안리입구,수영구
42,광안리입구,수영구
49,광안리입구,수영구
62,광안리입구,수영구
83,광안리입구,수영구
83-1,광안리입구,수영구
108,광안리입구,수영구
남구8,삼익아파트A상가,수영구
수영구2,삼익아파트A상가,수영구
수영구2,남천자이.코오롱하늘채,수영구
수영구2,광남초등학교,수영구
수영구2,국민건강보험공단부산남부지사,수영구
20,금련산역,수영구
51,금련산역,수영구
131,금련산역,수영구
38,광안2동우편취급국,수영구
39,광안2동우편취급국,수영구
40,광안2동우편취급국,수영구
83,광안2동우편취급국,수영구
83-1,광안2동우편취급국,수영구
108,광안2동우편취급국,수영구
155,광안2동우편취급국,수영구
1001,광안2동우편취급국,수영구
1003-F,광안2동우편취급국,수영구
38,금련산역,수영구
83,금련산역,수영구
83-1,금련산역,수영구
108,금련산역,수영구
20,수영중학교,수영구
38,수영중학교,수영구
39,수영중학교,수영구
40,수영중학교,수영구
51,수영중학교,수영구
83,수영중학교,수영구
83-1,수영중학교,수영구
108,수영중학교,수영구
131,수영중학교,수영구
155,수영중학교,수영구
수영구2,수영구 스포츠문화타운,수영구
20,금련산청소년수련원,수영구
38,금련산청소년수련원,수영구
39,금련산청소년수련원,수영구
40,금련산청소년수련원,수영구
51,금련산청소년수련원,수영구
83,금련산청소년수련원,수영구
83-1,금련산청소년수련원,수영구
108,금련산청소년수련원,수영구
131,금련산청소년수련원,수영구
155,금련산청소년수련원,수영구
1003,금련산청소년수련원,수영구
1003-F,금련산청소년수련원,수영구
38,(구)MBC방송국,수영구
41,(구)MBC방송국,수영구
41,(구)MBC방송국,수영구
83,(구)MBC방송국,수영구
83-1,(구)MBC방송국,수영구
83-1,(구)MBC방송국,수영구
38,민락동골목시장,수영구
41,민락동골목시장,수영구
62,민락동골목시장,수영구
83,민락동골목시장,수영구
83-1,민락동골목시장,수영구
108,민락동골목시장,수영구
20,경성대.부경대역,남구
39,경성대.부경대역,남구
40,경성대.부경대역,남구
41,경성대.부경대역,남구
42,경성대.부경대역,남구
51,경성대.부경대역,남구
83,경성대.부경대역,남구
83-1,경성대.부경대역,남구
108,경성대.부경대역,남구
131,경성대.부경대역,남구
155,경성대.부경대역,남구
1001,경성대.부경대역,남구
1003,경성대.부경대역,남구
1003-F,경성대.부경대역,남구
남구1,대연힐스테이트푸르지오정문,남구
38,대남교차로,남구
583,대남교차로,남구
38,동원보라아파트,수영구
583,동원보라아파트,수영구
41,수영구청,수영구
42,수영구청,수영구
41,수영구청,수영구
42,수영구청,수영구
수영구2,삼익비치303동,수영구
수영구2,삼익비치308동,수영구
210,진로아파트2단지 정문,수영구
41,민락동차고지,수영구
83,민락동차고지,수영구
83-1,민락동차고지,수영구
41,민락동차고지,수영구
83,민락동차고지,수영구
83-1,민락동차고지,수영구
54,원정빌라,수영구
수영구2,코스트코홀세일,수영구
54,고려제강,수영구
수영구2,산정아파트,수영구
583,상수도남부사업소,수영구
583,남천해변시장,수영구
남구8,해변시장입구,수영구
20,남천역,수영구
38,남천역,수영구
39,남천역,수영구
40,남천역,수영구
41,남천역,수영구
42,남천역,수영구
51,남천역,수영구
83,남천역,수영구
83-1,남천역,수영구
108,남천역,수영구
131,남천역,수영구
155,남천역,수영구
1001,남천역,수영구
1003-F,남천역,수영구
남구8,남천역,수영구
20,대남교차로.남천역,수영구
38,대남교차로.남천역,수영구
39,대남교차로.남천역,수영구
40,대남교차로.남천역,수영구
41,대남교차로.남천역,수영구
42,대남교차로.남천역,수영구
51,대남교차로.남천역,수영구
83,대남교차로.남천역,수영구
83-1,대남교차로.남천역,수영구
108,대남교차로.남천역,수영구
131,대남교차로.남천역,수영구
155,대남교차로.남천역,수영구
1001,대남교차로.남천역,수영구
1003-F,대남교차로.남천역,수영구
수영구2,정원센텀뷰남천,수영구
수영구2,금련산청소년수련원,수영구
수영구2,좋은강안병원 건강검진센터,수영구
20,수영중학교,수영구
38,수영중학교,수영구
39,수영중학교,수영구
40,수영중학교,수영구
51,수영중학교,수영구
83,수영중학교,수영구
83-1,수영중학교,수영구
108,수영중학교,수영구
131,수영중학교,수영구
155,수영중학교,수영구
38,금련산역,수영구
40,금련산역,수영구
1001,금련산역,수영구
1003-F,금련산역,수영구
20,금련산역,수영구
39,금련산역,수영구
51,금련산역,수영구
83,금련산역,수영구
83-1,금련산역,수영구
108,금련산역,수영구
131,금련산역,수영구
155,금련산역,수영구
수영구2,광안역,수영구
수영구2,수영중학교,수영구
수영구2,수영중학교,수영구
수영구2,광안에일린의뜰아파트,수영구
수영구2,광안에일린의뜰아파트,수영구
수영구2,동아중학교,수영구
수영구2,장대골성지,수영구
수영구2,동아중학교,수영구
수영구2,광안어린이집,수영구
수영구2,장대골성지,수영구
수영구2,광원아파트,수영구
수영구2,광안어린이집,수영구
수영구2,비치그린아파트,수영구
수영구2,광원아파트,수영구
수영구2,비치그린아파트,수영구
수영구2,상아아파트,수영구
수영구2,상아아파트,수영구
수영구2,강남사우나,수영구
수영구2,사랑공원어린이놀이터,수영구
수영구2,강남사우나,수영구
수영구2,수영초등학교,수영구
수영구2,사랑공원어린이놀이터,수영구
수영구2,센텀종합병원,수영구
수영구2,센텀종합병원,수영구
수영구2,수영초등학교,수영구
수영구2,청송카센터,수영구
해운대구3,수영중앙새마을금고,수영구
수영구2,영광교회,수영구
수영구2,망미역,수영구
수영구2,KT수영지점,수영구
수영구2,해운아파트,수영구
수영구2,브라운도트호텔,수영구
수영구2,팔도시장입구,수영구
수영구2,수영교차로.수영역,수영구
5-1,수영교차로.수영역,수영구
39,수영교차로.수영역,수영구
40,수영교차로.수영역,수영구
49,수영교차로.수영역,수영구
54,수영교차로.수영역,수영구
63,수영교차로.수영역,수영구
141,수영교차로.수영역,수영구
155,수영교차로.수영역,수영구
210,수영교차로.수영역,수영구
1001,수영교차로.수영역,수영구
1003,수영교차로.수영역,수영구
141-F,수영교차로.수영역,수영구
1003-F,수영교차로.수영역,수영구
해운대구3,수영교차로.팔도시장,수영구
연제구6,망미중정문,수영구
연제구7,산호맨션,수영구
연제구6,산호맨션,수영구
5-1,배산역.만화도서관,연제구
20,배산역.만화도서관,연제구
51,배산역.만화도서관,연제구
57,배산역.만화도서관,연제구
62,배산역.만화도서관,연제구
63,배산역.만화도서관,연제구
131,배산역.만화도서관,연제구
141,배산역.만화도서관,연제구
141-F,배산역.만화도서관,연제구
연제구7,배산역,연제구
연제구6,섬강빌라,연제구
연제구6,조은원룸,연제구
연제구6,조은원룸,수영구
연제구6,해연여자고등학교,연제구
연제구6,흰돌실버타운,수영구
연제구6,부산종합사회복지관,수영구
연제구6,현대아파트,수영구
연제구6,흰돌실버타운,수영구
연제구6,화광빌,수영구
연제구6,망미삼성아파트,수영구
연제구7,함박어린이집,수영구
연제구6,파라다이스빌라,수영구
연제구7,파라다이스빌라,수영구
연제구7,양지중앙교회,수영구
연제구7,망미제일교회,수영구
연제구7,아신빌라,수영구
연제구7,수영SK뷰아파트,수영구
연제구7,세탁소,수영구
연제구7,망미오양아파트,수영구
연제구7,망미오양아파트,수영구
연제구7,남일고,수영구
연제구7,로얄아파트상가,수영구
연제구7,로얄아파트101동,수영구
연제구6,화광빌,수영구
연제구6,수협,수영구
38,민락교,수영구
41,민락교,수영구
41,민락교,수영구
83-1,민락교,수영구
83-1,민락교,수영구
62,기점,수영구
108,기점,수영구
38,(구)MBC방송국,수영구
41,(구)MBC방송국,수영구
62,(구)MBC방송국,수영구
83-1,(구)MBC방송국,수영구
108,(구)MBC방송국,수영구
62,기점,수영구
108,기점,수영구
33-1,모라119안전센터,사상구
169,모라119안전센터,사상구
169-1,모라119안전센터,사상구
1004,모라119안전센터,사상구
1004-F,모라119안전센터,사상구
강서구19,모라119안전센터,사상구
31,홈플러스,사상구
148,홈플러스,사상구
338,홈플러스,사상구
31,모라주공1단지,사상구
148,모라주공1단지,사상구
338,모라주공1단지,사상구
강서구19,모라주공1단지,사상구
사상구7,모라주공1단지,사상구
강서구19,홈플러스모라점,사상구
사상구7,홈플러스모라점,사상구
사상구1-1,동원아파트,사상구
사상구7,모라1동행정복지센터,사상구
15,모라1동행정복지센터,사상구
123,모라1동행정복지센터,사상구
133-1,모라1동행정복지센터,사상구
148,모라1동행정복지센터,사상구
1004-F,모라1동행정복지센터,사상구
33-1,모라농협,사상구
169,모라농협,사상구
169-1,모라농협,사상구
1004,모라농협,사상구
1004-F,모라농협,사상구
33-1,모라우성아파트,사상구
169,모라우성아파트,사상구
169-1,모라우성아파트,사상구
1004-F,모라우성아파트,사상구
강서구19,모라농협,사상구
사상구1-1,모라농협,사상구
강서구19,모라우성아파트,사상구
사상구1-1,모라우성아파트,사상구
15,덕포초.부산도서관,사상구
31,덕포초.부산도서관,사상구
62,덕포초.부산도서관,사상구
123,덕포초.부산도서관,사상구
169,덕포초.부산도서관,사상구
338,덕포초.부산도서관,사상구
사상구1-1,덕포초.부산도서관,사상구
33,덕포역.덕포2동행정복지센터,사상구
59,덕포역.덕포2동행정복지센터,사상구
110,덕포역.덕포2동행정복지센터,사상구
160,덕포역.덕포2동행정복지센터,사상구
1004-F,덕포역.덕포2동행정복지센터,사상구
33,북부면허시험장,사상구
59,북부면허시험장,사상구
110,북부면허시험장,사상구
160,북부면허시험장,사상구
1004-F,북부면허시험장,사상구
33,청소년지원센터.모덕역,사상구
59,청소년지원센터.모덕역,사상구
110,청소년지원센터.모덕역,사상구
160,청소년지원센터.모덕역,사상구
1004-F,청소년지원센터.모덕역,사상구
15,덕포초.부산도서관,사상구
31,덕포초.부산도서관,사상구
62,덕포초.부산도서관,사상구
123,덕포초.부산도서관,사상구
169,덕포초.부산도서관,사상구
338,덕포초.부산도서관,사상구
사상구1-1,덕포초.부산도서관,사상구
15,덕포시장,사상구
31,덕포시장,사상구
33,덕포시장,사상구
59,덕포시장,사상구
62,덕포시장,사상구
110,덕포시장,사상구
123,덕포시장,사상구
160,덕포시장,사상구
169,덕포시장,사상구
338,덕포시장,사상구
1004-F,덕포시장,사상구
사상구1-1,덕포시장,사상구
사상구1-1,덕포역,사상구
33,부산은행모라동지점,사상구
59,부산은행모라동지점,사상구
110,부산은행모라동지점,사상구
160,부산은행모라동지점,사상구
1004-F,부산은행모라동지점,사상구
33,북부면허시험장,사상구
59,북부면허시험장,사상구
110,북부면허시험장,사상구
160,북부면허시험장,사상구
1004-F,북부면허시험장,사상구
33,덕포역.덕포2동행정복지센터,사상구
59,덕포역.덕포2동행정복지센터,사상구
110,덕포역.덕포2동행정복지센터,사상구
160,덕포역.덕포2동행정복지센터,사상구
1004-F,덕포역.덕포2동행정복지센터,사상구
15,신모라입구,사상구
123,신모라입구,사상구
133,신모라입구,사상구
148,신모라입구,사상구
1004,신모라입구,사상구
1004-F,신모라입구,사상구
강서구19,모라1동행정복지센터,사상구
사상구7,모라1동행정복지센터,사상구
15,모라동새마을금고앞,사상구
123,모라동새마을금고앞,사상구
133-1,모라동새마을금고앞,사상구
148,모라동새마을금고앞,사상구
사상구7,모라역,사상구
강서구19,모라주공34단지,사상구
15,북부자동차학원,사상구
33,북부자동차학원,사상구
59,북부자동차학원,사상구
110,북부자동차학원,사상구
123,북부자동차학원,사상구
133-1,북부자동차학원,사상구
148,북부자동차학원,사상구
160,북부자동차학원,사상구
15,모라역,사상구
33,모라역,사상구
59,모라역,사상구
110,모라역,사상구
123,모라역,사상구
133,모라역,사상구
148,모라역,사상구
160,모라역,사상구
31,모라주공3.4단지,사상구
148,모라주공3.4단지,사상구
338,모라주공3.4단지,사상구
31,모라주공3.4단지,사상구
148,모라주공3.4단지,사상구
338,모라주공3.4단지,사상구
1004,모라주공3.4단지,사상구
사상구7,농심부산공장,사상구
사상구7,보성정비,사상구
사상구7,부산벤처타워,사상구
사상구7,국제식품,사상구
15,모라역,사상구
33,모라역,사상구
59,모라역,사상구
110,모라역,사상구
123,모라역,사상구
133-1,모라역,사상구
148,모라역,사상구
160,모라역,사상구
15,모라동새마을금고앞,사상구
123,모라동새마을금고앞,사상구
133,모라동새마을금고앞,사상구
148,모라동새마을금고앞,사상구
33,모라전통시장,사상구
59,모라전통시장,사상구
110,모라전통시장,사상구
160,모라전통시장,사상구
1004-F,모라전통시장,사상구
사상구7,모라초등학교,사상구
33,모라전통시장,사상구
59,모라전통시장,사상구
110,모라전통시장,사상구
160,모라전통시장,사상구
1004-F,모라전통시장,사상구
33,부산은행모라동지점,사상구
59,부산은행모라동지점,사상구
110,부산은행모라동지점,사상구
160,부산은행모라동지점,사상구
1004-F,부산은행모라동지점,사상구
33,청소년지원센터.모덕역,사상구
59,청소년지원센터.모덕역,사상구
110,청소년지원센터.모덕역,사상구
160,청소년지원센터.모덕역,사상구
1004-F,청소년지원센터.모덕역,사상구
사상구7,모라3동행정복지센터,사상구
사상구7,모라3동행정복지센터,사상구
사상구7,모라종합사회복지관,사상구
31,모라주공1단지,사상구
148,모라주공1단지,사상구
338,모라주공1단지,사상구
31,홈플러스,사상구
148,홈플러스,사상구
338,홈플러스,사상구
강서구19,모라주공1단지,사상구
사상구7,모라주공1단지,사상구
강서구19,홈플러스모라점,사상구
사상구7,홈플러스모라점,사상구
15,부산북부고용노동지청,사상구
31,부산북부고용노동지청,사상구
33-1,부산북부고용노동지청,사상구
123,부산북부고용노동지청,사상구
133-1,부산북부고용노동지청,사상구
169,부산북부고용노동지청,사상구
169-1,부산북부고용노동지청,사상구
338,부산북부고용노동지청,사상구
15,자유아파트,사상구
31,자유아파트,사상구
33-1,자유아파트,사상구
123,자유아파트,사상구
133-1,자유아파트,사상구
169,자유아파트,사상구
169-1,자유아파트,사상구
338,자유아파트,사상구
15,부산항공고등학교,사상구
31,부산항공고등학교,사상구
33-1,부산항공고등학교,사상구
123,부산항공고등학교,사상구
133,부산항공고등학교,사상구
169,부산항공고등학교,사상구
169-1,부산항공고등학교,사상구
338,부산항공고등학교,사상구
15,부산북부고용노동지청,사상구
31,부산북부고용노동지청,사상구
33-1,부산북부고용노동지청,사상구
123,부산북부고용노동지청,사상구
133,부산북부고용노동지청,사상구
169,부산북부고용노동지청,사상구
169-1,부산북부고용노동지청,사상구
338,부산북부고용노동지청,사상구
15,부산항공고등학교,사상구
31,부산항공고등학교,사상구
33-1,부산항공고등학교,사상구
123,부산항공고등학교,사상구
133-1,부산항공고등학교,사상구
169,부산항공고등학교,사상구
169-1,부산항공고등학교,사상구
338,부산항공고등학교,사상구
33-1,남영아파트,사상구
62,남영아파트,사상구
133,남영아파트,사상구
169-1,남영아파트,사상구
사상구1-1,남영아파트,사상구
사상구1-1,자유아파트,사상구
사상구1-1,우신모라아파트,사상구
사상구1-1,사상구청소년센터,사상구
15,동원아파트,사상구
31,동원아파트,사상구
33-1,동원아파트,사상구
123,동원아파트,사상구
133,동원아파트,사상구
169,동원아파트,사상구
169-1,동원아파트,사상구
338,동원아파트,사상구
15,동원아파트,사상구
31,동원아파트,사상구
33-1,동원아파트,사상구
123,동원아파트,사상구
133-1,동원아파트,사상구
169,동원아파트,사상구
169-1,동원아파트,사상구
338,동원아파트,사상구
15,자유아파트,사상구
31,자유아파트,사상구
33-1,자유아파트,사상구
123,자유아파트,사상구
133,자유아파트,사상구
169,자유아파트,사상구
169-1,자유아파트,사상구
338,자유아파트,사상구
사상구7,선일정공,사상구
사상구7,부산조리고등학교,사상구
126,서부주유소,사상구
126,(주)대정.성지,사상구
126,삼락동행정복지센터,사상구
사상구7,구)부산솔빛학교,사상구
사상구2-1,농협주례동지점,사상구
사상구2-2,농협주례동지점,사상구
사상구3,럭키아파트.주례역,사상구
사상구3-1,럭키아파트.주례역,사상구
68,주례사거리,사상구
128-1,주례사거리,사상구
168,주례사거리,사상구
부산진구10-1,주례사거리,사상구
사상구3,주례사거리,사상구
사상구3-1,주례사거리,사상구
사상구5-2,주례사거리,사상구
59,사상전화국,사상구
77,사상전화국,사상구
108,사상전화국,사상구
138,사상전화국,사상구
사상구2-1,주례교차로,사상구
사상구2-2,주례교차로,사상구
31,주례우체국,사상구
33,주례우체국,사상구
61,주례우체국,사상구
62,주례우체국,사상구
138-1,주례우체국,사상구
160,주례우체국,사상구
169,주례우체국,사상구
186,주례우체국,사상구
1004-F,주례우체국,사상구
31,온골마을입구,사상구
33,온골마을입구,사상구
61,온골마을입구,사상구
62,온골마을입구,사상구
138-1,온골마을입구,사상구
160,온골마을입구,사상구
169,온골마을입구,사상구
186,온골마을입구,사상구
1004-F,온골마을입구,사상구
사상구2-1,주례역6번출구,사상구
사상구2-2,주례역6번출구,사상구
사상구2,주례럭키아파트.주례역,사상구
사상구2,주례역,사상구
사상구2-1,주례역,사상구
사상구2-2,주례역,사상구
사상구2-2,주례역,사상구
사상구3,주례역,사상구
사상구3-1,주례역,사상구
사상구5-2,주례역,사상구
사상구5-1,좋은삼선병원,사상구
사상구5-2,좋은삼선병원,사상구
사상구6,좋은삼선병원,사상구
사상구2-1,주례역2번출구,사상구
사상구2-2,주례역2번출구,사상구
사상구2,주례아파트,사상구
사상구3,주례아파트,사상구
사상구3-1,주례아파트,사상구
129-1,신주례엘지아파트,사상구
133,신주례엘지아파트,사상구
169-1,신주례엘지아파트,사상구
부산진구9,신주례LG아파트,사상구
129-1,반도보라아파트,사상구
133-1,반도보라아파트,사상구
169-1,반도보라아파트,사상구
사상구2-2,반도보라아파트,사상구
부산진구9,신주례LG1차아파트상가,사상구
사상구2-2,신주례LG1차아파트상가,사상구
부산진구9,신주례LG2차아파트,사상구
사상구2-2,신주례LG2차아파트,사상구
부산진구9,주례한효아파트,사상구
사상구2-2,주례한효아파트,사상구
128-1,부산솔빛학교.능인사,사상구
129-1,부산솔빛학교.능인사,사상구
133,부산솔빛학교.능인사,사상구
169-1,부산솔빛학교.능인사,사상구
128-1,사상근린공원,사상구
129-1,사상근린공원,사상구
133,사상근린공원,사상구
169-1,사상근린공원,사상구
128-1,사상종합복지관,사상구
129-1,사상종합복지관,사상구
133,사상종합복지관,사상구
169-1,사상종합복지관,사상구
128-1,백양마을,사상구
129-1,백양마을,사상구
133,백양마을,사상구
169-1,백양마을,사상구
128-1,신라대학교입구,사상구
129-1,신라대학교입구,사상구
33-1,신라대학교입구,사상구
62,신라대학교입구,사상구
133-1,신라대학교입구,사상구
169-1,신라대학교입구,사상구
128-1,신라대학교입구,사상구
129-1,신라대학교입구,사상구
133,신라대학교입구,사상구
169-1,신라대학교입구,사상구
8,코레일사상역,사상구
61,코레일사상역,사상구
61,코레일사상역,사상구
161,코레일사상역,사상구
186,코레일사상역,사상구
3005,코레일사상역,사상구
31,삼대한의원,사상구
33,삼대한의원,사상구
61,삼대한의원,사상구
62,삼대한의원,사상구
138-1,삼대한의원,사상구
160,삼대한의원,사상구
161,삼대한의원,사상구
169,삼대한의원,사상구
186,삼대한의원,사상구
1004-F,삼대한의원,사상구
31,사상우체국,사상구
33,사상우체국,사상구
61,사상우체국,사상구
62,사상우체국,사상구
138-1,사상우체국,사상구
160,사상우체국,사상구
161,사상우체국,사상구
169,사상우체국,사상구
186,사상우체국,사상구
1004-F,사상우체국,사상구
8,신한은행,사상구
15,신한은행,사상구
59,신한은행,사상구
61,신한은행,사상구
77,신한은행,사상구
110,신한은행,사상구
123,신한은행,사상구
338,신한은행,사상구
8,감전교회,사상구
15,감전교회,사상구
59,감전교회,사상구
61,감전교회,사상구
110,감전교회,사상구
123,감전교회,사상구
338,감전교회,사상구
3003,감전교회,사상구
77,서부시외버스터미널.사상역,사상구
3003,서부시외버스터미널.사상역,사상구
33,서부시외버스터미널.사상역,사상구
59,서부시외버스터미널.사상역,사상구
110,서부시외버스터미널.사상역,사상구
160,서부시외버스터미널.사상역,사상구
15,서부시외버스터미널.사상역,사상구
31,서부시외버스터미널.사상역,사상구
62,서부시외버스터미널.사상역,사상구
123,서부시외버스터미널.사상역,사상구
169,서부시외버스터미널.사상역,사상구
338,서부시외버스터미널.사상역,사상구
1004-F,서부시외버스터미널.사상역,사상구
사상구1-1,서부시외버스터미널.사상역,사상구
8,서부시외버스터미널.사상역,사상구
61,서부시외버스터미널.사상역,사상구
61,서부시외버스터미널.사상역,사상구
138-1,서부시외버스터미널.사상역,사상구
161,서부시외버스터미널.사상역,사상구
186,서부시외버스터미널.사상역,사상구
사상구1-1,코레일사상역,사상구
67,학장교,사상구
68,학장교,사상구
108,학장교,사상구
123,학장교,사상구
128-1,학장교,사상구
67,학장중학교,사상구
68,학장중학교,사상구
108,학장중학교,사상구
123,학장중학교,사상구
128-1,학장중학교,사상구
67,반도보라아파트,사상구
68,반도보라아파트,사상구
108,반도보라아파트,사상구
123,반도보라아파트,사상구
128-1,반도보라아파트,사상구
67,엄궁중학교,사상구
68,엄궁중학교,사상구
108,엄궁중학교,사상구
123,엄궁중학교,사상구
128-1,엄궁중학교,사상구
8,여성문화회관,사상구
15,여성문화회관,사상구
67,여성문화회관,사상구
161,여성문화회관,사상구
168,여성문화회관,사상구
3003,여성문화회관,사상구
8,구덕고교,사상구
15,구덕고교,사상구
67,구덕고교,사상구
161,구덕고교,사상구
168,구덕고교,사상구
부산진구10-1,구덕고등학교,사상구
부산진구10-1,여성문화회관,사상구
138,낙동대교입구,사상구
138,낙동대교입구,사상구
138,주물공단입구,사상구
126,괘법르네시떼역.르네시떼,사상구
138-1,괘법르네시떼역.르네시떼,사상구
138,주물공단입구,사상구
8,대풍주유소,사상구
15,대풍주유소,사상구
59,대풍주유소,사상구
61,대풍주유소,사상구
77,대풍주유소,사상구
110,대풍주유소,사상구
123,대풍주유소,사상구
338,대풍주유소,사상구
8,새벽시장,사상구
15,새벽시장,사상구
59,새벽시장,사상구
61,새벽시장,사상구
77,새벽시장,사상구
110,새벽시장,사상구
123,새벽시장,사상구
338,새벽시장,사상구
3003,새벽시장,사상구
8,대풍주유소,사상구
15,대풍주유소,사상구
59,대풍주유소,사상구
61,대풍주유소,사상구
77,대풍주유소,사상구
110,대풍주유소,사상구
123,대풍주유소,사상구
338,대풍주유소,사상구
123,명성레이저,사상구
126,부산낙동강정원,사상구
138-1,부산낙동강정원,사상구
126,부산낙동강정원,사상구
138-1,부산낙동강정원,사상구
126,부산전문장례식장,사상구
138-1,부산전문장례식장,사상구
126,감전동,사상구
138,감전동,사상구
138-1,감전동,사상구
126,감전교차로,사상구
138,감전교차로,사상구
138-1,감전교차로,사상구
126,감전교차로,사상구
138,감전교차로,사상구
138-1,감전교차로,사상구
126,부산은행사상공단지점,사상구
138,부산은행사상공단지점,사상구
138-1,부산은행사상공단지점,사상구
126,부산은행사상공단지점,사상구
138,부산은행사상공단지점,사상구
138-1,부산은행사상공단지점,사상구
126,엄궁정비,사상구
138,엄궁정비,사상구
138-1,엄궁정비,사상구
126,중고차매매시장,사상구
138,중고차매매시장,사상구
138-1,중고차매매시장,사상구
67,엄궁아파트,사상구
108,엄궁아파트,사상구
123,엄궁아파트,사상구
126,엄궁삼거리,사상구
138,엄궁삼거리,사상구
138-1,엄궁삼거리,사상구
338,엄궁삼거리,사상구
67,엄궁사거리,사상구
68,엄궁사거리,사상구
108,엄궁사거리,사상구
123,엄궁사거리,사상구
128-1,엄궁사거리,사상구
67,엄궁럭키아파트,사상구
68,엄궁럭키아파트,사상구
108,엄궁럭키아파트,사상구
123,엄궁럭키아파트,사상구
128-1,엄궁럭키아파트,사상구
68,엄궁삼거리,사상구
126,엄궁삼거리,사상구
128-1,엄궁삼거리,사상구
138,엄궁삼거리,사상구
138-1,엄궁삼거리,사상구
338,엄궁삼거리,사상구
16,엄궁동행정복지센터,사상구
67,엄궁동행정복지센터,사상구
68,엄궁동행정복지센터,사상구
108,엄궁동행정복지센터,사상구
126,엄궁동행정복지센터,사상구
128-1,엄궁동행정복지센터,사상구
138,엄궁동행정복지센터,사상구
138-1,엄궁동행정복지센터,사상구
338,엄궁동행정복지센터,사상구
67,엄궁시장,사상구
68,엄궁시장,사상구
108,엄궁시장,사상구
126,엄궁시장,사상구
128-1,엄궁시장,사상구
16,(구)엄궁동부산은행,사상구
16,엄궁초등학교,사상구
16,엄궁동행정복지센터,사상구
68,엄궁동행정복지센터,사상구
126,엄궁동행정복지센터,사상구
128-1,엄궁동행정복지센터,사상구
138,엄궁동행정복지센터,사상구
138-1,엄궁동행정복지센터,사상구
338,엄궁동행정복지센터,사상구
138-1,삼락생태공원,사상구
사상구7,사상강변동원아파트,사상구
138-1,동원아파트앞,사상구
사상구7,사상강변동원아파트,사상구
사상구1-1,창진초등학교,사상구
사상구7,덕포시장.사상생활사박물관,사상구
사상구7,동양한신아파트,사상구
138-1,한신아파트 1차,사상구
138-1,한신아파트 2차,사상구
15,사상초등학교,사상구
31,사상초등학교,사상구
33,사상초등학교,사상구
59,사상초등학교,사상구
62,사상초등학교,사상구
110,사상초등학교,사상구
123,사상초등학교,사상구
138-1,사상초등학교,사상구
160,사상초등학교,사상구
169,사상초등학교,사상구
338,사상초등학교,사상구
1004-F,사상초등학교,사상구
사상구1-1,사상초등학교,사상구
사상구7,사상초등학교,사상구
77,유유철강,사상구
110,유유철강,사상구
338,유유철강,사상구
338,케스텍코리아,사상구
338,경동스틸,사상구
36,교리입구,기장군
139,교리입구,기장군
36,교리입구,기장군
139,교리입구,기장군
기장군3,교리입구,기장군
기장군3,교리입구,기장군
기장군6,우정공원,기장군
기장군8,우정공원,기장군
기장군11,대진여객.고촌역,기장군
기장군11,윗반송역,해운대구
38,내리,기장군
39,내리,기장군
40,내리,기장군
63,내리,기장군
139,내리,기장군
185,내리,기장군
200,내리,기장군
38,당사입구,기장군
39,당사입구,기장군
40,당사입구,기장군
63,당사입구,기장군
139,당사입구,기장군
200,당사입구,기장군
1003-F,당사입구,기장군
38,내리초등학교,기장군
39,내리초등학교,기장군
40,내리초등학교,기장군
63,내리초등학교,기장군
139,내리초등학교,기장군
185,내리초등학교,기장군
200,내리초등학교,기장군
1003,내리초등학교,기장군
3006,내리초등학교,기장군
1003-F,내리초등학교,기장군
38,연화교차로,기장군
39,연화교차로,기장군
40,연화교차로,기장군
63,연화교차로,기장군
185,연화교차로,기장군
200,연화교차로,기장군
1003-F,연화교차로,기장군
38,오신,기장군
39,오신,기장군
40,오신,기장군
63,오신,기장군
139,오신,기장군
185,오신,기장군
200,오신,기장군
36,무곡,기장군
39,무곡,기장군
180,무곡,기장군
181,무곡,기장군
182,무곡,기장군
183,무곡,기장군
1003,무곡,기장군
183-F,무곡,기장군
1003-F,무곡,기장군
36,무곡,기장군
39,무곡,기장군
180,무곡,기장군
181,무곡,기장군
182,무곡,기장군
183,무곡,기장군
1003,무곡,기장군
183-F,무곡,기장군
1003-F,무곡,기장군
36,청강리공영차고지입구,기장군
39,청강리공영차고지입구,기장군
183,청강리공영차고지입구,기장군
1003,청강리공영차고지입구,기장군
183-F,청강리공영차고지입구,기장군
1003-F,청강리공영차고지입구,기장군
39,청강리공영차고지입구,기장군
1003,청강리공영차고지입구,기장군
1003-F,청강리공영차고지입구,기장군
36,청강리공영차고지,기장군
38,청강리공영차고지,기장군
40,청강리공영차고지,기장군
63,청강리공영차고지,기장군
100,청강리공영차고지,기장군
180,청강리공영차고지,기장군
181,청강리공영차고지,기장군
182,청강리공영차고지,기장군
183,청강리공영차고지,기장군
185,청강리공영차고지,기장군
200,청강리공영차고지,기장군
1001,청강리공영차고지,기장군
3006,청강리공영차고지,기장군
183-F,청강리공영차고지,기장군
36,기장체육관,기장군
139,기장체육관,기장군
180,기장체육관,기장군
181,기장체육관,기장군
36,기장경찰서,기장군
139,기장경찰서,기장군
180,기장경찰서,기장군
181,기장경찰서,기장군
기장군2,기장경찰서,기장군
기장군3,기장경찰서,기장군
기장군2,기장체육관,기장군
기장군3,기장체육관,기장군
180,기장체육관,기장군
181,기장체육관,기장군
180,기장군청,기장군
181,기장군청,기장군
180,죽성사거리,기장군
180,죽성사거리,기장군
180,기장군청,기장군
181,기장군청,기장군
기장군6,죽성사거리,기장군
39,죽성사거리,기장군
181,죽성사거리,기장군
183,죽성사거리,기장군
188,죽성사거리,기장군
1003,죽성사거리,기장군
183-F,죽성사거리,기장군
1003-F,죽성사거리,기장군
기장군2,기장성당,기장군
기장군6,기장성당,기장군
36,일광해수욕장입구,기장군
139,일광해수욕장입구,기장군
180,일광해수욕장입구,기장군
181,일광해수욕장입구,기장군
180,동해선일광역,기장군
182,동해선일광역,기장군
187,동해선일광역,기장군
188,동해선일광역,기장군
기장군2,동해선일광역,기장군
기장군2,동해선일광역,기장군
기장군3,동해선일광역,기장군
기장군8,동해선일광역,기장군
기장군2,일광해수욕장입구,기장군
기장군3,일광해수욕장입구,기장군
182,화전마을.부산예빛학교,기장군
187,화전마을.부산예빛학교,기장군
기장군8,화전마을.부산예빛학교,기장군
36,기장초등학교,기장군
39,기장초등학교,기장군
139,기장초등학교,기장군
181,기장초등학교,기장군
182,기장초등학교,기장군
188,기장초등학교,기장군
1003,기장초등학교,기장군
1003-F,기장초등학교,기장군
기장군2,기장시장.농협,기장군
기장군3,기장시장.농협,기장군
기장군6,기장시장.농협,기장군
기장군8,기장시장.농협,기장군
기장군11,기장시장.농협,기장군
36,기장전화국,기장군
39,기장전화국,기장군
139,기장전화국,기장군
181,기장전화국,기장군
182,기장전화국,기장군
188,기장전화국,기장군
1003,기장전화국,기장군
1003-F,기장전화국,기장군
기장군6,교리초교,기장군
39,교리초등학교,기장군
139,교리초등학교,기장군
181,교리초등학교,기장군
182,교리초등학교,기장군
187,교리초등학교,기장군
188,교리초등학교,기장군
1003,교리초등학교,기장군
1003-F,교리초등학교,기장군
39,교리초등학교,기장군
139,교리초등학교,기장군
181,교리초등학교,기장군
182,교리초등학교,기장군
187,교리초등학교,기장군
188,교리초등학교,기장군
1003,교리초등학교,기장군
1003-F,교리초등학교,기장군
36,기장교리아파트,기장군
183,기장교리아파트,기장군
183-F,기장교리아파트,기장군
36,교리초등학교,기장군
183,교리초등학교,기장군
183-F,교리초등학교,기장군
39,교리,기장군
139,교리,기장군
181,교리,기장군
182,교리,기장군
183,교리,기장군
187,교리,기장군
188,교리,기장군
1003,교리,기장군
183-F,교리,기장군
1003-F,교리,기장군
36,기장시장,기장군
39,기장시장,기장군
139,기장시장,기장군
181,기장시장,기장군
182,기장시장,기장군
1003,기장시장,기장군
1003-F,기장시장,기장군
188,대진로얄타운,기장군
181,기장2주공,기장군
181,대변고개,기장군
107,대곡마을,기장군
184,대곡마을,기장군
3008,대곡마을,기장군
3008-F,대곡마을,기장군
182,횡계,기장군
187,횡계,기장군
기장군8,횡계,기장군
182,삼덕입구,기장군
187,삼덕입구,기장군
기장군8,삼덕입구,기장군
182,동해선일광역입구,기장군
187,동해선일광역입구,기장군
37,월내시장,기장군
180,월내시장,기장군
기장군3,동해선월내역.월내시장,기장군
기장군3,봉수대입구,기장군
36,후동입구,기장군
139,후동입구,기장군
180,후동입구,기장군
181,후동입구,기장군
기장군2,후동입구,기장군
기장군3,후동입구,기장군
36,후동입구,기장군
139,후동입구,기장군
180,후동입구,기장군
181,후동입구,기장군
기장군2,후동입구,기장군
기장군3,후동입구,기장군
기장군6,우정공원,기장군
기장군8,우정공원,기장군
38,오신,기장군
39,오신,기장군
40,오신,기장군
63,오신,기장군
139,오신,기장군
185,오신,기장군
200,오신,기장군
기장군3,고리스포츠문화센터,기장군
기장군11,대라아파트,기장군
100,공수.양경마을,기장군
181,공수.양경마을,기장군
185,공수.양경마을,기장군
100,공수.당사마을,기장군
181,공수.당사마을,기장군
185,공수.당사마을,기장군
187,용소삼거리,기장군
187,장안초등학교,기장군
187,용소삼거리,기장군
187,장안초등학교,기장군
37,월내초등학교,기장군
180,월내초등학교,기장군
기장군3,월내초등학교,기장군
182,좌천초등학교,기장군
187,좌천초등학교,기장군
302,좌천초등학교,기장군
3008,좌천초등학교,기장군
3008-F,좌천초등학교,기장군
기장군8,좌천초등학교,기장군
37,좌동리교차로,기장군
182,좌동리교차로,기장군
187,좌동리교차로,기장군
188,좌동리교차로,기장군
302,좌동리교차로,기장군
3008,좌동리교차로,기장군
3008-F,좌동리교차로,기장군
37,장안제일고등학교,기장군
182,장안제일고등학교,기장군
187,장안제일고등학교,기장군
188,장안제일고등학교,기장군
302,장안제일고등학교,기장군
3008,장안제일고등학교,기장군
3008-F,장안제일고등학교,기장군
기장군3,장안제일고등학교,기장군
기장군3,장안제일고등학교,기장군
기장군8,장안제일고등학교,기장군
기장군57,장안제일고등학교,기장군
기장군3,좌동리교차로,기장군
기장군3,좌동리교차로,기장군
기장군8,좌동리교차로,기장군
3008-F,좌동리교차로,기장군
기장군57,좌동삼거리,기장군
182,횡계,기장군
187,횡계,기장군
기장군8,횡계,기장군
188,대진로얄타운,기장군
39,기장성당,기장군
180,기장성당,기장군
1003,기장성당,기장군
1003-F,기장성당,기장군
183,기장성당,기장군
188,기장성당,기장군
183-F,기장성당,기장군
36,이진아파트,기장군
183,이진아파트,기장군
187,이진아파트,기장군
188,이진아파트,기장군
183-F,이진아파트,기장군
36,기장초등학교,기장군
39,기장초등학교,기장군
139,기장초등학교,기장군
181,기장초등학교,기장군
182,기장초등학교,기장군
188,기장초등학교,기장군
1003,기장초등학교,기장군
1003-F,기장초등학교,기장군
39,청강사거리,기장군
181,청강사거리,기장군
183,청강사거리,기장군
188,청강사거리,기장군
1003,청강사거리,기장군
183-F,청강사거리,기장군
1003-F,청강사거리,기장군
36,기장2주공,기장군
39,기장2주공,기장군
180,기장2주공,기장군
181,기장2주공,기장군
182,기장2주공,기장군
183,기장2주공,기장군
1003,기장2주공,기장군
183-F,기장2주공,기장군
1003-F,기장2주공,기장군
36,청강사거리,기장군
180,청강사거리,기장군
181,청강사거리,기장군
182,청강사거리,기장군
188,청강사거리,기장군
36,대라리사거리,기장군
139,대라리사거리,기장군
180,대라리사거리,기장군
181,대라리사거리,기장군
182,대라리사거리,기장군
188,대라리사거리,기장군
기장군11,대라리사거리,기장군
기장군11,대라아파트,기장군
36,기장2주공,기장군
39,기장2주공,기장군
180,기장2주공,기장군
181,기장2주공,기장군
182,기장2주공,기장군
183,기장2주공,기장군
1003,기장2주공,기장군
183-F,기장2주공,기장군
1003-F,기장2주공,기장군
181,무양,기장군
181,대변고개,기장군
181,기장2주공,기장군
181,무양,기장군
181,대변,기장군
50,월평교차로,기장군
1002,월평교차로,기장군
1002-F,월평교차로,기장군
37,임곡,기장군
50,임곡,기장군
1002-F,임곡,기장군
37,임곡,기장군
50,임곡,기장군
1002-F,임곡,기장군
184,철마면행정복지센터,기장군
기장군6,기장도서관,기장군
39,아름공원,기장군
180,아름공원,기장군
1003,아름공원,기장군
1003-F,아름공원,기장군
기장군3,아름공원,기장군
기장군6,아름공원,기장군
기장군8,아름공원,기장군
기장군11,아름공원,기장군
39,차고지,기장군
139,차고지,기장군
1003,차고지,기장군
1003-F,차고지,기장군
39,차고지,기장군
139,차고지,기장군
1003,차고지,기장군
1003-F,차고지,기장군
55,용원중앙병원,강서구
58,용원중앙병원,강서구
58-2,용원중앙병원,강서구
520,용원중앙병원,강서구
55,용원,강서구
58,용원,강서구
58-2,용원,강서구
520,용원,강서구
50,월평고개,기장군
302,월평고개,기장군
1002,월평고개,기장군
1002-F,월평고개,기장군
강서구6,분도입구,강서구
22,동구노인종합복지관.덕림아파트,동구
38,동구노인종합복지관.덕림아파트,동구
38-1,동구노인종합복지관.덕림아파트,동구
86,동구노인종합복지관.덕림아파트,동구
186,동구노인종합복지관.덕림아파트,동구
22,수정아파트,동구
38,수정아파트,동구
38-1,수정아파트,동구
86,수정아파트,동구
186,수정아파트,동구
기장군11,이진아파트,기장군
182,좌천초등학교,기장군
187,좌천초등학교,기장군
302,좌천초등학교,기장군
3008,좌천초등학교,기장군
3008-F,좌천초등학교,기장군
기장군8,좌천초등학교,기장군
73,마지회관,기장군
73,마지회관,기장군
73,보림,기장군
73,보림,기장군
강서구7,범방주유소,강서구
강서구7-1,범방주유소,강서구
강서구7-2,범방주유소,강서구
강서구7,녹산동행정복지센터,강서구
강서구7-1,녹산동행정복지센터,강서구
강서구7-2,녹산동행정복지센터,강서구
강서구7,녹산동행정복지센터,강서구
강서구7-1,녹산동행정복지센터,강서구
강서구7-2,녹산동행정복지센터,강서구
5-1,반여동부산은행,해운대구
43,반여동부산은행,해운대구
107,반여동부산은행,해운대구
155,반여동부산은행,해운대구
금정구6,왕자아파트.반여동부산은행,해운대구
금정구6,영원프라자,해운대구
36,무정삼거리,해운대구
115,무정삼거리,해운대구
금정구6,드파인센텀.센텀스위첸,해운대구
금정구6,무정삼거리,해운대구
108,중고차매매시장,사상구
87,망미주공아파트종점,연제구
87,망미주공아파트종점,연제구
61,아름다운교회,서구
87,아름다운교회,서구
61,까치새길입구,서구
87,까치새길입구,서구
사하구14,금화맨션삼거리,사하구
사하구14,까치고개 87번종점,서구
사하구14,동보하이츠아파트(사하구치매안심센터),사하구
사하구14,아미까치공영주차장,서구
38,대우2차아파트,해운대구
40,대우2차아파트,해운대구
307,대우2차아파트,해운대구
54,수영강푸르지오아파트,연제구
100,수영강푸르지오아파트,연제구
100-1,수영강푸르지오아파트,연제구
115,수영강푸르지오아파트,연제구
307,수영강푸르지오아파트,연제구
96-1,롯데캐슬215동앞,사하구
96-1,롯데캐슬215동앞,사하구
338,롯데캐슬215동앞,사하구
338,롯데캐슬215동앞,사하구
96-1,롯데캐슬211동앞,사하구
96-1,롯데캐슬211동앞,사하구
338,롯데캐슬211동앞,사하구
338,롯데캐슬211동앞,사하구
사하구3-1,롯데캐슬211동,사하구
사하구3-1,롯데캐슬211동,사하구
사하구5,롯데캐슬211동,사하구
사하구15,롯데캐슬211동,사하구
사하구15,롯데캐슬211동,사하구
사하구3-1,롯데캐슬215동,사하구
사하구5,롯데캐슬215동,사하구
사하구15,롯데캐슬215동,사하구
사하구5,롯데캐슬201동,사하구
96-1,롯데캐슬201동앞,사하구
96-1,롯데캐슬201동앞,사하구
338,롯데캐슬201동앞,사하구
338,롯데캐슬201동앞,사하구
사하구3-1,롯데캐슬201동,사하구
사하구5,롯데캐슬201동,사하구
사하구15,롯데캐슬201동,사하구
사하구5,롯데캐슬상가,사하구
96-1,롯데캐슬상가앞,사하구
96-1,롯데캐슬상가앞,사하구
338,롯데캐슬상가앞,사하구
338,롯데캐슬상가앞,사하구
사하구5,롯데캐슬211동,사하구
사하구5,롯데캐슬215동,사하구
38,중앙공원.민주공원,중구
43,중앙공원.민주공원,중구
70,중앙공원.민주공원,중구
508,중앙공원.민주공원,중구
9,감천119안전센터,사하구
서구2-2,감천초등학교,사하구
서구2-2,대한수산,사하구
서구2-2,원스탑마트,사하구
9,한일냉장,사하구
9,동양레미콘,서구
9,인성글로벌냉장,서구
9,감천항동편부두,사하구
5-1,풍산금속,해운대구
36,풍산금속,해운대구
43,풍산금속,해운대구
107,풍산금속,해운대구
115-1,풍산금속,해운대구
189-1,풍산금속,해운대구
29,안창마을입구,동구
동구1,보각사,동구
동구1-1,보각사,동구
동구1,안창삼거리,동구
동구1-1,안창삼거리,동구
동구1,안창마을,부산진구
동구1-1,안창마을,부산진구
7,휴게소,서구
30,휴게소,서구
71,휴게소,서구
7,암남공원,서구
30,암남공원,서구
71,암남공원,서구
7,현대아파트,서구
30,현대아파트,서구
71,현대아파트,서구
7,혜성아파트,서구
71,혜성아파트,서구
81,서부교육청,서구
81,경성전자고등학교,서구
서구1,경성전자고등학교,서구
서구3-1,경성전자고등학교,서구
서구1,금호아파트,서구
서구3-1,금호아파트,서구
서구1,남성한빛.대신더샵,서구
서구3-1,남성한빛.대신더샵,서구
8,차고지,영도구
17,차고지,영도구
30,차고지,영도구
88,차고지,영도구
101,차고지,영도구
186,차고지,영도구
3003,차고지,영도구
126,북구청,사상구
307,북구청,사상구
126,삼락동,사상구
33-1,신라대학교,사상구
62,신라대학교,사상구
128-1,신라대학교,사상구
129-1,신라대학교,사상구
96,구평화신아파트,사하구
96-1,구평화신아파트,사하구
161,구평화신아파트,사하구
172,구평화신아파트,사하구
96,구평고개,사하구
96-1,구평고개,사하구
161,구평고개,사하구
172,구평고개,사하구
96-1,감천삼거리,사하구
172,감천삼거리,사하구
96,유림아파트,사하구
161,유림아파트,사하구
사하구5,구평고개,사하구
사하구8,구평고개,사하구
사하구14,구평고개,사하구
사하구15,구평고개,사하구
사하구5,구평화신아파트,사하구
사하구8,구평화신아파트,사하구
사하구14,구평화신아파트,사하구
사하구15,구평화신아파트,사하구
사하구5,유림아파트,사하구
사하구14,유림아파트,사하구
사하구15,유림아파트,사하구
96,구평초등학교,사하구
96-1,구평초등학교,사하구
161,구평초등학교,사하구
172,구평초등학교,사하구
사하구5,구평초등학교,사하구
사하구8,구평초등학교,사하구
사하구14,구평초등학교,사하구
사하구15,구평초등학교,사하구
29,부산종합터미널.노포역,금정구
49,부산종합터미널.노포역,금정구
50,부산종합터미널.노포역,금정구
51,부산종합터미널.노포역,금정구
80,부산종합터미널.노포역,금정구
131,부산종합터미널.노포역,금정구
148,부산종합터미널.노포역,금정구
300,부산종합터미널.노포역,금정구
301,부산종합터미널.노포역,금정구
1002,부산종합터미널.노포역,금정구
1002-F,부산종합터미널.노포역,금정구
금정구2-2,부산종합터미널.노포역,금정구
기장군2-3,부산종합터미널.노포역,금정구
10,유림아시아드아파트.거제초교,부산진구
31,유림아시아드아파트.거제초교,부산진구
33,유림아시아드아파트.거제초교,부산진구
43,유림아시아드아파트.거제초교,부산진구
44,유림아시아드아파트.거제초교,부산진구
52,유림아시아드아파트.거제초교,부산진구
77,유림아시아드아파트.거제초교,부산진구
80,유림아시아드아파트.거제초교,부산진구
111,유림아시아드아파트.거제초교,부산진구
129-1,유림아시아드아파트.거제초교,부산진구
131,유림아시아드아파트.거제초교,부산진구
506,유림아시아드아파트.거제초교,부산진구
3,하단역환승센터,사하구
55,하단역환승센터,사하구
58,하단역환승센터,사하구
58-1,하단역환승센터,사하구
58-2,하단역환승센터,사하구
68,하단역환승센터,사하구
122,하단역환승센터,사하구
124,하단역환승센터,사하구
128-1,하단역환승센터,사하구
161,하단역환승센터,사하구
171,하단역환승센터,사하구
172,하단역환승센터,사하구
2000,하단역환승센터,사하구
3007,하단역환승센터,사하구
강서구7,하단역,사하구
강서구9-1,하단역,사하구
강서구12,하단역,사하구
강서구12-1,하단역,사하구
강서구13,하단역,사하구
강서구15,하단역,사하구
강서구15-1,하단역,사하구
강서구20,하단역,사하구
강서구21,하단역,사하구
사하구10,하단역,사하구
77,(구)대도운수종점,사상구
110,(구)대도운수종점,사상구
33,초읍초등학교,부산진구
44,초읍초등학교,부산진구
63,초읍초등학교,부산진구
83-1,초읍초등학교,부산진구
103,초읍초등학교,부산진구
부산진구15,시민도서관,부산진구
73,윗반송역,해운대구
187,윗반송역,해운대구
36,윗반송역,해운대구
115-1,윗반송역,해운대구
129-1,윗반송역,해운대구
183,윗반송역,해운대구
183-F,윗반송역,해운대구
36,윗반송역,해운대구
73,윗반송역,해운대구
115-1,윗반송역,해운대구
129-1,윗반송역,해운대구
183,윗반송역,해운대구
183-F,윗반송역,해운대구
36,반송본동,해운대구
115-1,반송본동,해운대구
129-1,반송본동,해운대구
183,반송본동,해운대구
183-F,반송본동,해운대구
기장군11,반송본동,해운대구
37,중앙중학교,기장군
73,중앙중학교,기장군
182,중앙중학교,기장군
37,덕산마을,기장군
73,덕산마을,기장군
73,덕산마을,기장군
105,덕산마을,기장군
107,덕산마을,기장군
107,덕산마을,기장군
182,덕산마을,기장군
188,덕산마을,기장군
302,덕산마을,기장군
3008,덕산마을,기장군
3008-F,덕산마을,기장군
37,중앙중학교,기장군
73,중앙중학교,기장군
182,중앙중학교,기장군
302,중앙중학교,기장군
73,구연동,기장군
105,구연동,기장군
106,구연동,기장군
184,구연동,기장군
37,달산초등학교,기장군
73,달산초등학교,기장군
105,달산초등학교,기장군
106,달산초등학교,기장군
107,달산초등학교,기장군
182,달산초등학교,기장군
184,달산초등학교,기장군
기장군57,달산초등학교,기장군
73,정관산업단지,기장군
37,구연마을,기장군
73,구연마을,기장군
107,구연마을,기장군
182,구연마을,기장군
302,구연마을,기장군
기장군8,구연마을,기장군
기장군57,구연마을,기장군
기장군8,중앙중학교,기장군
기장군57,중앙중학교,기장군
73,정관센트럴파크아파트,기장군
105,정관센트럴파크아파트,기장군
106,정관센트럴파크아파트,기장군
184,정관센트럴파크아파트,기장군
37,금관빌라드앞,기장군
180,금관빌라드앞,기장군
37,고원1차아파트,기장군
180,고원1차아파트,기장군
37,금관빌라드앞,기장군
180,금관빌라드앞,기장군
37,고원3차아파트,기장군
180,고원3차아파트,기장군
58-1,호산나교회.엘크루4단지,강서구
58-2,호산나교회.엘크루4단지,강서구
3007,차량등록사업소,강서구
58-1,낙동강철새도래지,강서구
171,낙동강철새도래지,강서구
강서구20,낙동강철새도래지,강서구
강서구20,전등,강서구
3,행복마을,강서구
58-1,행복마을,강서구
58-2,행복마을,강서구
109,행복마을,강서구
124,행복마을,강서구
128-1,행복마을,강서구
171,행복마을,강서구
520,행복마을,강서구
강서구20,행복마을,강서구
3,행복마을,강서구
58-1,행복마을,강서구
58-2,행복마을,강서구
109,행복마을,강서구
124,행복마을,강서구
128-1,행복마을,강서구
171,행복마을,강서구
520,행복마을,강서구
강서구20,행복마을,강서구
58-1,호산나교회.삼정그린코아,강서구
58-2,호산나교회.삼정그린코아,강서구
58-1,남명초등학교,강서구
58-2,남명초등학교,강서구
109,남명초등학교,강서구
3002,남명초등학교,강서구
강서구20,호산나교회,강서구
강서구20,남명초등학교,강서구
128-1,르노자동차정문,강서구
172,르노자동차정문,강서구
520,르노자동차정문,강서구
2000,르노자동차정문,강서구
3005,르노자동차정문,강서구
3006,르노자동차정문,강서구
강서구20,신호하수처리장,강서구
강서구20,르노자동차정문,강서구
58-1,신호하수처리장,강서구
58-2,신호하수처리장,강서구
109,신호하수처리장,강서구
124,신호하수처리장,강서구
128-1,신호하수처리장,강서구
171,신호하수처리장,강서구
172,신호하수처리장,강서구
520,신호하수처리장,강서구
58-1,부영2차아파트,강서구
58-2,부영2차아파트,강서구
109,부영2차아파트,강서구
124,부영2차아파트,강서구
171,부영2차아파트,강서구
3007,부영2차아파트,강서구
58-1,부영2차아파트,강서구
58-2,부영2차아파트,강서구
109,부영2차아파트,강서구
124,부영2차아파트,강서구
171,부영2차아파트,강서구
3007,부영2차아파트,강서구
58-1,부경신항수협,강서구
58-2,부경신항수협,강서구
109,부경신항수협,강서구
124,부경신항수협,강서구
171,부경신항수협,강서구
58-1,부경신항수협,강서구
58-2,부경신항수협,강서구
109,부경신항수협,강서구
124,부경신항수협,강서구
171,부경신항수협,강서구
강서구9,의창수협,강서구
3,강서평생학습관,강서구
58-1,극동스타클래스아파트,강서구
58-2,극동스타클래스아파트,강서구
109,극동스타클래스아파트,강서구
강서구8,극동스타클래스109동,강서구
강서구20,극동스타클래스109동,강서구
3,두산위브,강서구
128-1,두산위브,강서구
171,두산위브,강서구
520,두산위브,강서구
강서구8,두산위브아파트,강서구
강서구20,두산위브아파트,강서구
강서구20,명호초등학교,강서구
3,명호초등학교,강서구
109,명호초등학교,강서구
128-1,명호초등학교,강서구
171,명호초등학교,강서구
520,명호초등학교,강서구
3002,명호초등학교,강서구
3005,명호초등학교,강서구
3007,명호초등학교,강서구
강서구20,명호중고등학교,강서구
82,화신아파트(종점),부산진구
58,서번산업,강서구
강서구9-1,녹산농협,강서구
강서구16,녹산농협,강서구
강서구9-1,녹산농협,강서구
강서구16,녹산농협,강서구
영도구5,동삼삼거리,영도구
8,동삼주공,영도구
30,동삼주공,영도구
88,동삼주공,영도구
101,동삼주공,영도구
113,동삼주공,영도구
186,동삼주공,영도구
190,동삼주공,영도구
8,동삼삼거리,영도구
30,동삼삼거리,영도구
88,동삼삼거리,영도구
101,동삼삼거리,영도구
113,동삼삼거리,영도구
190,동삼삼거리,영도구
영도구5,동삼삼거리,영도구
186,동삼삼거리,영도구
금정구3-2,선경3차아파트312동,금정구
49,남산초등학교,금정구
131,남산초등학교,금정구
301,남산초등학교,금정구
1002-F,남산초등학교,금정구
29,남산성당,금정구
51,남산성당,금정구
80,남산성당,금정구
300,남산성당,금정구
금정구3-2,부산외국어대학교정문,금정구
50,남산역,금정구
148,남산역,금정구
1002,남산역,금정구
50,남산프라자,금정구
148,남산프라자,금정구
29,부곡시장,금정구
49,부곡시장,금정구
50,부곡시장,금정구
148,부곡시장,금정구
1002,부곡시장,금정구
8,동삼시장,영도구
30,동삼시장,영도구
88,동삼시장,영도구
101,동삼시장,영도구
113,동삼시장,영도구
190,동삼시장,영도구
영도구5,동삼시장,영도구
영도구5,동삼중앙어린이집,영도구
8,동삼시장,영도구
30,동삼시장,영도구
88,동삼시장,영도구
101,동삼시장,영도구
113,동삼시장,영도구
190,동삼시장,영도구
8,일동미라주아파트,영도구
30,일동미라주아파트,영도구
88,일동미라주아파트,영도구
101,일동미라주아파트,영도구
113,일동미라주아파트,영도구
190,일동미라주아파트,영도구
영도구2,영선동윗로터리,영도구
영도구5,영선동윗로터리,영도구
남구2,분포중학교,남구
남구2,분포고등학교,남구
남구2,LG메트로시티133동상가앞,남구
남구2,LG메트로시티133동상가앞,남구
남구2,분포고등학교,남구
46,구포교회,북구
강서구19,구포교회,북구
강서구19,구포교회,북구
강서구19,새생명교회,북구
160,(구)고려당제과점,북구
169-1,(구)고려당제과점,북구
북구6,고려당제과점,북구
46,구포대진아파트,북구
160,구포대진아파트,북구
169-1,구포대진아파트,북구
46,태양탕,북구
160,태양탕,북구
169-1,태양탕,북구
북구6,구포대진아파트,북구
북구6,태양탕,북구
강서구7-1,마음,강서구
강서구12-1,마음,강서구
강서구7-1,중곡,강서구
강서구12-1,중곡,강서구
55,마음,강서구
55,중곡,강서구
3005,중곡,강서구
55,구랑,강서구
55,지사산단입구,강서구
55,지사산단입구,강서구
3005,지사산단입구,강서구
3005,지사산단입구,강서구
3007,지사산단입구,강서구
7,혜성아파트,서구
30,혜성아파트,서구
71,혜성아파트,서구
7,현대아파트,서구
30,현대아파트,서구
71,현대아파트,서구
26,송도혜성아파트·풍림아이원아파트,서구
30,송도혜성아파트·풍림아이원아파트,서구
96,송도혜성아파트·풍림아이원아파트,서구
7,송도공영주차장,서구
26,송도공영주차장,서구
30,송도공영주차장,서구
71,송도공영주차장,서구
96,송도공영주차장,서구
7,송도해수욕장,서구
26,송도해수욕장,서구
30,송도해수욕장,서구
71,송도해수욕장,서구
96,송도해수욕장,서구
7,송도초등학교,서구
26,송도초등학교,서구
30,송도초등학교,서구
71,송도초등학교,서구
96,송도초등학교,서구
7,송도교차로,서구
강서구1,부산신항,강서구
강서구1-1,부산신항,강서구
강서구1,다목적터미널,강서구
강서구1-1,다목적터미널,강서구
강서구1,현대상선,강서구
강서구1-1,현대상선,강서구
해운대구3,해운대구문화복합센터,해운대구
181,센텀초등학교,해운대구
1002,센텀초등학교,해운대구
181,센텀파크,해운대구
1002,센텀파크,해운대구
해운대구3,센텀초등학교,해운대구
해운대구3-2,센텀초등학교,해운대구
해운대구3,센텀파크.부산은행,해운대구
해운대구3-2,센텀파크.부산은행,해운대구
해운대구3,센텀파크112동,해운대구
해운대구3-2,센텀파크112동,해운대구
해운대구3,해운대구문화복합센터,해운대구
해운대구3-2,해운대구문화복합센터,해운대구
51,온천장,동래구
100,온천장,동래구
110-1,온천장,동래구
203,온천장,동래구
15,보수사거리,중구
40,보수사거리,중구
81,보수사거리,중구
126,보수사거리,중구
8,보수초등학교,중구
11,보수초등학교,중구
96,보수초등학교,중구
103,보수초등학교,중구
113,보수초등학교,중구
126,보수초등학교,중구
2-F,보수초등학교,중구
사하구3,언양식당,사하구
사하구3,청도식당,사하구
사하구3,구평고물상,사하구
사하구3,구평농협,사하구
사하구3,언양식당,사하구
사하구3,진해식당,사하구
사하구3,청도식당,사하구
사하구3,구평농협,사하구
사하구3,진해식당,사하구
사하구3,천우슈퍼,사하구
22,좌천할인마트.서린엘마르더뷰,동구
38-1,좌천할인마트.서린엘마르더뷰,동구
86,좌천할인마트.서린엘마르더뷰,동구
87,좌천할인마트.서린엘마르더뷰,동구
186,좌천할인마트.서린엘마르더뷰,동구
동구2,성북고개,동구
동구2,"좌천할인마트,서린엘마르더뷰",동구
22,성북고개,동구
38-1,성북고개,동구
86,성북고개,동구
87,성북고개,동구
186,성북고개,동구
22,범일초등학교,동구
38-1,범일초등학교,동구
86,범일초등학교,동구
186,범일초등학교,동구
38-1,좌천할인마트.서린엘마르더뷰,동구
86,좌천할인마트.서린엘마르더뷰,동구
87,좌천할인마트.서린엘마르더뷰,동구
186,좌천할인마트.서린엘마르더뷰,동구
동구2,수동경로당,동구
동구2,수정동부교회,동구
동구2,렉슬빌라,동구
동구2,대화주택,동구
동구2,덕암빌라,동구
동구2,수정산체육공원,동구
동구2,동여자중학교,동구
동구2,동여자중학교후문,동구
동구2,동원빌라,동구
동구2,부산종합사회복지관,동구
동구2,수성아파트,동구
동구2,수정4동,동구
영도구2,복지회관,영도구
영도구2,복천사,영도구
영도구2,체육공원,영도구
부산진구15,원당골,부산진구
부산진구15,초읍대우아파트,부산진구
부산진구15,초읍중학교,부산진구
10,사직2동행정복지센터,동래구
46,사직2동행정복지센터,동래구
210,사직2동행정복지센터,동래구
동래구5,사직2동행정복지센터,동래구
동래구5,사직동교회,동래구
동래구5,사직시장,동래구
동래구5,삼익아파트정문,동래구
남구1,동천고등학교,남구
남구2,산성교회,남구
남구9,산성교회,남구
31,해운대시장,해운대구
39,해운대시장,해운대구
100,해운대시장,해운대구
115-1,해운대시장,해운대구
141,해운대시장,해운대구
200,해운대시장,해운대구
141-F,해운대시장,해운대구
307,해운대구문화복합센터,해운대구
1002,해운대구문화복합센터,해운대구
100,과정교,해운대구
100-1,과정교,해운대구
남구2,용호동벽산아파트,남구
남구8,용호동벽산아파트,남구
182,화전마을.부산예빛학교,기장군
187,화전마을.부산예빛학교,기장군
기장군8,화전마을.부산예빛학교,기장군
강서구11,월포,강서구
강서구5,수문할매집,강서구
강서구5,변덕마을,강서구
3,엘크루블루오션4단지,강서구
124,엘크루블루오션4단지,강서구
128-1,엘크루블루오션4단지,강서구
171,엘크루블루오션4단지,강서구
520,엘크루블루오션4단지,강서구
3,엘크루블루오션6단지,강서구
124,엘크루블루오션6단지,강서구
128-1,엘크루블루오션6단지,강서구
171,엘크루블루오션6단지,강서구
520,엘크루블루오션6단지,강서구
3,롯데캐슬아파트,강서구
128-1,롯데캐슬아파트,강서구
171,롯데캐슬아파트,강서구
520,롯데캐슬아파트,강서구
55,강서경찰서,강서구
58,강서경찰서,강서구
161,강서경찰서,강서구
3005,강서경찰서,강서구
3007,강서경찰서,강서구
강서구7,강서경찰서,강서구
강서구9-1,강서경찰서,강서구
강서구12,강서경찰서,강서구
강서구12-1,강서경찰서,강서구
55,순아3구,강서구
58,순아3구,강서구
161,순아3구,강서구
55,순아3구,강서구
58,순아3구,강서구
161,순아3구,강서구
강서구7,순아3구,강서구
강서구9-1,순아3구,강서구
강서구12,순아3구,강서구
강서구12-1,순아3구,강서구
부산진구11,양정포레힐즈스위첸,부산진구
부산진구11,연산전화국,부산진구
부산진구11,양정자이더샵SK뷰,부산진구
5-1,세정고·양정119안전센터,부산진구
20,세정고·양정119안전센터,부산진구
57,세정고·양정119안전센터,부산진구
62,세정고·양정119안전센터,부산진구
63,세정고·양정119안전센터,부산진구
141-F,세정고·양정119안전센터,부산진구
연제구3,유림스토아,연제구
연제구3,유림아파트113동,연제구
연제구3,유림아파트112동,연제구
연제구7,동서그린아파트,연제구
연제구7,동암학교,연제구
연제구7,정수사,수영구
연제구7,로얄아파트,수영구
연제구7,정수사,수영구
연제구7,남일고,수영구
연제구7,로얄아파트상가,수영구
연제구7,로얄아파트,수영구
연제구7,로얄아파트101동,수영구
수영구2,망미초등학교,수영구
수영구2,팔도시장후문,수영구
수영구2,수영경찰서,수영구
수영구2,망미역,수영구
강서구11,덕두새동네,강서구
강서구13,공항입구,강서구
강서구13,공항입구,강서구
수영구2,수영세무서,수영구
사상구3,동서대글로벌빌리지,사상구
사상구3-1,동서대글로벌빌리지,사상구
사상구3,현대무지개아파트,사상구
사상구3-1,현대무지개아파트,사상구
사상구3,현대무지개아파트관리사무소,사상구
사상구3-1,현대무지개아파트관리사무소,사상구
수영구2,남천1동 행정복지센터,수영구
사상구3,동서대글로벌빌리지,사상구
사상구3-1,동서대글로벌빌리지,사상구
사상구3,현대무지개아파트,사상구
사상구3-1,현대무지개아파트,사상구
사상구3,현대무지개아파트관리사무소,사상구
사상구3-1,현대무지개아파트관리사무소,사상구
사상구7,모라종합사회복지관,사상구
사상구7,모라1단지종점,사상구
사상구7,캐슬스포츠센터,사상구
사상구7,조광페인트,사상구
기장군6,신앙촌,기장군
강서구11,덕두,강서구
강서구11,대저농협앞,강서구
강서구11,덕두,강서구
109,덕두시장,강서구
강서구13,덕두,강서구
134,천마마을,서구
29,부산종합터미널.노포역,금정구
49,부산종합터미널.노포역,금정구
50,부산종합터미널.노포역,금정구
51,부산종합터미널.노포역,금정구
80,부산종합터미널.노포역,금정구
90,부산종합터미널.노포역,금정구
131,부산종합터미널.노포역,금정구
148,부산종합터미널.노포역,금정구
300,부산종합터미널.노포역,금정구
301,부산종합터미널.노포역,금정구
1002,부산종합터미널.노포역,금정구
1002-F,부산종합터미널.노포역,금정구
금정구2-2,부산종합터미널.노포역,금정구
기장군2-3,부산종합터미널.노포역,금정구
37,부산종합터미널.노포역,금정구
37,부산종합터미널.노포역,금정구
90,부산종합터미널.노포역,금정구
29,노포삼거리,금정구
49,노포삼거리,금정구
50,노포삼거리,금정구
51,노포삼거리,금정구
80,노포삼거리,금정구
90,노포삼거리,금정구
131,노포삼거리,금정구
148,노포삼거리,금정구
300,노포삼거리,금정구
301,노포삼거리,금정구
1002-F,노포삼거리,금정구
8,청학시장,영도구
30,청학시장,영도구
88,청학시장,영도구
88-1,청학시장,영도구
101,청학시장,영도구
113,청학시장,영도구
186,청학시장,영도구
190,청학시장,영도구
사하구9,장림시장번영1길,사하구
기장군11,기장고등학교,기장군
36,대라리사거리,기장군
139,대라리사거리,기장군
180,대라리사거리,기장군
181,대라리사거리,기장군
182,대라리사거리,기장군
188,대라리사거리,기장군
기장군11,대라리사거리,기장군
영도구1,부산보건고등학교,영도구
영도구5,부산보건고등학교,영도구
6,부산보건고,영도구
7,부산보건고,영도구
9,부산보건고,영도구
70,부산보건고,영도구
71,부산보건고,영도구
82,부산보건고,영도구
85,부산보건고,영도구
508,부산보건고,영도구
82,영선2동행정복지센터,영도구
85,영선2동행정복지센터,영도구
3003,영선2동행정복지센터,영도구
3006,영선2동행정복지센터,영도구
영도구2,강남병원,영도구
영도구2,탑마트,영도구
영도구5,탑마트,영도구
영도구1,성모신협,영도구
9,인성글로벌냉장,서구
9,동양레미콘,서구
9,한일냉장,사하구
9,감천항동편부두,사하구
9,감천1.2.3부두,서구
6,대림아파트,서구
26,대림아파트,서구
30,대림아파트,서구
71,대림아파트,서구
96,대림아파트,서구
96-1,대림아파트,서구
6,등대시장,서구
26,등대시장,서구
30,등대시장,서구
71,등대시장,서구
96,등대시장,서구
96-1,등대시장,서구
6,대진아파트,서구
26,대진아파트,서구
30,대진아파트,서구
71,대진아파트,서구
96,대진아파트,서구
96-1,대진아파트,서구
6,공동어시장,서구
26,공동어시장,서구
30,공동어시장,서구
71,공동어시장,서구
96,공동어시장,서구
96-1,공동어시장,서구
6,충무쇼핑.충무동새벽시장,서구
26,충무쇼핑.충무동새벽시장,서구
30,충무쇼핑.충무동새벽시장,서구
71,충무쇼핑.충무동새벽시장,서구
96,충무쇼핑.충무동새벽시장,서구
96-1,충무쇼핑.충무동새벽시장,서구
6,자갈치역.충무동해안시장,서구
26,자갈치역.충무동해안시장,서구
30,자갈치역.충무동해안시장,서구
71,자갈치역.충무동해안시장,서구
96,자갈치역.충무동해안시장,서구
96-1,자갈치역.충무동해안시장,서구
6,암남동행정복지센터,서구
26,암남동행정복지센터,서구
30,암남동행정복지센터,서구
71,암남동행정복지센터,서구
96,암남동행정복지센터,서구
96-1,암남동행정복지센터,서구
3006,암남동행정복지센터,서구
6,삼성여고,사하구
16,삼성여고,사하구
96-1,삼성여고,사하구
172,삼성여고,사하구
사하구1,삼성여고,사하구
사하구1-1,삼성여고,사하구
사하구1,괴정동교차로,사하구
사하구1-1,괴정동교차로,사하구
사하구5,괴정동교차로,사하구
사하구8,괴정동교차로,사하구
사하구14,괴정동교차로,사하구
사하구15,괴정동교차로,사하구
6,감천삼거리,사하구
16,감천삼거리,사하구
사하구1,감천삼거리,사하구
사하구1-1,감천삼거리,사하구
88-1,홈플러스,영도구
영도구1,미광아파트,영도구
6,깡깡이예술마을,영도구
8,일동미라주아파트,영도구
30,일동미라주아파트,영도구
88,일동미라주아파트,영도구
101,일동미라주아파트,영도구
113,일동미라주아파트,영도구
190,일동미라주아파트,영도구
영도구5,천리교,영도구
영도구5,동삼주공아파트1단지,영도구
영도구5,태종파크맨션,영도구
영도구5,동삼슈퍼,영도구
영도구5,태종파크맨션,영도구
8,청학주유소,영도구
30,청학주유소,영도구
88,청학주유소,영도구
88-1,청학주유소,영도구
101,청학주유소,영도구
113,청학주유소,영도구
186,청학주유소,영도구
190,청학주유소,영도구
영도구7,대영약국,영도구
영도구7,부영슈퍼,영도구
영도구7,청학주유소,영도구
6,남도여중,영도구
6,남도여중,영도구
9,남도여중,영도구
82,남도여중,영도구
85,남도여중,영도구
6,신선중학교,영도구
6,신선중학교,영도구
9,신선중학교,영도구
82,신선중학교,영도구
85,신선중학교,영도구
영도구1,신선중학교,영도구
영도구5,신선중학교,영도구
6,신선중학교,영도구
6,신선중학교,영도구
9,신선중학교,영도구
82,신선중학교,영도구
85,신선중학교,영도구
6,흰여울문화마을,영도구
9,흰여울문화마을,영도구
82,흰여울문화마을,영도구
85,흰여울문화마을,영도구
영도구2,흰여울문화마을,영도구
영도구5,흰여울문화마을,영도구
영도구5,영도초등학교,영도구
영도구5,강남병원,영도구
영도구1,외환은행,영도구
82,남항시장,영도구
85,남항시장,영도구
17,동삼초등학교,영도구
영도구5,동삼중앙어린이집,영도구
영도구5,동삼슈퍼,영도구
17,해동종합,영도구
17,아르떼뮤지엄·미창석유,영도구
17,(주)거청,영도구
17,(구)대선조선,영도구
17,청학수변공원,영도구
17,부산조선,영도구
17,(주)거청,영도구
17,(구)대선조선,영도구
17,청학수변공원,영도구
17,부산조선,영도구
8,SK부산저유소,영도구
17,SK부산저유소,영도구
30,SK부산저유소,영도구
88,SK부산저유소,영도구
88-1,SK부산저유소,영도구
101,SK부산저유소,영도구
113,SK부산저유소,영도구
186,SK부산저유소,영도구
190,SK부산저유소,영도구
17,HJ중공업,영도구
88,HJ중공업,영도구
88-1,HJ중공업,영도구
101,HJ중공업,영도구
186,HJ중공업,영도구
190,HJ중공업,영도구
3001,HJ중공업,영도구
3006,HJ중공업,영도구
8,HJ중공업,영도구
30,HJ중공업,영도구
113,HJ중공업,영도구
40,광안역,수영구
1001,광안역,수영구
1003,광안역,수영구
1003-F,광안역,수영구
영도구2,대평화장품,영도구
7,대교사거리,영도구
9,대교사거리,영도구
11,대교사거리,영도구
70,대교사거리,영도구
71,대교사거리,영도구
508,대교사거리,영도구
7,남항동,영도구
9,남항동,영도구
11,남항동,영도구
70,남항동,영도구
71,남항동,영도구
508,남항동,영도구
영도구1,제일은행,영도구
6,영선아파트,영도구
7,영선아파트,영도구
70,영선아파트,영도구
71,영선아파트,영도구
508,영선아파트,영도구
7,흰여울문화마을,영도구
70,흰여울문화마을,영도구
71,흰여울문화마을,영도구
508,흰여울문화마을,영도구
3003,흰여울문화마을,영도구
영도구2,남항초등학교,영도구
영도구5,남항초등학교,영도구
영도구2,대동대교맨션,영도구
영도구2,토토볼링장,영도구
영도구2,대평화장품,영도구
영도구2,진주슈퍼,영도구
강서구16,옥포,강서구
55,옥포마을,강서구
강서구16,옥포마을입구,강서구
3005,에스피엘,강서구
3005,렛츠런파크입구,강서구
강서구7,렛츠런파크입구,강서구
강서구7-1,렛츠런파크입구,강서구
강서구7-2,렛츠런파크입구,강서구
3005,렛츠런파크입구,강서구
강서구11,설만마을회관,강서구
강서구11,동신에프에이,강서구
강서구11,신진화이너스,강서구
강서구11,정관도새집,강서구
강서구5,공항상회,강서구
강서구22,공항상회,강서구
강서구5,평강사리마을입구,강서구
강서구22,평강사리마을입구,강서구
강서구5,칠점입구,강서구
강서구22,칠점입구,강서구
강서구5,평강사리,강서구
강서구22,평강사리,강서구
123,강서구청,강서구
307,강서구청,강서구
123,대저119안전센터,강서구
127,대저119안전센터,강서구
307,대저119안전센터,강서구
1004-F,대저119안전센터,강서구
강서구11,대저119안전센터,강서구
강서구13,대저119안전센터,강서구
강서구5,새날교회,강서구
강서구5,대상초등학교,강서구
6,영도배수지,영도구
6,영도배수지,영도구
9,영도배수지,영도구
82,영도배수지,영도구
85,영도배수지,영도구
6,삼거리이용원,영도구
6,삼거리이용원,영도구
9,삼거리이용원,영도구
82,삼거리이용원,영도구
85,삼거리이용원,영도구
영도구2,영도배수지입구,영도구
70,부산항만공사,중구
88-1,부산항만공사,중구
101,부산항만공사,중구
사상구2-2,양지공원,사상구
사상구1-1,모덕초등학교,사상구
사상구1-1,자유아파트,사상구
사상구1-1,사상도서관,사상구
사상구1-1,모라화인아파트,사상구
사상구1-1,협성아파트,사상구
사상구1-1,모라벽산아파트,사상구
33-1,구포현대아파트,사상구
169,구포현대아파트,사상구
169-1,구포현대아파트,사상구
1004,구포현대아파트,사상구
1004-F,구포현대아파트,사상구
강서구19,구포현대아파트,사상구
33-1,모라119안전센터,사상구
169,모라119안전센터,사상구
169-1,모라119안전센터,사상구
1004,모라119안전센터,사상구
1004-F,모라119안전센터,사상구
강서구19,모라119안전센터,사상구
사상구1-1,모라119안전센터,사상구
사상구1-1,삼정그린코아아파트,사상구
33-1,모라농협,사상구
169,모라농협,사상구
169-1,모라농협,사상구
1004,모라농협,사상구
1004-F,모라농협,사상구
33-1,모라우성아파트,사상구
169,모라우성아파트,사상구
169-1,모라우성아파트,사상구
1004-F,모라우성아파트,사상구
강서구19,모라농협,사상구
사상구1-1,모라농협,사상구
강서구19,모라우성아파트,사상구
사상구1-1,모라우성아파트,사상구
북구2,만덕동일아파트,북구
북구2,옥천사입구,북구
15,구룡사,북구
59,구룡사,북구
111,구룡사,북구
121,구룡사,북구
300,구룡사,북구
15,북구문화빙상센터,북구
59,북구문화빙상센터,북구
111,북구문화빙상센터,북구
121,북구문화빙상센터,북구
300,북구문화빙상센터,북구
15,수정강변타운후문,북구
59,수정강변타운후문,북구
111,수정강변타운후문,북구
121,수정강변타운후문,북구
300,수정강변타운후문,북구
북구3,구룡사,북구
북구7,구룡사,북구
금정구1,구룡사,북구
북구3,수정강변타운후문,북구
북구7,수정강변타운후문,북구
금정구1,수정강변타운후문,북구
15,덕천교차로,북구
59,덕천교차로,북구
111,덕천교차로,북구
121,덕천교차로,북구
300,덕천교차로,북구
북구3,덕천교차로,북구
북구7,덕천교차로,북구
금정구1,덕천교차로,북구
기장군3,봉수대입구,기장군
해운대구3-2,센텀피오레1차,해운대구
해운대구3-2,동해선재송역,해운대구
31,동해선재송역,해운대구
107,동해선재송역,해운대구
144,동해선재송역,해운대구
200,동해선재송역,해운대구
해운대구1,동해선재송역,해운대구
해운대구3,동해선재송역,해운대구
해운대구3-2,센텀리슈빌아파트,해운대구
해운대구3-2,센텀E편한세상,해운대구
해운대구3-2,송수초교,해운대구
동래구1,삼한아파트,금정구
동래구1,성지아파트,금정구
36,한신아파트,기장군
183,한신아파트,기장군
183-F,한신아파트,기장군
36,한신아파트,기장군
183,한신아파트,기장군
183-F,한신아파트,기장군
36,기장교리아파트,기장군
183,기장교리아파트,기장군
183-F,기장교리아파트,기장군
36,교리초등학교,기장군
183,교리초등학교,기장군
183-F,교리초등학교,기장군
기장군11,만화리,기장군
기장군11,만화리입구,기장군
기장군8,부산장안고등학교,기장군
기장군57,부산장안고등학교,기장군
37,내덕입구,기장군
182,내덕입구,기장군
188,내덕입구,기장군
302,내덕입구,기장군
37,부산프리미엄아울렛,기장군
182,부산프리미엄아울렛,기장군
188,부산프리미엄아울렛,기장군
302,부산프리미엄아울렛,기장군
3008,부산프리미엄아울렛,기장군
3008-F,부산프리미엄아울렛,기장군
기장군8,부산프리미엄아울렛,기장군
기장군57,부산프리미엄아울렛,기장군
37,좌천삼거리,기장군
182,좌천삼거리,기장군
187,좌천삼거리,기장군
188,좌천삼거리,기장군
302,좌천삼거리,기장군
3008,좌천삼거리,기장군
3008-F,좌천삼거리,기장군
기장군3,좌천삼거리,기장군
기장군3,좌천삼거리,기장군
기장군8,좌천삼거리,기장군
기장군57,좌천삼거리,기장군
182,좌동리교차로,기장군
187,좌동리교차로,기장군
302,좌동리교차로,기장군
37,평전마을,기장군
73,평전마을,기장군
106,평전마을,기장군
107,평전마을,기장군
182,평전마을,기장군
184,평전마을,기장군
188,평전마을,기장군
3008,평전마을,기장군
3008-F,평전마을,기장군
37,산막입구,기장군
73,산막입구,기장군
106,산막입구,기장군
107,산막입구,기장군
182,산막입구,기장군
184,산막입구,기장군
188,산막입구,기장군
3008,산막입구,기장군
3008-F,산막입구,기장군
73,신동아파밀리에후문,기장군
106,신동아파밀리에후문,기장군
107,신동아파밀리에후문,기장군
184,신동아파밀리에후문,기장군
188,신동아파밀리에후문,기장군
3008,신동아파밀리에후문,기장군
3008-F,신동아파밀리에후문,기장군
37,정관읍행정복지센터.기장소방서,기장군
73,정관읍행정복지센터.기장소방서,기장군
73,정관읍행정복지센터.기장소방서,기장군
106,정관읍행정복지센터.기장소방서,기장군
106,정관읍행정복지센터.기장소방서,기장군
107,정관읍행정복지센터.기장소방서,기장군
107,정관읍행정복지센터.기장소방서,기장군
182,정관읍행정복지센터.기장소방서,기장군
302,정관읍행정복지센터.기장소방서,기장군
3008,정관읍행정복지센터.기장소방서,기장군
3008-F,정관읍행정복지센터.기장소방서,기장군
금정구3-1,선동상현마을,금정구
금정구3-1,회동수원지입구,금정구
금정구3-1,회동수원지입구,금정구
금정구3-1,상현마을입구,금정구
금정구3-1,상현마을입구,금정구
금정구6,동래구.금정구선거관리위원회,금정구
42,동일고무벨트,금정구
99,동일고무벨트,금정구
105,동일고무벨트,금정구
179,동일고무벨트,금정구
42,부산예원고등학교,금정구
99,부산예원고등학교,금정구
105,부산예원고등학교,금정구
179,부산예원고등학교,금정구
5-1,욱성화학(주),금정구
42,욱성화학(주),금정구
43,욱성화학(주),금정구
99,욱성화학(주),금정구
105,욱성화학(주),금정구
179,욱성화학(주),금정구
184,욱성화학(주),금정구
금정구7,법학관.수학관,금정구
금정구7,법학관.수학관,금정구
금정구7,중앙도서관.화학관,금정구
금정구7,미술관.제2사범관,금정구
금정구7,부산대음악관,금정구
금정구7,미술관.제2사범관,금정구
금정구7,부산대음악관,금정구
금정구7,부산대예술관,금정구
연제구3,유림아파트112동,연제구
연제구6,경인문구,연제구
연제구6,경인문구,연제구
연제구6,섬강빌라,연제구
남구3,뉴서울아파트,남구
남구3,우암자유아파트,남구
23,우암자유아파트,남구
26,우암자유아파트,남구
51,우암자유아파트,남구
68,우암자유아파트,남구
134,우암자유아파트,남구
168,우암자유아파트,남구
남구2,우암자유3차아파트,남구
5-1,배산역.만화도서관,연제구
63,배산역.만화도서관,연제구
141,배산역.만화도서관,연제구
141-F,배산역.만화도서관,연제구
연제구6,배산역.연제만화도서관,연제구
연제구7,배산역.연제만화도서관,연제구
연제구6,배산역,연제구
138-1,성지고등학교,남구
138-1,대연푸르지오클라센트·동림리라,남구
138-1,부산공고,남구
남구3,부산공업고등학교후문건널목,남구
남구3,부산공업고등학교후문,남구
남구3,성지고등학교,남구
남구3,대승아파트,남구
남구3,대연푸르지오클라센트·동림리라,남구
남구3,우암자유아파트,남구
남구3,뉴서울아파트,남구
51,우암뉴서울아파트,남구
138-1,우암뉴서울아파트,남구
남구2,일신보라아파트,남구
남구5,일신보라아파트,남구
남구5,뉴서울아파트,남구
7,부산국제수산물도매시장,서구
9,부산국제수산물도매시장,서구
30,부산국제수산물도매시장,서구
71,부산국제수산물도매시장,서구
7,수산가공선진화단지입구,서구
9,수산가공선진화단지입구,서구
30,수산가공선진화단지입구,서구
71,수산가공선진화단지입구,서구
37,신동아파밀리에정문,기장군
182,신동아파밀리에정문,기장군
302,신동아파밀리에정문,기장군
기장군8,신동아파밀리에정문,기장군
기장군57,신동아파밀리에정문,기장군
기장군8,정관읍사무소.기장소방서,기장군
기장군57,정관읍사무소.기장소방서,기장군
73,가동마을,기장군
106,가동마을,기장군
107,가동마을,기장군
184,가동마을,기장군
188,가동마을,기장군
73,정관양우내안애,기장군
106,정관양우내안애,기장군
107,정관양우내안애,기장군
184,정관양우내안애,기장군
188,정관양우내안애,기장군
기장군8,중앙중학교,기장군
기장군57,중앙중학교,기장군
기장군57,덕산마을,기장군
73,소두방공원,기장군
105,소두방공원,기장군
107,소두방공원,기장군
188,소두방공원,기장군
302,소두방공원,기장군
3008,소두방공원,기장군
3008-F,소두방공원,기장군
105,LH4단지,기장군
106,LH4단지,기장군
184,LH4단지,기장군
105,동원로얄듀크1차아파트,기장군
106,동원로얄듀크1차아파트,기장군
184,동원로얄듀크1차아파트,기장군
106,정관산단입구,기장군
184,정관산단입구,기장군
105,LH4단지,기장군
106,LH4단지,기장군
184,LH4단지,기장군
기장군57,달산마을,기장군
73,달산마을,기장군
105,달산마을,기장군
107,달산마을,기장군
188,달산마을,기장군
3008,달산마을,기장군
3008-F,달산마을,기장군
73,옛터어린이공원입구,기장군
105,옛터어린이공원입구,기장군
107,옛터어린이공원입구,기장군
188,옛터어린이공원입구,기장군
3008,옛터어린이공원입구,기장군
3008-F,옛터어린이공원입구,기장군
기장군57,달산마을,기장군
73,정관산업단지,기장군
105,동원로얄듀크1차아파트,기장군
106,동원로얄듀크1차아파트,기장군
184,동원로얄듀크1차아파트,기장군
106,정관산단입구,기장군
184,정관산단입구,기장군
37,신동아파밀리에정문,기장군
182,신동아파밀리에정문,기장군
302,신동아파밀리에정문,기장군
기장군8,신동아파밀리에정문,기장군
기장군57,신동아파밀리에정문,기장군
37,정관홈플러스,기장군
182,정관홈플러스,기장군
302,정관홈플러스,기장군
37,정관홈플러스,기장군
182,정관홈플러스,기장군
302,정관홈플러스,기장군
기장군8,정관홈플러스,기장군
기장군57,정관홈플러스,기장군
기장군8,정관홈플러스,기장군
기장군57,정관홈플러스,기장군
37,한진해모로,기장군
73,한진해모로,기장군
106,한진해모로,기장군
107,한진해모로,기장군
182,한진해모로,기장군
184,한진해모로,기장군
188,한진해모로,기장군
302,한진해모로,기장군
3008,한진해모로,기장군
3008-F,한진해모로,기장군
37,계룡리슈빌,기장군
73,계룡리슈빌,기장군
106,계룡리슈빌,기장군
107,계룡리슈빌,기장군
182,계룡리슈빌,기장군
184,계룡리슈빌,기장군
188,계룡리슈빌,기장군
302,계룡리슈빌,기장군
3008,계룡리슈빌,기장군
3008-F,계룡리슈빌,기장군
73,롯데캐슬,기장군
106,롯데캐슬,기장군
107,롯데캐슬,기장군
184,롯데캐슬,기장군
188,롯데캐슬,기장군
302,롯데캐슬,기장군
3008,롯데캐슬,기장군
3008-F,롯데캐슬,기장군
37,정관주민자치회관,기장군
73,정관주민자치회관,기장군
106,정관주민자치회관,기장군
107,정관주민자치회관,기장군
182,정관주민자치회관,기장군
184,정관주민자치회관,기장군
188,정관주민자치회관,기장군
302,정관주민자치회관,기장군
3008,정관주민자치회관,기장군
3008-F,정관주민자치회관,기장군
기장군8,계룡리슈빌,기장군
기장군57,계룡리슈빌,기장군
기장군8,정관주민자치회관,기장군
기장군57,정관주민자치회관,기장군
기장군8,한진해모로,기장군
기장군57,한진해모로,기장군
73,현진에버빌,기장군
182,현진에버빌,기장군
106,이지더원1차아파트정문,기장군
107,이지더원1차아파트정문,기장군
182,이지더원1차아파트정문,기장군
188,이지더원1차아파트정문,기장군
3008,이지더원1차아파트정문,기장군
3008-F,이지더원1차아파트정문,기장군
106,현진에버빌후문사거리,기장군
107,현진에버빌후문사거리,기장군
182,현진에버빌후문사거리,기장군
188,현진에버빌후문사거리,기장군
3008,현진에버빌후문사거리,기장군
3008-F,현진에버빌후문사거리,기장군
73,현진에버빌,기장군
182,현진에버빌,기장군
37,솔마루공원,기장군
106,솔마루공원,기장군
107,솔마루공원,기장군
188,솔마루공원,기장군
302,솔마루공원,기장군
3008,솔마루공원,기장군
3008-F,솔마루공원,기장군
73,신정초등학교,기장군
106,신정초등학교,기장군
107,신정초등학교,기장군
188,신정초등학교,기장군
302,신정초등학교,기장군
3008,신정초등학교,기장군
3008-F,신정초등학교,기장군
기장군8,신정초등학교,기장군
기장군57,신정초등학교,기장군
기장군8,정원초등학교,기장군
기장군57,정원초등학교,기장군
기장군8,솔마루공원,기장군
기장군57,솔마루공원,기장군
37,구연마을,기장군
73,구연마을,기장군
107,구연마을,기장군
182,구연마을,기장군
기장군57,구연마을,기장군
105,동원로얄듀크2차아파트,기장군
107,동원로얄듀크2차아파트,기장군
3008,동원로얄듀크2차아파트,기장군
3008-F,동원로얄듀크2차아파트,기장군
73,정관센트럴파크아파트,기장군
105,정관센트럴파크아파트,기장군
106,정관센트럴파크아파트,기장군
184,정관센트럴파크아파트,기장군
사상구2-1,감전LH아파트,사상구
사상구2-1,사상근린공원,사상구
사상구2-1,백양마을,사상구
사상구2-1,벽산신화아파트,사상구
사상구2-1,사상구종합사회복지관,사상구
수영구2,수영구 스포츠문화타운,수영구
54,월륜교차로,연제구
115,월륜교차로,연제구
수영구2,수영강변1차e편한세상,수영구
수영구2,수영주택,수영구
연제구6,물만골역,연제구
연제구7,물만골역,연제구
58-1,롯데캐슬아파트,강서구
58-2,롯데캐슬아파트,강서구
109,롯데캐슬아파트,강서구
강서구20,롯데캐슬아파트,강서구
58-1,롯데캐슬아파트,강서구
58-2,롯데캐슬아파트,강서구
109,롯데캐슬아파트,강서구
강서구20,롯데캐슬아파트,강서구
58-1,남명초등학교,강서구
58-2,남명초등학교,강서구
109,남명초등학교,강서구
3002,남명초등학교,강서구
강서구20,남명초등학교,강서구
강서구20,호산나교회,강서구
금정구6,동일고무벨트,금정구
금정구6,동일고무벨트,금정구
금정구6,금성타운,금정구
금정구6,금성타운,금정구
5-1,반여농산물시장역,해운대구
36,반여농산물시장역,해운대구
43,반여농산물시장역,해운대구
107,반여농산물시장역,해운대구
금정구6,장산중학교.꿈에그린아파트,해운대구
금정구6,반여1동행정복지센터,해운대구
금정구6,반여동탑마트,해운대구
동래구6,우방아파트,해운대구
동래구6-1,우방아파트,해운대구
동래구6,센텀SK뷰아파트115동,해운대구
동래구6-1,센텀SK뷰아파트115동,해운대구
동래구7,센텀SK뷰아파트115동,해운대구
동래구6,센텀SK뷰아파트113동,해운대구
동래구6-1,센텀SK뷰아파트113동,해운대구
동래구7,센텀SK뷰아파트113동,해운대구
동래구1,롯데백화점동래점,동래구
동래구3,롯데백화점동래점,동래구
부산진구13,화인아파트102동,부산진구
9,삼신아파트,영도구
영도구5,시영아파트후문,영도구
영도구5,청학동공영주차장,영도구
영도구5,시영아파트정문,영도구
24,오륙도SK뷰정문,남구
24,오륙도SK뷰정문,남구
27,오륙도SK뷰정문,남구
27,오륙도SK뷰정문,남구
131,오륙도SK뷰정문,남구
24,오륙도초중학교,남구
24,오륙도초중학교,남구
27,오륙도초중학교,남구
27,오륙도초중학교,남구
131,오륙도초중학교,남구
남구2,오륙도SK뷰정문,남구
남구2,오륙도초중학교,남구
24,오륙도스카이워크,남구
24,오륙도스카이워크,남구
27,오륙도스카이워크,남구
27,오륙도스카이워크,남구
131,오륙도스카이워크,남구
24,오륙도초중학교,남구
24,오륙도초중학교,남구
27,오륙도초중학교,남구
27,오륙도초중학교,남구
131,오륙도초중학교,남구
24,오륙도SK뷰정문,남구
24,오륙도SK뷰정문,남구
27,오륙도SK뷰정문,남구
27,오륙도SK뷰정문,남구
131,오륙도SK뷰정문,남구
남구2,오륙도초중학교,남구
남구2,오륙도SK뷰정문,남구
남구2,오륙도스카이워크,남구
남구2,부산해군회관,남구
24,오륙도스카이워크,남구
24,오륙도스카이워크,남구
27,오륙도스카이워크,남구
27,오륙도스카이워크,남구
131,오륙도스카이워크,남구
남구2,오륙도스카이워크,남구
부산진구12,대동아파트,부산진구
부산진구12-1,대동아파트,부산진구
부산진구2,서면자동차학원,부산진구
부산진구2,화신아파트,부산진구
부산진구11,감로사,부산진구
부산진구11,감로사,부산진구
부산진구12,감로사,부산진구
부산진구12-1,감로사,부산진구
부산진구11,대동아파트,부산진구
부산진구11,대동아파트,부산진구
부산진구2,대동아파트,부산진구
부산진구12,대동아파트,부산진구
부산진구12-1,대동아파트,부산진구
188,정관농협기업지점,기장군
37,달산초등학교,기장군
73,달산초등학교,기장군
105,달산초등학교,기장군
106,달산초등학교,기장군
107,달산초등학교,기장군
182,달산초등학교,기장군
184,달산초등학교,기장군
302,달산초등학교,기장군
기장군57,달산초등학교,기장군
금정구2-2,송정리,기장군
금정구2-2,입석,기장군
금정구2-2,선돌,기장군
금정구2-2,대우아파트후문,기장군
금정구2-2,에스엔티모티브,기장군
기장군2-3,에스엔티모티브,기장군
금정구2-2,송정리,기장군
금정구2-2,입석,기장군
금정구2-2,선돌,기장군
금정구2-2,대우아파트후문,기장군
금정구2-2,임기,기장군
사상구2,주례아파트,사상구
사상구3,주례아파트,사상구
사상구3-1,주례아파트,사상구
사상구5,냉정시장,사상구
사상구5-1,냉정시장,사상구
사상구5-2,냉정시장,사상구
사상구2,경남정보대50주년기념관,사상구
수영구2,수영경찰서,수영구
수영구2,광안자모병원후문,수영구
수영구2,광안4동새마을금고,수영구
연제구2,힐스테이트201동앞,연제구
연제구2,마하사,연제구
연제구2,관음사,연제구
연제구2,법륜사,연제구
연제구2,하이자동차운전학원,연제구
연제구2,현대홈타운,연제구
연제구3,거성중,연제구
연제구3,곰두리스포츠센터,연제구
연제구3,레이카운티3단지,연제구
연제구3,만수사,연제구
연제구3,청구아파트,연제구
연제구3,유림스토아,연제구
연제구3,유림아파트113동,연제구
금정구3-1,로얄팰리스아파트,금정구
금정구3-1,경동아파트,금정구
금정구3-1,로얄팰리스아파트,금정구
금정구6,금샘고등학교,금정구
금정구6,금사중학교,금정구
금정구6,서동교회,금정구
금정구6,부산경호고등학교,금정구
사하구9,서원유통,사하구
사하구2,우림아파트,사하구
사하구2-1,우림아파트,사하구
사하구2,에덴빌라,사하구
사하구2-1,에덴빌라,사하구
사하구2,반도보라아파트,사하구
사하구2-1,반도보라아파트,사하구
사하구2,에덴빌라,사하구
사하구2-1,에덴빌라,사하구
사하구2,혜성아파트,사하구
사하구2-1,혜성아파트,사하구
사하구2,동원1차아파트,사하구
사하구2-1,동원1차아파트,사하구
남구8,한국산업인력공단남부산지사,남구
동래구2,동래구보훈회관,동래구
동래구2,삼성가든아파트,동래구
동래구2,새동래3차아파트,동래구
동래구1,명륜역,동래구
동래구1,동래교육청정문,동래구
동래구1,내성초등학교,동래구
사상구2,유림빌라,사상구
부산진구11,부산진여자상업고등학교,부산진구
부산진구7,성모여자고등학교,부산진구
부산진구11,성모여자고등학교,부산진구
부산진구7,부산여자대학교정문,부산진구
부산진구11,부산여자대학교정문,부산진구
부산진구12,부산여자대학교정문,부산진구
부산진구12-1,부산여자대학교정문,부산진구
부산진구12,부산여자대학교도서관,부산진구
부산진구12-1,부산여자대학교도서관,부산진구
부산진구12,부산여자대학교도서관,부산진구
부산진구12-1,부산여자대학교도서관,부산진구
부산진구2,전포초등학교,부산진구
부산진구2,부전역,부산진구
부산진구2,일산아파트,부산진구
부산진구2,대산아파트,부산진구
부산진구11,감로사,부산진구
부산진구11,감로사,부산진구
부산진구12,감로사,부산진구
부산진구12-1,감로사,부산진구
부산진구11,전포고개,부산진구
부산진구11,전포고개,부산진구
부산진구12,정우빌라,부산진구
부산진구12-1,정우빌라,부산진구
부산진구11,규경빌라,부산진구
부산진구11,규경빌라,부산진구
부산진구11,정우빌라,부산진구
부산진구11,정우빌라,부산진구
부산진구12,정우빌라,부산진구
부산진구12-1,정우빌라,부산진구
부산진구11,동의과학대학교,부산진구
부산진구12,동의과학대학교,부산진구
부산진구12-1,동의과학대학교,부산진구
부산진구12,동의과학대사거리,부산진구
부산진구12-1,동의과학대사거리,부산진구
부산진구11,동의과학대학교,부산진구
부산진구12,동의과학대학교,부산진구
부산진구12-1,동의과학대학교,부산진구
부산진구11,양정하이츠아파트,부산진구
부산진구12,양정하이츠아파트,부산진구
부산진구12-1,양정하이츠아파트,부산진구
부산진구13,부산은행,부산진구
영도구5,천리교,영도구
영도구5,동삼주공아파트1단지,영도구
영도구5,롯데낙천대아파트정문,영도구
동구2,대화주택,동구
동구2,덕암빌라,동구
동구2,수정산체육공원,동구
동구2,동여자중학교,동구
동구2,동여자중학교후문,동구
동구2,동원빌라,동구
동구2,부산종합사회복지관,동구
동구2,수성아파트,동구
동구2,수정4동,동구
동구2,수정아파트5동,동구
동구2,수정아파트중간계단,동구
서구2-2,대성사,서구
서구2-2,세신빌라,서구
중구1,보수우체국,중구
37,롯데캐슬,기장군
182,롯데캐슬,기장군
37,계룡리슈빌후문,기장군
182,계룡리슈빌후문,기장군
37,동일스위트1차,기장군
73,동일스위트1차,기장군
106,동일스위트1차,기장군
107,동일스위트1차,기장군
182,동일스위트1차,기장군
184,동일스위트1차,기장군
188,동일스위트1차,기장군
302,동일스위트1차,기장군
3008,동일스위트1차,기장군
3008-F,동일스위트1차,기장군
기장군8,계룡리슈빌,기장군
기장군57,계룡리슈빌,기장군
기장군8,동일스위트1차,기장군
기장군57,동일스위트1차,기장군
기장군8,한진해모로,기장군
기장군57,한진해모로,기장군
10,신선대CNG충전소,남구
138,신선대CNG충전소,남구
138-1,신선대CNG충전소,남구
168,신선대CNG충전소,남구
강서구1-1,동율리,강서구
강서구1-1,장항,강서구
강서구1-1,서율리,강서구
강서구1,부산신항,강서구
강서구1-1,부산신항,강서구
3,퀸덤1.2단지,강서구
58-1,퀸덤1.2단지,강서구
58-2,퀸덤1.2단지,강서구
109,퀸덤1.2단지,강서구
128-1,퀸덤1.2단지,강서구
171,퀸덤1.2단지,강서구
강서구20,퀸덤아파트1.2단지,강서구
강서구20,명호초등학교,강서구
3,명호초등학교,강서구
109,명호초등학교,강서구
128-1,명호초등학교,강서구
171,명호초등학교,강서구
520,명호초등학교,강서구
3002,명호초등학교,강서구
3005,명호초등학교,강서구
3007,명호초등학교,강서구
3,퀸덤1.2단지,강서구
58-1,퀸덤1.2단지,강서구
58-2,퀸덤1.2단지,강서구
109,퀸덤1.2단지,강서구
128-1,퀸덤1.2단지,강서구
171,퀸덤1.2단지,강서구
강서구20,퀸덤아파트1.2단지,강서구
3,신호대교,강서구
58-1,신호대교,강서구
58-2,신호대교,강서구
109,신호대교,강서구
124,신호대교,강서구
128-1,신호대교,강서구
171,신호대교,강서구
3002,신호대교,강서구
강서구20,명지오션시티,강서구
58-1,퀸덤3단지,강서구
58-2,퀸덤3단지,강서구
109,퀸덤3단지,강서구
강서구8,극동스타클래스109동,강서구
강서구20,극동스타클래스109동,강서구
107,대곡마을,기장군
184,대곡마을,기장군
3008,대곡마을,기장군
3008-F,대곡마을,기장군
105,동원로얄듀크2차아파트,기장군
107,동원로얄듀크2차아파트,기장군
3008,동원로얄듀크2차아파트,기장군
3008-F,동원로얄듀크2차아파트,기장군
강서구5,평강대리1구,강서구
강서구22,평강대리1구,강서구
강서구5,평강대리,강서구
강서구22,평강대리,강서구
강서구7-2,우진정기,강서구
강서구12,우진정기,강서구
강서구7-2,매일정기,강서구
강서구7-2,매일정기,강서구
강서구12,매일정기,강서구
55,YMP지사단지기점,강서구
55,YMP지사단지기점,강서구
3007,YMP지사단지기점,강서구
55,매일정기,강서구
55,매일정기,강서구
강서구7-2,우진정기,강서구
강서구12,우진정기,강서구
55,매일정기,강서구
55,매일정기,강서구
55,우진정기,강서구
55,우진정기,강서구
강서구7-2,삼영MT,강서구
강서구12,삼영MT,강서구
강서구7-2,이득텍,강서구
강서구12,이득텍,강서구
55,삼영MT,강서구
55,삼영MT,강서구
3005,삼영MT,강서구
55,자동차부품멀티관,강서구
55,자동차부품멀티관,강서구
3005,자동차부품멀티관,강서구
3007,자동차부품멀티관,강서구
55,우진정기,강서구
55,우진정기,강서구
55,자동차부품멀티관,강서구
55,자동차부품멀티관,강서구
3005,자동차부품멀티관,강서구
3007,자동차부품멀티관,강서구
강서구7-2,삼영MT,강서구
강서구12,삼영MT,강서구
강서구7-2,이든텍,강서구
강서구12,이든텍,강서구
55,삼영MT,강서구
55,삼영MT,강서구
3005,삼영MT,강서구
강서구7-2,한성정밀,강서구
강서구12,한성정밀,강서구
강서구7-2,자동차부품단지,강서구
강서구7-2,자동차부품단지,강서구
강서구9,신호윌아파트105동,강서구
3,윌아파트,강서구
58-1,윌아파트,강서구
58-2,윌아파트,강서구
109,윌아파트,강서구
124,윌아파트,강서구
171,윌아파트,강서구
3002,윌아파트,강서구
3,신호농협,강서구
58-1,신호농협,강서구
58-2,신호농협,강서구
109,신호농협,강서구
124,신호농협,강서구
171,신호농협,강서구
3007,신호농협,강서구
강서구9,녹산농협신호지소,강서구
3,신호농협,강서구
58-1,신호농협,강서구
58-2,신호농협,강서구
109,신호농협,강서구
124,신호농협,강서구
171,신호농협,강서구
3007,신호농협,강서구
강서구9,녹산농협신호지소,강서구
22,남구국민체육센터,남구
22,남구국민체육센터,남구
39,남구국민체육센터,남구
22,백운포체육공원,남구
39,백운포체육공원,남구
22,백운포체육공원,남구
39,백운포체육공원,남구
강서구8,차량등록사업소,강서구
강서구1,고개마루,강서구
강서구1,고개마루,강서구
강서구1,옛천성분교,강서구
강서구1,옛천성분교,강서구
강서구1,서중교,강서구
강서구1,서중교,강서구
강서구1,중앙상회,강서구
강서구1,중앙상회,강서구
강서구1,고개마루,강서구
강서구1,고개마루,강서구
강서구1,옛천성분교,강서구
강서구1,옛천성분교,강서구
강서구1,두문해변,강서구
강서구1,두문해변,강서구
강서구1,두문방파제,강서구
강서구1,두문방파제,강서구
강서구1,두문,강서구
강서구1,두문,강서구
강서구1,두문이주단지,강서구
강서구1,두문이주단지,강서구
강서구1,두문해변,강서구
강서구1,두문해변,강서구
강서구1,두문방파제,강서구
강서구1,두문방파제,강서구
강서구1,두문,강서구
강서구1,두문,강서구
강서구1,두문이주단지,강서구
강서구1,두문이주단지,강서구
강서구1-1,선창,강서구
강서구1-1,선창,강서구
강서구1-1,선창,강서구
강서구1-1,선창,강서구
강서구20,선창,강서구
강서구1-1,동율리,강서구
강서구1-1,장항,강서구
강서구1-1,서율리,강서구
강서구11,상방마을입구,강서구
강서구11,상방마을입구,강서구
강서구13,상방마을입구,강서구
강서구13,상방마을입구,강서구
520,가덕천성동,강서구
520,가덕천성동,강서구
520,가덕천성동,강서구
520,가덕천성동,강서구
520,두문입구,강서구
520,두문입구,강서구
520,두문입구,강서구
520,두문입구,강서구
520,서중마을,강서구
520,서중마을,강서구
520,서중마을,강서구
520,서중마을,강서구
520,두문입구,강서구
520,두문입구,강서구
520,두문입구,강서구
520,두문입구,강서구
520,천성.동중마을,강서구
520,천성.동중마을,강서구
2000,천성.동중마을,강서구
2000,성북,강서구
520,성북마을,강서구
520,성북마을,강서구
520,성북마을,강서구
520,성북마을,강서구
2000,성북,강서구
58,강림씨에스피,강서구
161,강림씨에스피,강서구
58,(주)태광,강서구
58,강림씨에스피,강서구
161,강림씨에스피,강서구
강서구9-1,산양마을입구,강서구
58,세주정공,강서구
강서구9,세주정공,강서구
58,서번산업,강서구
58,(주)태광,강서구
58,화연공원,강서구
58,부산은행화전공단지점,강서구
강서구9,부산은행화전공단지점,강서구
강서구9,우리은행화전공단지점,강서구
58,조달청비축기지,강서구
58,화연공원,강서구
58,부산은행화전공단지점,강서구
강서구9,부산은행화전공단지점,강서구
강서구9,우리은행화전공단지점,강서구
58,세주정공,강서구
강서구9,세주정공,강서구
203,온천장역,동래구
서구5,동아대학교병원,서구
강서구11,국제선청사,강서구
강서구11,국제선청사,강서구
강서구13,국제선청사,강서구
강서구13,국제선청사,강서구
강서구1,다목적터미널,강서구
강서구1-1,다목적터미널,강서구
강서구1,현대상선,강서구
강서구1-1,현대상선,강서구
동래구5,다이소동래역점,동래구
동래구8,다이소동래역점,동래구
기장군57,모전마을,기장군
37,모전초등학교,기장군
106,모전초등학교,기장군
107,모전초등학교,기장군
188,모전초등학교,기장군
302,모전초등학교,기장군
3008,모전초등학교,기장군
3008-F,모전초등학교,기장군
37,모전초등학교,기장군
106,모전초등학교,기장군
107,모전초등학교,기장군
182,모전초등학교,기장군
188,모전초등학교,기장군
302,모전초등학교,기장군
3008,모전초등학교,기장군
3008-F,모전초등학교,기장군
기장군57,이지더원아파트,기장군
106,이지더원1차아파트정문,기장군
107,이지더원1차아파트정문,기장군
188,이지더원1차아파트정문,기장군
3008,이지더원1차아파트정문,기장군
3008-F,이지더원1차아파트정문,기장군
106,현진에버빌후문사거리,기장군
107,현진에버빌후문사거리,기장군
182,현진에버빌후문사거리,기장군
188,현진에버빌후문사거리,기장군
3008,현진에버빌후문사거리,기장군
3008-F,현진에버빌후문사거리,기장군
106,동일스위트3차,기장군
107,동일스위트3차,기장군
188,동일스위트3차,기장군
3008,동일스위트3차,기장군
3008-F,동일스위트3차,기장군
73,소두방공원,기장군
105,소두방공원,기장군
107,소두방공원,기장군
188,소두방공원,기장군
3008,소두방공원,기장군
3008-F,소두방공원,기장군
73,서희스타힐스,기장군
105,서희스타힐스,기장군
107,서희스타힐스,기장군
188,서희스타힐스,기장군
302,서희스타힐스,기장군
3008,서희스타힐스,기장군
3008-F,서희스타힐스,기장군
73,서희스타힐스,기장군
105,서희스타힐스,기장군
107,서희스타힐스,기장군
188,서희스타힐스,기장군
3008,서희스타힐스,기장군
3008-F,서희스타힐스,기장군
73,옛터어린이공원입구,기장군
105,옛터어린이공원입구,기장군
107,옛터어린이공원입구,기장군
188,옛터어린이공원입구,기장군
302,옛터어린이공원입구,기장군
3008,옛터어린이공원입구,기장군
3008-F,옛터어린이공원입구,기장군
36,고촌마을입구,기장군
73,고촌마을입구,기장군
183,고촌마을입구,기장군
187,고촌마을입구,기장군
188,고촌마을입구,기장군
188,고촌마을입구,기장군
183-F,고촌마을입구,기장군
기장군11,고촌마을입구,기장군
기장군11,고촌휴먼시아아파트,기장군
36,고촌마을입구,기장군
73,고촌마을입구,기장군
183,고촌마을입구,기장군
187,고촌마을입구,기장군
183-F,고촌마을입구,기장군
기장군11,고촌마을입구,기장군
기장군11,고촌휴먼시아아파트,기장군
101,동항초등학교,남구
168,동항초등학교,남구
강서구6,부산소프트웨어마이스터고,강서구
강서구7-1,부산소프트웨어마이스터고,강서구
강서구7-2,부산소프트웨어마이스터고,강서구
강서구2,부산소프트웨어마이스터고,강서구
강서구6,부산소프트웨어마이스터고,강서구
강서구7-1,부산소프트웨어마이스터고,강서구
강서구7-2,부산소프트웨어마이스터고,강서구
강서구6,봉림양수장,강서구
강서구7-1,봉림양수장,강서구
강서구7-2,봉림양수장,강서구
강서구6,봉림양수장,강서구
강서구7-1,봉림양수장,강서구
강서구7-2,봉림양수장,강서구
강서구8,명호중고등학교,강서구
강서구20,명호중고등학교,강서구
강서구20,부산한솔학교,강서구
강서구8,극동스타클래스,강서구
강서구20,극동스타클래스,강서구
3,두산위브,강서구
128-1,두산위브,강서구
171,두산위브,강서구
520,두산위브,강서구
3,한신휴플러스아파트,강서구
128-1,한신휴플러스아파트,강서구
171,한신휴플러스아파트,강서구
520,한신휴플러스아파트,강서구
3005,한신휴플러스아파트,강서구
3007,한신휴플러스아파트,강서구
강서구9,신호부영5차아파트,강서구
3,신호중학교,강서구
109,신호중학교,강서구
124,신호중학교,강서구
171,신호중학교,강서구
3007,신호중학교,강서구
강서구11,정관도새집,강서구
강서구11,정관도마을,강서구
강서구11,정관도마을회관,강서구
강서구11,정관도삼거리,강서구
강서구6,통전,강서구
강서구7-1,통전,강서구
강서구7-2,통전,강서구
강서구6,봉림교차로,강서구
강서구7-1,봉림교차로,강서구
강서구7-2,봉림교차로,강서구
강서구1,남중,강서구
강서구1,남중,강서구
강서구1,서중교,강서구
강서구1,서중교,강서구
강서구1,중앙상회,강서구
강서구1,중앙상회,강서구
강서구1,남중,강서구
강서구1,남중,강서구
강서구19,백양종합사회복지관,사상구
강서구19,307동 308동,사상구
55,이원솔루텍,강서구
55,이원솔루텍,강서구
강서구1,가덕동행정복지센터,강서구
강서구1,가덕동행정복지센터,강서구
강서구1-1,가덕동행정복지센터,강서구
520,성북마을,강서구
520,성북마을,강서구
520,성북마을,강서구
520,성북마을,강서구
강서구1,가덕동행정복지센터,강서구
강서구1,가덕동행정복지센터,강서구
강서구1-1,가덕동행정복지센터,강서구
강서구1,성북새동네,강서구
강서구1-1,성북새동네,강서구
강서구20,성북새동네,강서구
강서구1,천가농협,강서구
강서구1-1,천가농협,강서구
강서구20,천가농협,강서구
강서구1,천가동우체국,강서구
강서구1-1,천가동우체국,강서구
강서구20,천가동우체국,강서구
강서구1,한전,강서구
강서구20,한전,강서구
강서구1,서중,강서구
강서구1,서중,강서구
2000,천성,강서구
강서구1,천성IC 동중,강서구
520,서중마을,강서구
520,서중마을,강서구
520,서중마을,강서구
520,서중마을,강서구
강서구1,서중,강서구
강서구1,서중,강서구
36,청강리공영차고지,기장군
180,청강리공영차고지,기장군
181,청강리공영차고지,기장군
183,청강리공영차고지,기장군
183-F,청강리공영차고지,기장군
17,국립해양박물관,영도구
17,국립해양박물관,영도구
186,국립해양박물관,영도구
186,국립해양박물관,영도구
17,국제크루즈터미널입구,영도구
동래구8,사직여자중학교,동래구
동래구8,삼정그린코아아파트,동래구
동래구8,사직중학교,동래구
동래구8,사직초등학교,동래구
동래구8,사직여자고등학교,동래구
동래구8,사직여자중학교,동래구
58,조달청비축기지,강서구
73,가동마을,기장군
106,가동마을,기장군
107,가동마을,기장군
184,가동마을,기장군
188,가동마을,기장군
73,정관양우내안애,기장군
106,정관양우내안애,기장군
107,정관양우내안애,기장군
184,정관양우내안애,기장군
188,정관양우내안애,기장군
188,정관농협기업지점,기장군
188,정관읍행정복지센터.기장소방서,기장군
서구2-2,감천2동,사하구
사하구1,감천2동,사하구
사하구1-1,감천2동,사하구
서구2-2,감천사거리,사하구
서구2-2,수협,사하구
사하구1,수협,사하구
사하구1-1,수협,사하구
서구2-2,감천2동삼거리,사하구
사하구1,감천2동삼거리,사하구
사하구1-1,감천2동삼거리,사하구
서구2-2,감천2동새마을금고,사하구
사하구1,감천2동새마을금고,사하구
사하구1-1,감천2동새마을금고,사하구
서구2-2,감천2동행정복지센터,사하구
사하구1,감천2동행정복지센터,사하구
사하구1-1,감천2동행정복지센터,사하구
사하구3-1,다대문화체육센터,사하구
사하구5,다대문화체육센터,사하구
사하구5,다대문화체육센터,사하구
96-1,다대문화체육센터,사하구
96-1,다대문화체육센터,사하구
338,다대문화체육센터,사하구
338,다대문화체육센터,사하구
139,부산대청중학교,기장군
109,서부산유통지구역,강서구
강서구11,서부산유통지구역,강서구
강서구13,서부산유통지구역,강서구
강서구22,서부산유통지구역,강서구
109,서부산유통지구역,강서구
7,수산가공선진화단지,서구
9,수산가공선진화단지,서구
30,수산가공선진화단지,서구
71,수산가공선진화단지,서구
7,수산가공선진화단지입구,서구
9,수산가공선진화단지입구,서구
30,수산가공선진화단지입구,서구
71,수산가공선진화단지입구,서구
강서구13,서부산유통1단지,강서구
강서구13,서부산유통1단지,강서구
강서구22,서부산유통1단지,강서구
강서구22,서부산유통1단지,강서구
38,동해선신해운대역,해운대구
38,동해선신해운대역,해운대구
100-1,동해선신해운대역,해운대구
100-1,동해선신해운대역,해운대구
139,동해선신해운대역,해운대구
3,극동스타클래스,강서구
128-1,극동스타클래스,강서구
171,극동스타클래스,강서구
520,극동스타클래스,강서구
3005,극동스타클래스,강서구
3007,극동스타클래스,강서구
3,엘크루블루오션,강서구
128-1,엘크루블루오션,강서구
171,엘크루블루오션,강서구
520,엘크루블루오션,강서구
520,지양곡,강서구
520,지양곡,강서구
강서구1,지양곡,강서구
강서구1,천성IC 동중,강서구
185,오시리아관광단지,기장군
1001,오시리아관광단지,기장군
185,롯데월드어드벤처부산,기장군
185,오시리아역.국립부산과학관입구,기장군
1001,오시리아역.국립부산과학관입구,기장군
1001,오시리아관광단지,기장군
185,롯데월드어드벤처부산,기장군
3,신호초등학교사거리,강서구
58-1,신호초등학교사거리,강서구
58-2,신호초등학교사거리,강서구
109,신호초등학교사거리,강서구
124,신호초등학교사거리,강서구
171,신호초등학교사거리,강서구
3,신호초등학교사거리,강서구
58-1,신호초등학교사거리,강서구
58-2,신호초등학교사거리,강서구
109,신호초등학교사거리,강서구
124,신호초등학교사거리,강서구
171,신호초등학교사거리,강서구
강서구9,신호초등학교사거리,강서구
182,동일스위트3차정문,기장군
기장군8,솔마루공원,기장군
기장군57,솔마루공원,기장군
기장군8,모전마을,기장군
기장군57,모전마을,기장군
106,LH7단지,기장군
107,LH7단지,기장군
182,LH7단지,기장군
188,LH7단지,기장군
3008,LH7단지,기장군
3008-F,LH7단지,기장군
3005,조선해양기자재회관,강서구
3005,DSK,강서구
3005,DSK,강서구
3005,탑동,강서구
3005,탑동,강서구
3005,강진산업,강서구
3005,강진산업,강서구
3005,조선해양기자재회관,강서구
3005,렛츠런파크정문,강서구
3005,렛츠런파크정문,강서구
강서구7-1,지사산단입구,강서구
강서구7-2,지사산단입구,강서구
강서구12,지사산단입구,강서구
강서구12-1,지사산단입구,강서구
강서구7-1,지사산단입구,강서구
강서구12-1,지사산단입구,강서구
58-2,금강펜테리움아파트,강서구
124,명지초교.명지중학교,강서구
128-1,명지초교.명지중학교,강서구
128-1,명지국제신도시입구,강서구
58-2,"금강펜테리움2차아파트, 호반써밋명지국제아파트",강서구
58-2,에일린의뜰아파트,강서구
58-2,호반베르디움아파트,강서구
강서구8,국민은행명지국제신도시지점,강서구
강서구8-1,국민은행명지국제신도시지점,강서구
강서구21,국민은행명지국제신도시지점,강서구
36,장산성당,해운대구
115-1,장산성당,해운대구
155,장산성당,해운대구
189-1,장산성당,해운대구
금정구6,영진종합사회복지관,해운대구
금정구6,신동아아파트,해운대구
36,신촌입구,해운대구
115-1,신촌입구,해운대구
155,신촌입구,해운대구
189-1,신촌입구,해운대구
강서구8-1,더스퀘어,강서구
3,중흥프라디움,강서구
128-1,중흥프라디움,강서구
172,중흥프라디움,강서구
5-1,부산항국제여객터미널,동구
42,부산항국제여객터미널,동구
172,부산항국제여객터미널,동구
1004,부산항국제여객터미널,동구
5-1,부산항국제여객터미널입구,동구
172,부산항국제여객터미널입구,동구
1004,부산항국제여객터미널입구,동구
506,부산시민공원남문,부산진구
506,부산진중학교,부산진구
5-1,우성,금정구
43,우성,금정구
184,우성,금정구
금정구6,회동동(온천장 방면),금정구
5-1,삼한전자,금정구
43,삼한전자,금정구
184,삼한전자,금정구
5-1,동영테크윈,해운대구
43,동영테크윈,해운대구
184,동영테크윈,해운대구
5-1,(주)오토닉스,해운대구
43,(주)오토닉스,해운대구
184,(주)오토닉스,해운대구
5-1,삼원에프에이,해운대구
43,삼원에프에이,해운대구
184,삼원에프에이,해운대구
5-1,(주)오토닉스,해운대구
43,(주)오토닉스,해운대구
184,(주)오토닉스,해운대구
187,장안산업단지입구,기장군
187,장안산업단지입구,기장군
187,신성전기,기장군
187,신성전기,기장군
187,장안산업단지입구,기장군
187,장안산업단지입구,기장군
187,신성전기,기장군
187,신성전기,기장군
187,삼풍공업,기장군
187,삼풍공업,기장군
187,한국산업단지공단동부산사무소,기장군
187,한국산업단지공단동부산사무소,기장군
187,아산이노텍,기장군
187,아산이노텍,기장군
187,한라정공,기장군
187,한라정공,기장군
187,명례산업단지입구,기장군
187,명례산업단지입구,기장군
187,강림인슈,기장군
187,에이앤티시스템,기장군
187,강림인슈,기장군
187,에이앤티시스템,기장군
187,에스아이시스템,기장군
187,도야마을,기장군
187,에스아이시스템,기장군
185,오시리아역,기장군
1001,오시리아역,기장군
185,광어골,해운대구
185,광어골,해운대구
3005,조광요턴,강서구
강서구12,조광요턴,강서구
3005,조광요턴,강서구
3005,(주)신영,강서구
68,용당동,남구
134,용당동,남구
583,용당동,남구
100,연화교차로,기장군
100,서암입구,기장군
520,동선마을,강서구
520,동선마을,강서구
520,동선마을,강서구
520,동선마을,강서구
강서구1,동선이주단지,강서구
강서구1,동선이주단지,강서구
강서구1-1,동선이주단지,강서구
520,전망대,강서구
520,전망대,강서구
강서구1,새바지입구,강서구
강서구1,새바지입구,강서구
강서구1,대항,강서구
강서구1,대항,강서구
강서구1,대항방파제,강서구
강서구1,대항방파제,강서구
520,대항마을,강서구
520,대항마을,강서구
강서구1,새바지입구,강서구
강서구1,새바지입구,강서구
강서구1,지양곡,강서구
29,금정공영차고지,금정구
37,금정공영차고지,금정구
49,금정공영차고지,금정구
51,금정공영차고지,금정구
80,금정공영차고지,금정구
90,금정공영차고지,금정구
131,금정공영차고지,금정구
148,금정공영차고지,금정구
300,금정공영차고지,금정구
301,금정공영차고지,금정구
29,금정공영차고지,금정구
37,금정공영차고지,금정구
49,금정공영차고지,금정구
51,금정공영차고지,금정구
80,금정공영차고지,금정구
90,금정공영차고지,금정구
131,금정공영차고지,금정구
148,금정공영차고지,금정구
300,금정공영차고지,금정구
301,금정공영차고지,금정구
사하구3-1,롯데캐슬상가,사하구
사하구5,롯데캐슬상가,사하구
사하구15,롯데캐슬상가,사하구
사하구3-1,몰운대초등학교,사하구
사하구15,몰운대초등학교,사하구
58-2,대방노블랜드아파트,강서구
강서구22,신명초등학교,강서구
70,한국해양대.부산해사고,영도구
70,한국해양대.부산해사고,영도구
88,한국해양대.부산해사고,영도구
186,한국해양대.부산해사고,영도구
3003,한국해양대.부산해사고,영도구
186,국립수산물품질관리원,영도구
186,한국해양수산연수원,영도구
186,국립수산물품질관리원,영도구
186,한국해양수산연수원,영도구
203,죽전마을,금정구
금정구1,마을회관,금정구
금정구1,포구나무집,금정구
금정구1,연수암,금정구
남구2,오륙도선착장,남구
동구1-1,(주)대호,동구
금정구7,부산대본관,금정구
동구1-1,범일5동행정복지센터,동구
동래구6,센텀강변현대아파트,해운대구
금정구6,센텀강변현대아파트,해운대구
동래구6,벽산한솔타운아파트,해운대구
금정구6,벽산한솔타운아파트,해운대구
금정구6,센텀강변현대아파트,해운대구
금정구6,센텀SD아파트정문,해운대구
금정구6,센텀SD아파트후문,해운대구
금정구6,우신아파트,해운대구
금정구6,금사역,금정구
금정구6,대우아파트,금정구
금정구6,대우아파트,금정구
금정구6,우신아파트,해운대구
금정구6,센텀SD아파트정문,해운대구
금정구6,센텀SD아파트후문,해운대구
부산진구17,대림아파트,부산진구
금정구6,신동아아파트,해운대구
남구2,오륙도선착장,남구
금정구5,장전역4번출구,금정구
금정구5-1,장전역4번출구,금정구
부산진구17,초읍대진아파트,부산진구
부산진구17,초읍대진아파트,부산진구
부산진구17,대진세탁소,부산진구
부산진구17,대진세탁소,부산진구
금정구3,부산외대건학관,금정구
금정구3,부산외대건학관,금정구
금정구3-2,부산외대건학관,금정구
동래구1,명장초등학교,동래구
동래구6,명장초등학교,동래구
동래구6-1,명장초등학교,동래구
동래구7,조양삼거리,동래구
동래구7,유림아파트,동래구
동구1-1,수남경로당,동구
부산진구17,부산의료원,연제구
금정구7,부산대경암체육관,금정구
금정구3-2,부산과학고등학교,금정구
금정구3,부산외국어대학교정문,금정구
금정구3-2,부산외국어대학교정문,금정구
187,기룡교차로,기장군
사상구5-1,경남정보대분수대,사상구
사상구5-2,경남정보대분수대,사상구
사상구5-1,경남정보대분수대,사상구
사상구5-2,경남정보대분수대,사상구
강서구8,두산위브112동,강서구
강서구20,두산위브112동,강서구
기장군11,모던홈마트,해운대구
기장군11,느티나무요양원,해운대구
기장군11,느티나무요양원,해운대구
기장군11,경찰특공대입구,해운대구
기장군11,경찰특공대입구,해운대구
기장군11,보경사,해운대구
73,달산마을,기장군
105,달산마을,기장군
107,달산마을,기장군
188,달산마을,기장군
302,달산마을,기장군
3008,달산마을,기장군
3008-F,달산마을,기장군
사하구3-1,사하구민 장례식장,사하구
사하구5,사하구민 장례식장,사하구
영도구1,홈플러스,영도구
강서구1,성북새동네,강서구
강서구1-1,성북새동네,강서구
강서구20,성북새동네,강서구
강서구1,천가농협,강서구
강서구1-1,천가농협,강서구
강서구20,천가농협,강서구
강서구1,천가동우체국,강서구
강서구1-1,천가동우체국,강서구
강서구20,천가동우체국,강서구
강서구1,한전,강서구
강서구20,한전,강서구
사하구3-1,명보기업,사하구
사하구5,명보기업,사하구
강서구19,4단지관리사무소,사상구
강서구19,약수터,사상구
북구2,폴리텍대학부산캠퍼스,북구
북구2,일동파크맨션,북구
사하구3-1,명보기업,사하구
사하구5,명보기업,사하구
동래구7,동래문화회관,동래구
동래구7,명륜2차아이파크1단지,동래구
사상구1-1,덕포신익.벽산하나로아파트,사상구
사상구1-1,오양힐타운아파트,사상구
사상구1-1,모덕교회,사상구
사상구1-1,덕상초등학교,사상구
사상구1-1,모덕교회,사상구
사상구1-1,덕상초등학교,사상구
사상구1-1,사상도서관,사상구
강서구7,둔치도입구,강서구
강서구7,둔치도,강서구
강서구7,둔치도,강서구
강서구7,죽전가,강서구
강서구7,죽전가,강서구
강서구7,둔치도종점,강서구
강서구7,둔치도종점,강서구
남구6,동항초등학교,남구
사하구14,구평방파제,사하구
사하구14,대일조선,사하구
사상구5-1,동서대스튜던트프라자,사상구
사상구5-2,동서대스튜던트프라자,사상구
사상구5-1,경남정보대미래관,사상구
사상구5-2,경남정보대미래관,사상구
부산진구13,현대아파트113동,부산진구
부산진구13,현대아파트209동,부산진구
부산진구13,현대아파트207동,부산진구
부산진구13,현대아파트113동,부산진구
부산진구13,현대아파트205동,부산진구
31,동부지청어귀교차로,해운대구
100,동부지청어귀교차로,해운대구
100-1,동부지청어귀교차로,해운대구
107,동부지청어귀교차로,해운대구
155,동부지청어귀교차로,해운대구
200,동부지청어귀교차로,해운대구
5-1,동해선센텀역,해운대구
31,동해선센텀역,해운대구
100,동해선센텀역,해운대구
100-1,동해선센텀역,해운대구
107,동해선센텀역,해운대구
115,동해선센텀역,해운대구
155,동해선센텀역,해운대구
200,동해선센텀역,해운대구
1002,동해선센텀역,해운대구
서구5,동아대학교구덕캠퍼스,서구
남구5,이마트문현점,남구
사상구6,문현시장,남구
3,"호반써밋명지국제,금강펜테리움2차",강서구
109,"호반써밋명지국제,금강펜테리움2차",강서구
128-1,"호반써밋명지국제,금강펜테리움2차",강서구
172,"호반써밋명지국제,금강펜테리움2차",강서구
3002,"호반써밋명지국제,금강펜테리움2차",강서구
3,협성휴포레,강서구
109,협성휴포레,강서구
172,협성휴포레,강서구
동래구7,온천장역,금정구
사상구1-1,덕포신익.벽산하나로아파트,사상구
사상구1-1,덕포경동1차아파트,사상구
사상구1-1,덕포경동2차아파트,사상구
강서구5,대상초등학교,강서구
강서구5,대저소방서 대저1동주민센터,강서구
강서구5,대저소방서 대저1동주민센터,강서구
강서구5,부산은행대저지점,강서구
서구3-1,남성한빛.대신더샵,서구
서구3-1,대신롯데캐슬아파트,서구
남구6,솔개다리,남구
사상구3-1,동양아파트13동,사상구
사상구3-1,동양아파트16동,사상구
사상구3-1,학장동행정복지센터,사상구
동래구6,복천박물관,동래구
동래구6,학산여자고등학교,동래구
강서구1,미소락펜션,강서구
강서구1,미소락펜션,강서구
강서구7-1,동양메이져,강서구
강서구7-2,동양메이져,강서구
강서구12,동양메이져,강서구
강서구12-1,동양메이져,강서구
3,명지환승센터,강서구
58-2,명지환승센터,강서구
109,명지환승센터,강서구
124,명지환승센터,강서구
128-1,명지환승센터,강서구
172,명지환승센터,강서구
520,명지환승센터,강서구
3002,명지환승센터,강서구
3005,명지환승센터,강서구
사하구9,한신아파트,사하구
부산진구10-1,구덕대림아파트,사상구
동래구6,무량사,동래구
동래구6,복천박물관,동래구
사상구6,부경대용당캠퍼스,남구
연제구2,서전기아타운,연제구
연제구2,한일레포츠,연제구
연제구2,연제구국민체육센터,연제구
연제구2,한일유앤아이,연제구
연제구2,서전기아타운,연제구
연제구2,한일레포츠,연제구
부산진구13,화인아파트104동,부산진구
부산진구13,하나로교회,부산진구
서구3,수도암입구,서구
서구3,신풍빌라,서구
서구3,협성르네상스후문,서구
서구3-1,민방위교육장,서구
서구3-1,효목빌라,서구
동래구7,명륜2차아이파크2단지,동래구
동래구7,동래문화회관,동래구
동래구7,명륜2차아이파크1단지,동래구
동래구7,온천장입구,동래구
사상구6,개금3동행복문화센터,부산진구
사상구8-1,개금3동행복문화센터,부산진구
부산진구10-1,다누림센터.부산구치소,사상구
사상구3-1,다누림센터.부산구치소,사상구
부산진구10-1,주남교,사상구
3,"호반써밋명지국제,금강펜테리움2차",강서구
109,"호반써밋명지국제,금강펜테리움2차",강서구
128-1,"호반써밋명지국제,금강펜테리움2차",강서구
172,"호반써밋명지국제,금강펜테리움2차",강서구
3002,"호반써밋명지국제,금강펜테리움2차",강서구
58-2,금강펜테리움2차아파트,강서구
강서구8,명지초등학교,강서구
강서구8-1,명지초등학교,강서구
강서구21,명지초등학교,강서구
강서구22,명지초등학교,강서구
강서구8,에일린의뜰아파트112동,강서구
강서구8-1,에일린의뜰아파트112동,강서구
강서구21,에일린의뜰아파트112동,강서구
강서구22,에일린의뜰아파트112동,강서구
강서구8,명지초등학교,강서구
강서구8-1,명지초등학교,강서구
강서구21,명지초등학교,강서구
강서구22,명지초등학교,강서구
강서구8,국제신도시교차로,강서구
강서구21,국제신도시교차로,강서구
강서구22,국제신도시교차로,강서구
강서구8,국제신도시교차로,강서구
강서구8-1,국제신도시교차로,강서구
강서구22,국제신도시교차로,강서구
강서구19,유림노르웨이숲,북구
강서구19,유림노르웨이숲,북구
강서구1,대항,강서구
강서구1,대항,강서구
강서구1,대항방파제,강서구
강서구1,대항방파제,강서구
동래구7,농심가슈퍼,동래구
동래구7,대명여자고등학교,동래구
동래구7,유림아파트,동래구
동래구7,농심가슈퍼,동래구
동래구7,명륜2차아이파크2단지,동래구
동래구7,용인고등학교,동래구
동래구7,대명여자고등학교,동래구
동래구7,용인고등학교,동래구
남구6,동항초등학교,남구
연제구2,수녀원,연제구
연제구2,대진그린타워,연제구
부산진구13,그린하노이,부산진구
부산진구13,현대아파트101동,부산진구
부산진구13,현대아파트106동,부산진구
부산진구13,현대아파트101동,부산진구
부산진구13,그린하노이,부산진구
부산진구13,현대아파트106동,부산진구
영도구1,유림아파트,영도구
영도구1,봉래지구대,영도구
영도구5,시영아파트정문,영도구
사하구9,동원로얄듀크101동앞,사하구
사하구9,동원로얄듀크아파트종점,사하구
동래구5,삼정그린코아아파트,동래구
동래구5,삼정그린코아아파트,동래구
강서구5,울만신평 하리,강서구
90,스포원파크,금정구
90,스포원파크,금정구
기장군6,문화그린맨션,기장군
기장군6,문화그린맨션,기장군
90,금정체육공원,금정구
90,금정체육공원,금정구
북구8,만덕성당,북구
북구8-2,만덕성당,북구
북구9,만덕성당,북구
북구8-2,만덕역,북구
북구9,백양디이스트204동,북구
북구9,백양초등학교,북구
63,부산진구청정문,부산진구
81,부산진구청정문,부산진구
168,부산진구청정문,부산진구
68,용당동,남구
134,용당동,남구
168,용당동,남구
583,용당동,남구
사하구10,산학협력관,사하구
사하구10,생활관,사하구
사하구14,사하e편한세상아파트101동,사하구
사하구14,사하e편한세상아파트입구,사하구
96-1,구평동행정복지센터,사하구
138-1,구평동행정복지센터,사하구
171,구평동행정복지센터,사하구
사하구14,사하e편한세상아파트101동,사하구
사하구14,사하e편한세상아파트입구,사하구
96-1,구평동행정복지센터,사하구
138-1,구평동행정복지센터,사하구
171,구평동행정복지센터,사하구
96-1,구평동,사하구
96-1,구평삼거리,사하구
96-1,구평e편한세상입구,사하구
138-1,구평e편한세상입구,사하구
171,구평e편한세상입구,사하구
58-2,중흥1차.더힐시그니처동문,강서구
109,중흥1차.더힐시그니처동문,강서구
124,중흥1차.더힐시그니처동문,강서구
3002,중흥1차.더힐시그니처동문,강서구
3,지법서부지원.지검서부지청,강서구
128-1,지법서부지원.지검서부지청,강서구
520,지법서부지원.지검서부지청,강서구
3005,(주)신영,강서구
96-1,두송대선터널앞,사하구
96-1,한국선박수리공업,사하구
96-1,대선조선,사하구
3,법원검찰청사거리,강서구
3,지법서부지원.지검서부지청,강서구
128-1,지법서부지원.지검서부지청,강서구
520,지법서부지원.지검서부지청,강서구
58-2,중흥1차.더힐시그니처동문,강서구
109,중흥1차.더힐시그니처동문,강서구
124,중흥1차.더힐시그니처동문,강서구
3002,중흥1차.더힐시그니처동문,강서구
남구8,동명대학교정문,남구
강서구8,한국토지주택공사,강서구
강서구8-1,한국토지주택공사,강서구
강서구8,국민은행명지국제신도시지점,강서구
강서구8-1,국민은행명지국제신도시지점,강서구
강서구21,국민은행명지국제신도시지점,강서구
강서구8,에일린의뜰아파트112동,강서구
강서구8-1,에일린의뜰아파트112동,강서구
강서구21,에일린의뜰아파트112동,강서구
강서구22,에일린의뜰아파트112동,강서구
강서구22,대방노블랜드오션뷰,강서구
강서구8-1,명지초교.명지중학교,강서구
강서구22,명지초교.명지중학교,강서구
강서구22,신명초등학교,강서구
강서구22,대방노블랜드오션뷰,강서구
남구9,부산문화회관(주차동),남구
남구9,부산문화회관(주차동),남구
남구9,유엔평화기념관.일제강제동원역사관,남구
강서구2,부산소프트웨어마이스터고,강서구
강서구2,신기마을,강서구
강서구2,신기마을,강서구
강서구2,봉림마을,강서구
강서구2,봉림마을,강서구
133,백양초등학교,북구
133-1,백양초등학교,북구
사상구6,인각사,남구
사상구6,인각사,남구
수영구2,금련산역,수영구
31,동백역,해운대구
38,동백역,해운대구
39,동백역,해운대구
40,동백역,해운대구
63,동백역,해운대구
100,동백역,해운대구
100-1,동백역,해운대구
115-1,동백역,해운대구
141,동백역,해운대구
181,동백역,해운대구
200,동백역,해운대구
3006,동백역,해운대구
141-F,동백역,해운대구
31,동백역,해운대구
38,동백역,해운대구
39,동백역,해운대구
40,동백역,해운대구
63,동백역,해운대구
100,동백역,해운대구
100-1,동백역,해운대구
115-1,동백역,해운대구
141,동백역,해운대구
181,동백역,해운대구
200,동백역,해운대구
3006,동백역,해운대구
141-F,동백역,해운대구
31,부산문화여고,해운대구
39,부산문화여고,해운대구
40,부산문화여고,해운대구
63,부산문화여고,해운대구
100,부산문화여고,해운대구
100-1,부산문화여고,해운대구
115-1,부산문화여고,해운대구
141,부산문화여고,해운대구
181,부산문화여고,해운대구
200,부산문화여고,해운대구
1001,부산문화여고,해운대구
3006,부산문화여고,해운대구
141-F,부산문화여고,해운대구
31,부산문화여고,해운대구
38,부산문화여고,해운대구
39,부산문화여고,해운대구
40,부산문화여고,해운대구
63,부산문화여고,해운대구
100,부산문화여고,해운대구
100-1,부산문화여고,해운대구
115-1,부산문화여고,해운대구
141,부산문화여고,해운대구
181,부산문화여고,해운대구
200,부산문화여고,해운대구
1001,부산문화여고,해운대구
3006,부산문화여고,해운대구
141-F,부산문화여고,해운대구
31,올림픽교차로,해운대구
39,올림픽교차로,해운대구
40,올림픽교차로,해운대구
63,올림픽교차로,해운대구
100,올림픽교차로,해운대구
100-1,올림픽교차로,해운대구
115-1,올림픽교차로,해운대구
141,올림픽교차로,해운대구
181,올림픽교차로,해운대구
200,올림픽교차로,해운대구
1001,올림픽교차로,해운대구
3006,올림픽교차로,해운대구
141-F,올림픽교차로,해운대구
31,올림픽교차로,해운대구
39,올림픽교차로,해운대구
40,올림픽교차로,해운대구
63,올림픽교차로,해운대구
100,올림픽교차로,해운대구
100-1,올림픽교차로,해운대구
115-1,올림픽교차로,해운대구
141,올림픽교차로,해운대구
181,올림픽교차로,해운대구
200,올림픽교차로,해운대구
1001,올림픽교차로,해운대구
3006,올림픽교차로,해운대구
141-F,올림픽교차로,해운대구
사하구3,장림역,사하구
기장군11,한신아파트후문,기장군
남구6,효성자동차정비,남구
73,정관농협기업지점,기장군
106,정관농협기업지점,기장군
107,정관농협기업지점,기장군
184,정관농협기업지점,기장군
3008,정관농협기업지점,기장군
3008-F,정관농협기업지점,기장군
73,정관농협기업지점,기장군
106,정관농협기업지점,기장군
107,정관농협기업지점,기장군
184,정관농협기업지점,기장군
3008,정관농협기업지점,기장군
3008-F,정관농협기업지점,기장군
해운대구2,청사포,해운대구
해운대구7,청사포,해운대구
해운대구10,청사포,해운대구
기장군8,LH4단지,기장군
기장군8,LH4단지,기장군
기장군8,구연동,기장군
기장군8,구연동,기장군
기장군2,기장군청,기장군
기장군2,기장군청,기장군
기장군2,기장체육관,기장군
기장군8,원자력의학원,기장군
기장군3,원자력의학원,기장군
기장군3,원자력의학원,기장군
기장군8,원자력의학원,기장군
기장군8,동일스위트3차정문,기장군
기장군8,동일스위트3차,기장군
기장군2,동해선일광역입구,기장군
기장군2,동해선일광역입구,기장군
기장군8,동해선일광역입구,기장군
기장군8,롯데캐슬,기장군
기장군57,롯데캐슬,기장군
기장군8,방곡마을,기장군
기장군8,방곡마을,기장군
기장군8,서희스타힐스정문,기장군
기장군8,서희스타힐스정문,기장군
기장군2,선우아파트,기장군
기장군2,선우아파트,기장군
기장군8,센트럴파크,기장군
기장군8,소두방공원,기장군
기장군8,소두방공원,기장군
기장군8,이지더원1차아파트정문,기장군
기장군8,모전초등학교,기장군
기장군57,모전초등학교,기장군
기장군8,이지더원5차,기장군
기장군8,이지더원5차,기장군
기장군3,임랑마을,기장군
기장군8,재흥아파트,기장군
기장군8,재흥아파트,기장군
기장군8,정관농협기업지점,기장군
기장군8,정관농협기업지점,기장군
기장군3,좌동리교차로,기장군
기장군3,좌동리교차로,기장군
기장군8,좌동리교차로,기장군
기장군2,죽성사거리,기장군
기장군2,죽성사거리,기장군
기장군2,학리,기장군
기장군2,학리분교,기장군
기장군2,학리분교,기장군
기장군2,학리입구,기장군
기장군2,학리입구,기장군
기장군8,휴먼시아1단지후문,기장군
기장군57,휴먼시아1단지후문,기장군
동래구2,동래구청,동래구
동래구2,동래시장,동래구
강서구7,부산현대미술관,사하구
강서구9-1,부산현대미술관,사하구
강서구12,부산현대미술관,사하구
강서구12-1,부산현대미술관,사하구
강서구13,부산현대미술관,사하구
강서구15,부산현대미술관,사하구
강서구15-1,부산현대미술관,사하구
강서구20,부산현대미술관,사하구
강서구21,부산현대미술관,사하구
107,철마교,기장군
184,철마교,기장군
3008,철마교,기장군
3008-F,철마교,기장군
107,철마교,기장군
184,철마교,기장군
3008,철마교,기장군
3008-F,철마교,기장군
29,동래경찰서후문,동래구
50,동래경찰서후문,동래구
52,동래경찰서후문,동래구
3,빙그레서부산영업소,사하구
3,빙그레서부산영업소,사하구
3,기동대입구교차로,사하구
3,기동대입구교차로,사하구
3,동매역,사하구
70,한국해양과학기술원,영도구
70,한국해양과학기술원,영도구
88,한국해양과학기술원,영도구
70,한국해양과학기술원,영도구
70,한국해양과학기술원,영도구
88,한국해양과학기술원,영도구
105,회동화물자동차공영차고지,금정구
184,회동화물자동차공영차고지,금정구
연제구3,계성여고입구,연제구
연제구3,거제4동새마을금고,연제구
연제구3,거제4동행정복지센터,연제구
해운대구7,화목아파트,해운대구
사하구15,몰운대아파트,사하구
사하구15,대우아파트,사하구
사하구3-1,다대포해수욕장역,사하구
사하구15,다대포해수욕장역,사하구
사하구6,다대코오롱아파트,사하구
사하구8,다대코오롱아파트,사하구
31,수안역.동래교차로,동래구
43,수안역.동래교차로,동래구
44,수안역.동래교차로,동래구
50,수안역.동래교차로,동래구
57,수안역.동래교차로,동래구
129-1,수안역.동래교차로,동래구
144,수안역.동래교차로,동래구
148,수안역.동래교차로,동래구
200,수안역.동래교차로,동래구
307,수안역.동래교차로,동래구
506,수안역.동래교차로,동래구
183-F,수안역.동래교차로,동래구
31,메가마트동래점,동래구
43,메가마트동래점,동래구
44,메가마트동래점,동래구
46,메가마트동래점,동래구
50,메가마트동래점,동래구
57,메가마트동래점,동래구
127,메가마트동래점,동래구
129-1,메가마트동래점,동래구
144,메가마트동래점,동래구
148,메가마트동래점,동래구
200,메가마트동래점,동래구
210,메가마트동래점,동래구
307,메가마트동래점,동래구
506,메가마트동래점,동래구
183-F,메가마트동래점,동래구
31,메가마트동래점,동래구
43,메가마트동래점,동래구
44,메가마트동래점,동래구
50,메가마트동래점,동래구
57,메가마트동래점,동래구
129-1,메가마트동래점,동래구
144,메가마트동래점,동래구
148,메가마트동래점,동래구
200,메가마트동래점,동래구
307,메가마트동래점,동래구
506,메가마트동래점,동래구
183-F,메가마트동래점,동래구
44,동래역.내성교차로,동래구
46,동래역.내성교차로,동래구
50,동래역.내성교차로,동래구
57,동래역.내성교차로,동래구
127,동래역.내성교차로,동래구
148,동래역.내성교차로,동래구
200,동래역.내성교차로,동래구
307,동래역.내성교차로,동래구
부산진구13,정묘사,부산진구
115-1,해운대로데오거리,해운대구
115-1,해운대로데오거리,해운대구
동래구6,코끼리자연어린이집,동래구
2000,하단역환승센터,사하구
583,LG메트로시티입구,남구
583,LG메트로시티입구,남구
187,광진윈텍,기장군
187,광진윈텍,기장군
187,디에이치코리아,기장군
187,디에이치코리아,기장군
583,분포우체국,남구
583,분포우체국,남구
115,센텀파크앞 교차로,해운대구
181,센텀파크앞 교차로,해운대구
187,씨에스엠테크,기장군
187,씨에스엠테크,기장군
583,용호만유람선터미널,남구
583,용호만유람선터미널,남구
105,정관박물관,기장군
106,정관박물관,기장군
106,정관박물관,기장군
105,정관박물관,기장군
106,정관박물관,기장군
106,정관박물관,기장군
남구2,대연역.부산은행,남구
남구6,대연역.부산은행,남구
남구2,대연역.부산은행,남구
영도구7,동조리젠시,영도구
강서구2,봉하마을,강서구
강서구2,봉하마을,강서구
남구2,산성교회문화관,남구
남구6,산성교회문화관,남구
남구2,산성교회문화관,남구
강서구2,죽동삼거리,강서구
강서구2,죽동삼거리,강서구
남구2,힐탑탑플레이스,남구
7,해원냉장,서구
9,해원냉장,서구
30,해원냉장,서구
71,해원냉장,서구
1004,대저역,강서구
109,상방마을,강서구
109,상방마을,강서구
307,상방마을,강서구
307,상방마을,강서구
사하구1,아미산 대성사,서구
29,낙민역.동래고등학교,동래구
31,낙민역.동래고등학교,동래구
43,낙민역.동래고등학교,동래구
44,낙민역.동래고등학교,동래구
144,낙민역.동래고등학교,동래구
200,낙민역.동래고등학교,동래구
307,낙민역.동래고등학교,동래구
506,낙민역.동래고등학교,동래구
1002,낙민역.동래고등학교,동래구
31,낙민역.동래고등학교,동래구
43,낙민역.동래고등학교,동래구
44,낙민역.동래고등학교,동래구
144,낙민역.동래고등학교,동래구
200,낙민역.동래고등학교,동래구
307,낙민역.동래고등학교,동래구
506,낙민역.동래고등학교,동래구
1002,낙민역.동래고등학교,동래구
29,동래시장,동래구
31,동래시장,동래구
43,동래시장,동래구
44,동래시장,동래구
49,동래시장,동래구
52,동래시장,동래구
57,동래시장,동래구
100,동래시장,동래구
110-1,동래시장,동래구
129-1,동래시장,동래구
144,동래시장,동래구
148,동래시장,동래구
200,동래시장,동래구
210,동래시장,동래구
307,동래시장,동래구
506,동래시장,동래구
1002,동래시장,동래구
183-F,동래시장,동래구
29,동래시장,동래구
31,동래시장,동래구
43,동래시장,동래구
44,동래시장,동래구
49,동래시장,동래구
52,동래시장,동래구
57,동래시장,동래구
100,동래시장,동래구
110-1,동래시장,동래구
129-1,동래시장,동래구
144,동래시장,동래구
148,동래시장,동래구
200,동래시장,동래구
210,동래시장,동래구
307,동래시장,동래구
506,동래시장,동래구
1002,동래시장,동래구
183-F,동래시장,동래구
31,수안역.동래교차로,동래구
43,수안역.동래교차로,동래구
44,수안역.동래교차로,동래구
57,수안역.동래교차로,동래구
129-1,수안역.동래교차로,동래구
144,수안역.동래교차로,동래구
148,수안역.동래교차로,동래구
200,수안역.동래교차로,동래구
210,수안역.동래교차로,동래구
307,수안역.동래교차로,동래구
506,수안역.동래교차로,동래구
183-F,수안역.동래교차로,동래구
185,올림픽교차로환승센터,해운대구
3001,올림픽교차로환승센터,해운대구
10,연제공용버스차고지,연제구
33,연제공용버스차고지,연제구
33-1,연제공용버스차고지,연제구
54,연제공용버스차고지,연제구
81,연제공용버스차고지,연제구
83-1,연제공용버스차고지,연제구
103,연제공용버스차고지,연제구
111-1,연제공용버스차고지,연제구
133,연제공용버스차고지,연제구
133-1,연제공용버스차고지,연제구
210,연제공용버스차고지,연제구
189,남흥아파트,해운대구
189-1,남흥아파트,해운대구
189,반송도개공입구,해운대구
189-1,반송도개공입구,해운대구
15,금곡주공5단지,북구
111,금곡주공5단지,북구
111-1,금곡주공5단지,북구
121,금곡주공5단지,북구
3001,벡스코역.올림픽교차로환승센터,해운대구
3006,벡스코역.올림픽교차로환승센터,해운대구
강서구13,송백,강서구
강서구22,송백,강서구
강서구13,송백,강서구
강서구22,송백,강서구
강서구13,염막1구,강서구
강서구13,염막1구,강서구
강서구13,작지,강서구
강서구13,작지,강서구
55,장락,강서구
55,장락,강서구
동구2,(구)영천슈퍼,동구
동구2,영호빌라,동구
동구2,정은빌라,동구
동구2,협성파크맨션,동구
동구2,(구)영천슈퍼,동구
동구2,영호빌라,동구
동구2,정은빌라,동구
동구2,백련정사입구,동구
동구2,협성파크맨션,동구
강서구6,가락동행정복지센터,강서구
강서구6,가락파출소,강서구
강서구6,강서구청역,강서구
강서구7-1,강서구청역,강서구
강서구7-2,강서구청역,강서구
강서구6,강서구청역,강서구
강서구7-1,강서구청역,강서구
강서구7-2,강서구청역,강서구
사하구2,반도보라아파트,사하구
사하구2-1,반도보라아파트,사하구
남구6,솔개다리,남구
강서구7,통합세산마을,강서구
강서구7-1,통합세산마을,강서구
강서구7,통합세산마을,강서구
강서구7-1,통합세산마을,강서구
강서구7,청량사교차로,강서구
강서구8,청량사교차로,강서구
강서구8-1,청량사교차로,강서구
강서구9-1,청량사교차로,강서구
강서구12,청량사교차로,강서구
강서구12-1,청량사교차로,강서구
강서구15,청량사교차로,강서구
강서구15-1,청량사교차로,강서구
강서구7,청량사교차로,강서구
강서구8,청량사교차로,강서구
강서구8-1,청량사교차로,강서구
강서구9-1,청량사교차로,강서구
강서구12,청량사교차로,강서구
강서구12-1,청량사교차로,강서구
강서구15,청량사교차로,강서구
강서구15-1,청량사교차로,강서구
해운대구3-1,센텀중학교,해운대구
해운대구3-2,센텀중학교,해운대구
22,남구실내빙상장,남구
39,남구실내빙상장,남구
22,남구실내빙상장,남구
39,남구실내빙상장,남구
33,더래디언트금정산아파트,북구
33-1,더래디언트금정산아파트,북구
33-1,만덕노인요양원,북구
33,만덕노인요양원,북구
33-1,만덕노인요양원,북구
33,상학초등학교,북구
33-1,상학초등학교,북구
33-1,상학초등학교,북구
33-1,상학 산복길,북구
33,상학산복길,북구
33-1,상학산복길,북구
3,부산현대미술관,사하구
55,부산현대미술관,사하구
58,부산현대미술관,사하구
58-1,부산현대미술관,사하구
58-2,부산현대미술관,사하구
122,부산현대미술관,사하구
124,부산현대미술관,사하구
128-1,부산현대미술관,사하구
161,부산현대미술관,사하구
171,부산현대미술관,사하구
172,부산현대미술관,사하구
9,원우아파트,영도구
9,원우아파트,영도구
9,일신마리나아파트,영도구
9,일신마리나아파트,영도구
301,신현마을,금정구
2,다대농협,사하구
11,다대농협,사하구
96,다대농협,사하구
96-1,다대농협,사하구
338,다대농협,사하구
2-F,다대농협,사하구
300,윤산터널입구,금정구
300,윤산터널입구,금정구
300,장전역,금정구
300,장전역,금정구
111-1,장전초등학교,금정구
300,장전초등학교,금정구
111-1,장전초등학교,금정구
300,장전초등학교,금정구
111-1,산성터널입구,북구
300,산성터널입구,북구
111-1,산성터널입구,북구
300,산성터널입구,북구
111-1,화잠초등학교,북구
300,화잠초등학교,북구
111-1,화잠초등학교,북구
300,화잠초등학교,북구
111-1,와석교차로(화명역),북구
300,와석교차로(화명역),북구
111-1,와석교차로(화명역),북구
300,와석교차로(화명역),북구
300,화명롯데마트(화명역),북구
300,화명롯데마트(화명역),북구
300,경부선화명역.고용복지센터,북구
300,경부선화명역.고용복지센터,북구
사상구1-1,남명아파트,사상구
사하구15,다대포항역,사하구
금정구3-1,신현마을 입구,금정구
58-2,명지더웨스턴,강서구
109,명지더웨스턴,강서구
124,명지더웨스턴,강서구
88,동평사거리,부산진구
36,안평차량기지,기장군
73,안평차량기지,기장군
183,안평차량기지,기장군
187,안평차량기지,기장군
188,안평차량기지,기장군
183-F,안평차량기지,기장군
2,삼육부산병원후문,서구
96,삼육부산병원후문,서구
113,삼육부산병원후문,서구
2-F,삼육부산병원후문,서구
31,운수사입구,사상구
148,운수사입구,사상구
338,운수사입구,사상구
사하구10,신동아헤어스케치앞,사하구
58-1,신호부영3차.5차아파트,강서구
58-2,신호부영3차.5차아파트,강서구
3002,신호부영3차.5차아파트,강서구
3,신호부영3차.5차아파트,강서구
58-1,신호부영3차.5차아파트,강서구
58-2,신호부영3차.5차아파트,강서구
3002,신호부영3차.5차아파트,강서구
부산진구10,개금현대아이아파트,부산진구
부산진구10,백병원입구,부산진구
3,스위트팰리스,강서구
109,스위트팰리스,강서구
172,스위트팰리스,강서구
3002,스위트팰리스,강서구
3,스위트팰리스,강서구
109,스위트팰리스,강서구
172,스위트팰리스,강서구
3002,스위트팰리스,강서구
70,문화아파트,서구
161,문화아파트,서구
190,문화아파트,서구
사하구3-1,장림항(부네치아),사하구
사하구5,장림항(부네치아),사하구
사하구3-1,장림항(부네치아),사하구
사하구5,장림항(부네치아),사하구
10,사직중학교,동래구
210,사직중학교,동래구
10,초읍고개,연제구
33-1,초읍고개,연제구
111-1,초읍고개,연제구
133-1,초읍고개,연제구
210,초읍고개,연제구
70,중앙공원.민주공원입구,중구
강서구12,이원솔루텍,강서구
강서구7-1,지사문화회관,강서구
강서구12,지사문화회관,강서구
강서구12-1,지사문화회관,강서구
23,눌원빌딩,동구
26,눌원빌딩,동구
41,눌원빌딩,동구
68,눌원빌딩,동구
134,눌원빌딩,동구
168,눌원빌딩,동구
1003,눌원빌딩,동구
1003-F,눌원빌딩,동구
88-1,봉래1동행정복지센터,영도구
37,평전교,기장군
182,평전교,기장군
37,평전교,기장군
182,평전교,기장군
남구9,석포여자중학교,남구
남구9,석포여자중학교,남구
남구9,유엔평화기념관.일제강제동원역사관,남구
남구9,코오롱하늘채아파트,남구
남구9,코오롱하늘채아파트,남구
금정구2-1,금정구테니스장입구,금정구
금정구2-1,금정구테니스장입구,금정구
강서구8,명지더힐시그니처아파트,강서구
강서구8-1,명지더힐시그니처아파트,강서구
강서구21,명지더힐시그니처아파트,강서구
강서구22,명지더힐시그니처아파트,강서구
강서구8,명지더힐시그니처아파트,강서구
강서구8-1,명지더힐시그니처아파트,강서구
강서구21,명지더힐시그니처아파트,강서구
강서구22,명지더힐시그니처아파트,강서구
강서구7,자원순환협력센터,강서구
강서구7,자원순환협력센터,강서구
강서구7,자원순환협력센터,강서구
강서구7,자원순환협력센터,강서구
강서구7-1,지사문화회관,강서구
강서구12,지사문화회관,강서구
강서구12-1,지사문화회관,강서구
29,샘골공원,금정구
51,샘골공원,금정구
80,샘골공원,금정구
111-1,산성터널영업소,북구
300,산성터널영업소,북구
37,솔빛공원,기장군
302,솔빛공원,기장군
37,솔빛공원,기장군
302,솔빛공원,기장군
51,대연파크푸르지오,남구
68,대연파크푸르지오,남구
101,대연파크푸르지오,남구
134,대연파크푸르지오,남구
68,대연파크푸르지오,남구
101,대연파크푸르지오,남구
134,대연파크푸르지오,남구
부산진구17,내성중학교,동래구
3,금강펜테리움1차,강서구
109,금강펜테리움1차,강서구
128-1,금강펜테리움1차,강서구
172,금강펜테리움1차,강서구
3,금강펜테리움1차,강서구
109,금강펜테리움1차,강서구
128-1,금강펜테리움1차,강서구
172,금강펜테리움1차,강서구
58-2,더힐시그니처,강서구
109,더힐시그니처,강서구
124,더힐시그니처,강서구
38,상당중학교,해운대구
38,상당중학교,해운대구
100-1,상당중학교,해운대구
100-1,상당중학교,해운대구
139,상당중학교,해운대구
46,명륜교차로,동래구
49,명륜교차로,동래구
50,명륜교차로,동래구
51,명륜교차로,동래구
100,명륜교차로,동래구
110-1,명륜교차로,동래구
127,명륜교차로,동래구
179,명륜교차로,동래구
210,명륜교차로,동래구
49,명륜교차로,동래구
50,명륜교차로,동래구
51,명륜교차로,동래구
179,명륜교차로,동래구
31,운촌,해운대구
38,운촌,해운대구
39,운촌,해운대구
40,운촌,해운대구
63,운촌,해운대구
100,운촌,해운대구
100-1,운촌,해운대구
115-1,운촌,해운대구
141,운촌,해운대구
181,운촌,해운대구
200,운촌,해운대구
3006,운촌,해운대구
141-F,운촌,해운대구
31,운촌,해운대구
38,운촌,해운대구
39,운촌,해운대구
40,운촌,해운대구
63,운촌,해운대구
100,운촌,해운대구
100-1,운촌,해운대구
115-1,운촌,해운대구
141,운촌,해운대구
181,운촌,해운대구
200,운촌,해운대구
3006,운촌,해운대구
141-F,운촌,해운대구
172,장림1동행정복지센터,사하구
31,해운대구청어귀삼거리,해운대구
38,해운대구청어귀삼거리,해운대구
39,해운대구청어귀삼거리,해운대구
63,해운대구청어귀삼거리,해운대구
100,해운대구청어귀삼거리,해운대구
100-1,해운대구청어귀삼거리,해운대구
115-1,해운대구청어귀삼거리,해운대구
141,해운대구청어귀삼거리,해운대구
181,해운대구청어귀삼거리,해운대구
200,해운대구청어귀삼거리,해운대구
1001,해운대구청어귀삼거리,해운대구
3006,해운대구청어귀삼거리,해운대구
141-F,해운대구청어귀삼거리,해운대구
31,해운대도시철도역,해운대구
38,해운대도시철도역,해운대구
39,해운대도시철도역,해운대구
63,해운대도시철도역,해운대구
100,해운대도시철도역,해운대구
100-1,해운대도시철도역,해운대구
115-1,해운대도시철도역,해운대구
141,해운대도시철도역,해운대구
181,해운대도시철도역,해운대구
200,해운대도시철도역,해운대구
1001,해운대도시철도역,해운대구
3006,해운대도시철도역,해운대구
141-F,해운대도시철도역,해운대구
31,해운대도시철도역,해운대구
38,해운대도시철도역,해운대구
39,해운대도시철도역,해운대구
63,해운대도시철도역,해운대구
100,해운대도시철도역,해운대구
100-1,해운대도시철도역,해운대구
115-1,해운대도시철도역,해운대구
141,해운대도시철도역,해운대구
181,해운대도시철도역,해운대구
200,해운대도시철도역,해운대구
1001,해운대도시철도역,해운대구
3006,해운대도시철도역,해운대구
141-F,해운대도시철도역,해운대구
강서구8,동양라이트,강서구
강서구15,동양라이트,강서구
강서구8,동양라이트,강서구
강서구15,동양라이트,강서구
42,명장농협,동래구
99,명장농협,동래구
105,명장농협,동래구
129-1,명장농협,동래구
148,명장농협,동래구
183-F,명장농협,동래구
42,명장농협,동래구
99,명장농협,동래구
105,명장농협,동래구
129-1,명장농협,동래구
148,명장농협,동래구
183-F,명장농협,동래구
87,수정성당입구,동구
강서구6,KCC글라스,강서구
강서구6,KCC글라스,강서구
사상구7,농심부산공장,사상구
사상구7,모라역,사상구
사상구7,보성정비,사상구
사상구7,부산벤처타워,사상구
사상구7,부산조리고등학교,사상구
남구5,포부대,남구
남구5,포부대,남구
187,대룡마을,기장군
187,도야마을,기장군
139,무곡마을,기장군
139,무곡마을,기장군
105,달음교,기장군
105,달음교,기장군
105,두산위브더테라스.재흥아파트,기장군
105,두산위브더테라스.재흥아파트,기장군
기장군2-3,배좌골,기장군
기장군2-3,배좌골,기장군
기장군2-3,부산치유의 숲,기장군
영도구2,부산항국제선용품유통센터,영도구
영도구2,부산항국제선용품유통센터,영도구
영도구2,엑스스포츠광장입구,영도구
영도구2,엑스스포츠광장입구,영도구
영도구2,영도해수랜드,영도구
영도구2,영도해수랜드,영도구
영도구2,영선동반도보라아파트,영도구
영도구2,종합해사,영도구
영도구2,종합해사,영도구
남구6,해피타운,남구
남구6,해피타운,남구
22,대연고개,남구
24,대연고개,남구
27,대연고개,남구
40,대연고개,남구
41,대연고개,남구
42,대연고개,남구
83,대연고개,남구
83-1,대연고개,남구
108,대연고개,남구
1003-F,대연고개,남구
73,죽향공원,기장군
106,죽향공원,기장군
107,죽향공원,기장군
188,죽향공원,기장군
3008,죽향공원,기장군
3008-F,죽향공원,기장군
73,죽향공원,기장군
106,죽향공원,기장군
107,죽향공원,기장군
188,죽향공원,기장군
3008,죽향공원,기장군
3008-F,죽향공원,기장군
금정구3-2,구서2치안센터,금정구
수영구2,금련산역,수영구
금정구3-2,선경3차아파트312동,금정구
금정구3-2,선경3차입구,금정구
금정구3-2,선경3차정문,금정구
금정구3-2,약수터선경3차후문,금정구
금정구3-2,약수터선경3차후문,금정구
사하구14,연화사입구,사하구
금정구3-2,우성아파트10동,금정구
금정구3-2,우성아파트12동,금정구
기장군6,두호해녀복지회관,기장군
기장군6,망지끝,기장군
기장군11,반송1동주민센터,해운대구
남구5,성지고등학교,남구
남구5,성지고등학교,남구
기장군6,월전마을회관,기장군
기장군6,죽성드림세트장,기장군
남구5,포부대,남구
129-1,당감입구교차로,부산진구
138-1,당감입구교차로,부산진구
160,당감입구교차로,부산진구
168,당감입구교차로,부산진구
169-1,당감입구교차로,부산진구
129-1,당감입구교차로,부산진구
138-1,당감입구교차로,부산진구
160,당감입구교차로,부산진구
168,당감입구교차로,부산진구
169-1,당감입구교차로,부산진구
10,교대역,연제구
31,교대역,연제구
43,교대역,연제구
77,교대역,연제구
100-1,교대역,연제구
129-1,교대역,연제구
189,교대역,연제구
506,교대역,연제구
10,동해선교대역,연제구
31,동해선교대역,연제구
43,동해선교대역,연제구
52,동해선교대역,연제구
77,동해선교대역,연제구
129-1,동해선교대역,연제구
506,동해선교대역,연제구
29,동해선교대역,연제구
51,동해선교대역,연제구
100-1,동해선교대역,연제구
179,동해선교대역,연제구
189,동해선교대역,연제구
29,동해선교대역,연제구
51,동해선교대역,연제구
100-1,동해선교대역,연제구
179,동해선교대역,연제구
189,동해선교대역,연제구
29,부산시청,연제구
86,부산시청,연제구
87,부산시청,연제구
99,부산시청,연제구
106,부산시청,연제구
110-1,부산시청,연제구
179,부산시청,연제구
29,부산시청,연제구
86,부산시청,연제구
87,부산시청,연제구
99,부산시청,연제구
106,부산시청,연제구
110-1,부산시청,연제구
131,부산시청,연제구
141,부산시청,연제구
179,부산시청,연제구
5-1,부전시장,부산진구
10,부전시장,부산진구
29,부전시장,부산진구
31,부전시장,부산진구
33,부전시장,부산진구
43,부전시장,부산진구
52,부전시장,부산진구
57,부전시장,부산진구
62,부전시장,부산진구
77,부전시장,부산진구
80,부전시장,부산진구
83,부전시장,부산진구
86,부전시장,부산진구
87,부전시장,부산진구
99,부전시장,부산진구
106,부전시장,부산진구
110-1,부전시장,부산진구
111,부전시장,부산진구
129-1,부전시장,부산진구
141,부전시장,부산진구
141-F,부전시장,부산진구
20,부전시장,부산진구
31,부전시장,부산진구
33,부전시장,부산진구
52,부전시장,부산진구
54,부전시장,부산진구
62,부전시장,부산진구
77,부전시장,부산진구
86,부전시장,부산진구
87,부전시장,부산진구
99,부전시장,부산진구
106,부전시장,부산진구
110-1,부전시장,부산진구
129-1,부전시장,부산진구
141,부전시장,부산진구
141-F,부전시장,부산진구
1002-F,부전시장,부산진구
5-1,부전역,부산진구
10,부전역,부산진구
20,부전역,부산진구
29,부전역,부산진구
31,부전역,부산진구
33,부전역,부산진구
43,부전역,부산진구
52,부전역,부산진구
57,부전역,부산진구
62,부전역,부산진구
77,부전역,부산진구
80,부전역,부산진구
86,부전역,부산진구
87,부전역,부산진구
99,부전역,부산진구
106,부전역,부산진구
110-1,부전역,부산진구
111,부전역,부산진구
129-1,부전역,부산진구
141,부전역,부산진구
141-F,부전역,부산진구
1002-F,부전역,부산진구
29,상수도사업본부,부산진구
86,상수도사업본부,부산진구
87,상수도사업본부,부산진구
99,상수도사업본부,부산진구
106,상수도사업본부,부산진구
110-1,상수도사업본부,부산진구
131,상수도사업본부,부산진구
141,상수도사업본부,부산진구
179,상수도사업본부,부산진구
29,상수도사업본부,부산진구
86,상수도사업본부,부산진구
87,상수도사업본부,부산진구
99,상수도사업본부,부산진구
106,상수도사업본부,부산진구
110-1,상수도사업본부,부산진구
131,상수도사업본부,부산진구
141,상수도사업본부,부산진구
179,상수도사업본부,부산진구
5-1,서면역.서면지하상가,부산진구
10,서면역.서면지하상가,부산진구
17,서면역.서면지하상가,부산진구
23,서면역.서면지하상가,부산진구
29,서면역.서면지하상가,부산진구
43,서면역.서면지하상가,부산진구
52,서면역.서면지하상가,부산진구
57,서면역.서면지하상가,부산진구
68,서면역.서면지하상가,부산진구
80,서면역.서면지하상가,부산진구
81,서면역.서면지하상가,부산진구
83,서면역.서면지하상가,부산진구
83-1,서면역.서면지하상가,부산진구
86,서면역.서면지하상가,부산진구
88,서면역.서면지하상가,부산진구
99,서면역.서면지하상가,부산진구
103,서면역.서면지하상가,부산진구
106,서면역.서면지하상가,부산진구
108,서면역.서면지하상가,부산진구
111,서면역.서면지하상가,부산진구
138,서면역.서면지하상가,부산진구
167,서면역.서면지하상가,부산진구
583,서면역.서면지하상가,부산진구
1004,서면역.서면지하상가,부산진구
3002,서면역.서면지하상가,부산진구
1004-F,서면역.서면지하상가,부산진구
17,서면역.서면지하상가,부산진구
20,서면역.서면지하상가,부산진구
23,서면역.서면지하상가,부산진구
24,서면역.서면지하상가,부산진구
52,서면역.서면지하상가,부산진구
67,서면역.서면지하상가,부산진구
68,서면역.서면지하상가,부산진구
81,서면역.서면지하상가,부산진구
83,서면역.서면지하상가,부산진구
83-1,서면역.서면지하상가,부산진구
86,서면역.서면지하상가,부산진구
88,서면역.서면지하상가,부산진구
99,서면역.서면지하상가,부산진구
108,서면역.서면지하상가,부산진구
138,서면역.서면지하상가,부산진구
160,서면역.서면지하상가,부산진구
167,서면역.서면지하상가,부산진구
169-1,서면역.서면지하상가,부산진구
1004,서면역.서면지하상가,부산진구
1002-F,서면역.서면지하상가,부산진구
1004-F,서면역.서면지하상가,부산진구
17,서면한전,부산진구
20,서면한전,부산진구
23,서면한전,부산진구
24,서면한전,부산진구
52,서면한전,부산진구
67,서면한전,부산진구
68,서면한전,부산진구
81,서면한전,부산진구
83,서면한전,부산진구
83-1,서면한전,부산진구
86,서면한전,부산진구
88,서면한전,부산진구
99,서면한전,부산진구
108,서면한전,부산진구
138,서면한전,부산진구
160,서면한전,부산진구
167,서면한전,부산진구
169-1,서면한전,부산진구
1004,서면한전,부산진구
1002-F,서면한전,부산진구
1004-F,서면한전,부산진구
5-1,서면한전,부산진구
10,서면한전,부산진구
17,서면한전,부산진구
23,서면한전,부산진구
29,서면한전,부산진구
43,서면한전,부산진구
52,서면한전,부산진구
57,서면한전,부산진구
68,서면한전,부산진구
80,서면한전,부산진구
81,서면한전,부산진구
83,서면한전,부산진구
83-1,서면한전,부산진구
86,서면한전,부산진구
88,서면한전,부산진구
99,서면한전,부산진구
103,서면한전,부산진구
106,서면한전,부산진구
108,서면한전,부산진구
111,서면한전,부산진구
138,서면한전,부산진구
167,서면한전,부산진구
583,서면한전,부산진구
1004,서면한전,부산진구
3002,서면한전,부산진구
1004-F,서면한전,부산진구
5-1,송상현광장,부산진구
10,송상현광장,부산진구
20,송상현광장,부산진구
29,송상현광장,부산진구
31,송상현광장,부산진구
33,송상현광장,부산진구
43,송상현광장,부산진구
52,송상현광장,부산진구
57,송상현광장,부산진구
62,송상현광장,부산진구
77,송상현광장,부산진구
80,송상현광장,부산진구
86,송상현광장,부산진구
87,송상현광장,부산진구
99,송상현광장,부산진구
106,송상현광장,부산진구
110-1,송상현광장,부산진구
111,송상현광장,부산진구
129-1,송상현광장,부산진구
141,송상현광장,부산진구
141-F,송상현광장,부산진구
1002-F,송상현광장,부산진구
5-1,송상현광장,부산진구
10,송상현광장,부산진구
20,송상현광장,부산진구
29,송상현광장,부산진구
31,송상현광장,부산진구
33,송상현광장,부산진구
43,송상현광장,부산진구
52,송상현광장,부산진구
57,송상현광장,부산진구
62,송상현광장,부산진구
77,송상현광장,부산진구
80,송상현광장,부산진구
86,송상현광장,부산진구
87,송상현광장,부산진구
99,송상현광장,부산진구
106,송상현광장,부산진구
110-1,송상현광장,부산진구
111,송상현광장,부산진구
129-1,송상현광장,부산진구
141,송상현광장,부산진구
141-F,송상현광장,부산진구
1002-F,송상현광장,부산진구
5-1,양정역,부산진구
20,양정역,부산진구
29,양정역,부산진구
57,양정역,부산진구
62,양정역,부산진구
86,양정역,부산진구
87,양정역,부산진구
99,양정역,부산진구
106,양정역,부산진구
110-1,양정역,부산진구
141,양정역,부산진구
141-F,양정역,부산진구
5-1,양정역,부산진구
20,양정역,부산진구
29,양정역,부산진구
57,양정역,부산진구
62,양정역,부산진구
86,양정역,부산진구
87,양정역,부산진구
99,양정역,부산진구
106,양정역,부산진구
110-1,양정역,부산진구
141,양정역,부산진구
141-F,양정역,부산진구
29,연산역.연산교차로,연제구
51,연산역.연산교차로,연제구
179,연산역.연산교차로,연제구
189,연산역.연산교차로,연제구
29,연산역.연산교차로,연제구
51,연산역.연산교차로,연제구
100-1,연산역.연산교차로,연제구
179,연산역.연산교차로,연제구
189,연산역.연산교차로,연제구
29,연산역.연제초교,연제구
86,연산역.연제초교,연제구
87,연산역.연제초교,연제구
99,연산역.연제초교,연제구
106,연산역.연제초교,연제구
110-1,연산역.연제초교,연제구
179,연산역.연제초교,연제구
29,연산역.연제초교,연제구
86,연산역.연제초교,연제구
87,연산역.연제초교,연제구
99,연산역.연제초교,연제구
106,연산역.연제초교,연제구
110-1,연산역.연제초교,연제구
179,연산역.연제초교,연제구
기장군6,봉대산입구,기장군
부산진구13,송상현광장,부산진구
부산진구13,송상현광장,부산진구
기장군6,월전활어판매장,기장군
강서구11,정관매화꽃길,강서구
2,괴정역.괴정사거리,사하구
11,괴정역.괴정사거리,사하구
103,괴정역.괴정사거리,사하구
113,괴정역.괴정사거리,사하구
126,괴정역.괴정사거리,사하구
2-F,괴정역.괴정사거리,사하구
29,남산119안전센터,금정구
51,남산119안전센터,금정구
80,남산119안전센터,금정구
300,남산119안전센터,금정구
사상구8-1,개포초교후문,부산진구
영도구2,대평사거리,영도구
남구8,용당동갓골,남구
강서구9,우방아이유쉘아파트,강서구
강서구9-1,우방아이유쉘아파트,강서구
강서구16,우방아이유쉘아파트,강서구
강서구9,우방아이유쉘아파트,강서구
강서구9-1,우방아이유쉘아파트,강서구
강서구16,우방아이유쉘아파트,강서구
강서구9,은산터미널,강서구
강서구9-1,은산터미널,강서구
강서구16,은산터미널,강서구
강서구9,은산터미널,강서구
강서구9-1,은산터미널,강서구
강서구16,은산터미널,강서구
강서구9-1,사암마을,강서구
강서구16,사암마을,강서구
강서구9-1,사암마을,강서구
강서구16,사암마을,강서구
남구8,남천역3번출구,수영구
남구8,동명대입구,남구
남구8,동명대입구,남구
남구8,삼익비치210동,수영구
남구8,삼익비치215동,수영구
남구8,수영구청.금호어울림,수영구
남구8,수영구청사거리,수영구
171,감천항제5부두,사하구
171,감천항제5부두,사하구
171,감천항해양파출소,사하구
171,감천항해양파출소,사하구
171,구평삼거리,사하구
171,구평삼거리,사하구
301,남산고등학교,금정구
301,남산고등학교,금정구
301,남산고등학교,금정구
301,남산고등학교,금정구
187,반룡산단2로,기장군
187,반룡산단2로,기장군
187,반룡산단입구,기장군
187,반룡산단입구,기장군
3005,범방동삼층석탑,강서구
3005,범방동삼층석탑,강서구
301,부산외국어대학교캠퍼스,금정구
301,부산외국어대학교캠퍼스,금정구
301,부산외대정문,금정구
301,부산외대정문,금정구
301,부산외대정문,금정구
301,부산외대정문,금정구
187,장안산단6로,기장군
187,장안산단6로,기장군
3005,조선해양기자재연구원,강서구
3005,조선해양기자재연구원,강서구
3005,한국해양대학교서부산융합캠퍼스,강서구
3005,한국해양대학교서부산융합캠퍼스,강서구
36,이진블루1차.태영아파트,기장군
139,이진블루1차.태영아파트,기장군
181,이진블루1차.태영아파트,기장군
182,이진블루1차.태영아파트,기장군
187,이진블루1차.태영아파트,기장군
188,이진블루1차.태영아파트,기장군
36,성신.이진블루2차,기장군
139,성신.이진블루2차,기장군
181,성신.이진블루2차,기장군
182,성신.이진블루2차,기장군
187,성신.이진블루2차,기장군
188,성신.이진블루2차,기장군
36,자이푸르지오2단지,기장군
181,자이푸르지오2단지,기장군
182,자이푸르지오2단지,기장군
36,자이푸르지오2단지,기장군
181,자이푸르지오2단지,기장군
182,자이푸르지오2단지,기장군
36,비스타동원1차,기장군
139,비스타동원1차,기장군
181,비스타동원1차,기장군
182,비스타동원1차,기장군
187,비스타동원1차,기장군
188,비스타동원1차,기장군
36,비스타동원1차,기장군
139,비스타동원1차,기장군
181,비스타동원1차,기장군
182,비스타동원1차,기장군
187,비스타동원1차,기장군
188,비스타동원1차,기장군
36,해송로,기장군
139,해송로,기장군
181,해송로,기장군
182,해송로,기장군
187,해송로,기장군
188,해송로,기장군
36,일광읍행정복지센터,기장군
139,일광읍행정복지센터,기장군
181,일광읍행정복지센터,기장군
182,일광읍행정복지센터,기장군
187,일광읍행정복지센터,기장군
188,일광읍행정복지센터,기장군
36,해송로,기장군
139,해송로,기장군
181,해송로,기장군
182,해송로,기장군
187,해송로,기장군
188,해송로,기장군
36,일광읍행정복지센터,기장군
139,일광읍행정복지센터,기장군
181,일광읍행정복지센터,기장군
182,일광읍행정복지센터,기장군
187,일광읍행정복지센터,기장군
188,일광읍행정복지센터,기장군
15,우신모라아파트,사상구
33-1,우신모라아파트,사상구
123,우신모라아파트,사상구
133-1,우신모라아파트,사상구
169,우신모라아파트,사상구
169-1,우신모라아파트,사상구
3,명원초등학교,강서구
58-2,명원초등학교,강서구
109,명원초등학교,강서구
124,명원초등학교,강서구
128-1,명원초등학교,강서구
172,명원초등학교,강서구
520,명원초등학교,강서구
3,명원초등학교,강서구
58-2,명원초등학교,강서구
109,명원초등학교,강서구
124,명원초등학교,강서구
128-1,명원초등학교,강서구
172,명원초등학교,강서구
520,명원초등학교,강서구
기장군8,비스타동원1차,기장군
기장군8,비스타동원1차,기장군
기장군6,성신.이진블루2차,기장군
기장군8,성신.이진블루2차,기장군
기장군6,이진블루1차.태영아파트,기장군
기장군8,이진블루1차.태영아파트,기장군
기장군8,일광읍행정복지센터,기장군
기장군8,일광읍행정복지센터,기장군
기장군8,자이푸르지오2단지,기장군
기장군8,자이푸르지오2단지,기장군
기장군8,한신더휴아파트,기장군
기장군8,한신더휴아파트,기장군
기장군8,해송로,기장군
기장군8,해송로,기장군
55,국제산업물류산단,강서구
3007,국제산업물류산단,강서구
55,국제산업물류산단,강서구
3007,국제산업물류산단,강서구
171,사하구국민체육센터,사하구
강서구7-1,국제산업물류산단,강서구
강서구12-1,국제산업물류산단,강서구
강서구7-1,국제산업물류산단,강서구
강서구12-1,국제산업물류산단,강서구
동래구8,해운아파트,동래구
남구1,광안골든빌리지,남구
남구1,광안골든빌리지,남구
남구1,못골골목시장주차장,남구
남구1,못골시장,남구
남구1,우정하이츠빌라,남구
남구1,우정하이츠빌라,남구
83,부산진경찰서,부산진구
54,서면교차로,부산진구
83-1,서면교차로,부산진구
88,서면교차로,부산진구
103,서면교차로,부산진구
133,서면교차로,부산진구
167,서면교차로,부산진구
사하구14,벽산하이츠아파트,사하구
210,민락공영주차장,수영구
139,일광초등학교,기장군
187,일광초등학교,기장군
188,일광초등학교,기장군
139,일광초등학교,기장군
187,일광초등학교,기장군
188,일광초등학교,기장군
139,자이푸르지오1단지,기장군
187,자이푸르지오1단지,기장군
188,자이푸르지오1단지,기장군
139,자이푸르지오1단지,기장군
187,자이푸르지오1단지,기장군
188,자이푸르지오1단지,기장군
139,한신더휴2단지,기장군
187,한신더휴2단지,기장군
188,한신더휴2단지,기장군
139,한신더휴2단지,기장군
187,한신더휴2단지,기장군
188,한신더휴2단지,기장군
남구5,문현동부산은행,남구
36,한신더휴1단지,기장군
181,한신더휴1단지,기장군
182,한신더휴1단지,기장군
36,한신더휴1단지,기장군
181,한신더휴1단지,기장군
182,한신더휴1단지,기장군
강서구2,가락중앙경로당,강서구
강서구2,가락중앙경로당,강서구
강서구5,부산은행대저지점,강서구
강서구2,송산마을,강서구
강서구2,송산마을,강서구
남구9,"유엔기념공원, 부산문화회관",남구
사상구6,"유엔기념공원, 부산문화회관",남구
강서구5,고향산천,강서구
해운대구3-2,센텀리슈빌1단지후문,해운대구
해운대구3-2,센텀e편한세상정문,해운대구
해운대구3-2,해운대구문화복합센터,해운대구
3,경일고등학교후문,강서구
109,경일고등학교후문,강서구
172,경일고등학교후문,강서구
3,경일고등학교후문,강서구
109,경일고등학교후문,강서구
172,경일고등학교후문,강서구
139,대성베르빌,기장군
187,대성베르빌,기장군
188,대성베르빌,기장군
36,이지더원2차,기장군
181,이지더원2차,기장군
182,이지더원2차,기장군
36,이지더원2차,기장군
181,이지더원2차,기장군
182,이지더원2차,기장군
139,이지더원3차,기장군
187,이지더원3차,기장군
188,이지더원3차,기장군
부산진구15,창곡종합시장,부산진구
33-1,미남교,동래구
55,녹산초등학교,강서구
55,녹산초등학교,강서구
3005,녹산초등학교,강서구
3007,녹산초등학교,강서구
55,녹산초등학교,강서구
55,녹산초등학교,강서구
3005,녹산초등학교,강서구
3007,녹산초등학교,강서구
3,더샵퍼스트월드·강서세무서,강서구
128-1,더샵퍼스트월드·강서세무서,강서구
3,더샵퍼스트월드·강서세무서,강서구
128-1,더샵퍼스트월드·강서세무서,강서구
3,명지1동 행정복지센터,강서구
128-1,명지1동 행정복지센터,강서구
3,명지1동 행정복지센터,강서구
128-1,명지1동 행정복지센터,강서구
55,삼정그린코아.금강펜테리움,강서구
55,삼정그린코아.금강펜테리움,강서구
3005,삼정그린코아.금강펜테리움,강서구
3005,삼정그린코아.금강펜테리움,강서구
3007,삼정그린코아.금강펜테리움,강서구
38,장산역,해운대구
115-1,장산역,해운대구
307,장산역,해운대구
1001,장산역,해운대구
3006,장산역,해운대구
3,한국토지주택공사,강서구
128-1,한국토지주택공사,강서구
3,한국토지주택공사,강서구
128-1,한국토지주택공사,강서구
55,협성엘리시안,강서구
55,협성엘리시안,강서구
3005,협성엘리시안,강서구
3007,협성엘리시안,강서구
중구1,경남고교,서구
중구1,경남고교,서구
강서구7-1,녹산초등학교,강서구
강서구12,녹산초등학교,강서구
강서구12-1,녹산초등학교,강서구
강서구7-1,녹산초등학교,강서구
강서구12,녹산초등학교,강서구
강서구12-1,녹산초등학교,강서구
강서구21,대방디엠시티,강서구
강서구21,더샵퍼스트월드,강서구
강서구21,더샵퍼스트월드,강서구
동래구2,수민어울공원,동래구
동래구2,수민어울공원,동래구
해운대구3,동부지청어귀교차로,해운대구
중구1,동아대병원,서구
중구1,동아대병원,서구
해운대구3,동해선센텀역,해운대구
연제구1,롯데캐슬골드포레110동앞,연제구
연제구1,롯데캐슬골드포레110동앞,연제구
연제구1,롯데캐슬골드포레후문앞,연제구
연제구1,롯데캐슬골드포레후문앞,연제구
강서구8,명원초등학교,강서구
강서구8-1,명원초등학교,강서구
강서구22,명원초등학교,강서구
강서구8,명원초등학교,강서구
강서구8-1,명원초등학교,강서구
강서구22,명원초등학교,강서구
강서구8,명지환승센터,강서구
강서구8-1,명지환승센터,강서구
강서구21,명지환승센터,강서구
강서구22,명지환승센터,강서구
사하구3,보림초등학교(기점),사하구
강서구7-1,삼정그린코아.금강펜테리움,강서구
강서구12,삼정그린코아.금강펜테리움,강서구
강서구12-1,삼정그린코아.금강펜테리움,강서구
해운대구2,부산은행장산지점,해운대구
해운대구10,부산은행장산지점,해운대구
해운대구2,부산은행장산지점,해운대구
해운대구10,부산은행장산지점,해운대구
동래구2,수민동행정복지센터,동래구
동래구2,수민동행정복지센터,동래구
연제구1,양동초등학교입구,연제구
연제구1,양동초등학교입구,연제구
강서구21,제나우스오피스텔,강서구
해운대구2,신기마을노인정,해운대구
해운대구7,신기마을노인정,해운대구
해운대구2,신기마을노인정,해운대구
해운대구7,신기마을노인정,해운대구
강서구7-1,협성엘리시안,강서구
강서구12,협성엘리시안,강서구
강서구12-1,협성엘리시안,강서구
강서구7-1,선비교,강서구
강서구7-2,선비교,강서구
강서구12,선비교,강서구
강서구12-1,선비교,강서구
강서구7-1,선비교,강서구
강서구7-2,선비교,강서구
강서구12,선비교,강서구
강서구12-1,선비교,강서구
107,센텀시티우체국,해운대구
부산진구12-1,부산진여중,부산진구
부산진구12-1,부산진여중,부산진구
부산진구12-1,부영아파트,부산진구
부산진구12-1,부영아파트,부산진구
부산진구12-1,부전시장,부산진구
부산진구12-1,서면역12번출구,부산진구
부산진구12-1,아이파크1차정문,부산진구
부산진구12-1,아이파크1차정문,부산진구
부산진구12-1,전포초등학교,부산진구
부산진구12-1,전포카페거리,부산진구
부산진구12-1,전포카페거리,부산진구
연제구1,양정포레힐즈스위첸,부산진구
연제구1,양정포레힐즈스위첸,연제구
강서구11,공항후문,강서구
111-1,산성터널영업소,북구
300,산성터널영업소,북구
남구3,눌원빌딩,동구
남구3,동부산우체국,동구
해운대구2,장산역.웅신시네아트,해운대구
해운대구7,장산역.웅신시네아트,해운대구
55,지사천선비교,강서구
55,지사천선비교,강서구
55,지사천선비교,강서구
55,지사천선비교,강서구
6,괴정동교차로,사하구
16,괴정동교차로,사하구
96,괴정동교차로,사하구
161,괴정동교차로,사하구
강서구6,가락어린이집,강서구
강서구6,가락어린이집,강서구
강서구6,식만배수펌프장,강서구
강서구6,식만배수펌프장,강서구
강서구11,정관매화꽃길,강서구
강서구8,CGV,강서구
강서구21,CGV,강서구
강서구8,CGV,강서구
강서구21,CGV,강서구
해운대구1,반여시장,해운대구
해운대구3,반여시장,해운대구
10,감만현대아파트사거리,남구
300,범어사어귀삼거리,금정구
300,범어사어귀삼거리,금정구
300,북부경찰서,북구
300,북부경찰서,북구
300,샘골공원,금정구
300,샘골공원,금정구
300,수정역,북구
300,용수초등학교,북구
300,용수초등학교,북구
300,북부산우체국,북구
300,북부산우체국,북구
300,한국방송통신대,북구
300,한국방송통신대,북구
183,농심가슈퍼,동래구
183,농심가슈퍼,동래구
183,대명여자고등학교,동래구
183,대명여자고등학교,동래구
183,동래문화회관,동래구
183,동래문화회관,동래구
183,명륜2차아이파크,동래구
183,명륜2차아이파크,동래구
183,명장초등학교입구,동래구
183,명장초등학교입구,동래구
46,미남교,동래구
46,미남교,동래구
46,사직고등학교입구,동래구
46,사직고등학교입구,동래구
46,사직초등학교앞교차로,동래구
46,삼정그린코아포레스트,동래구
46,삼정그린코아포레스트,동래구
183,온천입구,동래구
183,온천입구,동래구
183,용인고등학교,동래구
183,용인고등학교,동래구
183,조양삼거리,동래구
183,조양삼거리,동래구
46,한독온천어린이집,동래구
46,한독온천어린이집,동래구
46,화신아파트,동래구
동래구1-1,래미안1단지,동래구
동구1-1,동아원,동구
동구1-1,두산위브,동구
59,금곡동행정복지센터,북구
126,금곡동행정복지센터,북구
59,금곡역,북구
111-1,금곡역,북구
126,금곡역,북구
59,금곡역,북구
126,금곡역,북구
59,동원역,북구
126,동원역,북구
59,동원역,북구
126,동원역,북구
강서구8,강서경찰서,강서구
강서구8-1,강서경찰서,강서구
강서구15,강서경찰서,강서구
강서구15-1,강서경찰서,강서구
강서구8,강서경찰서,강서구
강서구8-1,강서경찰서,강서구
강서구15,강서경찰서,강서구
강서구15-1,강서경찰서,강서구
기장군8,달음교,기장군
기장군8,달음교,기장군
기장군8,동원로얄듀크1차아파트,기장군
기장군8,동원로얄듀크1차아파트,기장군
기장군8,동해선일광역광장,기장군
기장군8,동해선일광역광장,기장군
기장군8,옛터어린이공원입구,기장군
기장군8,옛터어린이공원입구,기장군
기장군8,이지더원2차,기장군
기장군8,이지더원2차,기장군
강서구12,지사천4교,강서구
강서구12-1,지사천4교,강서구
강서구12,지사천4교,강서구
강서구12-1,지사천4교,강서구
강서구12-1,통합세산마을,강서구
강서구12-1,통합세산마을,강서구
33-1,e편한세상금정산아파트,북구
33-1,대진아파트,북구
33-1,만덕시장입구,북구
33-1,만덕중학교,북구
33-1,미남역11번출구,동래구
41,범일교,동구
68,범일교,동구
83-1,범일교,동구
101,솔개다리,남구
남구3,남부산농협석포지점,남구
남구6,남부산농협석포지점,남구
사하구2,대원연립,사하구
사하구2,대원연립,사하구
59,신암입구,부산진구
61,신암입구,부산진구
85,신암입구,부산진구
87,신암입구,부산진구
186,신암입구,부산진구
59,신암입구,부산진구
61,신암입구,부산진구
85,신암입구,부산진구
87,신암입구,부산진구
186,신암입구,부산진구
강서구5,중촌마을,강서구
강서구5,중촌마을,강서구
138-1,대동중고등학교,사하구
171,대동중고등학교,사하구
139,매화원입구,기장군
139,매화원입구,기장군
124,삼한사랑채아파트입구,사하구
161,삼한사랑채아파트입구,사하구
29,책마을보드랑 작은도서관,금정구
148,책마을보드랑 작은도서관,금정구
155,책마을보드랑 작은도서관,금정구
179,책마을보드랑 작은도서관,금정구
189,책마을보드랑 작은도서관,금정구
연제구7,망미제일교회,수영구
연제구7,아신빌라,수영구
189,금사입구,금정구
17,YMCA,동구
26,YMCA,동구
27,YMCA,동구
40,YMCA,동구
41,YMCA,동구
43,YMCA,동구
59,YMCA,동구
61,YMCA,동구
67,YMCA,동구
81,YMCA,동구
82,YMCA,동구
85,YMCA,동구
88,YMCA,동구
101,YMCA,동구
134,YMCA,동구
167,YMCA,동구
168,YMCA,동구
1001,YMCA,동구
1003,YMCA,동구
1004,YMCA,동구
1003-F,YMCA,동구
1004-F,YMCA,동구
17,YMCA,동구
22,YMCA,동구
26,YMCA,동구
27,YMCA,동구
40,YMCA,동구
41,YMCA,동구
43,YMCA,동구
52,YMCA,동구
59,YMCA,동구
61,YMCA,동구
67,YMCA,동구
81,YMCA,동구
82,YMCA,동구
85,YMCA,동구
88,YMCA,동구
101,YMCA,동구
103,YMCA,동구
134,YMCA,동구
167,YMCA,동구
168,YMCA,동구
1001,YMCA,동구
1003,YMCA,동구
1004,YMCA,동구
1003-F,YMCA,동구
1004-F,YMCA,동구
17,경남여중입구,동구
22,경남여중입구,동구
26,경남여중입구,동구
27,경남여중입구,동구
40,경남여중입구,동구
41,경남여중입구,동구
43,경남여중입구,동구
52,경남여중입구,동구
59,경남여중입구,동구
61,경남여중입구,동구
67,경남여중입구,동구
81,경남여중입구,동구
82,경남여중입구,동구
85,경남여중입구,동구
88,경남여중입구,동구
101,경남여중입구,동구
103,경남여중입구,동구
134,경남여중입구,동구
167,경남여중입구,동구
168,경남여중입구,동구
1001,경남여중입구,동구
1003,경남여중입구,동구
1004,경남여중입구,동구
1003-F,경남여중입구,동구
1004-F,경남여중입구,동구
17,경남여중입구,동구
26,경남여중입구,동구
27,경남여중입구,동구
40,경남여중입구,동구
41,경남여중입구,동구
43,경남여중입구,동구
59,경남여중입구,동구
61,경남여중입구,동구
67,경남여중입구,동구
81,경남여중입구,동구
82,경남여중입구,동구
85,경남여중입구,동구
88,경남여중입구,동구
101,경남여중입구,동구
134,경남여중입구,동구
167,경남여중입구,동구
168,경남여중입구,동구
1001,경남여중입구,동구
1003,경남여중입구,동구
1004,경남여중입구,동구
1003-F,경남여중입구,동구
1004-F,경남여중입구,동구
8,남포동,중구
9,남포동,중구
11,남포동,중구
26,남포동,중구
70,남포동,중구
87,남포동,중구
103,남포동,중구
134,남포동,중구
171,남포동,중구
1003,남포동,중구
3001,남포동,중구
3003,남포동,중구
2-F,남포동,중구
1003-F,남포동,중구
1004-F,남포동,중구
5-1,남포동,중구
6,남포동,중구
7,남포동,중구
8,남포동,중구
9,남포동,중구
11,남포동,중구
15,남포동,중구
17,남포동,중구
17,남포동,중구
26,남포동,중구
27,남포동,중구
30,남포동,중구
41,남포동,중구
59,남포동,중구
61,남포동,중구
70,남포동,중구
71,남포동,중구
86,남포동,중구
87,남포동,중구
103,남포동,중구
113,남포동,중구
126,남포동,중구
134,남포동,중구
171,남포동,중구
172,남포동,중구
1003,남포동,중구
3001,남포동,중구
3003,남포동,중구
2-F,남포동,중구
1003-F,남포동,중구
1004-F,남포동,중구
5-1,남포역.옛시청교차로,중구
15,남포역.옛시청교차로,중구
17,남포역.옛시청교차로,중구
26,남포역.옛시청교차로,중구
27,남포역.옛시청교차로,중구
41,남포역.옛시청교차로,중구
59,남포역.옛시청교차로,중구
61,남포역.옛시청교차로,중구
70,남포역.옛시청교차로,중구
86,남포역.옛시청교차로,중구
87,남포역.옛시청교차로,중구
103,남포역.옛시청교차로,중구
126,남포역.옛시청교차로,중구
134,남포역.옛시청교차로,중구
171,남포역.옛시청교차로,중구
172,남포역.옛시청교차로,중구
1003,남포역.옛시청교차로,중구
2-F,남포역.옛시청교차로,중구
1003-F,남포역.옛시청교차로,중구
1004-F,남포역.옛시청교차로,중구
11,남포역.옛시청교차로,중구
26,남포역.옛시청교차로,중구
70,남포역.옛시청교차로,중구
87,남포역.옛시청교차로,중구
103,남포역.옛시청교차로,중구
134,남포역.옛시청교차로,중구
171,남포역.옛시청교차로,중구
1003,남포역.옛시청교차로,중구
2-F,남포역.옛시청교차로,중구
1003-F,남포역.옛시청교차로,중구
1004-F,남포역.옛시청교차로,중구
17,범내골역,부산진구
23,범내골역,부산진구
52,범내골역,부산진구
68,범내골역,부산진구
81,범내골역,부산진구
83,범내골역,부산진구
83-1,범내골역,부산진구
86,범내골역,부산진구
88,범내골역,부산진구
99,범내골역,부산진구
108,범내골역,부산진구
138,범내골역,부산진구
167,범내골역,부산진구
1004,범내골역,부산진구
1004-F,범내골역,부산진구
5-1,범내골역,부산진구
10,범내골역,부산진구
17,범내골역,부산진구
23,범내골역,부산진구
29,범내골역,부산진구
38,범내골역,부산진구
43,범내골역,부산진구
52,범내골역,부산진구
57,범내골역,부산진구
68,범내골역,부산진구
80,범내골역,부산진구
81,범내골역,부산진구
82,범내골역,부산진구
83,범내골역,부산진구
83-1,범내골역,부산진구
86,범내골역,부산진구
88,범내골역,부산진구
99,범내골역,부산진구
103,범내골역,부산진구
108,범내골역,부산진구
111,범내골역,부산진구
138,범내골역,부산진구
167,범내골역,부산진구
583,범내골역,부산진구
1004,범내골역,부산진구
1004-F,범내골역,부산진구
57,범일2동행정복지센터,동구
99,범일2동행정복지센터,동구
111,범일2동행정복지센터,동구
5-1,범일역,동구
10,범일역,동구
22,범일역,동구
23,범일역,동구
27,범일역,동구
40,범일역,동구
42,범일역,동구
43,범일역,동구
52,범일역,동구
57,범일역,동구
80,범일역,동구
81,범일역,동구
82,범일역,동구
83,범일역,동구
99,범일역,동구
101,범일역,동구
108,범일역,동구
111,범일역,동구
134,범일역,동구
138,범일역,동구
167,범일역,동구
5-1,범일역,동구
43,범일역,동구
52,범일역,동구
81,범일역,동구
82,범일역,동구
167,범일역,동구
1004,범일역,동구
1004-F,범일역,동구
17,봉생병원,동구
22,봉생병원,동구
26,봉생병원,동구
27,봉생병원,동구
40,봉생병원,동구
41,봉생병원,동구
43,봉생병원,동구
52,봉생병원,동구
59,봉생병원,동구
61,봉생병원,동구
67,봉생병원,동구
81,봉생병원,동구
82,봉생병원,동구
85,봉생병원,동구
88,봉생병원,동구
101,봉생병원,동구
103,봉생병원,동구
134,봉생병원,동구
167,봉생병원,동구
168,봉생병원,동구
1001,봉생병원,동구
1003,봉생병원,동구
1004,봉생병원,동구
1003-F,봉생병원,동구
1004-F,봉생병원,동구
17,봉생병원,동구
22,봉생병원,동구
26,봉생병원,동구
27,봉생병원,동구
40,봉생병원,동구
41,봉생병원,동구
43,봉생병원,동구
52,봉생병원,동구
59,봉생병원,동구
61,봉생병원,동구
67,봉생병원,동구
81,봉생병원,동구
82,봉생병원,동구
85,봉생병원,동구
88,봉생병원,동구
101,봉생병원,동구
103,봉생병원,동구
134,봉생병원,동구
167,봉생병원,동구
168,봉생병원,동구
1001,봉생병원,동구
1003,봉생병원,동구
1004,봉생병원,동구
1003-F,봉생병원,동구
1004-F,봉생병원,동구
5-1,부산데파트,중구
15,부산데파트,중구
17,부산데파트,중구
26,부산데파트,중구
27,부산데파트,중구
41,부산데파트,중구
59,부산데파트,중구
61,부산데파트,중구
70,부산데파트,중구
82,부산데파트,중구
85,부산데파트,중구
86,부산데파트,중구
87,부산데파트,중구
88,부산데파트,중구
103,부산데파트,중구
126,부산데파트,중구
134,부산데파트,중구
171,부산데파트,중구
172,부산데파트,중구
186,부산데파트,중구
190,부산데파트,중구
508,부산데파트,중구
1003,부산데파트,중구
2-F,부산데파트,중구
1003-F,부산데파트,중구
1004-F,부산데파트,중구
5-1,부산데파트,중구
11,부산데파트,중구
17,부산데파트,중구
26,부산데파트,중구
27,부산데파트,중구
41,부산데파트,중구
59,부산데파트,중구
61,부산데파트,중구
70,부산데파트,중구
82,부산데파트,중구
85,부산데파트,중구
86,부산데파트,중구
87,부산데파트,중구
88,부산데파트,중구
103,부산데파트,중구
134,부산데파트,중구
171,부산데파트,중구
172,부산데파트,중구
186,부산데파트,중구
190,부산데파트,중구
508,부산데파트,중구
1003,부산데파트,중구
2-F,부산데파트,중구
1003-F,부산데파트,중구
1004-F,부산데파트,중구
2,부산역,동구
17,부산역,동구
26,부산역,동구
27,부산역,동구
38-1,부산역,동구
40,부산역,동구
41,부산역,동구
43,부산역,동구
59,부산역,동구
61,부산역,동구
67,부산역,동구
81,부산역,동구
82,부산역,동구
85,부산역,동구
87,부산역,동구
88,부산역,동구
88-1,부산역,동구
101,부산역,동구
103,부산역,동구
134,부산역,동구
167,부산역,동구
168,부산역,동구
171,부산역,동구
190,부산역,동구
508,부산역,동구
1001,부산역,동구
1003,부산역,동구
1004,부산역,동구
2-F,부산역,동구
1003-F,부산역,동구
1004-F,부산역,동구
2,부산역,동구
17,부산역,동구
26,부산역,동구
27,부산역,동구
40,부산역,동구
41,부산역,동구
43,부산역,동구
59,부산역,동구
61,부산역,동구
67,부산역,동구
81,부산역,동구
82,부산역,동구
85,부산역,동구
87,부산역,동구
88,부산역,동구
88-1,부산역,동구
101,부산역,동구
134,부산역,동구
167,부산역,동구
168,부산역,동구
508,부산역,동구
1001,부산역,동구
1003,부산역,동구
1004,부산역,동구
2-F,부산역,동구
1003-F,부산역,동구
1004-F,부산역,동구
5-1,부산진시장,동구
22,부산진시장,동구
27,부산진시장,동구
40,부산진시장,동구
42,부산진시장,동구
43,부산진시장,동구
52,부산진시장,동구
57,부산진시장,동구
80,부산진시장,동구
81,부산진시장,동구
82,부산진시장,동구
99,부산진시장,동구
101,부산진시장,동구
111,부산진시장,동구
134,부산진시장,동구
167,부산진시장,동구
1004,부산진시장,동구
1004-F,부산진시장,동구
5-1,부산진시장,동구
22,부산진시장,동구
26,부산진시장,동구
27,부산진시장,동구
40,부산진시장,동구
41,부산진시장,동구
42,부산진시장,동구
43,부산진시장,동구
52,부산진시장,동구
81,부산진시장,동구
82,부산진시장,동구
101,부산진시장,동구
134,부산진시장,동구
167,부산진시장,동구
168,부산진시장,동구
1003,부산진시장,동구
1003-F,부산진시장,동구
17,부산진역 (해양수산부.동구청),동구
22,부산진역 (해양수산부.동구청),동구
26,부산진역 (해양수산부.동구청),동구
27,부산진역 (해양수산부.동구청),동구
40,부산진역 (해양수산부.동구청),동구
41,부산진역 (해양수산부.동구청),동구
43,부산진역 (해양수산부.동구청),동구
52,부산진역 (해양수산부.동구청),동구
59,부산진역 (해양수산부.동구청),동구
61,부산진역 (해양수산부.동구청),동구
67,부산진역 (해양수산부.동구청),동구
81,부산진역 (해양수산부.동구청),동구
82,부산진역 (해양수산부.동구청),동구
85,부산진역 (해양수산부.동구청),동구
88,부산진역 (해양수산부.동구청),동구
101,부산진역 (해양수산부.동구청),동구
103,부산진역 (해양수산부.동구청),동구
134,부산진역 (해양수산부.동구청),동구
167,부산진역 (해양수산부.동구청),동구
168,부산진역 (해양수산부.동구청),동구
1001,부산진역 (해양수산부.동구청),동구
1003,부산진역 (해양수산부.동구청),동구
1004,부산진역 (해양수산부.동구청),동구
1003-F,부산진역 (해양수산부.동구청),동구
1004-F,부산진역 (해양수산부.동구청),동구
17,부산진역 (해양수산부.동구청),동구
22,부산진역 (해양수산부.동구청),동구
26,부산진역 (해양수산부.동구청),동구
27,부산진역 (해양수산부.동구청),동구
40,부산진역 (해양수산부.동구청),동구
41,부산진역 (해양수산부.동구청),동구
43,부산진역 (해양수산부.동구청),동구
52,부산진역 (해양수산부.동구청),동구
59,부산진역 (해양수산부.동구청),동구
61,부산진역 (해양수산부.동구청),동구
67,부산진역 (해양수산부.동구청),동구
81,부산진역 (해양수산부.동구청),동구
82,부산진역 (해양수산부.동구청),동구
85,부산진역 (해양수산부.동구청),동구
88,부산진역 (해양수산부.동구청),동구
101,부산진역 (해양수산부.동구청),동구
103,부산진역 (해양수산부.동구청),동구
134,부산진역 (해양수산부.동구청),동구
167,부산진역 (해양수산부.동구청),동구
168,부산진역 (해양수산부.동구청),동구
1001,부산진역 (해양수산부.동구청),동구
1003,부산진역 (해양수산부.동구청),동구
1004,부산진역 (해양수산부.동구청),동구
1003-F,부산진역 (해양수산부.동구청),동구
1004-F,부산진역 (해양수산부.동구청),동구
1003,서구청,서구
1003-F,서구청,서구
17,영주동,중구
26,영주동,중구
27,영주동,중구
40,영주동,중구
41,영주동,중구
59,영주동,중구
61,영주동,중구
81,영주동,중구
82,영주동,중구
85,영주동,중구
87,영주동,중구
88,영주동,중구
88-1,영주동,중구
101,영주동,중구
103,영주동,중구
134,영주동,중구
171,영주동,중구
190,영주동,중구
508,영주동,중구
1004,영주동,중구
2-F,영주동,중구
1004-F,영주동,중구
26,영주동,중구
27,영주동,중구
40,영주동,중구
41,영주동,중구
59,영주동,중구
61,영주동,중구
81,영주동,중구
82,영주동,중구
87,영주동,중구
103,영주동,중구
134,영주동,중구
171,영주동,중구
190,영주동,중구
508,영주동,중구
1004,영주동,중구
2-F,영주동,중구
1004-F,영주동,중구
5-1,자갈치역.비프광장,중구
6,자갈치역.비프광장,중구
7,자갈치역.비프광장,중구
8,자갈치역.비프광장,중구
9,자갈치역.비프광장,중구
11,자갈치역.비프광장,중구
15,자갈치역.비프광장,중구
17,자갈치역.비프광장,중구
17,자갈치역.비프광장,중구
26,자갈치역.비프광장,중구
27,자갈치역.비프광장,중구
30,자갈치역.비프광장,중구
41,자갈치역.비프광장,중구
59,자갈치역.비프광장,중구
61,자갈치역.비프광장,중구
70,자갈치역.비프광장,중구
71,자갈치역.비프광장,중구
86,자갈치역.비프광장,중구
87,자갈치역.비프광장,중구
103,자갈치역.비프광장,중구
113,자갈치역.비프광장,중구
126,자갈치역.비프광장,중구
134,자갈치역.비프광장,중구
171,자갈치역.비프광장,중구
172,자갈치역.비프광장,중구
1003,자갈치역.비프광장,중구
3001,자갈치역.비프광장,중구
3003,자갈치역.비프광장,중구
2-F,자갈치역.비프광장,중구
1003-F,자갈치역.비프광장,중구
1004-F,자갈치역.비프광장,중구
8,자갈치역.비프광장,중구
9,자갈치역.비프광장,중구
11,자갈치역.비프광장,중구
26,자갈치역.비프광장,중구
70,자갈치역.비프광장,중구
87,자갈치역.비프광장,중구
103,자갈치역.비프광장,중구
134,자갈치역.비프광장,중구
171,자갈치역.비프광장,중구
1003,자갈치역.비프광장,중구
3001,자갈치역.비프광장,중구
3003,자갈치역.비프광장,중구
2-F,자갈치역.비프광장,중구
1003-F,자갈치역.비프광장,중구
1004-F,자갈치역.비프광장,중구
22,자성대교차로,동구
27,자성대교차로,동구
40,자성대교차로,동구
43,자성대교차로,동구
52,자성대교차로,동구
81,자성대교차로,동구
82,자성대교차로,동구
101,자성대교차로,동구
134,자성대교차로,동구
167,자성대교차로,동구
1004,자성대교차로,동구
1004-F,자성대교차로,동구
43,좌천역.좌천삼거리,동구
52,좌천역.좌천삼거리,동구
1004-F,좌천역.좌천삼거리,동구
17,중부소방서,중구
26,중부소방서,중구
27,중부소방서,중구
40,중부소방서,중구
41,중부소방서,중구
59,중부소방서,중구
61,중부소방서,중구
81,중부소방서,중구
82,중부소방서,중구
85,중부소방서,중구
87,중부소방서,중구
88,중부소방서,중구
88-1,중부소방서,중구
101,중부소방서,중구
103,중부소방서,중구
134,중부소방서,중구
171,중부소방서,중구
190,중부소방서,중구
508,중부소방서,중구
1003,중부소방서,중구
1004,중부소방서,중구
2-F,중부소방서,중구
1003-F,중부소방서,중구
1004-F,중부소방서,중구
5-1,"중앙시장,골드테마거리",부산진구
10,"중앙시장,골드테마거리",부산진구
23,"중앙시장,골드테마거리",부산진구
43,"중앙시장,골드테마거리",부산진구
52,"중앙시장,골드테마거리",부산진구
57,"중앙시장,골드테마거리",부산진구
68,"중앙시장,골드테마거리",부산진구
80,"중앙시장,골드테마거리",부산진구
81,"중앙시장,골드테마거리",부산진구
82,"중앙시장,골드테마거리",부산진구
83,"중앙시장,골드테마거리",부산진구
83-1,"중앙시장,골드테마거리",부산진구
99,"중앙시장,골드테마거리",부산진구
108,"중앙시장,골드테마거리",부산진구
111,"중앙시장,골드테마거리",부산진구
138,"중앙시장,골드테마거리",부산진구
167,"중앙시장,골드테마거리",부산진구
1004,"중앙시장,골드테마거리",부산진구
1004-F,"중앙시장,골드테마거리",부산진구
5-1,"중앙시장,골드테마거리",부산진구
10,"중앙시장,골드테마거리",부산진구
23,"중앙시장,골드테마거리",부산진구
38-1,"중앙시장,골드테마거리",부산진구
43,"중앙시장,골드테마거리",부산진구
52,"중앙시장,골드테마거리",부산진구
57,"중앙시장,골드테마거리",부산진구
68,"중앙시장,골드테마거리",부산진구
80,"중앙시장,골드테마거리",부산진구
81,"중앙시장,골드테마거리",부산진구
82,"중앙시장,골드테마거리",부산진구
83,"중앙시장,골드테마거리",부산진구
83-1,"중앙시장,골드테마거리",부산진구
99,"중앙시장,골드테마거리",부산진구
108,"중앙시장,골드테마거리",부산진구
111,"중앙시장,골드테마거리",부산진구
138,"중앙시장,골드테마거리",부산진구
167,"중앙시장,골드테마거리",부산진구
583,"중앙시장,골드테마거리",부산진구
1004,"중앙시장,골드테마거리",부산진구
1004-F,"중앙시장,골드테마거리",부산진구
17,중앙역.부산우체국,중구
26,중앙역.부산우체국,중구
27,중앙역.부산우체국,중구
40,중앙역.부산우체국,중구
41,중앙역.부산우체국,중구
59,중앙역.부산우체국,중구
61,중앙역.부산우체국,중구
81,중앙역.부산우체국,중구
82,중앙역.부산우체국,중구
85,중앙역.부산우체국,중구
87,중앙역.부산우체국,중구
88,중앙역.부산우체국,중구
103,중앙역.부산우체국,중구
134,중앙역.부산우체국,중구
171,중앙역.부산우체국,중구
190,중앙역.부산우체국,중구
508,중앙역.부산우체국,중구
1003,중앙역.부산우체국,중구
2-F,중앙역.부산우체국,중구
1003-F,중앙역.부산우체국,중구
1004-F,중앙역.부산우체국,중구
5-1,중앙역.부산우체국,중구
17,중앙역.부산우체국,중구
26,중앙역.부산우체국,중구
27,중앙역.부산우체국,중구
41,중앙역.부산우체국,중구
59,중앙역.부산우체국,중구
61,중앙역.부산우체국,중구
70,중앙역.부산우체국,중구
82,중앙역.부산우체국,중구
85,중앙역.부산우체국,중구
87,중앙역.부산우체국,중구
88,중앙역.부산우체국,중구
103,중앙역.부산우체국,중구
134,중앙역.부산우체국,중구
171,중앙역.부산우체국,중구
172,중앙역.부산우체국,중구
190,중앙역.부산우체국,중구
508,중앙역.부산우체국,중구
1003,중앙역.부산우체국,중구
2-F,중앙역.부산우체국,중구
1003-F,중앙역.부산우체국,중구
1004-F,중앙역.부산우체국,중구
17,중앙역.중부소방서,중구
26,중앙역.중부소방서,중구
27,중앙역.중부소방서,중구
40,중앙역.중부소방서,중구
41,중앙역.중부소방서,중구
59,중앙역.중부소방서,중구
61,중앙역.중부소방서,중구
81,중앙역.중부소방서,중구
82,중앙역.중부소방서,중구
85,중앙역.중부소방서,중구
87,중앙역.중부소방서,중구
88,중앙역.중부소방서,중구
88-1,중앙역.중부소방서,중구
101,중앙역.중부소방서,중구
103,중앙역.중부소방서,중구
134,중앙역.중부소방서,중구
171,중앙역.중부소방서,중구
190,중앙역.중부소방서,중구
508,중앙역.중부소방서,중구
1003,중앙역.중부소방서,중구
1004,중앙역.중부소방서,중구
2-F,중앙역.중부소방서,중구
1003-F,중앙역.중부소방서,중구
1004-F,중앙역.중부소방서,중구
17,초량역.초량교차로,동구
26,초량역.초량교차로,동구
27,초량역.초량교차로,동구
40,초량역.초량교차로,동구
41,초량역.초량교차로,동구
43,초량역.초량교차로,동구
59,초량역.초량교차로,동구
61,초량역.초량교차로,동구
67,초량역.초량교차로,동구
81,초량역.초량교차로,동구
82,초량역.초량교차로,동구
85,초량역.초량교차로,동구
88,초량역.초량교차로,동구
101,초량역.초량교차로,동구
134,초량역.초량교차로,동구
167,초량역.초량교차로,동구
168,초량역.초량교차로,동구
1001,초량역.초량교차로,동구
1003,초량역.초량교차로,동구
1004,초량역.초량교차로,동구
1003-F,초량역.초량교차로,동구
1004-F,초량역.초량교차로,동구
17,초량역.초량교차로,동구
26,초량역.초량교차로,동구
27,초량역.초량교차로,동구
40,초량역.초량교차로,동구
41,초량역.초량교차로,동구
43,초량역.초량교차로,동구
59,초량역.초량교차로,동구
61,초량역.초량교차로,동구
67,초량역.초량교차로,동구
81,초량역.초량교차로,동구
82,초량역.초량교차로,동구
85,초량역.초량교차로,동구
88,초량역.초량교차로,동구
101,초량역.초량교차로,동구
134,초량역.초량교차로,동구
167,초량역.초량교차로,동구
168,초량역.초량교차로,동구
1001,초량역.초량교차로,동구
1003,초량역.초량교차로,동구
1004,초량역.초량교차로,동구
1003-F,초량역.초량교차로,동구
1004-F,초량역.초량교차로,동구
연제구6,망미삼성아파트후문,수영구
동구1-1,범일역,동구
동구1-1,범일역,동구
동구1-1,부산진시장,동구
동구1-1,부산진시장,동구
강서구7,부산현대미술관,사하구
강서구9-1,부산현대미술관,사하구
강서구12,부산현대미술관,사하구
강서구12-1,부산현대미술관,사하구
강서구13,부산현대미술관,사하구
강서구15,부산현대미술관,사하구
강서구15-1,부산현대미술관,사하구
강서구20,부산현대미술관,사하구
강서구21,부산현대미술관,사하구
동구1-1,중앙시장.골드테마거리,부산진구
37,동해선월내역,기장군
180,동해선월내역,기장군
37,동해선월내역,기장군
180,동해선월내역,기장군
37,동해선좌천역,기장군
37,동해선좌천역,기장군
182,동해선좌천역,기장군
182,동해선좌천역,기장군
187,동해선좌천역,기장군
187,동해선좌천역,기장군
188,동해선좌천역,기장군
188,동해선좌천역,기장군
302,동해선좌천역,기장군
302,동해선좌천역,기장군
3008,동해선좌천역,기장군
3008,동해선좌천역,기장군
3008-F,동해선좌천역,기장군
3008-F,동해선좌천역,기장군
연제구2,강약국,연제구
연제구2,수녀원,연제구
106,해운대수목원,해운대구
107,해운대수목원,해운대구
106,해운대수목원,해운대구
107,해운대수목원,해운대구
강서구8-1,국회부산도서관입구,강서구
강서구8-1,국회부산도서관입구,강서구
북구2,남산정역2번출구,북구
기장군8,동해선좌천역,기장군
기장군8,동해선좌천역,기장군
기장군57,동해선좌천역,기장군
남구3,배정중학교,남구
해운대구3-1,센텀누리아파트,해운대구
연제구2,이완주정형외과,연제구
연제구2,대영주차장,연제구
연제구2,케이티앤지부산본부,연제구
중구1,덕산아파트,서구
중구1,덕산아파트,서구
3005,국회부산도서관입구,강서구
55,지사산단입구,강서구
55,지사산단입구,강서구
3005,지사산단입구,강서구
3007,지사산단입구,강서구
연제구1,연제도서관,연제구
5-1,연제도서관입구.연산더샵,연제구
20,연제도서관입구.연산더샵,연제구
57,연제도서관입구.연산더샵,연제구
62,연제도서관입구.연산더샵,연제구
63,연제도서관입구.연산더샵,연제구
131,연제도서관입구.연산더샵,연제구
141,연제도서관입구.연산더샵,연제구
141-F,연제도서관입구.연산더샵,연제구
33-1,만덕초등학교,북구
31,송정종점,해운대구
307,송정종점,해운대구
31,송정종점,해운대구
307,송정종점,해운대구
31,신도중.신도고등학교,해운대구
31,신도중.신도고등학교,해운대구
31,좌3동행정복지센터,해운대구
31,좌3동행정복지센터,해운대구
31,중동역,해운대구
31,중동역,해운대구
금정구6,뉴그린105동,금정구
금정구6,뉴그린105동,금정구
해운대구3-1,롯데백화점.센텀시티6번출구,해운대구
해운대구3-2,롯데백화점.센텀시티6번출구,해운대구
금정구6,서동초등학교,금정구
금정구6,서동초등학교,금정구
강서구12-1,한국석유관리원영남본부,강서구
강서구12-1,한국석유관리원영남본부,강서구
해운대구7,벽산아파트,해운대구
해운대구7,영남아파트,해운대구
강서구8,스마트빌리지,강서구
강서구8-1,스마트빌리지,강서구
강서구15,스마트빌리지,강서구
강서구15-1,스마트빌리지,강서구
강서구8,스마트빌리지,강서구
강서구8-1,스마트빌리지,강서구
강서구15,스마트빌리지,강서구
강서구15-1,스마트빌리지,강서구
3,명지환승센터,강서구
58-2,명지환승센터,강서구
109,명지환승센터,강서구
124,명지환승센터,강서구
128-1,명지환승센터,강서구
172,명지환승센터,강서구
520,명지환승센터,강서구
3002,명지환승센터,강서구
3005,명지환승센터,강서구
181,웨이브리즈아파트,기장군
181,웨이브리즈아파트,기장군
수영구2-1,e편한세상광안비치,수영구
해운대구3,동부지청,해운대구
수영구2-1,롯데캐슬아파트,수영구
수영구2-1,롯데캐슬아파트,수영구
수영구2-1,민락공영주차장,수영구
수영구2-1,민락수변공원,수영구
수영구2-1,민락수변공원,수영구
수영구2-1,센텀비치푸르지오,수영구
수영구2-1,센텀비치푸르지오,수영구
수영구2-1,수영만아이파크,수영구
수영구2-1,수영만아이파크,수영구
수영구2-1,신세계센텀시티,해운대구
수영구2-1,신세계센텀시티,해운대구
수영구2-1,오션테라스3단지,수영구
수영구2-1,오션테라스4단지,수영구
강서구19,운수사입구,사상구
수영구2-1,진로비치2단지,수영구
영도구5,동삼시장,영도구
사상구2-1,좋은삼선병원,사상구
사상구2-2,좋은삼선병원,사상구
17,서면역.롯데호텔백화점,부산진구
23,서면역.롯데호텔백화점,부산진구
31,서면역.롯데호텔백화점,부산진구
33,서면역.롯데호텔백화점,부산진구
62,서면역.롯데호텔백화점,부산진구
63,서면역.롯데호텔백화점,부산진구
67,서면역.롯데호텔백화점,부산진구
68,서면역.롯데호텔백화점,부산진구
77,서면역.롯데호텔백화점,부산진구
81,서면역.롯데호텔백화점,부산진구
85,서면역.롯데호텔백화점,부산진구
87,서면역.롯데호텔백화점,부산진구
108,서면역.롯데호텔백화점,부산진구
110-1,서면역.롯데호텔백화점,부산진구
129-1,서면역.롯데호텔백화점,부산진구
133-1,서면역.롯데호텔백화점,부산진구
138,서면역.롯데호텔백화점,부산진구
138-1,서면역.롯데호텔백화점,부산진구
141,서면역.롯데호텔백화점,부산진구
160,서면역.롯데호텔백화점,부산진구
169-1,서면역.롯데호텔백화점,부산진구
1004,서면역.롯데호텔백화점,부산진구
141-F,서면역.롯데호텔백화점,부산진구
1004-F,서면역.롯데호텔백화점,부산진구
23,부산진우체국(가야1치안센터),부산진구
31,부산진우체국(가야1치안센터),부산진구
33,부산진우체국(가야1치안센터),부산진구
59,부산진우체국(가야1치안센터),부산진구
61,부산진우체국(가야1치안센터),부산진구
62,부산진우체국(가야1치안센터),부산진구
67,부산진우체국(가야1치안센터),부산진구
68,부산진우체국(가야1치안센터),부산진구
77,부산진우체국(가야1치안센터),부산진구
108,부산진우체국(가야1치안센터),부산진구
133-1,부산진우체국(가야1치안센터),부산진구
138,부산진우체국(가야1치안센터),부산진구
186,부산진우체국(가야1치안센터),부산진구
1004,부산진우체국(가야1치안센터),부산진구
3002,부산진우체국(가야1치안센터),부산진구
1004-F,부산진우체국(가야1치안센터),부산진구
23,부산진우체국(가야1치안센터),부산진구
31,부산진우체국(가야1치안센터),부산진구
33,부산진우체국(가야1치안센터),부산진구
59,부산진우체국(가야1치안센터),부산진구
61,부산진우체국(가야1치안센터),부산진구
62,부산진우체국(가야1치안센터),부산진구
67,부산진우체국(가야1치안센터),부산진구
68,부산진우체국(가야1치안센터),부산진구
77,부산진우체국(가야1치안센터),부산진구
108,부산진우체국(가야1치안센터),부산진구
133,부산진우체국(가야1치안센터),부산진구
138,부산진우체국(가야1치안센터),부산진구
186,부산진우체국(가야1치안센터),부산진구
1004,부산진우체국(가야1치안센터),부산진구
3002,부산진우체국(가야1치안센터),부산진구
1004-F,부산진우체국(가야1치안센터),부산진구
17,서면역.롯데호텔백화점,부산진구
23,서면역.롯데호텔백화점,부산진구
31,서면역.롯데호텔백화점,부산진구
33,서면역.롯데호텔백화점,부산진구
62,서면역.롯데호텔백화점,부산진구
68,서면역.롯데호텔백화점,부산진구
77,서면역.롯데호텔백화점,부산진구
87,서면역.롯데호텔백화점,부산진구
106,서면역.롯데호텔백화점,부산진구
108,서면역.롯데호텔백화점,부산진구
110-1,서면역.롯데호텔백화점,부산진구
129-1,서면역.롯데호텔백화점,부산진구
138,서면역.롯데호텔백화점,부산진구
141,서면역.롯데호텔백화점,부산진구
1004,서면역.롯데호텔백화점,부산진구
3002,서면역.롯데호텔백화점,부산진구
141-F,서면역.롯데호텔백화점,부산진구
1004-F,서면역.롯데호텔백화점,부산진구
31,가야역,부산진구
33,가야역,부산진구
59,가야역,부산진구
61,가야역,부산진구
62,가야역,부산진구
67,가야역,부산진구
68,가야역,부산진구
77,가야역,부산진구
108,가야역,부산진구
110-1,가야역,부산진구
133-1,가야역,부산진구
138,가야역,부산진구
186,가야역,부산진구
1004,가야역,부산진구
3002,가야역,부산진구
1004-F,가야역,부산진구
31,가야역,부산진구
33,가야역,부산진구
59,가야역,부산진구
61,가야역,부산진구
62,가야역,부산진구
67,가야역,부산진구
68,가야역,부산진구
77,가야역,부산진구
108,가야역,부산진구
110-1,가야역,부산진구
133,가야역,부산진구
138,가야역,부산진구
186,가야역,부산진구
1004,가야역,부산진구
3002,가야역,부산진구
1004-F,가야역,부산진구
31,개금삼거리.개금골목시장,부산진구
33,개금삼거리.개금골목시장,부산진구
59,개금삼거리.개금골목시장,부산진구
61,개금삼거리.개금골목시장,부산진구
62,개금삼거리.개금골목시장,부산진구
68,개금삼거리.개금골목시장,부산진구
77,개금삼거리.개금골목시장,부산진구
108,개금삼거리.개금골목시장,부산진구
133,개금삼거리.개금골목시장,부산진구
138,개금삼거리.개금골목시장,부산진구
186,개금삼거리.개금골목시장,부산진구
1004-F,개금삼거리.개금골목시장,부산진구
31,개금역,부산진구
33,개금역,부산진구
59,개금역,부산진구
61,개금역,부산진구
62,개금역,부산진구
68,개금역,부산진구
77,개금역,부산진구
108,개금역,부산진구
133-1,개금역,부산진구
138,개금역,부산진구
186,개금역,부산진구
3002,개금역,부산진구
1004-F,개금역,부산진구
31,개금역,부산진구
33,개금역,부산진구
59,개금역,부산진구
61,개금역,부산진구
62,개금역,부산진구
68,개금역,부산진구
77,개금역,부산진구
108,개금역,부산진구
133,개금역,부산진구
138,개금역,부산진구
186,개금역,부산진구
3002,개금역,부산진구
1004-F,개금역,부산진구
31,냉정고개,부산진구
33,냉정고개,부산진구
59,냉정고개,부산진구
61,냉정고개,부산진구
62,냉정고개,부산진구
68,냉정고개,부산진구
77,냉정고개,부산진구
108,냉정고개,부산진구
138,냉정고개,부산진구
138-1,냉정고개,부산진구
160,냉정고개,부산진구
168,냉정고개,부산진구
169,냉정고개,부산진구
186,냉정고개,부산진구
1004-F,냉정고개,부산진구
31,냉정고개,부산진구
33,냉정고개,부산진구
59,냉정고개,부산진구
61,냉정고개,부산진구
62,냉정고개,부산진구
68,냉정고개,부산진구
77,냉정고개,부산진구
108,냉정고개,부산진구
138,냉정고개,부산진구
138-1,냉정고개,부산진구
160,냉정고개,부산진구
168,냉정고개,부산진구
169,냉정고개,부산진구
186,냉정고개,부산진구
1004-F,냉정고개,부산진구
31,냉정역.동서대경남정보대,사상구
33,냉정역.동서대경남정보대,사상구
59,냉정역.동서대경남정보대,사상구
61,냉정역.동서대경남정보대,사상구
62,냉정역.동서대경남정보대,사상구
68,냉정역.동서대경남정보대,사상구
77,냉정역.동서대경남정보대,사상구
108,냉정역.동서대경남정보대,사상구
138,냉정역.동서대경남정보대,사상구
138-1,냉정역.동서대경남정보대,사상구
160,냉정역.동서대경남정보대,사상구
168,냉정역.동서대경남정보대,사상구
169,냉정역.동서대경남정보대,사상구
186,냉정역.동서대경남정보대,사상구
3002,냉정역.동서대경남정보대,사상구
1004-F,냉정역.동서대경남정보대,사상구
31,냉정역.동서대경남정보대,사상구
33,냉정역.동서대경남정보대,사상구
59,냉정역.동서대경남정보대,사상구
61,냉정역.동서대경남정보대,사상구
62,냉정역.동서대경남정보대,사상구
68,냉정역.동서대경남정보대,사상구
77,냉정역.동서대경남정보대,사상구
108,냉정역.동서대경남정보대,사상구
138,냉정역.동서대경남정보대,사상구
138-1,냉정역.동서대경남정보대,사상구
160,냉정역.동서대경남정보대,사상구
168,냉정역.동서대경남정보대,사상구
169,냉정역.동서대경남정보대,사상구
186,냉정역.동서대경남정보대,사상구
3002,냉정역.동서대경남정보대,사상구
1004-F,냉정역.동서대경남정보대,사상구
31,동의대역,부산진구
33,동의대역,부산진구
59,동의대역,부산진구
61,동의대역,부산진구
62,동의대역,부산진구
67,동의대역,부산진구
68,동의대역,부산진구
77,동의대역,부산진구
108,동의대역,부산진구
133-1,동의대역,부산진구
138,동의대역,부산진구
186,동의대역,부산진구
3002,동의대역,부산진구
1004-F,동의대역,부산진구
31,동의대역,부산진구
33,동의대역,부산진구
59,동의대역,부산진구
61,동의대역,부산진구
62,동의대역,부산진구
68,동의대역,부산진구
77,동의대역,부산진구
108,동의대역,부산진구
133,동의대역,부산진구
138,동의대역,부산진구
186,동의대역,부산진구
3002,동의대역,부산진구
1004-F,동의대역,부산진구
31,부암역,부산진구
33,부암역,부산진구
62,부암역,부산진구
67,부암역,부산진구
68,부암역,부산진구
77,부암역,부산진구
85,부암역,부산진구
87,부암역,부산진구
108,부암역,부산진구
110-1,부암역,부산진구
133-1,부암역,부산진구
138,부암역,부산진구
1004,부암역,부산진구
3002,부암역,부산진구
1004-F,부암역,부산진구
31,부암역,부산진구
33,부암역,부산진구
62,부암역,부산진구
67,부암역,부산진구
68,부암역,부산진구
77,부암역,부산진구
108,부암역,부산진구
110-1,부암역,부산진구
133,부암역,부산진구
138,부암역,부산진구
1004,부암역,부산진구
3002,부암역,부산진구
1004-F,부암역,부산진구
31,좋은삼선병원,사상구
33,좋은삼선병원,사상구
59,좋은삼선병원,사상구
61,좋은삼선병원,사상구
62,좋은삼선병원,사상구
68,좋은삼선병원,사상구
77,좋은삼선병원,사상구
108,좋은삼선병원,사상구
138,좋은삼선병원,사상구
138-1,좋은삼선병원,사상구
160,좋은삼선병원,사상구
168,좋은삼선병원,사상구
169,좋은삼선병원,사상구
186,좋은삼선병원,사상구
1004-F,좋은삼선병원,사상구
31,좋은삼선병원,사상구
33,좋은삼선병원,사상구
59,좋은삼선병원,사상구
61,좋은삼선병원,사상구
62,좋은삼선병원,사상구
68,좋은삼선병원,사상구
77,좋은삼선병원,사상구
108,좋은삼선병원,사상구
138,좋은삼선병원,사상구
138-1,좋은삼선병원,사상구
160,좋은삼선병원,사상구
168,좋은삼선병원,사상구
169,좋은삼선병원,사상구
186,좋은삼선병원,사상구
1004-F,좋은삼선병원,사상구
31,주례역,사상구
33,주례역,사상구
59,주례역,사상구
61,주례역,사상구
62,주례역,사상구
68,주례역,사상구
77,주례역,사상구
108,주례역,사상구
138,주례역,사상구
138-1,주례역,사상구
160,주례역,사상구
168,주례역,사상구
169,주례역,사상구
186,주례역,사상구
3002,주례역,사상구
1004-F,주례역,사상구
31,주례역,사상구
33,주례역,사상구
59,주례역,사상구
61,주례역,사상구
62,주례역,사상구
68,주례역,사상구
77,주례역,사상구
108,주례역,사상구
138,주례역,사상구
138-1,주례역,사상구
160,주례역,사상구
168,주례역,사상구
169,주례역,사상구
186,주례역,사상구
3002,주례역,사상구
1004-F,주례역,사상구
59,주례교차로,사상구
77,주례교차로,사상구
108,주례교차로,사상구
138,주례교차로,사상구
3002,주례교차로,사상구
부산진구10-1,냉정고개,부산진구
사상구6,냉정고개,부산진구
부산진구10-1,냉정고개,부산진구
부산진구10-1,냉정역.동서대경남정보대,사상구
부산진구10-1,냉정역.동서대경남정보대,사상구
사상구6,냉정역.동서대경남정보대,사상구
부산진구10-1,좋은삼선병원,사상구
부산진구10-1,좋은삼선병원,사상구
사상구5-1,좋은삼선병원,사상구
사상구5-2,좋은삼선병원,사상구
사상구6,좋은삼선병원,사상구
부산진구10-1,주례역,사상구
부산진구10-1,주례역,사상구
사상구3,주례역,사상구
사상구3-1,주례역,사상구
사상구5-2,주례역,사상구
부산진구9,개금삼거리.개금골목시장,부산진구
사상구8-1,개금삼거리.개금골목시장,부산진구
부산진구9,개금역,부산진구
사상구8-1,개금역,부산진구
부산진구9,개금역,부산진구
사상구8-1,개금역,부산진구
부산진구9,동의대역,부산진구
동래구6,반여4동새마을금고,해운대구
동래구6,반여4동새마을금고,해운대구
동래구6,반여4동행정복지센터,해운대구
동래구6,삼어초등학교,해운대구
동래구6,센텀강변현대아파트,해운대구
동래구6,센텀트루엘아파트103동,해운대구
동래구6,센텀트루엘아파트203동,해운대구
동래구6,센텀트루엘아파트203동,해운대구
307,국제화물청사,강서구
사하구1,괴정초등학교 대티역,사하구
사하구1-1,괴정초등학교 대티역,사하구
사하구1,괴정한신더휴101동,사하구
사하구1-1,괴정한신더휴101동,사하구
사하구1,괴정한신더휴상가,사하구
사하구1-1,괴정한신더휴상가,사하구
사하구1,괴정한신더휴상가,사하구
사하구1,대티역 1번출구,사하구
사하구9,동매역6번출구,사하구
사하구1,부산보건대건청관,사하구
사하구1,부산보건대석파문화관,사하구
사하구1,부산보건대체육관,사하구
사하구1,부산보건대학생회관,사하구
사하구9,사하뷰웰아파트,사하구
사하구9,신평초등학교,사하구
사하구9,신평초등학교,사하구
사하구1,참누리아파트입구,사하구
7,천마하늘길,서구
9,천마하늘길,서구
16,천마하늘길,서구
61,천마하늘길,서구
171,천마하늘길,서구
172,천마하늘길,서구
7,천마하늘길,서구
9,천마하늘길,서구
16,천마하늘길,서구
61,천마하늘길,서구
171,천마하늘길,서구
172,천마하늘길,서구
73,정관차고지,기장군
106,정관차고지,기장군
107,정관차고지,기장군
184,정관차고지,기장군
188,정관차고지,기장군
73,정관차고지,기장군
106,정관차고지,기장군
107,정관차고지,기장군
184,정관차고지,기장군
188,정관차고지,기장군
31,해운대보훈회관,해운대구
31,해운대세무서,해운대구
59,e편한세상서면더센트럴,부산진구
61,e편한세상서면더센트럴,부산진구
85,e편한세상서면더센트럴,부산진구
186,e편한세상서면더센트럴,부산진구
사하구2-1,낙동초등학교,사하구
사하구2,낙동초등학교,사하구
기장군57,두명마을,기장군
기장군57,두명마을,기장군
기장군57,두명마을회관,기장군
기장군57,솔빛공원,기장군
기장군57,솔빛공원,기장군
기장군57,월평교차로,기장군
기장군57,월평교차로,기장군
기장군57,월평마을,기장군
사하구9,하나 부산은행,사하구
사하구9,하나 부산은행,사하구
사하구3-2,경동메르빌아파트,사하구
사하구3-2,동원타워아파트,사하구
사하구3-2,동원타워아파트,사하구
사하구3-2,마실마트,사하구
사하구3-2,새마을금고,사하구
사하구3-2,센텀휴요양병원,사하구
사하구3-2,신세대지큐빌,사하구
사하구3-2,신세대지큐빌,사하구
사하구3-2,영남중학교,사하구
사하구3-2,영남중학교,사하구
사하구3-2,탑마트,사하구
사하구3-2,대동맨션입구,사하구
사하구3-2,현대빌라,사하구
강서구8,더샵퍼스트월드 3단지,강서구
강서구21,더샵퍼스트월드 3단지,강서구
강서구8,더샵퍼스트월드 3단지,강서구
강서구21,더샵퍼스트월드 3단지,강서구
강서구8,명지환승센터,강서구
강서구8-1,명지환승센터,강서구
강서구21,명지환승센터,강서구
강서구22,명지환승센터,강서구
기장군11,서부주공아파트,기장군
기장군11,서부주공아파트,기장군
122,가락동행정복지센터,강서구
122,가락파출소,강서구
122,가락중앙경로당,강서구
122,가락중앙경로당,강서구
171,강동병원앞교차로,사하구
55,강서공영차고지,강서구
58,강서공영차고지,강서구
58-1,강서공영차고지,강서구
58-2,강서공영차고지,강서구
109,강서공영차고지,강서구
124,강서공영차고지,강서구
128-1,강서공영차고지,강서구
171,강서공영차고지,강서구
172,강서공영차고지,강서구
520,강서공영차고지,강서구
3002,강서공영차고지,강서구
3005,강서공영차고지,강서구
3007,강서공영차고지,강서구
55,강서공영차고지,강서구
58,강서공영차고지,강서구
58-1,강서공영차고지,강서구
58-2,강서공영차고지,강서구
109,강서공영차고지,강서구
124,강서공영차고지,강서구
128-1,강서공영차고지,강서구
161,강서공영차고지,강서구
171,강서공영차고지,강서구
172,강서공영차고지,강서구
520,강서공영차고지,강서구
3002,강서공영차고지,강서구
3005,강서공영차고지,강서구
3007,강서공영차고지,강서구
161,강서공영차고지,강서구
55,강진정비,강서구
58-1,강진정비,강서구
55,강진정비,강서구
58-1,강진정비,강서구
58-2,경일고등학교,강서구
58-2,경일고등학교,강서구
124,국민은행명지국제신도시지점,강서구
124,국민은행명지국제신도시지점,강서구
55,국제휠타,강서구
58,국제휠타,강서구
58-1,국제휠타,강서구
55,국제휠타,강서구
58,국제휠타,강서구
58-1,국제휠타,강서구
3005,국회부산도서관입구,강서구
128-1,금강펜테리움202동,강서구
124,금강펜테리움3차.중흥에듀오션,강서구
161,녹산농협,강서구
161,녹산농협,강서구
55,대한제강,강서구
58-1,대한제강,강서구
124,대한제강,강서구
124,더스퀘어,강서구
122,덕계마을입구,강서구
122,덕계마을입구,강서구
55,동아밸브,강서구
58-1,동아밸브,강서구
122,득천사거리,강서구
58-2,명일초등학교,강서구
58-2,명지노인종합복지관,강서구
172,명지더웨스턴아파트,강서구
58-2,명지스위트팰리스,강서구
58-2,명지스위트팰리스,강서구
109,명지철새탐조대,강서구
124,명지철새탐조대,강서구
128-1,명지철새탐조대,강서구
171,명지철새탐조대,강서구
520,명지철새탐조대,강서구
109,명지철새탐조대,강서구
124,명지철새탐조대,강서구
128-1,명지철새탐조대,강서구
171,명지철새탐조대,강서구
520,명지철새탐조대,강서구
124,명지초등학교,강서구
58-2,명지협성휴포레,강서구
58-2,명지협성휴포레,강서구
161,사암마을,강서구
161,사암마을,강서구
161,사암입바위,강서구
161,사암입바위,강서구
161,산양마을입구,강서구
172,삼정그린코아더베스트,강서구
8,서부시외버스터미널(사상역),사상구
161,서부시외버스터미널(사상역),사상구
186,서부시외버스터미널(사상역),사상구
3005,서부시외버스터미널(사상역),사상구
171,성일여자고등하교,사하구
122,송산마을,강서구
122,송산마을,강서구
168,시민공원부설주차장,부산진구
109,신호중학교,강서구
124,신호중학교,강서구
171,신호중학교,강서구
3007,신호중학교,강서구
124,에일린의뜰아파트112동,강서구
124,에일린의뜰아파트112동,강서구
58,우방아이유쉘아파트,강서구
161,우방아이유쉘아파트,강서구
58,우방아이유쉘아파트,강서구
161,우방아이유쉘아파트,강서구
122,죽림삼거리,강서구
128-1,협성휴포레123동,강서구
44,일신차고지 기점,해운대구
52,일신차고지 기점,해운대구
144,일신차고지 기점,해운대구
44,일신차고지 종점,해운대구
52,일신차고지 종점,해운대구
144,일신차고지 종점,해운대구
강서구20,경제자유구역청,강서구
강서구1,성북마을,강서구
강서구20,성북마을,강서구
강서구1,성북마을,강서구
강서구20,성북마을,강서구
북구2,숙등역2번출구,북구
북구9,백양디이스트301동,북구
수영구2-1,민락역,수영구
금정구3,금산빌라,금정구
금정구3,남산역3번출구,금정구
금정구3,범어사역3번출구,금정구
금정구3,부산외국어대학교정문,금정구
금정구3,외성생활관,금정구
133-1,만덕119안전센터,북구
133,만덕119안전센터,북구
133,덕양초등학교,북구
133-1,덕양초등학교,북구
133,럭키아파트후문,북구
133-1,럭키아파트후문,북구
133-1,만덕도서관,북구
133-1,백양초등학교,북구
133-1,부산노인전문병원,북구
133,부산노인전문병원,북구
161,산양마을입구,강서구
58,은산터미널,강서구
161,은산터미널,강서구
58,은산터미널,강서구
161,은산터미널,강서구
96-1,다대포,사하구
338,다대포,사하구
109,동자,강서구
3002,동자,강서구
109,동자,강서구
3002,동자,강서구
109,맥도자연생태공원,강서구
3002,맥도자연생태공원,강서구
109,맥도자연생태공원,강서구
3002,맥도자연생태공원,강서구
58,신평파출소,사하구
113,신평파출소,사하구
138-1,신평파출소,사하구
124,국제신도시교차로,강서구
124,국제신도시교차로,강서구
124,두산위브아파트102동,강서구
124,두산위브아파트102동,강서구
124,명지가온 오션유치원,강서구
124,명지가온 오션유치원,강서구
124,명호중고등학교,강서구
124,명호중고등학교,강서구
124,부산한솔학교,강서구
124,부산한솔학교,강서구
70,삼창파크맨션,영도구
70,에일린의뜰2단지아파트,영도구
124,오션초등학교,강서구
124,오션초등학교,강서구
124,퀸덤링컨아파트201동,강서구
124,한신휴플러스아파트,강서구
124,한신휴플러스아파트,강서구
58-1,해광테크,강서구
58-1,해광테크,강서구
서구2-2,천주교아파트,서구
124,퀸덤링컨아파트201동,강서구
17,데레사여자고등학교,동구
59,데레사여자고등학교,동구
61,데레사여자고등학교,동구
67,데레사여자고등학교,동구
85,데레사여자고등학교,동구
88,데레사여자고등학교,동구
103,데레사여자고등학교,동구
사하구3-2,부산생탁,사하구
사하구3-2,사하정비,사하구
사하구3-2,신장림역,사하구
사하구3-2,신한냉동,사하구
58-1,풍영산업,강서구
8,에덴금호아파트,영도구
17,에덴금호아파트,영도구
30,에덴금호아파트,영도구
101,에덴금호아파트,영도구
190,에덴금호아파트,영도구
10,부산의료원 정문,연제구
33-1,부산의료원 정문,연제구
54,부산의료원 정문,연제구
57,부산의료원 정문,연제구
57,부산의료원 정문,연제구
83-1,부산의료원 정문,연제구
111-1,부산의료원 정문,연제구
210,부산의료원 정문,연제구
기장군57,서편마을회관,기장군
기장군57,서편마을회관,기장군
기장군57,예림마을회관,기장군
기장군57,예림마을회관,기장군
부산진구17,금정시장,동래구
203,삼밭골,금정구
203,삼밭골,금정구
16,하단SK뷰아파트앞,사하구
68,하단SK뷰아파트앞,사하구
126,하단SK뷰아파트앞,사하구
128-1,하단SK뷰아파트앞,사하구
138,하단SK뷰아파트앞,사하구
138-1,하단SK뷰아파트앞,사하구
338,하단SK뷰아파트앞,사하구
강서구8,호반써밋,강서구
강서구8-1,호반써밋,강서구
강서구15,호반써밋,강서구
강서구15-1,호반써밋,강서구
강서구8,호반써밋,강서구
강서구8-1,호반써밋,강서구
강서구15,호반써밋,강서구
강서구15-1,호반써밋,강서구
301,함께하는교회,금정구
182,동부산농협자재센터,기장군
187,동부산농협자재센터,기장군
강서구7-1,강동농협,강서구
강서구1-1,내눌,강서구
강서구1-1,내눌,강서구
강서구1-1,내눌,강서구
강서구1-1,내눌,강서구
강서구7,녹산주민문화회관 앞,강서구
강서구12,녹산주민문화회관 앞,강서구
강서구12-1,녹산주민문화회관 앞,강서구
강서구7,녹산주민문화회관 앞,강서구
강서구12,녹산주민문화회관 앞,강서구
강서구12-1,녹산주민문화회관 앞,강서구
강서구1-1,눌차어촌계,강서구
강서구1-1,눌차어촌계,강서구
강서구1-1,눌차어촌계,강서구
강서구1-1,눌차어촌계,강서구
강서구1-1,눌차입구,강서구
강서구1-1,눌차입구,강서구
강서구1-1,눌차입구,강서구
강서구1-1,눌차입구,강서구
강서구1-1,눌차초등학교,강서구
강서구1-1,눌차초등학교,강서구
강서구1-1,눌차초등학교,강서구
강서구1-1,눌차초등학교,강서구
강서구6,대흥마을,강서구
강서구6,대흥마을,강서구
강서구7-1,대흥마을,강서구
강서구7-1,대흥마을,강서구
강서구7-1,덕계마을입구,강서구
강서구7-2,덕계마을입구,강서구
강서구7-1,덕계마을입구,강서구
강서구7-2,덕계마을입구,강서구
강서구1-1,동선새바지길사거리,강서구
강서구1-1,동선이주단지,강서구
강서구1-1,동선이주단지,강서구
강서구7-1,득천사거리,강서구
강서구7-2,득천사거리,강서구
강서구6,봉림이주단지,강서구
강서구7-1,봉림이주단지,강서구
강서구7-1,봉림이주단지,강서구
강서구1-1,생교,강서구
강서구1-1,생교경로당,강서구
강서구1-1,외눌,강서구
강서구1-1,외눌,강서구
강서구1-1,외눌,강서구
강서구1-1,외눌,강서구
강서구1-1,정거,강서구
강서구1-1,정거,강서구
강서구7-1,죽림,강서구
강서구7-1,죽림,강서구
강서구1-1,천가교입구,강서구
강서구1-1,천가교입구,강서구
강서구1-1,천가교입구,강서구
강서구1-1,천가교입구,강서구
강서구1-1,천가어린이집,강서구
강서구7,태야공원,강서구
강서구12-1,태야공원,강서구
강서구7,태야공원,강서구
강서구12-1,태야공원,강서구
강서구1-1,향월마을회관,강서구
강서구1-1,향월마을회관,강서구
강서구1-1,향월마을회관,강서구
강서구1-1,향월마을회관,강서구
강서구16,송정동회관,강서구
강서구16,송정동회관,강서구
강서구16,송정방근입구,강서구
강서구16,송정방근입구,강서구
강서구7,둔치도입구,강서구
강서구6,통전마을회관,강서구
강서구8,더샵퍼스트월드2단지,강서구
강서구8,더샵퍼스트월드2단지,강서구
강서구8,명지1동 행정복지센터,강서구
강서구8-1,명지1동 행정복지센터,강서구
강서구8,명지1동 행정복지센터,강서구
강서구8-1,명지1동 행정복지센터,강서구
강서구8,삼정그린코아더베스트,강서구
강서구8-1,삼정그린코아더베스트,강서구
강서구8,대방노블랜드아파트,강서구
강서구21,대방노블랜드아파트,강서구
강서구8,호반베르디움아파트,강서구
강서구21,호반베르디움아파트,강서구
강서구8,명지더웨스턴아파트,강서구
강서구8-1,명지더웨스턴아파트,강서구
강서구1,외양포,강서구
강서구1,외양포,강서구
강서구1,외양포주차장,강서구
강서구1,외양포주차장,강서구
강서구1,두문지구,강서구
강서구1,두문지구,강서구
강서구7,동앙이엠텍,강서구
강서구12,동앙이엠텍,강서구
강서구7,동앙이엠텍,강서구
강서구12,동앙이엠텍,강서구
강서구7-2,하나은행(미음공단지점),강서구
강서구12,하나은행(미음공단지점),강서구
강서구7-2,LG CNS,강서구
강서구12,LG CNS,강서구
강서구7-2,LG CNS,강서구
강서구12,LG CNS,강서구
강서구7-2,경동,강서구
강서구12,경동,강서구
강서구7-2,경동,강서구
강서구12,경동,강서구
강서구7-2,우성전기,강서구
강서구7-2,우성전기,강서구
강서구7-2,조선해양기자재회관,강서구
강서구7-2,조선해양기자재회관,강서구
강서구7-2,강진산업,강서구
강서구7-2,강진산업,강서구
강서구7-2,DJF,강서구
강서구7-2,DJF,강서구
강서구7-2,DSK,강서구
강서구7-2,DSK,강서구
강서구7-2,탑동,강서구
강서구7-2,탑동,강서구
강서구7-2,렛츠런파크정문,강서구
강서구7-2,렛츠런파크정문,강서구
강서구8,에코델타 수자인,강서구
강서구8-1,에코델타 수자인,강서구
강서구15,에코델타 수자인,강서구
강서구15-1,에코델타 수자인,강서구
강서구8,에코델타 수자인,강서구
강서구8-1,에코델타 수자인,강서구
강서구15,에코델타 수자인,강서구
강서구15-1,에코델타 수자인,강서구
강서구11,서부산유통지구역,강서구
강서구11,금호마을,강서구
강서구11,금호마을,강서구
강서구11,득천사거리,강서구
강서구12,가유부산2공장,강서구
강서구12,가유부산2공장,강서구
강서구8-1,명지대방노블랜드2차,강서구
강서구21,명지대방노블랜드2차,강서구
강서구8-1,경일중학교,강서구
강서구21,경일중학교,강서구
강서구1,두문입구,강서구
강서구1,두문입구,강서구
강서구1,두문입구,강서구
강서구1,두문입구,강서구
강서구9,서번산업,강서구
강서구9,서번산업,강서구
강서구22,맥도길입구,강서구
강서구22,맥도길입구,강서구
강서구22,송백마을,강서구
강서구22,송백마을,강서구
강서구22,동협구판장,강서구
강서구22,동협구판장,강서구
강서구22,동협마을회관,강서구
강서구22,동협마을회관,강서구
강서구22,배영초등학교,강서구
강서구22,배영초등학교,강서구
강서구22,맥도,강서구
강서구22,맥도,강서구
강서구22,등구마을,강서구
강서구22,등구마을,강서구
강서구22,칠점마을회관,강서구
강서구22,칠점마을회관,강서구
139,동해선일광역광장,기장군
강서구1-1,눌차입구,강서구
강서구1-1,눌차입구,강서구
186,아르떼뮤지엄·미창석유,영도구
181,센텀파크앞 교차로,해운대구
사상구6,부전도서관,부산진구
사상구6,서면부속상가,부산진구
사상구6,서면부속상가,부산진구
사상구6,이마트문현점,남구
해운대구7,백병원사거리,해운대구
해운대구7,백병원사거리,해운대구
7,흰여울문화마을,영도구
70,흰여울문화마을,영도구
71,흰여울문화마을,영도구
508,흰여울문화마을,영도구
3003,흰여울문화마을,영도구
3008,기장군국민체육센터,기장군
3008-F,기장군국민체육센터,기장군
3008,기장군국민체육센터,기장군
3008-F,기장군국민체육센터,기장군
3008,좌천시장,기장군
3008-F,좌천시장,기장군
3008,좌천시장,기장군
3008-F,좌천시장,기장군
남구5,범2호교,부산진구
남구3,성지고등학교,남구
33-1,(구)만덕로입구,북구
46,(구)만덕로입구,북구
23,우암도서관,남구
26,우암도서관,남구
68,우암도서관,남구
134,우암도서관,남구
138-1,우암도서관,남구
168,우암도서관,남구
기장군8,동부산농협자재센터,기장군
강서구7-1,양덕초교,북구
강서구7-1,청유탕,북구
강서구7-1,구포당숲,북구
강서구7-1,구포시장동문,북구
강서구7-1,리버파크반도유보라아파트,북구
강서구7-1,구포당숲앞,북구
강서구7-1,삼경장미아파트,북구
강서구7-1,용주사,북구
강서구7-1,경혜여고,북구
38,청강리공영차고지,기장군
40,청강리공영차고지,기장군
63,청강리공영차고지,기장군
100,청강리공영차고지,기장군
182,청강리공영차고지,기장군
185,청강리공영차고지,기장군
200,청강리공영차고지,기장군
1001,청강리공영차고지,기장군
3006,청강리공영차고지,기장군
남구6,자유5차아파트,남구
기장군57,부산추모공원,기장군
기장군57,부산추모공원,기장군
북구2,기비골아파트106동,북구
동래구1-1,온천장역,동래구
동래구1-1,온천장역,동래구
동래구1-1,르메이에르아파트,동래구
동래구1-1,온천장새마을금고,동래구
동래구1-1,온천제일교회,동래구
동래구1-1,한아름아파트,동래구
동래구1-1,래미안3단지입구,동래구
동래구1-1,온천프라자,동래구
동래구1-1,부산전자공고,동래구
동래구1-1,롯데백화점,동래구
동래구1-1,부산전자공고,동래구
동래구1-1,온천프라자,동래구
동래구1-1,부산인재평생교육진흥원,동래구
동래구1-1,한아름아파트,동래구
동래구1-1,래미안3단지입구,동래구
동래구1-1,온천장새마을금고,동래구
동래구1-1,르메이에르아파트,동래구
동래구1-1,홈플러스,동래구
동래구1-1,온천제일교회,동래구
동래구1-1,롯데백화점.명륜역,동래구
동래구1-1,부산인재평생교육진흥원,동래구
동래구1-1,허심청,동래구
동래구1-1,허심청,동래구
동래구1-1,래미안1단지,동래구
사하구9,캐나다영사관,사하구
사하구9,부산지식산업센터,사하구
사하구3,장림두산위브아파트,사하구
139,동해선일광역광장,기장군
203,래미안포레스티지 1단지,금정구
203,래미안포레스티지 1단지,금정구
동구1,광명사입구,동구
동구1-1,광명사입구,동구
동구1-1,대양산업·하버시티,동구
동래구7,롯데백화점동래점,동래구
연제구3,거제여중입구,연제구
122,"대저중앙초등학교,가락중학교",강서구
122,"대저중앙초등학교,가락중학교",강서구
61,감천2동삼거리,사하구
61,감천2동삼거리,사하구
61,감천문화마을.부산교육역사관,사하구
61,감천문화마을.부산교육역사관,사하구
122,강서경찰서,강서구
122,강서경찰서,강서구
122,남광정밀,강서구
122,남광정밀,강서구
61,대성사,서구
61,대성사,서구
122,에코델타시티입구,강서구
122,에코델타시티입구,강서구
122,득천,강서구
122,득천,강서구
122,득천사거리,강서구
122,상곡,강서구
122,상곡,강서구
122,상곡정미소,강서구
122,상곡정미소,강서구
122,중곡,강서구
122,중곡,강서구
122,한양수자인,강서구
122,한양수자인,강서구
122,현대슈퍼,강서구
122,현대슈퍼,강서구
122,호반써밋,강서구
122,호반써밋,강서구
사하구3,장림역,사하구
사하구3,구평자유아파트,사하구
사하구3,한신휴플러스아파트,사하구
사하구3,대동중고등학교 정문,사하구
사하구3,대동중고등학교 입구,사하구
사하구3,대동중고등학교 입구,사하구
강서구16,송정,강서구
강서구16,송정,강서구
강서구16,성고개,강서구
강서구16,성고개,강서구
강서구16,산양마을,강서구
강서구16,산양마을,강서구
강서구9,신호사암파크골프장,강서구
179,부산콘서트홀,부산진구
506,부산콘서트홀,부산진구
109,명지시장,강서구
서구2-2,남포동,중구
서구2-2,남포동,중구
서구2-2,남포역.옛시청교차로,중구
서구2-2,남포역.옛시청교차로,중구
서구2-2,부산데파트,중구
서구2-2,부산데파트,중구
서구2-2,부산역,동구
서구2-2,부산역,동구
사하구1-1,세리골입구,사하구
서구2-2,영주동,중구
서구2-2,영주동,중구
서구2-2,자갈치역.비프광장,중구
서구2-2,자갈치역.비프광장,중구
사하구1-1,정원사 참누리아파트,사하구
서구2-2,중앙역.부산우체국,중구
서구2-2,중앙역.부산우체국,중구
서구2-2,중앙역.중부소방서,중구
서구2-2,중부소방서,중구
사하구1-1,협진신태양아파트,사하구
3005,서부시외버스터미널.사상역,사상구
10,부산의료원정문,연제구
33-1,부산의료원정문,연제구
54,부산의료원정문,연제구
83-1,부산의료원정문,연제구
111-1,부산의료원정문,연제구
210,부산의료원정문,연제구
남구2,대연파크푸르지오,남구
남구6,대연파크푸르지오,남구
강서구7,화진피에프,강서구
강서구12-1,화진피에프,강서구
강서구7,화진피에프,강서구
강서구12-1,화진피에프,강서구
금정구2-1,구 신천교 앞,금정구
사하구3,구평자유아파트,사하구
금정구2-1,금정구민운동장입구,금정구
금정구2-1,금정구민운동장입구,금정구
금정구2-1,웰빙주말농장 입구,금정구
금정구2-1,웰빙주말농장 입구,금정구
사하구1-1,정원사 참누리아파트,사하구
강서구8,대저중앙초.가락중,강서구
강서구8-1,대저중앙초.가락중,강서구
강서구15,대저중앙초.가락중,강서구
강서구15-1,대저중앙초.가락중,강서구
강서구8,대저중앙초.가락중,강서구
강서구8-1,대저중앙초.가락중,강서구
강서구15,대저중앙초.가락중,강서구
강서구15-1,대저중앙초.가락중,강서구
강서구8,"에코델타이편한세상,푸르지오",강서구
강서구8-1,"에코델타이편한세상,푸르지오",강서구
강서구15,"에코델타이편한세상,푸르지오",강서구
강서구15-1,"에코델타이편한세상,푸르지오",강서구
강서구8,"에코델타이편한세상,푸르지오",강서구
강서구8-1,"에코델타이편한세상,푸르지오",강서구
강서구15,"에코델타이편한세상,푸르지오",강서구
강서구15-1,"에코델타이편한세상,푸르지오",강서구
사하구3,삼경아파트정문,사하구
사하구3,삼경아파트정문,사하구
사하구3-2,신장림역하나병원,사하구
67,상수도사상가압장,사상구
108,상수도사상가압장,사상구
123,상수도사상가압장,사상구
123,상수도사상가압장,사상구
171,신평시장,사하구
3001,신평시장,사하구
122,"에코델타e편한세상,푸르지오",강서구
122,"에코델타e편한세상,푸르지오",강서구
38-1,부산진초등학교,부산진구
38-1,조선통신사역사관,동구
38-1,조선통신사역사관,동구
99,조선통신사역사관,동구
101,문현여자고등학교,남구
138,문현여자고등학교,남구
101,문현여자고등학교,남구
138,문현여자고등학교,남구
59,범천2동주민센터.견우공원,부산진구
61,범천2동주민센터.견우공원,부산진구
85,범천2동주민센터.견우공원,부산진구
186,범천2동주민센터.견우공원,부산진구
59,범천2동주민센터.견우공원,부산진구
61,범천2동주민센터.견우공원,부산진구
85,범천2동주민센터.견우공원,부산진구
186,범천2동주민센터.견우공원,부산진구
29,안창삼거리,동구
134,토성역.아미동입구,서구
190,토성역.아미동입구,서구
금정구3-1,함께하는교회,금정구
금정구6,회동동(반여동 방면),금정구
사하구3-1,다대대우아파트,사하구
사하구3-1,다대대우아파트,사하구
사하구3-1,다선중학교,사하구
사하구3-1,중현초등학교,사하구
사하구3-1,중현초등학교,사하구
105,건설안전시험사업소,금정구
184,건설안전시험사업소,금정구
105,회동석대산단,금정구
184,회동석대산단,금정구
105,회동석대산단,금정구
184,회동석대산단,금정구
해운대구1,그린파크아파트,해운대구
해운대구1,그린파크아파트,해운대구
해운대구1,그린파크아파트입구,해운대구
해운대구1,그린파크아파트입구,해운대구
해운대구1,더샵센텀그린,해운대구
해운대구1,반산초등학교,해운대구
해운대구1,반여2동,해운대구
해운대구1,반여2동,해운대구
해운대구1,반여2동,해운대구
해운대구1,반여2동,해운대구
해운대구1,반여3동,해운대구
해운대구1,반여3동,해운대구
해운대구1,반여3동,해운대구
해운대구1,반여3동,해운대구
해운대구1,반여3동 전통시장입구,해운대구
해운대구1,반여3동 전통시장입구,해운대구
해운대구1,반여3동 행정복지센터,해운대구
해운대구1,반여3동 행정복지센터,해운대구
해운대구1,반여도서관,해운대구
해운대구1,반여도서관,해운대구
해운대구1,반여시장,해운대구
해운대구1,반여시장입구,해운대구
해운대구1,부산환경체험교육관,해운대구
해운대구1,부산환경체험교육관,해운대구
해운대구1,수협장산지점,해운대구
해운대구1,수협장산지점,해운대구
해운대구1,수협장산지점,해운대구
해운대구1,수협장산지점,해운대구
해운대구1,해운대구건강생활지원센터,해운대구
해운대구3,해운대구건강생활지원센터,해운대구
해운대구1,해운대구건강생활지원센터,해운대구
해운대구1,재송삼익아파트,해운대구
해운대구1,초록공원입구,해운대구
해운대구1,초록공원입구,해운대구
해운대구1,현대아파트,해운대구
해운대구1,현대아파트,해운대구
88,백양산 서희스타힐스,부산진구
동래구7,동래3차SK뷰정문,동래구
동래구7,동래3차SK뷰후문,동래구
금정구5,김민정갤러리,금정구
금정구7,생활과학관,금정구
사하구3-1,다대포해수욕장역,사하구
사상구1-1,모라벽산아파트 관리사무소,사상구
금정구6,부산예원고등학교(반여동방향),금정구
1004,모라주공3.4단지,사상구
부산진구7,동의고등학교,부산진구
부산진구7,동의과학대학교,부산진구
금정구2-1,범어사역,금정구
100,오시리아관광단지 입구,기장군
181,오시리아관광단지 입구,기장군
185,오시리아관광단지 입구,기장군
100,오시리아관광단지 입구,기장군
181,오시리아관광단지 입구,기장군
185,오시리아관광단지 입구,기장군
강서구8,강서초등학교,강서구
강서구8-1,강서초등학교,강서구
강서구15,강서초등학교,강서구
강서구15-1,강서초등학교,강서구
강서구8,강서초등학교,강서구
강서구8-1,강서초등학교,강서구
강서구15,강서초등학교,강서구
강서구15-1,강서초등학교,강서구
강서구8,에코델타더베르힐.중흥,강서구
강서구8-1,에코델타더베르힐.중흥,강서구
강서구15,에코델타더베르힐.중흥,강서구
강서구15-1,에코델타더베르힐.중흥,강서구
강서구8,에코델타더베르힐.중흥,강서구
강서구8-1,에코델타더베르힐.중흥,강서구
강서구15,에코델타더베르힐.중흥,강서구
강서구15-1,에코델타더베르힐.중흥,강서구
강서구15,에코델타푸르지오.더베르힐,강서구
강서구15,에코델타푸르지오.더베르힐,강서구
61,구감,사하구
61,구감,사하구
88,용사촌입구,부산진구
해운대구2,블루라인파크,해운대구
해운대구7,블루라인파크,해운대구
해운대구2,블루라인파크,해운대구
해운대구7,블루라인파크,해운대구
북구6,구포역,북구
106,해운대장애인근로사업장,해운대구
107,해운대장애인근로사업장,해운대구
106,해운대장애인근로사업장,해운대구
107,해운대장애인근로사업장,해운대구
동래구3,동래전화국,동래구
6,남항동,영도구
사상구5-1,동남여객,부산진구
사상구5-1,동남여객,부산진구
67,개금아파트,부산진구
167,개금아파트,부산진구
122,덕포마을,강서구
122,덕포마을,강서구
연제구2,물만골역,연제구
해운대구3-2,센텀IS타워,해운대구
126,삼덕초등학교,사상구
126,삼덕초등학교,사상구
강서구8,디에트르더퍼스트,강서구
강서구8-1,디에트르더퍼스트,강서구
강서구15-1,디에트르더퍼스트,강서구
강서구8,디에트르더퍼스트,강서구
강서구8-1,디에트르더퍼스트,강서구
강서구15-1,디에트르더퍼스트,강서구
101,유엔교차로,남구
101,유엔교차로,남구
9,팽나무공원,사하구
9,팽나무공원,사하구