노선ID,노선번호,정류소순번,정류소명,노드ID
5290515000,부산진구15,12,연학초등학교,163900101
5290515000,부산진구15,32,연학초등학교,163900101
5290515000,부산진구15,11,삼광사,163910301
5290515000,부산진구15,31,삼광사,163910301
5290515000,부산진구15,37,초읍초등학교,163930101
5290515000,부산진구15,38,초읍우신아파트,163950101
5290515000,부산진구15,5,초읍초등학교,163950201
5290515000,부산진구15,4,창신아파트,163960201
5290515000,부산진구15,41,원당골,163970101
5290515000,부산진구15,40,초읍대우아파트,163970102
5290515000,부산진구15,39,초읍중학교,163970103
5290506000,부산진구6,2,동의대학교도서관,163980101
5290506100,부산진구6-1,2,동의대학교도서관,163980101
5290506000,부산진구6,1,동의대학교본관,163980102
5290506100,부산진구6-1,1,동의대학교본관,163980102
5290509000,부산진구9,1,동의대학교본관,163980102
5290506000,부산진구6,4,동의대학교입구,163980103
5290506100,부산진구6-1,4,동의대학교입구,163980103
5290509000,부산진구9,3,동의대학교입구,163980103
5290506000,부산진구6,3,동의대학교자연대학,163980104
5290506100,부산진구6-1,3,동의대학교자연대학,163980104
5290509000,부산진구9,2,동의대학교자연대학,163980104
5200005100,5-1,97,양정역4번출구,164000201
5200020000,20,41,양정역4번출구,164000201
5200057000,57,63,양정역4번출구,164000201
5200062000,62,71,양정역4번출구,164000201
5200063000,63,85,양정역4번출구,164000201
5200141F00,141-F,55,양정역4번출구,164000201
5290507000,부산진구7,7,파리바게뜨,164000202
5290508000,부산진구8,6,파리바게뜨,164000202
5200063000,63,45,백조아파트,164000501
5200131000,131,110,백조아파트,164000501
5200179000,179,29,백조아파트,164000501
5200010000,10,94,하마정,164010101
5200031000,31,110,하마정,164010101
5200043000,43,94,하마정,164010101
5200044000,44,75,하마정,164010101
5200052000,52,78,하마정,164010101
5200077000,77,32,하마정,164010101
5200080000,80,70,하마정,164010101
5200111000,111,68,하마정,164010101
5200129100,129-1,87,하마정,164010101
5200131000,131,111,하마정,164010101
5200506000,506,40,하마정,164010101
5201002F00,1002-F,88,하마정,164010101
5200063000,63,84,백조아파트,164010201
5200131000,131,43,백조아파트,164010201
5200179000,179,63,백조아파트,164010201
5200010000,10,30,하마정,164010301
5200033000,33,12,하마정,164010301
5200043000,43,37,하마정,164010301
5200052000,52,26,하마정,164010301
5200077000,77,77,하마정,164010301
5200080000,80,48,하마정,164010301
5200129100,129-1,35,하마정,164010301
5201002F00,1002-F,77,하마정,164010301
5200033000,33,104,하마정,164010401
5200044000,44,33,하마정,164010401
5200063000,63,46,하마정,164010401
5200179000,179,30,하마정,164010401
5200506000,506,28,하마정,164010401
5200005100,5-1,98,세정고·양정119안전센터,164020101
5200020000,20,42,세정고·양정119안전센터,164020101
5200057000,57,64,세정고·양정119안전센터,164020101
5200062000,62,72,세정고·양정119안전센터,164020101
5200063000,63,86,세정고·양정119안전센터,164020101
5200141F00,141-F,56,세정고·양정119안전센터,164020101
5200033000,33,11,양정현대아파트,164030101
5200044000,44,74,양정현대아파트,164030101
5200063000,63,83,양정현대아파트,164030101
5200131000,131,42,양정현대아파트,164030101
5200179000,179,62,양정현대아파트,164030101
5200506000,506,39,양정현대아파트,164030101
5200033000,33,105,정묘사,164030301
5200044000,44,34,정묘사,164030301
5200063000,63,47,정묘사,164030301
5200179000,179,31,정묘사,164030301
5200506000,506,29,정묘사,164030301
5200033000,33,106,화인아파트,164030302
5200044000,44,35,화인아파트,164030302
5200063000,63,48,화인아파트,164030302
5200168000,168,50,화인아파트,164030302
5200179000,179,32,화인아파트,164030302
5200033000,33,9,화인아파트,164040101
5200044000,44,72,화인아파트,164040101
5200063000,63,81,화인아파트,164040101
5200179000,179,60,화인아파트,164040101
5200506000,506,37,화인아파트,164040101
5200033000,33,10,정묘사,164040102
5200044000,44,73,정묘사,164040102
5200063000,63,82,정묘사,164040102
5200179000,179,61,정묘사,164040102
5200506000,506,38,정묘사,164040102
5290513000,부산진구13,3,화인아파트,164040103
5200033000,33,107,부산시민공원,164040201
5200044000,44,36,부산시민공원,164040201
5200063000,63,49,부산시민공원,164040201
5200168000,168,51,부산시민공원,164040201
5200179000,179,33,부산시민공원,164040201
5290511000,부산진구11,43,양정자이더샵SK뷰,164080101
5290508000,부산진구8,8,부산진여자고등학교,164080201
5290507000,부산진구7,8,동의의료원사거리,164080301
5290511000,부산진구11,4,동의의료원사거리,164080301
5290508000,부산진구8,4,양정성당,164080302
5200005100,5-1,90,범내골역.상공회의소,164090201
5200010000,10,87,범내골역.상공회의소,164090201
5200029000,29,82,범내골역.상공회의소,164090201
5200043000,43,87,범내골역.상공회의소,164090201
5200057000,57,56,범내골역.상공회의소,164090201
5200067000,67,77,범내골역.상공회의소,164090201
5200080000,80,63,범내골역.상공회의소,164090201
5200103000,103,110,범내골역.상공회의소,164090201
5200111000,111,61,범내골역.상공회의소,164090201
5200038000,38,105,범내골역.상공회의소,164090202
5200082000,82,36,범내골역.상공회의소,164090202
5290301100,동구1-1,10,범내골역,164090401
5290301000,동구1,13,범내골역,164090501
5200067000,67,17,범내골역,164100302
5200005100,5-1,91,지오플레이스,164160301
5200010000,10,88,지오플레이스,164160301
5200029000,29,83,지오플레이스,164160301
5200043000,43,88,지오플레이스,164160301
5200057000,57,57,지오플레이스,164160301
5200067000,67,78,지오플레이스,164160301
5200080000,80,64,지오플레이스,164160301
5200082000,82,50,지오플레이스,164160301
5200103000,103,111,지오플레이스,164160301
5200111000,111,62,지오플레이스,164160301
5290502000,부산진구2,1,부전역,164170201
5200020000,20,33,전포초등학교,164170301
5200024000,24,32,전포초등학교,164170301
5200083100,83-1,33,전포초등학교,164170301
5200088000,88,39,전포초등학교,164170301
5200167000,167,67,전포초등학교,164170301
5290511000,부산진구11,25,부전역,164170501
5290513000,부산진구13,12,부전역,164170501
5290511000,부산진구11,26,부전시장,164170502
5290513000,부산진구13,13,부전시장,164170502
5200010000,10,93,양정대원칸타빌,164190101
5200031000,31,109,양정대원칸타빌,164190101
5200033000,33,102,양정대원칸타빌,164190101
5200043000,43,93,양정대원칸타빌,164190101
5200052000,52,77,양정대원칸타빌,164190101
5200077000,77,31,양정대원칸타빌,164190101
5200080000,80,69,양정대원칸타빌,164190101
5200111000,111,67,양정대원칸타빌,164190101
5200129100,129-1,86,양정대원칸타빌,164190101
5201002F00,1002-F,87,양정대원칸타빌,164190101
5290513000,부산진구13,16,대원칸타빌아파트,164190102
5200022000,22,79,자유.평화시장,164200201
5200027000,27,56,자유.평화시장,164200201
5200038100,38-1,53,자유.평화시장,164200201
5200040000,40,96,자유.평화시장,164200201
5200042000,42,62,자유.평화시장,164200201
5200057000,57,50,자유.평화시장,164200201
5200068000,68,86,자유.평화시장,164200201
5200080000,80,57,자유.평화시장,164200201
5200083100,83-1,83,자유.평화시장,164200201
5200099000,99,32,자유.평화시장,164200201
5200101000,101,33,자유.평화시장,164200201
5200111000,111,55,자유.평화시장,164200201
5200134000,134,82,자유.평화시장,164200201
5290703000,남구3,27,범일역,164200202
5290705000,남구5,37,범일역,164200202
5290301100,동구1-1,29,좋은문화병원,164220202
5200038000,38,106,성북초등학교,164240201
5200082000,82,37,성북초등학교,164240201
5200583000,583,36,성북초등학교,164240201
5290512000,부산진구12,33,성북초등학교,164240202
5291506000,사상구6,38,성북초등학교,164240202
5200024000,24,36,문전교차로,164240301
5200138100,138-1,62,문전교차로,164240301
5200024000,24,37,국제금융센터.부산은행역,164240302
5200138100,138-1,63,국제금융센터.부산은행역,164240302
5290512000,부산진구12,29,지오플레이스,164240401
5291506000,사상구6,33,지오플레이스,164240401
5200005100,5-1,92,경남공고,164260501
5200010000,10,89,경남공고,164260501
5200029000,29,84,경남공고,164260501
5200043000,43,89,경남공고,164260501
5200054000,54,63,경남공고,164260501
5200057000,57,58,경남공고,164260501
5200080000,80,65,경남공고,164260501
5200103000,103,112,경남공고,164260501
5200111000,111,63,경남공고,164260501
5200133000,133,57,경남공고,164260501
5200085000,85,45,경남공고(전포역),164270101
5200138100,138-1,99,경남공고(전포역),164270101
5290512000,부산진구12,24,부산은행(전포역),164280101
5291506000,사상구6,28,부산은행(전포역),164280101
5290512000,부산진구12,25,전포1동주민센터,164280102
5291506000,사상구6,29,전포1동주민센터,164280102
5200024000,24,35,경남공고(전포역),164280201
5200133000,133,55,경남공고(전포역),164280201
5200138100,138-1,61,경남공고(전포역),164280201
5290512000,부산진구12,18,부전도서관,164280301
5200085000,85,46,전포사거리,164280401
5200138100,138-1,100,전포사거리,164280401
5290512000,부산진구12,15,동성고등학교,164290102
5291506000,사상구6,90,동성고등학교,164290102
5290512000,부산진구12,16,부산진여자중학교,164290103
5291506000,사상구6,91,부산진여자중학교,164290103
5200082000,82,38,부산마케팅고등학교,164290301
5290512000,부산진구12,34,부산마케팅고등학교,164290302
5291506000,사상구6,39,부산마케팅고등학교,164290302
5200038000,38,51,성북초등학교,164290401
5200054000,54,61,성북초등학교,164290401
5200082000,82,49,성북초등학교,164290401
5200085000,85,44,성북초등학교,164290401
5200160000,160,52,성북초등학교,164290401
5200583000,583,22,성북초등학교,164290401
5290512000,부산진구12,28,성북초등학교,164290402
5291506000,사상구6,32,성북초등학교,164290402
5200024000,24,29,지오플레이스,164290501
5200038000,38,52,지오플레이스,164290501
5200054000,54,62,지오플레이스,164290501
5200133000,133,56,지오플레이스,164290501
5200160000,160,53,지오플레이스,164290501
5200583000,583,23,지오플레이스,164290501
5200020000,20,35,경남공고,164300201
5200169100,169-1,49,경남공고,164300201
5201002F00,1002-F,82,경남공고,164300201
5290512000,부산진구12,19,경남공업고등학교,164300202
5200005100,5-1,93,부전도서관,164300401
5200010000,10,90,부전도서관,164300401
5200029000,29,85,부전도서관,164300401
5200043000,43,90,부전도서관,164300401
5200054000,54,64,부전도서관,164300401
5200057000,57,59,부전도서관,164300401
5200080000,80,66,부전도서관,164300401
5200103000,103,113,부전도서관,164300401
5200111000,111,64,부전도서관,164300401
5200133000,133,58,부전도서관,164300401
5200054000,54,60,동성고교,164310101
5200085000,85,43,동성고교,164310101
5200160000,160,51,동성고교,164310101
5290512000,부산진구12,27,동성고등학교,164310102
5291506000,사상구6,31,동성고등학교,164310102
5290512000,부산진구12,26,부산진여자중학교,164310103
5291506000,사상구6,30,부산진여자중학교,164310103
5290512000,부산진구12,17,전포1동주민센터,164310202
5291506000,사상구6,92,전포1동주민센터,164310202
5200085000,85,41,전포카페거리,164320101
5200160000,160,49,전포카페거리,164320101
5200024000,24,34,전포사거리,164320201
5200133000,133,54,전포사거리,164320201
5200138100,138-1,60,전포사거리,164320201
5200085000,85,47,부산진소방서,164320301
5200138100,138-1,101,부산진소방서,164320301
5290511000,부산진구11,23,(구)NC서면점,164320302
5290512100,부산진구12-1,16,(구)NC서면점,164320302
5290511000,부산진구11,22,전포사거리,164320303
5200054000,54,59,부산진여자중학교,164330101
5200085000,85,42,부산진여자중학교,164330101
5200160000,160,50,부산진여자중학교,164330101
5200024000,24,33,NC서면점,164340101
5200085000,85,40,NC서면점,164340101
5200133000,133,53,NC서면점,164340101
5200138100,138-1,59,NC서면점,164340101
5200160000,160,48,NC서면점,164340101
5290512000,부산진구12,23,(구)NC서면점,164340102
5290512100,부산진구12-1,20,(구)NC서면점,164340102
5291506000,사상구6,27,(구)NC서면점,164340102
5200020000,20,34,부전도서관,164340201
5200169100,169-1,48,부전도서관,164340201
5201002F00,1002-F,81,부전도서관,164340201
5200010000,10,91,전포초등학교,164340401
5200029000,29,86,전포초등학교,164340401
5200043000,43,91,전포초등학교,164340401
5200080000,80,67,전포초등학교,164340401
5200111000,111,65,전포초등학교,164340401
5200005100,5-1,94,전포초등학교,164340402
5200057000,57,60,전포초등학교,164340402
5290511000,부산진구11,24,전포초등학교,164340403
5200054000,54,57,전포어린이놀이터,164350201
5290502000,부산진구2,3,전포어린이놀이터,164350202
5290502000,부산진구2,17,전포초등학교,164350401
5200083000,83,26,부전시장,164360101
5200083000,83,27,동해선부전역,164360102
5200054000,54,54,부전시장입구,164360201
5200063000,63,63,부전시장입구,164360201
5200081000,81,12,부전시장입구,164360201
5200083100,83-1,78,부전시장입구,164360201
5200088000,88,78,부전시장입구,164360201
5200103000,103,11,부전시장입구,164360201
5200133100,133-1,12,부전시장입구,164360201
5200167000,167,28,부전시장입구,164360201
5291506000,사상구6,25,국민은행,164360202
5291506000,사상구6,24,부전시장,164360203
5290515000,부산진구15,24,부전시장,164360401
5291506000,사상구6,96,부전시장,164360401
5290511000,부산진구11,27,부산시민공원,164370101
5200083000,83,28,부전역,164370201
5200010000,10,31,양정대원칸타빌,164390201
5200031000,31,47,양정대원칸타빌,164390201
5200033000,33,13,양정대원칸타빌,164390201
5200043000,43,38,양정대원칸타빌,164390201
5200052000,52,27,양정대원칸타빌,164390201
5200077000,77,78,양정대원칸타빌,164390201
5200080000,80,49,양정대원칸타빌,164390201
5200111000,111,47,양정대원칸타빌,164390201
5200129100,129-1,36,양정대원칸타빌,164390201
5201002F00,1002-F,78,양정대원칸타빌,164390201
5290513000,부산진구13,10,대원칸타빌아파트,164390202
5290513000,부산진구13,18,현대아파트209동,164390401
5290513000,부산진구13,17,현대아파트213동,164390402
5200054000,54,58,전포카페거리,164400201
5290502000,부산진구2,16,전포어린이놀이터,164400302
5200054000,54,66,부전시장입구,164420501
5200083100,83-1,35,부전시장입구,164420501
5200088000,88,41,부전시장입구,164420501
5200103000,103,115,부전시장입구,164420501
5200133000,133,60,부전시장입구,164420501
5200167000,167,69,부전시장입구,164420501
5200085000,85,39,서면부속상가,164450101
5200133000,133,52,서면부속상가,164450101
5200138100,138-1,58,서면부속상가,164450101
5200160000,160,47,서면부속상가,164450101
5200169100,169-1,47,서면부속상가,164450101
5290507000,부산진구7,5,(구)양정육교,164460102
5290507000,부산진구7,6,양정역,164460103
5290511000,부산진구11,20,롯데캐슬,164490301
5290512000,부산진구12,21,쥬디스태화,164520103
5290511000,부산진구11,40,부산여자대학교정문,164530101
5290512000,부산진구12,46,부산여자대학교정문,164530101
5290512100,부산진구12-1,34,부산여자대학교정문,164530101
5290511000,부산진구11,39,성모여자고등학교,164530102
5290512000,부산진구12,3,동의과학대사거리,164530501
5290512100,부산진구12-1,3,동의과학대사거리,164530501
5290511000,부산진구11,9,양정하이츠아파트,164530502
5290512000,부산진구12,4,양정하이츠아파트,164530502
5290512100,부산진구12-1,4,양정하이츠아파트,164530502
5290511000,부산진구11,42,양정성당,164540102
5290507000,부산진구7,9,양정성당,164540201
5290511000,부산진구11,5,양정성당,164540201
5290507000,부산진구7,10,부산진여자상업고등학교,164540202
5290511000,부산진구11,6,부산진여자상업고등학교,164540202
5290508000,부산진구8,9,동의의료원,164550101
5290508000,부산진구8,2,부산진여자고등학교,164550201
5290508000,부산진구8,3,양정자이더샵SK뷰2.3단지,164550202
5200082000,82,39,전포고개,164560101
5290512000,부산진구12,35,전포고개,164560103
5291506000,사상구6,40,전포고개,164560103
5290512000,부산진구12,36,전포삼거리,164560104
5291506000,사상구6,41,전포삼거리,164560104
5200082000,82,48,부산마케팅고등학교,164560201
5290512000,부산진구12,14,부산마케팅고등학교,164560202
5291506000,사상구6,89,부산마케팅고등학교,164560202
5200082000,82,40,전포삼거리,164570101
5200082000,82,41,전포아파트,164570102
5290512000,부산진구12,37,전포아파트,164570103
5290512100,부산진구12-1,25,전포아파트,164570103
5291506000,사상구6,44,문현현대2차아파트,164570201
5291506000,사상구6,43,전포보람어린이집,164570202
5291506000,사상구6,42,남부산교회,164570203
5200082000,82,46,전포삼거리,164570301
5200082000,82,47,전포고개,164570302
5290512000,부산진구12,13,전포고개,164570303
5291506000,사상구6,88,전포고개,164570303
5290512000,부산진구12,12,전포삼거리,164570304
5291506000,사상구6,87,전포삼거리,164570304
5200082000,82,45,전포아파트,164580201
5290512000,부산진구12,11,전포아파트,164580202
5290512100,부산진구12-1,11,전포아파트,164580202
5200082000,82,42,파티마의원,164580301
5290502000,부산진구2,12,파티마의원,164580401
5290512000,부산진구12,38,파티마의원,164580401
5290512100,부산진구12-1,26,파티마의원,164580401
5290512000,부산진구12,39,협성아파트,164580402
5290512100,부산진구12-1,27,협성아파트,164580402
5290515000,부산진구15,20,부전시장입구,164600201
5290515000,부산진구15,21,영광도서,164600202
5200106000,106,56,네오스포,164620301
5203002000,3002,25,네오스포,164620301
5200106000,106,57,부암역.부산도시공사,164620303
5200083000,83,24,서면역.롯데호텔백화점,164630302
5290515000,부산진구15,22,롯데호텔백화점.서면역,164630304
5291506000,사상구6,95,롯데호텔백화점.서면역,164630304
5200067000,67,14,서면시장,164640301
5200067000,67,15,서면복개로,164650201
5200583000,583,26,롯데호텔백화점.서면역,164650301
5200038100,38-1,51,"서면,광무교",164670201
5200067000,67,16,"서면,광무교",164670201
5290301000,동구1,12,서면유림노르웨이숲,164670202
5200106000,106,55,부산진초등학교,164670301
5200583000,583,24,부산진초등학교,164670501
5200583000,583,25,서면1번가,164670502
5290512000,부산진구12,22,서면역,164680201
5290301000,동구1,11,부산진초등학교,164690101
5200059000,59,52,경남아파트,164690201
5200061000,61,28,경남아파트,164690201
5200085000,85,55,경남아파트,164690201
5200186000,186,92,경남아파트,164690201
5200059000,59,86,신암,164690301
5200061000,61,108,신암,164690301
5200085000,85,33,신암,164690301
5200186000,186,54,신암,164690301
5200059000,59,87,CBS방송국,164690302
5200061000,61,109,CBS방송국,164690302
5200085000,85,34,CBS방송국,164690302
5200186000,186,55,CBS방송국,164690302
5200063000,63,66,부산진구청후문,164700401
5200067000,67,13,서면역.롯데호텔백화점,164710101
5200085000,85,38,서면역.롯데호텔백화점,164710101
5200133000,133,51,서면역.롯데호텔백화점,164710101
5200138100,138-1,57,서면역.롯데호텔백화점,164710101
5200160000,160,46,서면역.롯데호텔백화점,164710101
5200169100,169-1,46,서면역.롯데호텔백화점,164710101
5290515000,부산진구15,23,부산진경찰서,164710401
5200131000,131,45,부산시청.시청역,164720101
5200141000,141,67,부산시청.시청역,164720101
5290512000,부산진구12,20,더샵센트럴스타,164730201
5290508000,부산진구8,7,양정자이더샵SK뷰2.3단지,164770201
5200005100,5-1,48,양정역6번출구,164820301
5200020000,20,29,양정역6번출구,164820301
5200057000,57,41,양정역6번출구,164820301
5200062000,62,19,양정역6번출구,164820301
5200063000,63,44,양정역6번출구,164820301
5200141F00,141-F,34,양정역6번출구,164820301
5290511000,부산진구11,28,한신아파트,164920101
5290511000,부산진구11,29,새마을금고,164920102
5200054000,54,56,롯데캐슬스카이,164920201
5290513000,부산진구13,14,항도중학교,164920301
5290511000,부산진구11,21,적십자회관,164930301
5290511000,부산진구11,19,한신아파트,164940201
5290511000,부산진구11,18,새마을금고,164940202
5290511000,부산진구11,30,천지탕,164960202
5290511000,부산진구11,17,천지탕,164970202
5290502000,부산진구2,4,만호빌라,165020201
5290502000,부산진구2,5,기와집,165020202
5290502000,부산진구2,15,영화약국,165040201
5200082000,82,44,파티마의원,165060201
5290512000,부산진구12,10,파티마의원,165090301
5290512100,부산진구12-1,10,파티마의원,165090301
5290512000,부산진구12,9,협성아파트,165090302
5290512100,부산진구12-1,9,협성아파트,165090302
5290502000,부산진구2,6,전홍빌라,165090402
5290502000,부산진구2,13,전홍빌라,165090402
5290502000,부산진구2,7,대동아파트,165090403
5290507000,부산진구7,4,양정사진관,165120201
5290507000,부산진구7,13,동의과학대학교,165130101
5290507000,부산진구7,3,성모여자고등학교,165130201
5290508000,부산진구8,1,동의의료원,165190101
5290508000,부산진구8,5,양정역,165220201
5200167000,167,21,동평유치원,165240101
5200169000,169,10,부암3동행정복지센터,165240201
5200167000,167,77,협성피닉스,165240301
5200169000,169,111,협성피닉스,165240301
5200169000,169,110,부암3동행정복지센터,165250301
5200110100,110-1,2,진성아파트,165260101
5200110100,110-1,74,벽산아파트,165260201
5200169000,169,118,기점,165270101
5200088000,88,66,개성고등학교,165270201
5200141000,141,52,개성고등학교,165270201
5200167000,167,16,개성고등학교,165270201
5200088000,88,67,당감백산아파트,165270202
5200141000,141,53,당감백산아파트,165270202
5200167000,167,17,당감백산아파트,165270202
5200169000,169,1,기점,165290101
5200033100,33-1,85,만덕터널입구,165330101
5200046000,46,24,만덕터널입구,165330101
5200033100,33-1,86,개별화물협회,165330102
5200046000,46,25,개별화물협회,165330102
5200051000,51,104,온천장역.CGV동래,165350101
5200100000,100,61,온천장역.CGV동래,165350101
5200110100,110-1,34,온천장역.CGV동래,165350101
5200121000,121,40,온천장역.CGV동래,165350101
5200131000,131,127,온천장역.CGV동래,165350101
5200051000,51,28,온천장역.SK허브스카이,165350201
5200080000,80,29,온천장역.SK허브스카이,165350201
5200100000,100,73,온천장역.SK허브스카이,165350201
5200100100,100-1,61,온천장역.SK허브스카이,165350201
5200110100,110-1,39,온천장역.SK허브스카이,165350201
5200131000,131,24,온천장역.SK허브스카이,165350201
5200183000,183,56,온천장역.SK허브스카이,165350201
5203008000,3008,46,온천장역.SK허브스카이,165350201
5200183F00,183-F,57,온천장역.SK허브스카이,165350201
5203008F00,3008-F,47,온천장역.SK허브스카이,165350201
5200080000,80,87,식물원입구,165350301
5200100100,100-1,48,식물원입구,165350301
5200203000,203,19,온천시장(목욕타운),165350302
5200049000,49,31,온천입구,165390401
5200050000,50,40,온천입구,165390401
5200051000,51,30,온천입구,165390401
5200100000,100,75,온천입구,165390401
5200110100,110-1,44,온천입구,165390401
5200179000,179,17,온천입구,165390401
5200049000,49,32,동래구노인복지관,165390403
5200050000,50,41,동래구노인복지관,165390403
5200100000,100,76,동래구노인복지관,165390403
5200051000,51,31,동래구노인복지관,165390404
5200110100,110-1,45,동래구노인복지관,165390404
5200179000,179,18,동래구노인복지관,165390404
5201002000,1002,40,동래구노인복지관,165390404
5290607000,동래구7,6,온천장입구,165390601
5200080000,80,86,온천장역.SK허브스카이,165400101
5200100100,100-1,47,온천장역.SK허브스카이,165400101
5200203000,203,18,온천장역.SK허브스카이,165400101
5200031000,31,31,동래한전,165430302
5200036000,36,65,동래한전,165430302
5200042000,42,93,동래한전,165430302
5200043000,43,21,동래한전,165430302
5200044000,44,13,동래한전,165430302
5200052000,52,13,동래한전,165430302
5200144000,144,16,동래한전,165430302
5200200000,200,42,동래한전,165430302
5200307000,307,28,동래한전,165430302
5200506000,506,12,동래한전,165430302
5201002000,1002,65,동래한전,165430302
5200031000,31,124,부산원동역,165440103
5200036000,36,84,부산원동역,165440103
5200043000,43,108,부산원동역,165440103
5200044000,44,93,부산원동역,165440103
5200052000,52,91,부산원동역,165440103
5200144000,144,49,부산원동역,165440103
5200155000,155,18,부산원동역,165440103
5200189100,189-1,60,부산원동역,165440103
5200200000,200,89,부산원동역,165440103
5200042000,42,19,뜨란채아파트,165440201
5200189100,189-1,38,뜨란채아파트,165440201
5200200000,200,86,뜨란채아파트,165440201
5200307000,307,92,뜨란채아파트,165440201
5290606000,동래구6,41,우성아파트,165450101
5200100000,100,56,복산동행정복지센터,165450401
5200110100,110-1,29,복산동행정복지센터,165450401
5290601000,동래구1,43,복산동행정복지센터,165450402
5290601100,동래구1-1,23,복산동행정복지센터,165450402
5290603000,동래구3,20,복산동행정복지센터,165450402
5290606100,동래구6-1,25,복산동행정복지센터,165450402
5290601000,동래구1,44,현대아파트.명륜아이파크,165450403
5290601100,동래구1-1,24,현대아파트.명륜아이파크,165450403
5290603000,동래구3,21,현대아파트.명륜아이파크,165450403
5290606100,동래구6-1,26,현대아파트.명륜아이파크,165450403
5290606000,동래구6,42,무량사,165460101
5290606000,동래구6,28,우성아파트,165460301
5200100100,100-1,44,롯데백화점동래점.명륜역,165500101
5200111100,111-1,15,명륜역,165500201
5200144000,144,24,명륜역,165500201
5200189000,189,65,명륜역,165500201
5203008000,3008,50,명륜역,165500201
5200183F00,183-F,50,명륜역,165500201
5203008F00,3008-F,51,명륜역,165500201
5200077000,77,40,롯데백화점동래점.명륜역,165500501
5200121000,121,36,롯데백화점동래점.명륜역,165500501
5200210000,210,83,롯데백화점동래점.명륜역,165500501
5290603000,동래구3,27,롯데백화점동래점,165500502
5200189000,189,66,온천장,165510101
5200100100,100-1,64,명륜역,165510201
5200111100,111-1,73,명륜역,165510201
5200144000,144,40,명륜역,165510201
5200189000,189,32,명륜역,165510201
5203008000,3008,48,명륜역,165510201
5200183F00,183-F,60,명륜역,165510201
5203008F00,3008-F,49,명륜역,165510201
5290606000,동래구6,57,(구)수정약국,165530202
5290607000,동래구7,24,(구)수정약국,165530202
5200155000,155,16,안락2동수협,165530301
5200506000,506,10,안락2동수협,165530301
5200155000,155,109,충렬초등학교,165540101
5200506000,506,56,안락SK2차아파트,165540201
5200506000,506,57,센텀SK뷰아파트,165540202
5290606000,동래구6,58,안락SK현대아파트,165540203
5290606100,동래구6-1,50,안락SK현대아파트,165540203
5290607000,동래구7,25,안락SK현대아파트,165540203
5290602000,동래구2,33,동래구보훈회관,165560201
5290602000,동래구2,31,삼성가든아파트,165560202
5290602000,동래구2,32,새동래3차아파트,165560203
5200029000,29,53,세병교,165560301
5200051000,51,36,세병교,165560301
5200052000,52,19,세병교,165560301
5200179000,179,23,세병교,165560301
5200029000,29,96,동래경찰서.수안역,165560401
5200050000,50,72,동래경찰서.수안역,165560401
5200051000,51,97,동래경찰서.수안역,165560401
5200052000,52,85,동래경찰서.수안역,165560401
5200179000,179,71,동래경찰서.수안역,165560401
5290602000,동래구2,18,동래경찰서,165560402
5200029000,29,99,충렬사역.서원시장,165590101
5200042000,42,95,충렬사역.서원시장,165590101
5200099000,99,54,충렬사역.서원시장,165590101
5200105000,105,15,충렬사역.서원시장,165590101
5200106000,106,68,충렬사역.서원시장,165590101
5200129100,129-1,99,충렬사역.서원시장,165590101
5200148000,148,89,충렬사역.서원시장,165590101
5200183F00,183-F,67,충렬사역.서원시장,165590101
5200029000,29,98,낙민역.동래고등학교,165600202
5200049000,49,37,낙민역.동래고등학교,165600202
5200052000,52,87,낙민역.동래고등학교,165600202
5200057000,57,20,낙민역.동래고등학교,165600202
5200100000,100,81,낙민역.동래고등학교,165600202
5200110100,110-1,50,낙민역.동래고등학교,165600202
5200129100,129-1,98,낙민역.동래고등학교,165600202
5200148000,148,88,낙민역.동래고등학교,165600202
5200210000,210,31,낙민역.동래고등학교,165600202
5200183F00,183-F,66,낙민역.동래고등학교,165600202
5200100000,100,54,동래시장정문,165610101
5200110100,110-1,27,동래시장정문,165610101
5200100000,100,55,동래구청,165610102
5200110100,110-1,28,동래구청,165610102
5290606000,동래구6,51,서원시장,165620201
5290607000,동래구7,18,서원시장,165620201
5290606000,동래구6,19,충렬사후문,165620401
5290601100,동래구1-1,35,금강공원,165630102
5290601100,동래구1-1,37,온천119안전센터,165630103
5290601100,동래구1-1,36,해양자연사박물관,165630104
5200010000,10,100,화신아파트,165640301
5200189000,189,55,화신아파트,165640301
5200031000,31,116,부전교회,165640401
5200043000,43,100,부전교회,165640401
5200077000,77,38,부전교회,165640401
5200100100,100-1,42,부전교회,165640401
5200129100,129-1,93,부전교회,165640401
5200506000,506,46,부전교회,165640401
5290517000,부산진구17,24,부전교회,165640402
5200010000,10,22,부전교회,165650201
5200031000,31,39,부전교회,165650201
5200043000,43,29,부전교회,165650201
5200077000,77,69,부전교회,165650201
5200100100,100-1,68,부전교회,165650201
5200129100,129-1,27,부전교회,165650201
5200189000,189,44,부전교회,165650201
5200506000,506,20,부전교회,165650201
5290601000,동래구1,15,조양아파트,165670101
5290606100,동래구6-1,43,조양아파트,165670101
5290606000,동래구6,48,국제파크아파트,165670201
5290607000,동래구7,15,국제파크아파트,165670201
5290606000,동래구6,47,조양아파트,165670202
5290601000,동래구1,37,코끼리자연어린이집,165680301
5290606100,동래구6-1,20,코끼리자연어린이집,165680301
5290601000,동래구1,36,학산여자고등학교,165680302
5290606100,동래구6-1,19,학산여자고등학교,165680302
5290601000,동래구1,14,명장초등학교,165680401
5290606000,동래구6,46,명장초등학교,165680401
5290606100,동래구6-1,42,명장초등학교,165680401
5290606000,동래구6,25,코끼리자연어린이집,165680501
5290606000,동래구6,24,학산여자고등학교,165680502
5290601000,동래구1,4,명륜초등학교.동래향교,165720201
5290601100,동래구1-1,18,명륜초등학교.동래향교,165720201
5290606000,동래구6,36,명륜초등학교.동래향교,165720201
5290606100,동래구6-1,33,명륜초등학교.동래향교,165720201
5290601000,동래구1,45,명륜교차로.명륜자이아파트,165720501
5290601100,동래구1-1,26,명륜교차로.명륜자이아파트,165720501
5290602000,동래구2,22,명륜교차로.명륜자이아파트,165720501
5200046000,46,44,동래전화국,165730101
5200049000,49,35,동래전화국,165730101
5200051000,51,34,동래전화국,165730101
5200100000,100,79,동래전화국,165730101
5200110100,110-1,48,동래전화국,165730101
5200127000,127,57,동래전화국,165730101
5200210000,210,29,동래전화국,165730101
5201002000,1002,41,동래전화국,165730101
5200050000,50,44,동래전화국,165730102
5200179000,179,21,동래전화국,165730102
5290602000,동래구2,29,동래전화국,165730103
5200051000,51,35,동래경찰서,165740201
5200179000,179,22,동래경찰서,165740201
5290602000,동래구2,30,동래경찰서,165740202
5200049000,49,81,동래전화국,165750301
5200050000,50,73,동래전화국,165750301
5200051000,51,98,동래전화국,165750301
5200179000,179,72,동래전화국,165750301
5201002000,1002,68,동래전화국,165750301
5200046000,46,41,명륜역.동래중학교,165760201
5200127000,127,54,명륜역.동래중학교,165760201
5200210000,210,26,명륜역.동래중학교,165760201
5290601000,동래구1,2,동래중학교,165760202
5290601100,동래구1-1,16,동래중학교,165760202
5290606000,동래구6,34,동래중학교,165760202
5290606100,동래구6-1,31,동래중학교,165760202
5290602000,동래구2,24,동래구보건소,165760301
5290603000,동래구3,14,동래중학교,165760302
5290517000,부산진구17,25,중앙여자고등학교,165770101
5290602000,동래구2,25,중앙여자고등학교,165770101
5290603000,동래구3,15,중앙여자고등학교,165770101
5290605000,동래구5,23,중앙여자고등학교,165770101
5290608000,동래구8,22,중앙여자고등학교,165770101
5290517000,부산진구17,26,동래역2번출구,165770102
5290602000,동래구2,27,동래역2번출구,165770102
5290603000,동래구3,16,동래역2번출구,165770102
5290605000,동래구5,24,동래역2번출구,165770102
5290608000,동래구8,23,동래역2번출구,165770102
5290602000,동래구2,26,동래역4번출구,165770103
5290606000,동래구6,33,동래구보건소,165770301
5290606100,동래구6-1,30,동래구보건소,165770301
5290603000,동래구3,26,동래중학교,165770302
5200031000,31,37,동래역.내성교차로,165780301
5200043000,43,27,동래역.내성교차로,165780301
5200129100,129-1,25,동래역.내성교차로,165780301
5200506000,506,18,동래역.내성교차로,165780301
5200144000,144,22,동래역.내성교차로,165780302
5200210000,210,81,동래역.내성교차로,165780302
5200183F00,183-F,49,동래역.내성교차로,165780302
5290517000,부산진구17,28,동래역환승센터,165780303
5290605000,동래구5,26,동래역환승센터,165780303
5290608000,동래구8,25,동래역환승센터,165780303
5290603000,동래구3,24,동래역4번출구,165790301
5290606000,동래구6,32,동래역4번출구,165790301
5290606100,동래구6-1,29,동래역4번출구,165790301
5290603000,동래구3,25,중앙여자고등학교,165790302
5290605000,동래구5,45,달북초등학교,165800101
5290605000,동래구5,43,사직초등학교앞교차로,165800102
5290608000,동래구8,5,사직초등학교앞교차로,165800102
5290605000,동래구5,44,사직고등학교,165800103
5290608000,동래구8,6,사직고등학교,165800103
5200010000,10,14,사직2동행정복지센터,165800201
5200046000,46,31,사직2동행정복지센터,165800201
5200210000,210,14,사직2동행정복지센터,165800201
5200010000,10,15,삼익아파트,165800202
5200046000,46,32,삼익아파트,165800202
5200210000,210,15,삼익아파트,165800202
5290605000,동래구5,7,사직2동행정복지센터,165800203
5290605000,동래구5,8,삼익아파트후문,165800204
5200010000,10,110,동인고등학교,165800301
5200210000,210,97,동인고등학교,165800301
5200010000,10,108,사직초등학교,165800302
5200210000,210,95,사직초등학교,165800302
5200010000,10,111,사직여고,165800303
5200210000,210,98,사직여고,165800303
5200010000,10,112,원광사,165800304
5200210000,210,99,원광사,165800304
5200010000,10,113,사직여중,165800305
5200210000,210,100,사직여중,165800305
5290608000,동래구8,48,사직중학교,165800403
5290608000,동래구8,46,사직초등학교,165800404
5290608000,동래구8,49,삼정그린코아아파트,165800405
5200010000,10,114,사직119안전센터,165810201
5200210000,210,101,사직119안전센터,165810201
5200010000,10,115,아시아드주경기장,165810202
5200210000,210,102,아시아드주경기장,165810202
5290517000,부산진구17,41,사직119안전센터,165810203
5290517000,부산진구17,42,아시아드주경기장,165810204
5200010000,10,10,사직여중,165810301
5200210000,210,10,사직여중,165810301
5200010000,10,11,사직여고,165810302
5200210000,210,11,사직여고,165810302
5200010000,10,12,사직중학교,165810303
5200210000,210,12,사직중학교,165810303
5200010000,10,13,사직초등학교,165810304
5200210000,210,13,사직초등학교,165810304
5200051000,51,101,동래구노인복지관,165820101
5200100000,100,58,동래구노인복지관,165820101
5200110100,110-1,31,동래구노인복지관,165820101
5200049000,49,84,동래구노인복지관,165820102
5200050000,50,76,동래구노인복지관,165820102
5200179000,179,75,동래구노인복지관,165820102
5201002000,1002,69,동래구노인복지관,165820102
5200049000,49,85,온천입구,165820103
5200050000,50,77,온천입구,165820103
5200051000,51,102,온천입구,165820103
5200100000,100,59,온천입구,165820103
5200110100,110-1,32,온천입구,165820103
5200179000,179,76,온천입구,165820103
5200049000,49,33,동래우체국,165820201
5200050000,50,42,동래우체국,165820201
5200100000,100,77,동래우체국,165820201
5200051000,51,32,동래우체국,165820202
5200110100,110-1,46,동래우체국,165820202
5200179000,179,19,동래우체국,165820202
5200029000,29,43,명장정수사업소,165830201
5200042000,42,12,명장정수사업소,165830201
5200099000,99,12,명장정수사업소,165830201
5200105000,105,78,명장정수사업소,165830201
5200106000,106,40,명장정수사업소,165830201
5200129100,129-1,17,명장정수사업소,165830201
5200148000,148,26,명장정수사업소,165830201
5200155000,155,10,명장정수사업소,165830201
5200183000,183,41,명장정수사업소,165830201
5200183F00,183-F,41,명장정수사업소,165830201
5290601000,동래구1,18,동남아파트,165840301
5290601000,동래구1,19,명장2치안센터,165840302
5290601000,동래구1,20,성지아파트,165840303
5200051000,51,29,온천장,165850201
5200100000,100,74,온천장,165850201
5200100100,100-1,62,온천장,165850201
5200110100,110-1,43,온천장,165850201
5200183000,183,57,온천장,165850201
5203008000,3008,47,온천장,165850201
5200183F00,183-F,58,온천장,165850201
5203008F00,3008-F,48,온천장,165850201
5290607000,동래구7,5,스파쇼핑,165850202
5200077000,77,43,온천장,165850401
5200080000,80,30,온천장,165850401
5200110000,110,43,온천장,165850401
5200110100,110-1,40,온천장,165850401
5200131000,131,25,온천장,165850401
5201002F00,1002-F,103,온천장,165850401
5290607000,동래구7,42,(구)온천극장,165850402
5200077000,77,44,금강원입구,165860101
5200110000,110,44,금강원입구,165860101
5201002F00,1002-F,104,금강원입구,165860101
5200077000,77,45,온천시장,165860102
5200110000,110,45,온천시장,165860102
5201002F00,1002-F,105,온천시장,165860102
5200077000,77,61,금강원입구,165860301
5200080000,80,31,금강원입구,165860301
5200110000,110,61,금강원입구,165860301
5200110100,110-1,41,금강원입구,165860301
5200121000,121,54,금강원입구,165860301
5200131000,131,26,금강원입구,165860301
5201002F00,1002-F,61,금강원입구,165860301
5290607000,동래구7,43,금강공원입구,165860302
5290606000,동래구6,21,국제파크아파트,165870101
5290606000,동래구6,22,조양아파트,165870102
5290606000,동래구6,20,화목아파트,165870103
5290606000,동래구6,49,화목아파트,165870301
5290607000,동래구7,16,화목아파트,165870301
5290606000,동래구6,50,충렬사후문,165880301
5290607000,동래구7,17,충렬사후문,165880301
5200029000,29,100,서원시장,165900201
5200029000,29,101,삼성아파트,165900202
5290606000,동래구6,52,1080안경점,165900203
5290607000,동래구7,19,1080안경점,165900203
5290606000,동래구6,53,삼성아파트,165900204
5290607000,동래구7,20,삼성아파트,165900204
5290606000,동래구6,18,서원시장,165900401
5200086000,86,3,안락경동아파트,165920401
5200210000,210,72,안락경동아파트,165920401
5290602000,동래구2,6,동부산아이존빌아파트,165920402
5290602000,동래구2,5,안락경동아파트,165920403
5200042000,42,91,안남초등학교,165920501
5200189100,189-1,58,안남초등학교,165920501
5200200000,200,87,안남초등학교,165920501
5200307000,307,26,안남초등학교,165920501
5290602000,동래구2,44,안남초등학교,165920502
5200080000,80,82,우장춘기념관,165940201
5290603000,동래구3,11,우장춘기념관,165940202
5200080000,80,35,온샘초등학교,165940301
5290603000,동래구3,33,대동아파트,165940401
5290603000,동래구3,31,래미안101동,165940402
5290603000,동래구3,30,래미안104동,165940403
5290603000,동래구3,32,래미안4단지,165940404
5200033100,33-1,13,효자암,165950101
5200046000,46,63,효자암,165950101
5200033100,33-1,14,만덕터널입구,165950102
5200046000,46,64,만덕터널입구,165950102
5290603000,동래구3,8,대동아파트,165950201
5290603000,동래구3,10,래미안209동,165950202
5290603000,동래구3,9,래미안201동,165950204
5200033100,33-1,87,화신아파트,165950401
5200046000,46,26,화신아파트,165950401
5290608000,동래구8,39,삼협아파트,165950402
5290608000,동래구8,38,화신아파트,165950403
5290603000,동래구3,34,화신아파트,165950501
5200010000,10,21,화신아파트,165960101
5200189000,189,43,화신아파트,165960101
5200010000,10,101,대선주조,165960201
5200189000,189,56,대선주조,165960201
5290517000,부산진구17,35,부산교육대학교후문,165960202
5290517000,부산진구17,34,화신아파트,165960203
5290608000,동래구8,41,경보아파트,165970301
5290608000,동래구8,43,달북초등학교,165970302
5290608000,동래구8,40,동서산장아파트,165970303
5290608000,동래구8,42,삼정그린코아포레스트,165970304
5290608000,동래구8,9,경보아파트,165980101
5290608000,동래구8,7,달북초등학교,165980102
5290608000,동래구8,10,미남교,165980103
5290608000,동래구8,8,삼정그린코아포레스트,165980104
5290605000,동래구5,4,달북초등학교,165980201
5290605000,동래구5,6,사직초등학교앞교차로,165980202
5290608000,동래구8,45,사직초등학교앞교차로,165980202
5290605000,동래구5,5,사직고등학교,165980203
5290608000,동래구8,44,사직고등학교,165980203
5290605000,동래구5,46,온천중학교,165980301
5200110000,110,40,온천초등학교,165990301
5200131000,131,123,온천초등학교,165990301
5200210000,210,24,온천초등학교,165990301
5201002F00,1002-F,100,온천초등학교,165990301
5200100100,100-1,65,롯데백화점동래점,166000201
5200111100,111-1,74,롯데백화점동래점,166000201
5200121000,121,57,롯데백화점동래점,166000201
5200144000,144,41,롯데백화점동래점,166000201
5200189000,189,33,롯데백화점동래점,166000201
5200183F00,183-F,61,롯데백화점동래점,166000201
5290601000,동래구1,48,롯데백화점동래점남문,166000301
5200210000,210,25,롯데백화점동래점,166010201
5200077000,77,63,원예고등학교,166010301
5200080000,80,33,원예고등학교,166010301
5200110000,110,63,원예고등학교,166010301
5200131000,131,28,원예고등학교,166010301
5200210000,210,84,원예고등학교,166010301
5201002F00,1002-F,63,원예고등학교,166010301
5290603000,동래구3,29,우장춘기념관,166010302
5290603000,동래구3,28,유락여자중학교,166010303
5290603000,동래구3,12,유락여자중학교,166020101
5200077000,77,64,온천초등학교,166020201
5200110000,110,64,온천초등학교,166020201
5200131000,131,29,온천초등학교,166020201
5200210000,210,85,온천초등학교,166020201
5201002F00,1002-F,64,온천초등학교,166020201
5200080000,80,34,우장춘기념관,166020301
5200110000,110,39,동래래미안아이파크,166030101
5200131000,131,122,동래래미안아이파크,166030101
5200210000,210,23,동래래미안아이파크,166030101
5200077000,77,65,럭키아파트후문,166030201
5200110000,110,65,동래래미안아이파크,166030301
5200131000,131,30,동래래미안아이파크,166030301
5200210000,210,86,동래래미안아이파크,166030301
5200110000,110,66,럭키아파트,166030302
5200131000,131,31,럭키아파트,166030302
5200210000,210,87,럭키아파트,166030302
5201002F00,1002-F,65,럭키아파트,166030302
5200110000,110,38,럭키아파트,166040101
5200131000,131,121,럭키아파트,166040101
5200210000,210,22,럭키아파트,166040101
5201002F00,1002-F,99,럭키아파트,166040101
5200044000,44,86,동래럭키아파트,166040201
5200050000,50,68,동래럭키아파트,166040201
5200057000,57,16,동래럭키아파트,166040201
5200148000,148,84,동래럭키아파트,166040201
5200200000,200,79,동래럭키아파트,166040201
5200307000,307,85,동래럭키아파트,166040201
5200044000,44,85,광혜병원.미남교차로,166040202
5200046000,46,39,광혜병원.미남교차로,166040202
5200050000,50,67,광혜병원.미남교차로,166040202
5200057000,57,15,광혜병원.미남교차로,166040202
5200111100,111-1,13,광혜병원.미남교차로,166040202
5200121000,121,34,광혜병원.미남교차로,166040202
5200127000,127,52,광혜병원.미남교차로,166040202
5200148000,148,83,광혜병원.미남교차로,166040202
5200189000,189,63,광혜병원.미남교차로,166040202
5200200000,200,78,광혜병원.미남교차로,166040202
5200307000,307,84,광혜병원.미남교차로,166040202
5200077000,77,66,럭키주유소,166060201
5200031000,31,30,안락뜨란채삼거리,166070203
5200036000,36,64,안락뜨란채삼거리,166070203
5200043000,43,20,안락뜨란채삼거리,166070203
5200044000,44,12,안락뜨란채삼거리,166070203
5200052000,52,12,안락뜨란채삼거리,166070203
5200144000,144,15,안락뜨란채삼거리,166070203
5200155000,155,106,안락뜨란채삼거리,166070203
5200200000,200,41,안락뜨란채삼거리,166070203
5200031000,31,29,부산원동역,166070204
5200036000,36,63,부산원동역,166070204
5200043000,43,19,부산원동역,166070204
5200044000,44,11,부산원동역,166070204
5200052000,52,11,부산원동역,166070204
5200144000,144,14,부산원동역,166070204
5200155000,155,105,부산원동역,166070204
5200189100,189-1,37,부산원동역,166070204
5200200000,200,40,부산원동역,166070204
5200029000,29,95,세병교,166100101
5200051000,51,96,세병교,166100101
5200052000,52,84,세병교,166100101
5200179000,179,70,세병교,166100101
5200155000,155,111,명장시장,166110301
5200029000,29,107,협진태양맨션,166130101
5200106000,106,71,협진태양맨션,166130101
5200129100,129-1,103,협진태양맨션,166130101
5200155000,155,115,협진태양맨션,166130101
5200183000,183,67,협진태양맨션,166130101
5200183F00,183-F,71,협진태양맨션,166130101
5200080000,80,28,식물원입구,166140201
5200100100,100-1,60,식물원입구,166140201
5200203000,203,15,온천시장(목욕타운),166140202
5200203000,203,14,경보아파트교차로,166140203
5200077000,77,58,식물원입구,166140301
5200110000,110,58,식물원입구,166140301
5200121000,121,51,식물원입구,166140301
5201002F00,1002-F,58,식물원입구,166140301
5200203000,203,20,경보아파트교차로,166140401
5200077000,77,46,식물원입구,166150101
5200110000,110,46,식물원입구,166150101
5201002F00,1002-F,106,식물원입구,166150101
5200077000,77,59,온천시장,166150301
5200110000,110,59,온천시장,166150301
5200121000,121,52,온천시장,166150301
5201002F00,1002-F,59,온천시장,166150301
5200077000,77,60,온천장,166150302
5200110000,110,60,온천장,166150302
5200121000,121,53,온천장,166150302
5201002F00,1002-F,60,온천장,166150302
5200111100,111-1,16,온천장역,166160101
5200144000,144,25,온천장역,166160101
5200183000,183,50,온천장역,166160101
5203008000,3008,51,온천장역,166160101
5200183F00,183-F,51,온천장역,166160101
5203008F00,3008-F,52,온천장역,166160101
5200100100,100-1,63,온천장아스타아파트,166160301
5200111100,111-1,72,온천장아스타아파트,166160301
5200144000,144,39,온천장아스타아파트,166160301
5200189000,189,31,온천장아스타아파트,166160301
5200183F00,183-F,59,온천장아스타아파트,166160301
5200031000,31,117,동래역,166170101
5200043000,43,101,동래역,166170101
5200129100,129-1,94,동래역,166170101
5200506000,506,47,동래역,166170101
5200031000,31,38,내성중학교,166170201
5200043000,43,28,내성중학교,166170201
5200077000,77,68,내성중학교,166170201
5200100100,100-1,67,내성중학교,166170201
5200129100,129-1,26,내성중학교,166170201
5200506000,506,19,내성중학교,166170201
5290605000,동래구5,27,내성중학교,166180201
5290608000,동래구8,26,내성중학교,166180201
5200046000,46,40,동래역,166180401
5200077000,77,39,동래역,166180401
5200100100,100-1,43,동래역,166180401
5200111100,111-1,14,동래역,166180401
5200121000,121,35,동래역,166180401
5200127000,127,53,동래역,166180401
5200144000,144,23,동래역,166180401
5200189000,189,64,동래역,166180401
5200210000,210,82,동래역,166180401
5203008000,3008,49,동래역,166180401
5203008F00,3008-F,50,동래역,166180401
5290605000,동래구5,22,동래역1번출구,166180402
5290608000,동래구8,21,동래역1번출구,166180402
5290601000,동래구1,8,동래시장,166220401
5290606100,동래구6-1,36,동래시장,166220401
5200033100,33-1,8,사직역,166250301
5200046000,46,36,사직역,166250301
5200083100,83-1,52,사직역,166250301
5200210000,210,19,사직역,166250301
5200010000,10,18,사직운동장,166260101
5200044000,44,26,사직운동장,166260101
5200050000,50,53,사직운동장,166260101
5200080000,80,41,사직운동장,166260101
5200111000,111,40,사직운동장,166260101
5200111100,111-1,81,사직운동장,166260101
5200189000,189,40,사직운동장,166260101
5201002F00,1002-F,71,사직운동장,166260101
5200010000,10,104,사직야구장,166260301
5200044000,44,81,사직야구장,166260301
5200046000,46,53,사직야구장,166260301
5200050000,50,62,사직야구장,166260301
5200057000,57,11,사직야구장,166260301
5200080000,80,77,사직야구장,166260301
5200111000,111,74,사직야구장,166260301
5200111100,111-1,9,사직야구장,166260301
5200131000,131,117,사직야구장,166260301
5200189000,189,59,사직야구장,166260301
5200210000,210,91,사직야구장,166260301
5201002F00,1002-F,95,사직야구장,166260301
5290517000,부산진구17,33,새마을금고,166270201
5290601000,동래구1,16,명장2동행정복지센터,166310101
5290601000,동래구1,34,조양아파트,166310401
5290606100,동래구6-1,17,조양아파트,166310401
5200029000,29,106,명장정수사업소,166320101
5200042000,42,98,명장정수사업소,166320101
5200099000,99,57,명장정수사업소,166320101
5200105000,105,18,명장정수사업소,166320101
5200106000,106,70,명장정수사업소,166320101
5200129100,129-1,102,명장정수사업소,166320101
5200148000,148,92,명장정수사업소,166320101
5200155000,155,114,명장정수사업소,166320101
5200183000,183,66,명장정수사업소,166320101
5200183F00,183-F,70,명장정수사업소,166320101
5200029000,29,102,진흥상가,166330101
5200029000,29,103,안락초등학교,166330102
5200029000,29,104,명장1동행정복지센터,166330103
5290606000,동래구6,54,부산은행,166330201
5290607000,동래구7,21,부산은행,166330201
5290606000,동래구6,55,안락병원,166330202
5290607000,동래구7,22,안락병원,166330202
5290606000,동래구6,17,1080안경점,166330401
5290606000,동래구6,16,삼성아파트,166330402
5200155000,155,17,충렬주유소,166340201
5200506000,506,11,충렬주유소,166340201
5290601000,동래구1,7,동래구청,166350201
5290601100,동래구1-1,21,동래구청,166350201
5290606000,동래구6,39,동래구청,166350201
5290606000,동래구6,29,동래구청,166350501
5290606000,동래구6,30,구 부산지방기상청,166350502
5200042000,42,16,안락교차로,166360301
5200052000,52,88,안락교차로,166360301
5200210000,210,32,안락교차로,166360301
5200210000,210,33,벽산아파트,166360302
5200052000,52,15,안락교차로,166360401
5200210000,210,76,안락교차로,166360401
5200210000,210,75,안락동우체국.동해선안락역,166390301
5200029000,29,49,안락동우체국.동해선안락역,166390302
5200031000,31,32,안락동우체국.동해선안락역,166390302
5200036000,36,66,안락동우체국.동해선안락역,166390302
5200042000,42,94,안락동우체국.동해선안락역,166390302
5200043000,43,22,안락동우체국.동해선안락역,166390302
5200044000,44,14,안락동우체국.동해선안락역,166390302
5200052000,52,14,안락동우체국.동해선안락역,166390302
5200144000,144,17,안락동우체국.동해선안락역,166390302
5200200000,200,43,안락동우체국.동해선안락역,166390302
5200307000,307,29,안락동우체국.동해선안락역,166390302
5200506000,506,13,안락동우체국.동해선안락역,166390302
5200036000,36,82,안락동우체국.동해선안락역,166400101
5200042000,42,17,안락동우체국.동해선안락역,166400101
5200052000,52,89,안락동우체국.동해선안락역,166400101
5200031000,31,122,안락동우체국.동해선안락역,166400102
5200043000,43,106,안락동우체국.동해선안락역,166400102
5200044000,44,91,안락동우체국.동해선안락역,166400102
5200144000,144,47,안락동우체국.동해선안락역,166400102
5200200000,200,84,안락동우체국.동해선안락역,166400102
5200307000,307,90,안락동우체국.동해선안락역,166400102
5200506000,506,52,안락동우체국.동해선안락역,166400102
5200210000,210,35,동부산아이존빌아파트,166410201
5200210000,210,36,안락경동아파트,166410202
5290602000,동래구2,42,동부산아이존빌아파트,166410203
5290602000,동래구2,43,안락경동아파트,166410204
5200086000,86,4,강변뜨란채입구,166410301
5200210000,210,73,강변뜨란채입구,166410301
5290602000,동래구2,7,온천천카페거리,166410302
5200210000,210,74,강변뜨란채아파트,166420101
5290602000,동래구2,41,온천천카페거리,166420201
5290602000,동래구2,8,강변뜨란채아파트,166420302
5290602000,동래구2,9,한성기린아파트,166420303
5200036000,36,67,동래봉생병원,166430201
5200049000,49,38,동래봉생병원,166430201
5200057000,57,21,동래봉생병원,166430201
5200099000,99,16,동래봉생병원,166430201
5200100000,100,82,동래봉생병원,166430201
5200105000,105,82,동래봉생병원,166430201
5200106000,106,43,동래봉생병원,166430201
5200110100,110-1,51,동래봉생병원,166430201
5200036000,36,81,동래봉생병원,166440101
5200049000,49,78,동래봉생병원,166440101
5200057000,57,88,동래봉생병원,166440101
5200099000,99,53,동래봉생병원,166440101
5200100000,100,51,동래봉생병원,166440101
5200105000,105,14,동래봉생병원,166440101
5200106000,106,67,동래봉생병원,166440101
5200110100,110-1,24,동래봉생병원,166440101
5200036000,36,80,우성아파트,166450101
5200049000,49,77,우성아파트,166450101
5200057000,57,87,우성아파트,166450101
5200099000,99,52,우성아파트,166450101
5200100000,100,50,우성아파트,166450101
5200105000,105,13,우성아파트,166450101
5200106000,106,66,우성아파트,166450101
5200110100,110-1,23,우성아파트,166450101
5200036000,36,68,우성아파트,166450301
5200049000,49,39,우성아파트,166450301
5200057000,57,22,우성아파트,166450301
5200099000,99,17,우성아파트,166450301
5200100000,100,83,우성아파트,166450301
5200105000,105,83,우성아파트,166450301
5200106000,106,44,우성아파트,166450301
5200110100,110-1,52,우성아파트,166450301
5200210000,210,34,강변뜨란채아파트,166460101
5290602000,동래구2,40,강변뜨란채아파트,166460102
5290602000,동래구2,39,한성기린아파트,166460103
5200086000,86,5,안진초등학교,166460201
5290602000,동래구2,10,벽산한신아파트,166460301
5290602000,동래구2,12,안민초등학교,166460302
5290602000,동래구2,11,중앙하이츠아파트,166460303
5200080000,80,85,온천장,166480101
5200100100,100-1,46,온천장,166480101
5200121000,121,39,온천장,166480101
5200131000,131,126,온천장,166480101
5290607000,동래구7,4,온천예식장,166480102
5200029000,29,44,명장조양맨션(명장역),166490201
5200155000,155,11,명장조양맨션(명장역),166490201
5290606100,동래구6-1,44,명장1치안센터,166490202
5200029000,29,105,명장조양맨션(명장역),166500301
5200155000,155,113,명장조양맨션(명장역),166500301
5200155000,155,12,명장1동행정복지센터,166510101
5200155000,155,13,명장시장,166510102
5290606100,동래구6-1,45,명장1동새마을금고,166510103
5290606100,동래구6-1,46,명장시장,166510104
5200029000,29,45,명장1동행정복지센터,166510201
5200029000,29,46,안락초등학교,166510202
5200029000,29,47,진흥상가,166510203
5290606100,동래구6-1,16,명장1치안센터,166510301
5290607000,동래구7,32,명장1치안센터,166510301
5290606100,동래구6-1,49,충렬초등학교,166520101
5290606000,동래구6,11,혜화여고.충렬고,166520301
5290606100,동래구6-1,12,혜화여고.충렬고,166520301
5290607000,동래구7,29,혜화여고.충렬고,166520301
5200155000,155,108,한우크로바아파트,166540101
5200506000,506,55,한우크로바아파트,166540101
5290606000,동래구6,56,한우크로바아파트,166540102
5290607000,동래구7,23,한우크로바아파트,166540102
5290606000,동래구6,15,부산은행,166550301
5290606000,동래구6,14,안락병원,166550302
5200042000,42,13,명장조양맨션(명장역),166560301
5200099000,99,13,명장조양맨션(명장역),166560301
5200105000,105,79,명장조양맨션(명장역),166560301
5200106000,106,41,명장조양맨션(명장역),166560301
5200129100,129-1,18,명장조양맨션(명장역),166560301
5200148000,148,27,명장조양맨션(명장역),166560301
5200183F00,183-F,42,명장조양맨션(명장역),166560301
5200042000,42,97,명장조양맨션(명장역),166570101
5200099000,99,56,명장조양맨션(명장역),166570101
5200105000,105,17,명장조양맨션(명장역),166570101
5200106000,106,69,명장조양맨션(명장역),166570101
5200129100,129-1,101,명장조양맨션(명장역),166570101
5200148000,148,91,명장조양맨션(명장역),166570101
5200183F00,183-F,69,명장조양맨션(명장역),166570101
5290602000,동래구2,38,벽산한신아파트,166580101
5290602000,동래구2,36,안민초등학교,166580102
5290602000,동래구2,37,중앙하이츠아파트,166580103
5200049000,49,79,낙민역.동래고등학교,166590203
5200052000,52,16,낙민역.동래고등학교,166590203
5200057000,57,89,낙민역.동래고등학교,166590203
5200100000,100,52,낙민역.동래고등학교,166590203
5200110100,110-1,25,낙민역.동래고등학교,166590203
5200129100,129-1,21,낙민역.동래고등학교,166590203
5200148000,148,30,낙민역.동래고등학교,166590203
5200210000,210,77,낙민역.동래고등학교,166590203
5200183F00,183-F,45,낙민역.동래고등학교,166590203
5290605000,동래구5,9,삼익아파트정문,166600101
5200010000,10,16,국민시장,166600201
5200046000,46,33,국민시장,166600201
5200210000,210,16,국민시장,166600201
5200010000,10,106,삼익아파트,166600301
5200046000,46,55,삼익아파트,166600301
5200210000,210,93,삼익아파트,166600301
5290605000,동래구5,41,삼익아파트후문,166600302
5200044000,44,82,사직사거리,166610101
5200050000,50,64,사직사거리,166610101
5200057000,57,12,사직사거리,166610101
5200080000,80,78,사직사거리,166610101
5200111000,111,75,사직사거리,166610101
5200111100,111-1,10,사직사거리,166610101
5200131000,131,118,사직사거리,166610101
5200189000,189,60,사직사거리,166610101
5201002F00,1002-F,96,사직사거리,166610101
5200080000,80,40,사직사거리,166610201
5200131000,131,35,사직사거리,166610201
5200189000,189,39,사직사거리,166610201
5201002F00,1002-F,70,사직사거리,166610201
5200010000,10,17,사직야구장,166610202
5200044000,44,25,사직야구장,166610202
5200046000,46,34,사직야구장,166610202
5200057000,57,98,사직야구장,166610202
5200111000,111,39,사직야구장,166610202
5200111100,111-1,80,사직야구장,166610202
5200210000,210,17,사직야구장,166610202
5200050000,50,50,사직사거리,166610301
5200010000,10,105,사직사거리,166610401
5200046000,46,54,사직사거리,166610401
5200210000,210,92,사직사거리,166610401
5200050000,50,63,쌍용예가입구,166620101
5200050000,50,51,쌍용예가입구,166620201
5200077000,77,67,동래역,166630301
5200100100,100-1,66,동래역,166630301
5200111100,111-1,75,동래역,166630301
5200121000,121,58,동래역,166630301
5200144000,144,42,동래역,166630301
5200189000,189,34,동래역,166630301
5200183F00,183-F,62,동래역,166630301
5200033100,33-1,9,금강초등학교,166640101
5200044000,44,83,금강초등학교,166640101
5200046000,46,37,금강초등학교,166640101
5200050000,50,65,금강초등학교,166640101
5200111000,111,76,금강초등학교,166640101
5200111100,111-1,11,금강초등학교,166640101
5200210000,210,20,금강초등학교,166640101
5201002F00,1002-F,97,금강초등학교,166640101
5200057000,57,13,금강초등학교,166640102
5200080000,80,79,금강초등학교,166640102
5200083100,83-1,53,금강초등학교,166640102
5200131000,131,119,금강초등학교,166640102
5200189000,189,61,금강초등학교,166640102
5200033100,33-1,92,사직역,166640201
5200046000,46,51,사직역,166640201
5200083100,83-1,61,사직역,166640201
5200210000,210,90,사직역,166640201
5200044000,44,24,사직1동행정복지센터,166640301
5200057000,57,97,사직1동행정복지센터,166640301
5200080000,80,39,사직1동행정복지센터,166640301
5200111000,111,38,사직1동행정복지센터,166640301
5200111100,111-1,79,사직1동행정복지센터,166640301
5200131000,131,34,사직1동행정복지센터,166640301
5200189000,189,38,사직1동행정복지센터,166640301
5201002F00,1002-F,69,사직1동행정복지센터,166640301
5290517000,부산진구17,40,사직야구장,166650201
5200010000,10,19,여명중학교,166660101
5200057000,57,106,여명중학교,166660101
5200189000,189,41,여명중학교,166660101
5200010000,10,103,사직운동장,166660301
5200044000,44,80,사직운동장,166660301
5200046000,46,52,사직운동장,166660301
5200050000,50,61,사직운동장,166660301
5200054000,54,37,사직운동장,166660301
5200080000,80,76,사직운동장,166660301
5200083100,83-1,62,사직운동장,166660301
5200111000,111,73,사직운동장,166660301
5200111100,111-1,8,사직운동장,166660301
5200189000,189,58,사직운동장,166660301
5201002F00,1002-F,94,사직운동장,166660301
5290517000,부산진구17,39,사직운동장,166660303
5200110000,110,36,화신아파트,166680101
5200111000,111,34,화신아파트,166680101
5200121000,121,33,화신아파트,166680101
5200127000,127,51,화신아파트,166680101
5200148000,148,82,화신아파트,166680101
5200200000,200,77,화신아파트,166680101
5200307000,307,83,화신아파트,166680101
5290605000,동래구5,39,사직동교회,166700301
5290605000,동래구5,38,사직시장,166700302
5200110000,110,68,화신아파트,166720401
5200111000,111,78,화신아파트,166720401
5200121000,121,61,화신아파트,166720401
5200127000,127,62,화신아파트,166720401
5200148000,148,37,화신아파트,166720401
5200200000,200,51,화신아파트,166720401
5200307000,307,37,화신아파트,166720401
5200033100,33-1,12,화신아파트,166720501
5200080000,80,81,온샘초등학교,166730101
5200044000,44,21,미남교차로.미남역,166760401
5200080000,80,36,미남교차로.미남역,166760401
5200111000,111,35,미남교차로.미남역,166760401
5201002F00,1002-F,66,미남교차로.미남역,166760401
5290608000,동래구8,11,미남역,166760402
5200033100,33-1,89,미남역.반도스카이뷰,166770301
5200046000,46,48,미남역.반도스카이뷰,166770301
5200050000,50,48,미남역.반도스카이뷰,166770301
5200057000,57,95,미남역.반도스카이뷰,166770301
5200111100,111-1,77,미남역.반도스카이뷰,166770301
5200131000,131,32,미남역.반도스카이뷰,166770301
5200189000,189,36,미남역.반도스카이뷰,166770301
5200210000,210,88,미남역.반도스카이뷰,166770301
5200033100,33-1,10,미남역.반도스카이뷰,166780101
5200044000,44,84,미남역.반도스카이뷰,166780101
5200046000,46,38,미남역.반도스카이뷰,166780101
5200050000,50,66,미남역.반도스카이뷰,166780101
5200057000,57,14,미남역.반도스카이뷰,166780101
5200080000,80,80,미남역.반도스카이뷰,166780101
5200111000,111,77,미남역.반도스카이뷰,166780101
5200111100,111-1,12,미남역.반도스카이뷰,166780101
5200131000,131,120,미남역.반도스카이뷰,166780101
5200189000,189,62,미남역.반도스카이뷰,166780101
5200210000,210,21,미남역.반도스카이뷰,166780101
5201002F00,1002-F,98,미남역.반도스카이뷰,166780101
5290608000,동래구8,36,미남역,166780103
5290608000,동래구8,12,반도보라스카이뷰,166780202
5290608000,동래구8,13,사직성당,166780203
5200033100,33-1,90,반도보라스카이뷰,166780301
5200044000,44,22,반도보라스카이뷰,166780301
5200046000,46,49,반도보라스카이뷰,166780301
5200080000,80,37,반도보라스카이뷰,166780301
5200083100,83-1,59,반도보라스카이뷰,166780301
5200111000,111,36,반도보라스카이뷰,166780301
5201002F00,1002-F,67,반도보라스카이뷰,166780301
5200083100,83-1,55,사직성당,166790201
5290608000,동래구8,14,금강시장,166790202
5290608000,동래구8,35,반도보라스카이뷰,166790301
5290608000,동래구8,37,미남역11번출구,166800301
5200110000,110,67,미남교차로.미남역,166810301
5200121000,121,60,미남교차로.미남역,166810301
5200127000,127,61,미남교차로.미남역,166810301
5200148000,148,36,미남교차로.미남역,166810301
5200200000,200,50,미남교차로.미남역,166810301
5200307000,307,36,미남교차로.미남역,166810301
5290605000,동래구5,3,온천중학교,166820101
5290605000,동래구5,1,달북마을,166820201
5290605000,동래구5,16,백제약국,166830101
5290608000,동래구8,15,백제약국,166830101
5200057000,57,1,사직동,166830201
5200083100,83-1,56,사직동,166830201
5200105000,105,1,사직동,166830201
5200083100,83-1,58,사직성당,166830401
5290608000,동래구8,33,금강시장,166830402
5290608000,동래구8,34,사직성당,166830403
5200077000,77,42,동래3차SK뷰,166840201
5200080000,80,84,동래3차SK뷰,166840201
5200110000,110,42,동래3차SK뷰,166840201
5200110100,110-1,42,동래3차SK뷰,166840201
5200121000,121,38,동래3차SK뷰,166840201
5200121000,121,55,동래3차SK뷰,166840201
5200131000,131,125,동래3차SK뷰,166840201
5201002F00,1002-F,102,동래3차SK뷰,166840201
5290607000,동래구7,44,동래3차SK뷰,166840202
5200077000,77,62,온천프라자,166840301
5200080000,80,32,온천프라자,166840301
5200110000,110,62,온천프라자,166840301
5200131000,131,27,온천프라자,166840301
5201002F00,1002-F,62,온천프라자,166840301
5200046000,46,35,사직운동장,166850101
5200054000,54,82,사직운동장,166850101
5200210000,210,18,사직운동장,166850101
5290517000,부산진구17,18,사직운동장,166850102
5200031000,31,123,동래한전,166880201
5200036000,36,83,동래한전,166880201
5200042000,42,18,동래한전,166880201
5200043000,43,107,동래한전,166880201
5200044000,44,92,동래한전,166880201
5200052000,52,90,동래한전,166880201
5200144000,144,48,동래한전,166880201
5200200000,200,85,동래한전,166880201
5200307000,307,91,동래한전,166880201
5200506000,506,53,동래한전,166880201
5201002000,1002,44,동래한전,166880201
5200054000,54,38,사직실내수영장,166890201
5200057000,57,99,사직실내수영장,166890201
5200083100,83-1,63,사직실내수영장,166890201
5200131000,131,36,사직실내수영장,166890201
5200110000,110,37,광혜병원.미남역,166900101
5200029000,29,48,동래한전,166950201
5200155000,155,107,안락2동행정복지센터,167000101
5200506000,506,54,안락2동행정복지센터,167000101
5200042000,42,92,뜨란채아파트,167020101
5200189100,189-1,59,뜨란채아파트,167020101
5200200000,200,88,뜨란채아파트,167020101
5200307000,307,27,뜨란채아파트,167020101
5290602000,동래구2,45,안락중학교후문,167020201
5200042000,42,20,안남초등학교,167020301
5200189100,189-1,39,안남초등학교,167020301
5200307000,307,93,안남초등학교,167020301
5290602000,동래구2,4,안남초등학교,167020302
5290602000,동래구2,46,안락뜨란채아파트205동,167030101
5290602000,동래구2,3,안락중학교후문,167030301
5290602000,동래구2,2,안락뜨란채아파트205동,167040301
5290601100,동래구1-1,22,동래시장,167080101
5290606000,동래구6,40,동래시장,167080101
5200050000,50,75,동래우체국,167140101
5200179000,179,74,동래우체국,167140101
5200049000,49,83,명륜초등학교,167140102
5200051000,51,100,명륜초등학교,167140102
5200100000,100,57,명륜초등학교,167140102
5200110100,110-1,30,명륜초등학교,167140102
5290601000,동래구1,5,현대아파트.명륜아이파크,167150201
5290601100,동래구1-1,19,현대아파트.명륜아이파크,167150201
5290606000,동래구6,37,현대아파트.명륜아이파크,167150201
5290606100,동래구6-1,34,현대아파트.명륜아이파크,167150201
5290601000,동래구1,6,복산동행정복지센터,167150202
5290601100,동래구1-1,20,복산동행정복지센터,167150202
5290606000,동래구6,38,복산동행정복지센터,167150202
5290606100,동래구6-1,35,복산동행정복지센터,167150202
5290601100,동래구1-1,25,명륜초등학교.동래향교,167150301
5290603000,동래구3,22,명륜초등학교.동래향교,167150301
5290606100,동래구6-1,27,명륜초등학교.동래향교,167150301
5290601000,동래구1,17,협진아파트,167190201
5290601000,동래구1,33,명장2동행정복지센터,167200201
5290601000,동래구1,13,학산여자고등학교,167210101
5290606100,동래구6-1,41,학산여자고등학교,167210101
5290601000,동래구1,9,동래교육청후문,167240101
5290606100,동래구6-1,37,동래교육청후문,167240101
5290601000,동래구1,10,동호탕,167240102
5290606100,동래구6-1,38,동호탕,167240102
5290601000,동래구1,11,한국상사,167240103
5290606100,동래구6-1,39,한국상사,167240103
5290601000,동래구1,42,동래시장,167240301
5290606100,동래구6-1,24,동래시장,167240301
5200050000,50,52,사직야구장,167300101
5290517000,부산진구17,17,사직야구장,167300102
5290602000,동래구2,19,동래전화국,167310101
5290603000,동래구3,19,동래구청,167320101
5290517000,부산진구17,27,대동병원,167330201
5290605000,동래구5,25,대동병원,167330201
5290608000,동래구8,24,대동병원,167330201
5200046000,46,42,명륜자이아파트,167360101
5200127000,127,55,명륜자이아파트,167360101
5200210000,210,27,명륜자이아파트,167360101
5290601000,동래구1,3,명륜교차로.명륜자이아파트,167360102
5290601100,동래구1-1,17,명륜교차로.명륜자이아파트,167360102
5290606000,동래구6,35,명륜교차로.명륜자이아파트,167360102
5290606100,동래구6-1,32,명륜교차로.명륜자이아파트,167360102
5290601000,동래구1,46,동래중학교,167360301
5290601100,동래구1-1,27,동래중학교,167360301
5290602000,동래구2,23,동래중학교,167360301
5290601000,동래구1,47,명륜역입구,167360302
5290601100,동래구1-1,28,명륜역입구,167360302
5290602000,동래구2,1,남일중학교,167380101
5290602000,동래구2,47,남일중학교,167390101
5290602000,동래구2,28,메가마트동래점후문,167430101
5290603000,동래구3,17,메가마트동래점후문,167430101
5290603000,동래구3,23,메가마트동래점,167450201
5290606000,동래구6,31,메가마트동래점,167450201
5290606100,동래구6-1,28,메가마트동래점,167450201
5290603000,동래구3,1,금정산약수터,167470101
5290603000,동래구3,41,금정산약수터,167480101
5290603000,동래구3,4,무량수요양원,167480201
5290603000,동래구3,5,온천슈퍼,167480202
5290603000,동래구3,3,원광사,167480203
5290603000,동래구3,2,진양집,167480204
5290603000,동래구3,38,금솔장,167490201
5290603000,동래구3,37,무량수요양원,167490202
5290603000,동래구3,39,원광사,167490203
5290603000,동래구3,40,진양집,167490204
5290603000,동래구3,36,온천슈퍼,167500201
5290603000,동래구3,6,새들원테니스장,167520101
5290603000,동래구3,35,새들원테니스장,167540201
5290603000,동래구3,7,화신아파트,167550101
5290605000,동래구5,48,달북마을,167570101
5290605000,동래구5,12,금강초등학교,167580101
5290605000,동래구5,37,금강초등학교,167590201
5200083100,83-1,54,반도보라스카이뷰,167600101
5290605000,동래구5,13,이편한동래아시아드아파트,167600201
5200033100,33-1,91,금강초등학교,167600301
5200044000,44,23,금강초등학교,167600301
5200046000,46,50,금강초등학교,167600301
5200080000,80,38,금강초등학교,167600301
5200083100,83-1,60,금강초등학교,167600301
5200111000,111,37,금강초등학교,167600301
5200131000,131,33,금강초등학교,167600301
5200189000,189,37,금강초등학교,167600301
5200210000,210,89,금강초등학교,167600301
5200050000,50,49,금강초등학교,167600302
5200057000,57,96,금강초등학교,167600302
5200111100,111-1,78,금강초등학교,167600302
5201002F00,1002-F,68,금강초등학교,167600302
5290605000,동래구5,36,이편한동래아시아드아파트,167610201
5290605000,동래구5,14,공영아파트,167620101
5290605000,동래구5,15,OK슈퍼,167640101
5290605000,동래구5,35,공영아파트,167640201
5200043000,43,55,부산터널위,167660301
5200043000,43,56,영주신호대,167670201
5200043000,43,57,코모도호텔,167670202
5200043000,43,58,코모도호텔입구,167670203
5200002000,2,57,영주동,167680101
5200043000,43,75,영주동,167680101
5200067000,67,67,영주동,167680101
5200167000,167,53,영주동,167680101
5200168000,168,77,영주동,167680101
5201001000,1001,55,영주동,167680101
5200002000,2,60,영주동,167680201
5200043000,43,54,영주동,167680201
5200067000,67,27,영주동,167680201
5200167000,167,41,영주동,167680201
5200168000,168,22,영주동,167680201
5201001000,1001,34,영주동,167680201
5200040000,40,63,제일은행앞,167710301
5200081000,81,27,제일은행앞,167710301
5200086000,86,61,제일은행앞,167710301
5200186000,186,25,제일은행앞,167710301
5200011000,11,53,부산항만공사,167730101
5200070000,70,85,부산항만공사,167730101
5200088100,88-1,20,부산항만공사,167730101
5200101000,101,89,부산항만공사,167730101
5200008000,8,63,부평시장,167770201
5200011000,11,47,부평시장,167770201
5200096000,96,42,부평시장,167770201
5200103000,103,87,부평시장,167770201
5200113000,113,88,부평시장,167770201
5203003000,3003,32,부평시장,167770201
5200002F00,2-F,59,부평시장,167770201
5290101000,중구1,55,부평시장,167770202
5200040000,40,66,보수사거리,167770301
5200081000,81,30,보수사거리,167770301
5290101000,중구1,3,보수사거리,167770401
5200040000,40,80,보수동책방골목,167780101
5200081000,81,49,보수동책방골목,167780101
5290101000,중구1,53,보수사거리,167780201
5200086000,86,63,새들맨션,167790101
5200186000,186,27,새들맨션,167790101
5200086000,86,51,국제시장,167790201
5200186000,186,119,국제시장,167790201
5200040000,40,81,국제시장,167790202
5200015000,15,57,국제시장,167790203
5200126000,126,67,국제시장,167790203
5200040000,40,82,국제시장.부산근현대역사관,167790204
5200081000,81,50,국제시장.부산근현대역사관,167790204
5200040000,40,65,보수동책방골목,167790401
5200081000,81,29,보수동책방골목,167790401
5200008000,8,26,서구청.충무동,167810401
5200011000,11,68,서구청.충무동,167810401
5200015000,15,63,서구청.충무동,167810401
5200016000,16,42,서구청.충무동,167810401
5200070000,70,42,서구청.충무동,167810401
5200096000,96,66,서구청.충무동,167810401
5200096100,96-1,50,서구청.충무동,167810401
5200103000,103,33,서구청.충무동,167810401
5200113000,113,22,서구청.충무동,167810401
5200126000,126,73,서구청.충무동,167810401
5203003000,3003,13,서구청.충무동,167810401
5200002F00,2-F,77,서구청.충무동,167810401
5290101000,중구1,1,충무동교차로,167810404
5290202000,서구2,15,충무동교차로,167810404
5290202200,서구2-2,36,충무동교차로,167810404
5290203000,서구3,29,충무동교차로,167810404
5290203100,서구3-1,30,충무동교차로,167810404
5291001100,사하구1-1,30,충무동교차로,167810404
5200070000,70,56,부산디지털고,167830101
5200190000,190,97,부산디지털고,167830101
5200070000,70,57,청운아파트,167830102
5200190000,190,98,청운아파트,167830102
5200070000,70,58,동주파크맨션,167830103
5200190000,190,99,동주파크맨션,167830103
5200070000,70,66,중구종합사회복지관,167830201
5200190000,190,43,중구종합사회복지관,167830201
5290101000,중구1,48,중구복지관,167830202
5200038000,38,80,중앙공원.민주공원입구,167840101
5200043000,43,67,중앙공원.민주공원입구,167840101
5200190000,190,100,중앙공원.민주공원입구,167840101
5200508000,508,43,중앙공원.민주공원입구,167840101
5200038000,38,81,시민아파트,167840102
5200043000,43,68,시민아파트,167840102
5200190000,190,101,시민아파트,167840102
5200508000,508,44,시민아파트,167840102
5200070000,70,61,중앙공원.민주공원입구,167840201
5200190000,190,38,중앙공원.민주공원입구,167840201
5200070000,70,62,동주파크맨션,167840202
5200190000,190,39,동주파크맨션,167840202
5200070000,70,63,청운아파트,167840203
5200190000,190,40,청운아파트,167840203
5200070000,70,64,부산디지털고,167840204
5200190000,190,41,부산디지털고,167840204
5200070000,70,65,대청공원원로의집,167840205
5200190000,190,42,대청공원원로의집,167840205
5200006000,6,85,영도대교.남포역,167850201
5200007000,7,74,영도대교.남포역,167850201
5200009000,9,81,영도대교.남포역,167850201
5200071000,71,72,영도대교.남포역,167850201
5200082000,82,65,영도대교.남포역,167850201
5200085000,85,68,영도대교.남포역,167850201
5200508000,508,60,영도대교.남포역,167850201
5200008000,8,67,영도대교.남포역,167850202
5200017000,17,101,영도대교.남포역,167850202
5200030000,30,70,영도대교.남포역,167850202
5200088000,88,94,영도대교.남포역,167850202
5200113000,113,93,영도대교.남포역,167850202
5200186000,186,122,영도대교.남포역,167850202
5200190000,190,119,영도대교.남포역,167850202
5203001000,3001,19,영도대교.남포역,167850202
5203003000,3003,36,영도대교.남포역,167850202
5290405000,영도구5,59,연안부두,167870103
5200008000,8,62,보수초등학교,167890101
5200011000,11,46,보수초등학교,167890101
5200096000,96,41,보수초등학교,167890101
5200103000,103,86,보수초등학교,167890101
5200113000,113,87,보수초등학교,167890101
5200002F00,2-F,58,보수초등학교,167890101
5200008000,8,29,화랑초등학교,167900101
5200011000,11,71,화랑초등학교,167900101
5200002F00,2-F,80,화랑초등학교,167900101
5200096000,96,69,동아대부민캠퍼스,167900401
5200103000,103,36,동아대부민캠퍼스,167900401
5200113000,113,25,동아대부민캠퍼스,167900401
5200043000,43,59,중구청.메리놀병원,167910101
5200086000,86,64,중구청.메리놀병원,167910101
5200186000,186,28,중구청.메리놀병원,167910101
5200043000,43,60,거북맨션,167910102
5200086000,86,65,거북맨션,167910102
5200186000,186,29,거북맨션,167910102
5200043000,43,73,중구청.메리놀병원,167910201
5200043000,43,74,코모도호텔,167910202
5200086000,86,50,새들맨션,167910301
5200186000,186,118,새들맨션,167910301
5200008000,8,27,부평시장,167920101
5200011000,11,69,부평시장,167920101
5200096000,96,67,부평시장,167920101
5200103000,103,34,부평시장,167920101
5200113000,113,23,부평시장,167920101
5200126000,126,74,부평시장,167920101
5203003000,3003,14,부평시장,167920101
5200002F00,2-F,78,부평시장,167920101
5290101000,중구1,2,부평시장,167920102
5200008000,8,64,서구청,167920303
5200011000,11,48,서구청,167920303
5200016000,16,55,서구청,167920303
5200070000,70,80,서구청,167920303
5200096000,96,43,서구청,167920303
5200103000,103,88,서구청,167920303
5200113000,113,89,서구청,167920303
5200134000,134,65,서구청,167920303
5201003000,1003,58,서구청,167920303
5203003000,3003,33,서구청,167920303
5200002F00,2-F,60,서구청,167920303
5201004F00,1004-F,77,서구청,167920303
5290202000,서구2,16,서구청,167920305
5290202200,서구2-2,37,서구청,167920305
5290203000,서구3,30,서구청,167920305
5290203100,서구3-1,31,서구청,167920305
5291001100,사하구1-1,31,서구청,167920305
5200015000,15,64,(구)남포주유소,167920501
5200005100,5-1,79,2부두,167930101
5200172000,172,64,2부두,167930101
5200005100,5-1,78,"중부경찰서,연안여객터미널",167930102
5200172000,172,63,"중부경찰서,연안여객터미널",167930102
5200088100,88-1,19,부산세관,167930201
5200101000,101,88,부산세관,167930201
5200015000,15,58,백산기념관.영화체험박물관,167950102
5200040000,40,83,백산기념관.영화체험박물관,167950102
5200081000,81,51,백산기념관.영화체험박물관,167950102
5200086000,86,52,백산기념관.영화체험박물관,167950102
5200126000,126,68,백산기념관.영화체험박물관,167950102
5200186000,186,120,백산기념관.영화체험박물관,167950102
5200040000,40,64,국제시장,167950301
5200081000,81,28,국제시장,167950301
5200086000,86,62,국제시장,167950303
5200186000,186,26,국제시장,167950303
5200006000,6,40,영도대교.남포역,167960201
5200007000,7,25,영도대교.남포역,167960201
5200008000,8,23,영도대교.남포역,167960201
5200009000,9,24,영도대교.남포역,167960201
5200011000,11,65,영도대교.남포역,167960201
5200017000,17,25,영도대교.남포역,167960201
5200030000,30,23,영도대교.남포역,167960201
5200071000,71,26,영도대교.남포역,167960201
5200113000,113,19,영도대교.남포역,167960201
5203001000,3001,36,영도대교.남포역,167960201
5203003000,3003,10,영도대교.남포역,167960201
5200082000,82,21,영도대교.남포역,167960202
5200085000,85,18,영도대교.남포역,167960202
5200088000,88,22,영도대교.남포역,167960202
5200186000,186,23,영도대교.남포역,167960202
5200190000,190,23,영도대교.남포역,167960202
5200508000,508,26,영도대교.남포역,167960202
5290405000,영도구5,58,영도대교.남포역,167960203
5200038000,38,83,동일파크맨션,167970101
5200086000,86,70,동일파크맨션,167970101
5200186000,186,34,동일파크맨션,167970101
5200190000,190,103,동일파크맨션,167970101
5200508000,508,46,동일파크맨션,167970101
5200038000,38,82,영주삼거리,167970102
5200086000,86,69,영주삼거리,167970102
5200186000,186,33,영주삼거리,167970102
5200190000,190,102,영주삼거리,167970102
5200508000,508,45,영주삼거리,167970102
5200038000,38,84,화신아파트,167970103
5200086000,86,71,화신아파트,167970103
5200186000,186,35,화신아파트,167970103
5200190000,190,104,화신아파트,167970103
5200508000,508,47,화신아파트,167970103
5200043000,43,69,동아아파트,167970201
5200086000,86,45,동아아파트,167970201
5200186000,186,113,동아아파트,167970201
5200043000,43,70,금호아파트,167970202
5200086000,86,46,금호아파트,167970202
5200186000,186,114,금호아파트,167970202
5200043000,43,71,부산디지털고,167970203
5200086000,86,47,부산디지털고,167970203
5200186000,186,115,부산디지털고,167970203
5200038000,38,77,시민아파트,167970301
5200043000,43,64,시민아파트,167970301
5200190000,190,37,시민아파트,167970301
5200508000,508,40,시민아파트,167970301
5200038000,38,78,중앙공원.민주공원입구,167970302
5200043000,43,65,중앙공원.민주공원입구,167970302
5200508000,508,41,중앙공원.민주공원입구,167970302
5200005100,5-1,75,신동아시장,168000101
5200017000,17,29,신동아시장,168000101
5200027000,27,41,신동아시장,168000101
5200041000,41,43,신동아시장,168000101
5200059000,59,70,신동아시장,168000101
5200061000,61,92,신동아시장,168000101
5200086000,86,58,신동아시장,168000101
5200172000,172,60,신동아시장,168000101
5200006000,6,83,신동아시장,168000102
5200007000,7,72,신동아시장,168000102
5200017000,17,99,신동아시장,168000102
5200030000,30,68,신동아시장,168000102
5200071000,71,70,신동아시장,168000102
5200113000,113,91,신동아시장,168000102
5200005100,5-1,76,자갈치시장,168000104
5200017000,17,30,자갈치시장,168000104
5200027000,27,42,자갈치시장,168000104
5200041000,41,44,자갈치시장,168000104
5200059000,59,71,자갈치시장,168000104
5200061000,61,93,자갈치시장,168000104
5200086000,86,59,자갈치시장,168000104
5200172000,172,61,자갈치시장,168000104
5200006000,6,84,자갈치시장,168000105
5200007000,7,73,자갈치시장,168000105
5200017000,17,100,자갈치시장,168000105
5200030000,30,69,자갈치시장,168000105
5200071000,71,71,자갈치시장,168000105
5200113000,113,92,자갈치시장,168000105
5200043000,43,72,거북맨션,168020101
5200086000,86,48,거북맨션,168020101
5200186000,186,116,거북맨션,168020101
5200086000,86,49,중구청.메리놀병원,168020102
5200186000,186,117,중구청.메리놀병원,168020102
5200043000,43,61,부산디지털고,168020201
5200086000,86,66,부산디지털고,168020201
5200186000,186,30,부산디지털고,168020201
5200043000,43,62,금호아파트,168020202
5200086000,86,67,금호아파트,168020202
5200186000,186,31,금호아파트,168020202
5200043000,43,63,동아아파트,168020203
5200086000,86,68,동아아파트,168020203
5200186000,186,32,동아아파트,168020203
5290101000,중구1,4,중구노인복지회관,168040301
5290101000,중구1,52,중구노인복지회관,168050201
5290101000,중구1,5,한신스포렉스,168070101
5290101000,중구1,51,한신스포렉스,168080201
5290101000,중구1,6,남해슈퍼,168090101
5290101000,중구1,50,남해슈퍼,168100101
5290101000,중구1,7,산복도로교차로,168100301
5290101000,중구1,11,보수아파트,168110201
5290101000,중구1,10,보수어린이집,168110202
5290101000,중구1,9,중구노인정,168110203
5290101000,중구1,12,혜광고등학교후문,168110204
5290101000,중구1,40,중앙공원,168120401
5290101000,중구1,16,중앙공원,168140301
5290101000,중구1,41,중앙도서관,168150201
5290101000,중구1,15,증앙도서관,168160101
5290101000,중구1,42,서구복지회관,168170201
5290101000,중구1,14,서구복지회관,168180101
5290101000,중구1,43,혜광분식,168180201
5290101000,중구1,45,보수아파트,168190101
5290101000,중구1,46,보수어린이집,168190102
5290101000,중구1,47,중구노인정,168190103
5290101000,중구1,44,혜광고등학교후문,168190104
5290101000,중구1,13,혜광분식,168190201
5200070000,70,55,중구종합사회복지관,168250101
5200190000,190,96,중구종합사회복지관,168250101
5290101000,중구1,8,중구복지관,168250102
5200070000,70,67,보수아파트,168250301
5200190000,190,44,보수아파트,168250301
5200070000,70,68,혜광고교,168250302
5200190000,190,45,혜광고교,168250302
5200070000,70,69,락서암,168250303
5200190000,190,46,락서암,168250303
5200070000,70,70,대신여중,168250304
5200190000,190,47,대신여중,168250304
5200070000,70,71,동대신2동,168250305
5200190000,190,48,동대신2동,168250305
5200070000,70,72,동대고개,168250306
5200190000,190,49,동대고개,168250306
5290101000,중구1,49,산복도로교차로,168250401
5200167000,167,50,서대시장,168280101
5201001000,1001,53,서대시장,168280101
5200096000,96,72,서대신역.서부경찰서,168280301
5200113000,113,28,서대신역.서부경찰서,168280301
5200190000,190,83,서대신역.서부경찰서,168280301
5203001000,3001,41,서대신역.서부경찰서,168280301
5200016000,16,51,서대시장.동대신역,168290101
5200040000,40,75,서대시장.동대신역,168290101
5200070000,70,76,서대시장.동대신역,168290101
5200081000,81,44,서대시장.동대신역,168290101
5200113000,113,84,서대시장.동대신역,168290101
5200190000,190,53,서대시장.동대신역,168290101
5203001000,3001,15,서대시장.동대신역,168290101
5290201000,서구1,11,서대시장.동대신역,168290302
5290205000,서구5,5,서대시장.동대신역,168290302
5200002000,2,62,동신초등학교,168310301
5200011000,11,73,동신초등학교,168310301
5200002F00,2-F,82,동신초등학교,168310301
5200008000,8,31,동신초등학교,168310302
5200067000,67,29,동신초등학교,168310302
5200167000,167,43,동신초등학교,168310302
5200168000,168,24,동신초등학교,168310302
5200015000,15,52,동대신역,168320201
5200096000,96,38,동대신역,168320201
5200103000,103,83,동대신역,168320201
5200126000,126,62,동대신역,168320201
5290205000,서구5,4,동대신역,168320202
5200103000,103,38,서대신우체국,168320301
5200126000,126,77,서대신우체국,168320301
5200015000,15,68,구덕운동장,168320302
5200016000,16,46,구덕운동장,168320302
5200070000,70,46,구덕운동장,168320302
5200081000,81,34,구덕운동장,168320302
5200040000,40,70,구덕운동장(종점),168320303
5290101000,중구1,30,구덕운동장,168320304
5200002000,2,55,문화아파트,168330101
5200002F00,2-F,55,문화아파트,168330101
5290101000,중구1,31,문화아파트,168330102
5200040000,40,73,부경고교,168340201
5200167000,167,48,부경고교,168340201
5200002000,2,63,부경고교,168340202
5200011000,11,74,부경고교,168340202
5200103000,103,39,부경고교,168340202
5200126000,126,78,부경고교,168340202
5200161000,161,72,부경고교,168340202
5200002F00,2-F,83,부경고교,168340202
5200016000,16,49,부경고교,168340203
5200070000,70,74,부경고교,168340203
5200081000,81,42,부경고교,168340203
5200190000,190,51,부경고교,168340203
5290203000,서구3,3,구덕실내체육관,168340302
5290203000,서구3,50,구덕실내체육관,168340302
5290203100,서구3-1,3,구덕실내체육관,168340302
5200096000,96,40,동아대부민캠퍼스,168350101
5200103000,103,85,동아대부민캠퍼스,168350101
5200113000,113,86,동아대부민캠퍼스,168350101
5200015000,15,54,동아대부민캠퍼스,168350201
5200016000,16,53,동아대부민캠퍼스,168350201
5200040000,40,77,동아대부민캠퍼스,168350201
5200070000,70,78,동아대부민캠퍼스,168350201
5200081000,81,46,동아대부민캠퍼스,168350201
5200126000,126,64,동아대부민캠퍼스,168350201
5200190000,190,55,동아대부민캠퍼스,168350201
5200015000,15,67,서부교회,168350401
5200016000,16,45,서부교회,168350401
5200040000,40,69,서부교회,168350401
5200070000,70,45,서부교회,168350401
5200081000,81,33,서부교회,168350401
5200096000,96,70,서부교회,168350401
5200103000,103,37,서부교회,168350401
5200113000,113,26,서부교회,168350401
5200126000,126,76,서부교회,168350401
5200190000,190,81,서부교회,168350401
5200016000,16,44,동아대부민캠퍼스,168360101
5200040000,40,68,동아대부민캠퍼스,168360101
5200070000,70,44,동아대부민캠퍼스,168360101
5200081000,81,32,동아대부민캠퍼스,168360101
5200190000,190,80,동아대부민캠퍼스,168360101
5200167000,167,51,동대시장,168370101
5200015000,15,53,서부교회,168370201
5200070000,70,77,서부교회,168370201
5200096000,96,39,서부교회,168370201
5200103000,103,84,서부교회,168370201
5200113000,113,85,서부교회,168370201
5200126000,126,63,서부교회,168370201
5200016000,16,52,서부교회,168370202
5200040000,40,76,서부교회,168370202
5200081000,81,45,서부교회,168370202
5200190000,190,54,서부교회,168370202
5200096000,96,71,서대시장.동대신역,168370301
5200113000,113,27,서대시장.동대신역,168370301
5200190000,190,82,서대시장.동대신역,168370301
5201001000,1001,35,서대시장.동대신역,168370301
5203001000,3001,40,서대시장.동대신역,168370301
5290101000,중구1,29,동대신역,168370401
5200016000,16,43,부산대학병원.토성역,168380101
5200070000,70,43,부산대학병원.토성역,168380101
5200190000,190,79,부산대학병원.토성역,168380101
5203001000,3001,39,부산대학병원.토성역,168380101
5200087000,87,64,토성동,168380301
5290202000,서구2,13,토성동,168380302
5290202200,서구2-2,18,토성동,168380302
5290203000,서구3,27,토성동,168380302
5290203100,서구3-1,28,토성동,168380302
5291001100,사하구1-1,28,토성동,168380302
5290202200,서구2-2,17,토성역,168380303
5200087000,87,53,토성역.아미동입구,168380401
5200134000,134,35,토성역.아미동입구,168380401
5200190000,190,57,토성역.아미동입구,168380401
5290202000,서구2,19,부산대학교병원,168380402
5290202200,서구2-2,40,부산대학교병원,168380402
5290203000,서구3,33,부산대학교병원,168380402
5290203100,서구3-1,34,부산대학교병원,168380402
5291001100,사하구1-1,34,부산대학교병원,168380402
5290203000,서구3,34,아미파출소,168380403
5290203100,서구3-1,35,아미파출소,168380403
5291001100,사하구1-1,35,아미파출소,168380403
5200015000,15,66,동아대부민캠퍼스,168390101
5200015000,15,55,영락교회,168390201
5200040000,40,78,영락교회,168390201
5200081000,81,47,영락교회,168390201
5200126000,126,65,영락교회,168390201
5200016000,16,54,부산대학병원.토성역,168390301
5200070000,70,79,부산대학병원.토성역,168390301
5200190000,190,56,부산대학병원.토성역,168390301
5203001000,3001,16,부산대학병원.토성역,168390301
5200007000,7,70,충무동교차로,168400101
5200009000,9,78,충무동교차로,168400101
5200016000,16,41,충무동교차로,168400101
5200061000,61,90,충무동교차로,168400101
5200087000,87,65,충무동교차로,168400101
5200171000,171,57,충무동교차로,168400101
5200172000,172,58,충무동교차로,168400101
5290202000,서구2,14,충무시장,168400102
5290202200,서구2-2,19,충무시장,168400102
5290203000,서구3,28,충무시장,168400102
5290203100,서구3-1,29,충무시장,168400102
5291001100,사하구1-1,29,충무시장,168400102
5200007000,7,29,남부민시장입구,168400201
5200009000,9,28,남부민시장입구,168400201
5200016000,16,57,남부민시장입구,168400201
5200061000,61,46,남부민시장입구,168400201
5200171000,171,75,남부민시장입구,168400201
5200172000,172,77,남부민시장입구,168400201
5200087000,87,52,토성동,168400401
5200134000,134,34,토성동,168400401
5201003000,1003,54,부산대학병원.토성역,168400402
5201003000,1003,57,부산대학병원.토성역,168400402
5201003F00,1003-F,64,부산대학병원.토성역,168400402
5290202000,서구2,18,토성동,168400403
5290202200,서구2-2,39,토성동,168400403
5290203000,서구3,32,토성동,168400403
5290203100,서구3-1,33,토성동,168400403
5291001100,사하구1-1,33,토성동,168400403
5290101000,중구1,39,대청마루,168410101
5290101000,중구1,37,영산3동아파트,168410102
5290101000,중구1,38,한국빌라,168410103
5200070000,70,50,동대신2동,168410201
5200190000,190,91,동대신2동,168410201
5200070000,70,49,동대고개,168410202
5200190000,190,90,동대고개,168410202
5200070000,70,51,대신여중,168410203
5200190000,190,92,대신여중,168410203
5200070000,70,52,락서암,168410204
5200190000,190,93,락서암,168410204
5200070000,70,53,혜광고교,168410205
5200190000,190,94,혜광고교,168410205
5200070000,70,54,보수아파트,168410206
5200190000,190,95,보수아파트,168410206
5290101000,중구1,20,경남고등학교입구,168410301
5200006000,6,75,송도입구,168420101
5200009000,9,70,송도입구,168420101
5200016000,16,33,송도입구,168420101
5200061000,61,82,송도입구,168420101
5200096100,96-1,42,송도입구,168420101
5200134000,134,51,송도입구,168420101
5200171000,171,49,송도입구,168420101
5200172000,172,50,송도입구,168420101
5203006000,3006,39,송도입구,168420101
5200006000,6,51,고신대학교복음병원,168420301
5200009000,9,36,고신대학교복음병원,168420301
5200016000,16,65,고신대학교복음병원,168420301
5200061000,61,54,고신대학교복음병원,168420301
5200096100,96-1,59,고신대학교복음병원,168420301
5200171000,171,83,고신대학교복음병원,168420301
5200172000,172,85,고신대학교복음병원,168420301
5203006000,3006,21,고신대학교복음병원,168420301
5200006000,6,74,고신대학교복음병원,168430101
5200009000,9,69,고신대학교복음병원,168430101
5200016000,16,32,고신대학교복음병원,168430101
5200061000,61,81,고신대학교복음병원,168430101
5200096100,96-1,41,고신대학교복음병원,168430101
5200134000,134,50,고신대학교복음병원,168430101
5200171000,171,48,고신대학교복음병원,168430101
5200172000,172,49,고신대학교복음병원,168430101
5203006000,3006,38,고신대학교복음병원,168430101
5200006000,6,52,알로이시오의원,168430201
5200009000,9,37,알로이시오의원,168430201
5200016000,16,66,알로이시오의원,168430201
5200061000,61,55,알로이시오의원,168430201
5200096100,96-1,60,알로이시오의원,168430201
5200171000,171,84,알로이시오의원,168430201
5200172000,172,86,알로이시오의원,168430201
5200006000,6,73,알로이시오의원,168440201
5200009000,9,68,알로이시오의원,168440201
5200016000,16,31,알로이시오의원,168440201
5200061000,61,80,알로이시오의원,168440201
5200096100,96-1,40,알로이시오의원,168440201
5200134000,134,49,알로이시오의원,168440201
5200171000,171,47,알로이시오의원,168440201
5200172000,172,48,알로이시오의원,168440201
5200006000,6,53,감천초등학교,168440401
5200009000,9,38,감천초등학교,168440401
5200016000,16,67,감천초등학교,168440401
5200061000,61,56,감천초등학교,168440401
5200096100,96-1,61,감천초등학교,168440401
5200171000,171,85,감천초등학교,168440401
5200172000,172,87,감천초등학교,168440401
5200006000,6,54,남성한빛가든,168440402
5200009000,9,39,남성한빛가든,168440402
5200016000,16,68,남성한빛가든,168440402
5200061000,61,57,남성한빛가든,168440402
5200096100,96-1,62,남성한빛가든,168440402
5200171000,171,86,남성한빛가든,168440402
5200172000,172,88,남성한빛가든,168440402
5200006000,6,55,감천사거리,168440403
5200009000,9,40,감천사거리,168440403
5200016000,16,69,감천사거리,168440403
5200061000,61,58,감천사거리,168440403
5200096100,96-1,63,감천사거리,168440403
5200171000,171,87,감천사거리,168440403
5200172000,172,89,감천사거리,168440403
5200007000,7,63,신익아파트,168450101
5200009000,9,71,신익아파트,168450101
5200016000,16,34,신익아파트,168450101
5200061000,61,83,신익아파트,168450101
5200134000,134,52,신익아파트,168450101
5200171000,171,50,신익아파트,168450101
5200172000,172,51,신익아파트,168450101
5200007000,7,64,부산관광고교,168450102
5200009000,9,72,부산관광고교,168450102
5200016000,16,35,부산관광고교,168450102
5200061000,61,84,부산관광고교,168450102
5200134000,134,53,부산관광고교,168450102
5200171000,171,51,부산관광고교,168450102
5200172000,172,52,부산관광고교,168450102
5200006000,6,76,암남동행정복지센터,168450201
5200026000,26,40,암남동행정복지센터,168450201
5200030000,30,61,암남동행정복지센터,168450201
5200071000,71,63,암남동행정복지센터,168450201
5200096000,96,59,암남동행정복지센터,168450201
5200096100,96-1,43,암남동행정복지센터,168450201
5203006000,3006,40,암남동행정복지센터,168450201
5200007000,7,71,충무동해안시장,168460201
5200017000,17,98,충무동해안시장,168460201
5200027000,27,40,충무동해안시장,168460201
5200041000,41,42,충무동해안시장,168460201
5200113000,113,90,충무동해안시장,168460201
5200005100,5-1,74,충무동해안시장,168460202
5200017000,17,28,충무동해안시장,168460202
5200059000,59,69,충무동해안시장,168460202
5200061000,61,91,충무동해안시장,168460202
5200086000,86,57,충무동해안시장,168460202
5200172000,172,59,충무동해안시장,168460202
5200006000,6,44,충무쇼핑.충무동새벽시장,168460301
5200026000,26,26,충무쇼핑.충무동새벽시장,168460301
5200030000,30,27,충무쇼핑.충무동새벽시장,168460301
5200071000,71,30,충무쇼핑.충무동새벽시장,168460301
5200096000,96,45,충무쇼핑.충무동새벽시장,168460301
5200096100,96-1,52,충무쇼핑.충무동새벽시장,168460301
5200006000,6,45,공동어시장,168460302
5200026000,26,27,공동어시장,168460302
5200030000,30,28,공동어시장,168460302
5200071000,71,31,공동어시장,168460302
5200096000,96,46,공동어시장,168460302
5200096100,96-1,53,공동어시장,168460302
5200006000,6,43,충무동교차로,168460303
5200026000,26,25,충무동교차로,168460303
5200030000,30,26,충무동교차로,168460303
5200071000,71,29,충무동교차로,168460303
5200096000,96,44,충무동교차로,168460303
5200096100,96-1,51,충무동교차로,168460303
5200006000,6,46,대진아파트,168460304
5200026000,26,28,대진아파트,168460304
5200030000,30,29,대진아파트,168460304
5200071000,71,32,대진아파트,168460304
5200096000,96,47,대진아파트,168460304
5200096100,96-1,54,대진아파트,168460304
5200006000,6,47,등대시장,168460305
5200026000,26,29,등대시장,168460305
5200030000,30,30,등대시장,168460305
5200071000,71,33,등대시장,168460305
5200096000,96,48,등대시장,168460305
5200096100,96-1,55,등대시장,168460305
5200006000,6,48,대림아파트,168460306
5200026000,26,30,대림아파트,168460306
5200030000,30,31,대림아파트,168460306
5200071000,71,34,대림아파트,168460306
5200096000,96,49,대림아파트,168460306
5200096100,96-1,56,대림아파트,168460306
5200007000,7,28,자갈치역.충무동교차로,168460401
5200009000,9,27,자갈치역.충무동교차로,168460401
5200016000,16,56,자갈치역.충무동교차로,168460401
5200061000,61,45,자갈치역.충무동교차로,168460401
5200171000,171,74,자갈치역.충무동교차로,168460401
5200172000,172,76,자갈치역.충무동교차로,168460401
5200087000,87,51,충무동교차로,168460402
5200134000,134,33,충무동교차로,168460402
5201003000,1003,53,충무동교차로,168460402
5201003000,1003,56,충무동교차로,168460402
5201003F00,1003-F,63,충무동교차로,168460402
5290202000,서구2,17,충무시장,168460403
5290202200,서구2-2,38,충무시장,168460403
5290203000,서구3,31,충무시장,168460403
5290203100,서구3-1,32,충무시장,168460403
5291001100,사하구1-1,32,충무시장,168460403
5200070000,70,48,동대신3동,168470101
5290101000,중구1,32,동대신3동,168470102
5200011000,11,43,동신초등학교,168470201
5200002000,2,56,동신초등학교입구,168470202
5200067000,67,66,동신초등학교입구,168470202
5200168000,168,76,동신초등학교입구,168470202
5200002F00,2-F,56,동신초등학교입구,168470202
5200008000,8,60,서여고,168470203
5200011000,11,44,서여고,168470203
5290101000,중구1,25,동신초등학교,168470204
5290201000,서구1,7,동신초등학교,168470204
5290101000,중구1,26,서여자고등학교,168470205
5290201000,서구1,8,서여자고등학교,168470205
5200008000,8,32,동아대병원입구,168470401
5200015000,15,69,동아대병원입구,168470401
5200067000,67,30,동아대병원입구,168470401
5200161000,161,47,동아대병원입구,168470401
5200167000,167,44,동아대병원입구,168470401
5200168000,168,25,동아대병원입구,168470401
5200190000,190,87,동아대병원입구,168470401
5203003000,3003,15,동아대병원입구,168470401
5290205000,서구5,8,동아탕,168470402
5200134000,134,39,초장중학교,168480101
5200190000,190,61,초장중학교,168480101
5200134000,134,38,하동상회,168480102
5200190000,190,60,하동상회,168480102
5200134000,134,40,초장동,168480103
5200190000,190,62,초장동,168480103
5200134000,134,62,아미초등학교,168480201
5200190000,190,76,아미초등학교,168480201
5200134000,134,37,아미초등학교,168490101
5200190000,190,59,아미초등학교,168490101
5290202000,서구2,20,광성사,168490201
5291001100,사하구1-1,36,광성사,168490201
5290202000,서구2,25,산상교회.비석문화마을,168490202
5291001100,사하구1-1,40,산상교회.비석문화마을,168490202
5290202000,서구2,22,세화어린이집,168490203
5291001100,사하구1-1,38,세화어린이집,168490203
5290202000,서구2,23,아미동공영주차장,168490204
5291001100,사하구1-1,39,아미동공영주차장,168490204
5290202000,서구2,26,아미청년회,168490205
5291001100,사하구1-1,41,아미청년회,168490205
5290202000,서구2,21,아미초등학교,168490206
5291001100,사하구1-1,37,아미초등학교,168490206
5290202000,서구2,27,한샘슈퍼,168490207
5291001100,사하구1-1,42,한샘슈퍼,168490207
5290202000,서구2,24,미화당슈퍼,168490208
5200134000,134,63,아미파출소,168490301
5200190000,190,77,아미파출소,168490301
5200087000,87,63,토성역.아미동입구,168500101
5290203000,서구3,25,부산대학교병원,168500102
5290203100,서구3-1,26,부산대학교병원,168500102
5290202000,서구2,11,아미시장,168500103
5290202200,서구2-2,16,아미시장,168500103
5290203000,서구3,24,아미시장,168500103
5290203100,서구3-1,25,아미시장,168500103
5291001100,사하구1-1,26,아미시장,168500103
5290202000,서구2,12,토성역,168500104
5290203000,서구3,26,토성역,168500104
5290203100,서구3-1,27,토성역,168500104
5291001100,사하구1-1,27,토성역,168500104
5200134000,134,36,아미파출소,168500201
5200190000,190,58,아미파출소,168500201
5200087000,87,54,아동보호종합센터,168500301
5200087000,87,55,천주교아파트,168500302
5290202200,서구2-2,41,아동보호종합센터,168500303
5200009000,9,48,동원냉장,168510101
5200009000,9,58,감천1.2.3부두,168510301
5200007000,7,53,모지포마을,168520101
5200030000,30,51,모지포마을,168520101
5200071000,71,53,모지포마을,168520101
5200007000,7,54,모지포마을입구,168520102
5200030000,30,52,모지포마을입구,168520102
5200071000,71,54,모지포마을입구,168520102
5200007000,7,45,성진수산,168520201
5200009000,9,49,성진수산,168520201
5200030000,30,43,성진수산,168520201
5200071000,71,45,성진수산,168520201
5200009000,9,57,동원냉장,168520301
5200015000,15,65,영락교회,168530401
5200040000,40,67,영락교회,168530401
5200081000,81,31,영락교회,168530401
5200007000,7,35,신익아파트,168540101
5200009000,9,34,신익아파트,168540101
5200016000,16,63,신익아파트,168540101
5200061000,61,52,신익아파트,168540101
5200171000,171,81,신익아파트,168540101
5200172000,172,83,신익아파트,168540101
5200007000,7,34,부산관광고교,168540102
5200009000,9,33,부산관광고교,168540102
5200016000,16,62,부산관광고교,168540102
5200061000,61,51,부산관광고교,168540102
5200171000,171,80,부산관광고교,168540102
5200172000,172,82,부산관광고교,168540102
5200134000,134,54,남부민동,168540201
5200190000,190,68,남부민동,168540201
5200007000,7,65,남부민2동행정복지센터,168540301
5200009000,9,73,남부민2동행정복지센터,168540301
5200016000,16,36,남부민2동행정복지센터,168540301
5200061000,61,85,남부민2동행정복지센터,168540301
5200171000,171,52,남부민2동행정복지센터,168540301
5200172000,172,53,남부민2동행정복지센터,168540301
5200007000,7,66,천마우편취급국,168540302
5200009000,9,74,천마우편취급국,168540302
5200016000,16,37,천마우편취급국,168540302
5200061000,61,86,천마우편취급국,168540302
5200171000,171,53,천마우편취급국,168540302
5200172000,172,54,천마우편취급국,168540302
5200007000,7,67,남부민초등학교,168540303
5200009000,9,75,남부민초등학교,168540303
5200016000,16,38,남부민초등학교,168540303
5200061000,61,87,남부민초등학교,168540303
5200171000,171,54,남부민초등학교,168540303
5200172000,172,55,남부민초등학교,168540303
5200007000,7,43,모지포마을입구,168550201
5200030000,30,41,모지포마을입구,168550201
5200071000,71,43,모지포마을입구,168550201
5200007000,7,44,모지포마을,168550202
5200030000,30,42,모지포마을,168550202
5200071000,71,44,모지포마을,168550202
5200007000,7,56,휴게소,168550301
5200030000,30,54,휴게소,168550301
5200071000,71,56,휴게소,168550301
5200007000,7,55,암남공원,168550302
5200030000,30,53,암남공원,168550302
5200071000,71,55,암남공원,168550302
5200026000,26,39,송도교차로,168560101
5200030000,30,60,송도교차로,168560101
5200071000,71,62,송도교차로,168560101
5200096000,96,58,송도교차로,168560101
5200007000,7,36,송도초등학교,168560201
5200026000,26,32,송도초등학교,168560201
5200030000,30,33,송도초등학교,168560201
5200071000,71,36,송도초등학교,168560201
5200096000,96,51,송도초등학교,168560201
5200007000,7,37,송도해수욕장,168560202
5200026000,26,33,송도해수욕장,168560202
5200030000,30,34,송도해수욕장,168560202
5200071000,71,37,송도해수욕장,168560202
5200096000,96,52,송도해수욕장,168560202
5200007000,7,38,송도공영주차장,168560203
5200026000,26,34,송도공영주차장,168560203
5200030000,30,35,송도공영주차장,168560203
5200071000,71,38,송도공영주차장,168560203
5200096000,96,53,송도공영주차장,168560203
5200030000,30,36,송도혜성아파트·풍림아이원아파트,168560204
5200006000,6,50,송도입구,168560301
5200009000,9,35,송도입구,168560301
5200016000,16,64,송도입구,168560301
5200061000,61,53,송도입구,168560301
5200096100,96-1,58,송도입구,168560301
5200171000,171,82,송도입구,168560301
5200172000,172,84,송도입구,168560301
5203006000,3006,20,송도입구,168560301
5200008000,8,59,구덕운동장,168570101
5200015000,15,51,구덕운동장,168570101
5200016000,16,48,구덕운동장,168570101
5200040000,40,72,구덕운동장,168570101
5200067000,67,65,구덕운동장,168570101
5200081000,81,41,구덕운동장,168570101
5200161000,161,71,구덕운동장,168570101
5200168000,168,75,구덕운동장,168570101
5203003000,3003,31,구덕운동장,168570101
5290201000,서구1,6,구덕야구장,168570102
5290203000,서구3,2,구덕야구장,168570102
5290203100,서구3-1,2,구덕야구장,168570102
5290205000,서구5,3,구덕야구장,168570102
5200008000,8,33,구덕초등학교,168570301
5200015000,15,70,구덕초등학교,168570301
5200067000,67,31,구덕초등학교,168570301
5200161000,161,48,구덕초등학교,168570301
5200168000,168,26,구덕초등학교,168570301
5200167000,167,46,경남고등학교,168570501
5200190000,190,89,경남고등학교,168570501
5200008000,8,58,구덕초등학교,168580101
5200015000,15,50,구덕초등학교,168580101
5200067000,67,64,구덕초등학교,168580101
5200161000,161,70,구덕초등학교,168580101
5200168000,168,74,구덕초등학교,168580101
5290202000,서구2,10,광성사,168590101
5291001100,사하구1-1,25,광성사,168590101
5290202000,서구2,3,대진슈퍼,168590102
5291001100,사하구1-1,19,대진슈퍼,168590102
5290202000,서구2,5,산상교회.비석문화마을,168590103
5291001100,사하구1-1,21,산상교회.비석문화마을,168590103
5290202000,서구2,8,세화어린이집,168590104
5291001100,사하구1-1,23,세화어린이집,168590104
5290202000,서구2,7,아미동공영주차장,168590105
5291001100,사하구1-1,22,아미동공영주차장,168590105
5290202000,서구2,4,아미청년회,168590106
5291001100,사하구1-1,20,아미청년회,168590106
5290202000,서구2,9,아미초등학교,168590107
5291001100,사하구1-1,24,아미초등학교,168590107
5290202000,서구2,6,미화당슈퍼,168590108
5290202000,서구2,29,감천문화마을.부산교육역사관,168590201
5290202200,서구2-2,45,감천문화마을.부산교육역사관,168590201
5291001000,사하구1,26,감천문화마을.부산교육역사관,168590201
5291001100,사하구1-1,44,감천문화마을.부산교육역사관,168590201
5290202200,서구2-2,46,구감,168590202
5291001000,사하구1,27,구감,168590202
5291001100,사하구1-1,45,구감,168590202
5290202000,서구2,28,아미동감천삼거리,168590203
5291001100,사하구1-1,43,아미동감천삼거리,168590203
5200087000,87,61,천주교아파트,168600101
5200087000,87,62,아동보호종합센터,168600102
5290202200,서구2-2,15,아동보호종합센터,168600103
5290202200,서구2-2,14,천주교아파트,168600104
5290202200,서구2-2,43,세신빌라,168600201
5200061000,61,66,까치새길입구,168600301
5200087000,87,56,까치새길입구,168600301
5200061000,61,67,아름다운교회,168600302
5200087000,87,57,아름다운교회,168600302
5200061000,61,68,까치고개. 서구아미드림도서관,168600303
5200087000,87,58,까치고개. 서구아미드림도서관,168600303
5200002000,2,52,삼육부산병원.서대신역,168610101
5200096000,96,35,삼육부산병원.서대신역,168610101
5200113000,113,82,삼육부산병원.서대신역,168610101
5200002F00,2-F,52,삼육부산병원.서대신역,168610101
5290203000,서구3,47,서대신역,168610102
5200002000,2,65,서대신동,168610201
5200096000,96,74,서대신동,168610201
5200113000,113,30,서대신동,168610201
5200002F00,2-F,85,서대신동,168610201
5290203100,서구3-1,13,광민약국.서대신동,168610202
5290203100,서구3-1,12,삼육부산병원,168610203
5290203100,서구3-1,11,협성아파트,168610204
5290203100,서구3-1,50,남성한빛.대신더샵,168610301
5290203100,서구3-1,49,대신롯데캐슬아파트,168610302
5290203100,서구3-1,48,협성아파트,168610303
5200002000,2,53,서대신역.서대신교차로,168620101
5200011000,11,41,서대신역.서대신교차로,168620101
5200096000,96,36,서대신역.서대신교차로,168620101
5200103000,103,81,서대신역.서대신교차로,168620101
5200126000,126,60,서대신역.서대신교차로,168620101
5200161000,161,44,서대신역.서대신교차로,168620101
5200190000,190,84,서대신역.서대신교차로,168620101
5200002F00,2-F,53,서대신역.서대신교차로,168620101
5200002000,2,54,부경고교,168620102
5200011000,11,42,부경고교,168620102
5200096000,96,37,부경고교,168620102
5200103000,103,82,부경고교,168620102
5200126000,126,61,부경고교,168620102
5200161000,161,45,부경고교,168620102
5200190000,190,85,부경고교,168620102
5200002F00,2-F,54,부경고교,168620102
5290201000,서구1,12,서대신역,168620103
5290203000,서구3,48,서대신역,168620103
5290205000,서구5,6,서대신역,168620103
5290201000,서구1,13,부경고등학교,168620104
5290203000,서구3,49,부경고등학교,168620104
5290205000,서구5,7,부경고등학교,168620104
5200016000,16,50,서대신역.서부경찰서,168620201
5200040000,40,74,서대신역.서부경찰서,168620201
5200070000,70,75,서대신역.서부경찰서,168620201
5200081000,81,43,서대신역.서부경찰서,168620201
5200113000,113,83,서대신역.서부경찰서,168620201
5200167000,167,49,서대신역.서부경찰서,168620201
5200190000,190,52,서대신역.서부경찰서,168620201
5200011000,11,75,서대신교차로.서대신역,168620302
5200103000,103,40,서대신교차로.서대신역,168620302
5200126000,126,79,서대신교차로.서대신역,168620302
5200161000,161,73,서대신교차로.서대신역,168620302
5200002000,2,64,삼육부산병원,168620401
5200096000,96,73,삼육부산병원,168620401
5200113000,113,29,삼육부산병원,168620401
5200002F00,2-F,84,삼육부산병원,168620401
5200134000,134,46,알로이시오초등학교,168630201
5200134000,134,55,해강노인관,168640301
5200190000,190,69,해강노인관,168640301
5200134000,134,56,남부민동경로당,168640302
5200190000,190,70,남부민동경로당,168640302
5200134000,134,57,동천아파트,168640303
5200190000,190,71,동천아파트,168640303
5200134000,134,58,대원사,168640304
5200190000,190,72,대원사,168640304
5200134000,134,59,초장동,168640305
5200190000,190,73,초장동,168640305
5290201000,서구1,2,민방위교육장,168660201
5200167000,167,52,부산터널입구,168670101
5201001000,1001,54,부산터널입구,168670101
5200008000,8,61,화랑초등학교,168670201
5200011000,11,45,화랑초등학교,168670201
5200002F00,2-F,57,화랑초등학교,168670201
5290101000,중구1,28,동대신시장,168670302
5290201000,서구1,10,동대신시장,168670302
5290101000,중구1,27,부산은행,168670303
5290201000,서구1,9,부산은행,168670303
5200002000,2,49,민들레맨션,168680101
5200096000,96,32,민들레맨션,168680101
5200113000,113,79,민들레맨션,168680101
5200002F00,2-F,49,민들레맨션,168680101
5290203000,서구3,44,자유아파트,168680102
5290203100,서구3-1,45,자유아파트,168680102
5290203000,서구3,14,대티배수지,168680201
5290203100,서구3-1,15,대티배수지,168680201
5290203000,서구3,19,부민석유,168680202
5290203100,서구3-1,20,부민석유,168680202
5290203000,서구3,20,부민e편한세상아파트,168680203
5290203100,서구3-1,21,부민e편한세상아파트,168680203
5290203000,서구3,16,산월경로당,168680204
5290203100,서구3-1,17,산월경로당,168680204
5290203000,서구3,15,연성아파트,168680205
5290203100,서구3-1,16,연성아파트,168680205
5290203000,서구3,18,대신푸르지오,168680206
5290203100,서구3-1,19,대신푸르지오,168680206
5290203000,서구3,21,청송슈퍼,168680207
5290203100,서구3-1,22,청송슈퍼,168680207
5290203000,서구3,17,한일공업사,168680208
5290203100,서구3-1,18,한일공업사,168680208
5200007000,7,69,남부민시장입구,168720201
5200009000,9,77,남부민시장입구,168720201
5200016000,16,40,남부민시장입구,168720201
5200061000,61,89,남부민시장입구,168720201
5200171000,171,56,남부민시장입구,168720201
5200172000,172,57,남부민시장입구,168720201
5200007000,7,31,남부민초등학교,168730201
5200009000,9,30,남부민초등학교,168730201
5200016000,16,59,남부민초등학교,168730201
5200061000,61,48,남부민초등학교,168730201
5200171000,171,77,남부민초등학교,168730201
5200172000,172,79,남부민초등학교,168730201
5200007000,7,32,천마우편취급국,168730202
5200009000,9,31,천마우편취급국,168730202
5200016000,16,60,천마우편취급국,168730202
5200061000,61,49,천마우편취급국,168730202
5200171000,171,78,천마우편취급국,168730202
5200172000,172,80,천마우편취급국,168730202
5200007000,7,33,남부민2동행정복지센터,168730203
5200009000,9,32,남부민2동행정복지센터,168730203
5200016000,16,61,남부민2동행정복지센터,168730203
5200061000,61,50,남부민2동행정복지센터,168730203
5200171000,171,79,남부민2동행정복지센터,168730203
5200172000,172,81,남부민2동행정복지센터,168730203
5200134000,134,41,대원사,168750201
5200190000,190,63,대원사,168750201
5200134000,134,42,동천아파트,168750202
5200190000,190,64,동천아파트,168750202
5200134000,134,43,남부민동경로당,168750203
5200190000,190,65,남부민동경로당,168750203
5200134000,134,44,해강노인관,168750204
5200190000,190,66,해강노인관,168750204
5200134000,134,45,남부민동,168750205
5200190000,190,67,남부민동,168750205
5200134000,134,60,초장중학교,168750301
5200190000,190,74,초장중학교,168750301
5200134000,134,61,하동상회,168750302
5200190000,190,75,하동상회,168750302
5200002000,2,50,서대신동,168760101
5200096000,96,33,서대신동,168760101
5200113000,113,80,서대신동,168760101
5200002F00,2-F,50,서대신동,168760101
5290203000,서구3,45,광민약국.서대신동,168760102
5290203100,서구3-1,46,광민약국.서대신동,168760102
5290203000,서구3,46,삼육부산병원,168760103
5290203100,서구3-1,47,삼육부산병원,168760103
5200002000,2,66,민들레맨션,168760201
5200096000,96,75,민들레맨션,168760201
5200113000,113,31,민들레맨션,168760201
5200002F00,2-F,86,민들레맨션,168760201
5290203000,서구3,13,자유아파트,168760202
5290203100,서구3-1,14,자유아파트,168760202
5290201000,서구1,17,민방위교육장,168770301
5290203000,서구3,9,대신롯데캐슬아파트,168770401
5290203000,서구3,7,민방위교육장,168770402
5290203100,서구3-1,7,민방위교육장,168770402
5290203000,서구3,8,효목빌라,168770403
5290203100,서구3-1,8,효목빌라,168770403
5200016000,16,47,대신중학교,168780101
5200040000,40,71,대신중학교,168780101
5200081000,81,40,대신중학교,168780101
5200081000,81,35,경성전자고등학교,168780102
5290203000,서구3,1,구덕운동장,168780103
5290203100,서구3-1,1,구덕운동장,168780103
5200081000,81,36,서부교육청,168780301
5200081000,81,37,서대신금호아파트(종점),168780302
5290201000,서구1,14,경성전자고등학교,168780303
5290203000,서구3,4,경성전자고등학교,168780303
5290203100,서구3-1,4,경성전자고등학교,168780303
5290201000,서구1,16,금호아파트,168780304
5290203000,서구3,6,금호아파트,168780304
5290203100,서구3-1,6,금호아파트,168780304
5290201000,서구1,15,남성한빛.대신더샵,168780305
5290203000,서구3,5,남성한빛.대신더샵,168780305
5290203100,서구3-1,5,남성한빛.대신더샵,168780305
5290205000,서구5,2,동아대학교병원,168790201
5290205000,서구5,10,동아대학교구덕캠퍼스,168790301
5290203000,서구3,23,아미파출소,168800101
5290203100,서구3-1,24,아미파출소,168800101
5290203000,서구3,35,부산서교회,168800201
5290203100,서구3-1,36,부산서교회,168800201
5290203000,서구3,43,대티배수지,168810101
5290203100,서구3-1,44,대티배수지,168810101
5290203000,서구3,38,부민석유,168810102
5290203100,서구3-1,39,부민석유,168810102
5290203000,서구3,37,부민e편한세상아파트,168810103
5290203100,서구3-1,38,부민e편한세상아파트,168810103
5290203000,서구3,41,산월경로당,168810104
5290203100,서구3-1,42,산월경로당,168810104
5290203000,서구3,42,연성아파트,168810105
5290203100,서구3-1,43,연성아파트,168810105
5290203000,서구3,39,대신푸르지오,168810106
5290203100,서구3-1,40,대신푸르지오,168810106
5290203000,서구3,36,청송슈퍼,168810107
5290203100,서구3-1,37,청송슈퍼,168810107
5290203000,서구3,40,한일공업사,168810108
5290203100,서구3-1,41,한일공업사,168810108
5290203000,서구3,22,부산서교회,168810301
5290203100,서구3-1,23,부산서교회,168810301
5200002000,2,61,서여고,168820301
5200008000,8,30,서여고,168820301
5200011000,11,72,서여고,168820301
5200067000,67,28,서여고,168820301
5200167000,167,42,서여고,168820301
5200168000,168,23,서여고,168820301
5200002F00,2-F,81,서여고,168820301
5290201000,서구1,1,구덕꽃마을,168830101
5290201000,서구1,18,구덕꽃마을,168840101
5200007000,7,52,성진수산,168850101
5200009000,9,56,성진수산,168850101
5200030000,30,50,성진수산,168850101
5200071000,71,52,성진수산,168850101
5200007000,7,46,부산국제수산물도매시장,168850201
5200009000,9,50,부산국제수산물도매시장,168850201
5200030000,30,44,부산국제수산물도매시장,168850201
5200071000,71,46,부산국제수산물도매시장,168850201
5200134000,134,48,마리아수녀회,168870201
5200167000,167,45,동아대학교병원,168950101
5200190000,190,88,동아대학교병원,168950101
5290101000,중구1,36,경남고등학교입구,168950201
5200070000,70,73,동대신3동,168950301
5200167000,167,47,동대신3동,168950301
5200190000,190,50,동대신3동,168950301
5290101000,중구1,24,동대신3동,168950302
5290101000,중구1,17,대청마루,168960201
5290101000,중구1,19,영산3동아파트,168960202
5290101000,중구1,18,한국빌라,168960203
5200022000,22,28,초량역3번출구,169030401
5200022000,22,71,초량역3번출구,169030401
5200052000,52,41,초량역3번출구,169030401
5200052000,52,62,초량역3번출구,169030401
5200087000,87,42,초량역3번출구,169030401
5200103000,103,102,초량역3번출구,169030401
5200508000,508,54,초량역3번출구,169030401
5200022000,22,27,인창병원,169040201
5200052000,52,40,인창병원,169040201
5200087000,87,41,인창병원,169040201
5200103000,103,21,경남여중,169040301
5200087000,87,76,인창병원,169050101
5200103000,103,23,부산고교,169060301
5200103000,103,22,이편한세상부산항.(구)성분도병원,169070201
5200190000,190,112,부산고교,169070302
5200171000,171,66,부산역,169100203
5200022000,22,29,국민은행,169100301
5200103000,103,97,국민은행,169100301
5200022000,22,70,인창병원,169110101
5200052000,52,61,인창병원,169110101
5200103000,103,101,인창병원,169110101
5200508000,508,53,인창병원,169110101
5200038100,38-1,26,부산역.초량시장입구,169130201
5200103000,103,25,부산역.초량시장입구,169130201
5200190000,190,114,부산역.초량시장입구,169130201
5200038100,38-1,28,초량시장입구,169140301
5200052000,52,42,초량시장입구,169140301
5200087000,87,74,초량시장입구,169140301
5200190000,190,29,초량시장입구,169140301
5200508000,508,32,초량시장입구,169140301
5290302000,동구2,23,부산진역.해양수산부,169150205
5200052000,52,50,부산서중학교,169170101
5200190000,190,108,아르미나아파트,169170201
5200190000,190,109,부산서중학교,169170202
5200022000,22,62,초량6동,169170301
5200038000,38,71,초량6동,169170301
5200038100,38-1,18,초량6동,169170301
5200052000,52,53,초량6동,169170301
5200086000,86,39,초량6동,169170301
5200186000,186,107,초량6동,169170301
5200022000,22,63,부산컴퓨터과학고교,169170302
5200038000,38,72,부산컴퓨터과학고교,169170302
5200038100,38-1,19,부산컴퓨터과학고교,169170302
5200052000,52,54,부산컴퓨터과학고교,169170302
5200086000,86,40,부산컴퓨터과학고교,169170302
5200186000,186,108,부산컴퓨터과학고교,169170302
5200022000,22,64,금수사,169170303
5200038000,38,73,금수사,169170303
5200038100,38-1,20,금수사,169170303
5200052000,52,55,금수사,169170303
5200086000,86,41,금수사,169170303
5200186000,186,109,금수사,169170303
5200022000,22,38,부산서중학교,169180201
5200038000,38,88,부산서중학교,169180201
5200038100,38-1,36,부산서중학교,169180201
5200086000,86,75,부산서중학교,169180201
5200186000,186,39,부산서중학교,169180201
5200022000,22,61,부산서중학교,169180301
5200052000,52,52,부산서중학교,169180301
5200038000,38,70,부산서중학교,169180302
5200038100,38-1,17,부산서중학교,169180302
5200086000,86,38,부산서중학교,169180302
5200186000,186,106,부산서중학교,169180302
5200087000,87,38,수정초등학교,169190101
5290302000,동구2,21,수정초등학교,169190102
5200087000,87,81,수정5동,169190301
5290302000,동구2,29,수정5동,169190302
5290302000,동구2,28,수정성당,169190303
5200022000,22,43,수성초등학교,169200101
5200038000,38,93,수성초등학교,169200101
5200038100,38-1,41,수성초등학교,169200101
5200086000,86,80,수성초등학교,169200101
5200186000,186,44,수성초등학교,169200101
5200022000,22,44,수정삼거리,169200102
5200038000,38,94,수정삼거리,169200102
5200038100,38-1,42,수정삼거리,169200102
5200086000,86,81,수정삼거리,169200102
5200186000,186,45,수정삼거리,169200102
5200022000,22,56,동여중,169200301
5200038000,38,65,동여중,169200301
5200038100,38-1,12,동여중,169200301
5200086000,86,33,동여중,169200301
5200186000,186,101,동여중,169200301
5200022000,22,57,수정산가족체육공원입구,169200302
5200038000,38,66,수정산가족체육공원입구,169200302
5200038100,38-1,13,수정산가족체육공원입구,169200302
5200086000,86,34,수정산가족체육공원입구,169200302
5200186000,186,102,수정산가족체육공원입구,169200302
5200029000,29,78,서광교회,169210101
5200038000,38,101,서광교회,169210101
5200038100,38-1,46,서광교회,169210101
5200086000,86,85,서광교회,169210101
5200186000,186,49,서광교회,169210101
5200029000,29,79,아름빌아파트,169210102
5200038000,38,102,아름빌아파트,169210102
5200038100,38-1,47,아름빌아파트,169210102
5200086000,86,86,아름빌아파트,169210102
5200186000,186,50,아름빌아파트,169210102
5290301000,동구1,8,아름빌아파트,169210103
5290301100,동구1-1,8,아름빌아파트,169210103
5200022000,22,49,나웅하이빌,169210201
5200038000,38,58,나웅하이빌,169210201
5200022000,22,48,범일초등학교입구,169210202
5200038000,38,57,범일초등학교입구,169210202
5290301000,동구1,17,범일초등학교,169210301
5290301100,동구1-1,35,범일초등학교,169210301
5200022000,22,50,문화아파트,169220101
5200038000,38,59,문화아파트,169220101
5200022000,22,51,금성고등학교,169220102
5200038000,38,60,금성고등학교,169220102
5200022000,22,52,좌이경로당,169220103
5200038000,38,61,좌이경로당,169220103
5200038000,38,99,나웅하이빌,169220201
5200038000,38,100,범일초등학교입구,169220202
5200038000,38,95,하승빌라,169230101
5200087000,87,36,수정5동,169230201
5200087000,87,37,수정성당입구,169230202
5290302000,동구2,19,수정5동,169230203
5290302000,동구2,20,수정성당,169230204
5200087000,87,82,수정삼거리,169230301
5290302000,동구2,30,수정삼거리,169230302
5200038000,38,96,좌이경로당,169240101
5200038000,38,97,금성고등학교,169240102
5200038000,38,98,문화아파트,169240103
5200022000,22,53,하승빌라,169240201
5200038000,38,62,하승빌라,169240201
5200087000,87,35,수정삼거리,169250201
5290302000,동구2,18,수정삼거리,169250202
5200022000,22,54,수정삼거리,169250301
5200038000,38,63,수정삼거리,169250301
5200038100,38-1,10,수정삼거리,169250301
5200086000,86,31,수정삼거리,169250301
5200186000,186,99,수정삼거리,169250301
5200022000,22,55,수성초등학교,169250302
5200038000,38,64,수성초등학교,169250302
5200038100,38-1,11,수성초등학교,169250302
5200086000,86,32,수성초등학교,169250302
5200186000,186,100,수성초등학교,169250302
5200005100,5-1,80,부산역후문,169270101
5200172000,172,65,부산역후문,169270101
5200005100,5-1,67,2부두,169270201
5200172000,172,69,2부두,169270201
5200005100,5-1,68,"중부경찰서,연안여객터미널",169270202
5200172000,172,70,"중부경찰서,연안여객터미널",169270202
5200029000,29,80,부산범천교회,169300101
5200038000,38,103,부산범천교회,169300101
5200038100,38-1,48,부산범천교회,169300101
5200086000,86,87,부산범천교회,169300101
5200186000,186,51,부산범천교회,169300101
5290301000,동구1,9,범천교회,169300102
5290301100,동구1-1,9,범천교회,169300102
5200029000,29,67,아름빌아파트,169300301
5200038000,38,55,아름빌아파트,169300301
5200038100,38-1,5,아름빌아파트,169300301
5200086000,86,26,아름빌아파트,169300301
5200186000,186,94,아름빌아파트,169300301
5200029000,29,68,서광교회,169300302
5200038000,38,56,서광교회,169300302
5200038100,38-1,6,서광교회,169300302
5200086000,86,27,서광교회,169300302
5200186000,186,95,서광교회,169300302
5290301000,동구1,15,아름빌아파트,169300303
5290301100,동구1-1,33,아름빌아파트,169300303
5290301000,동구1,16,서광교회,169300304
5290301100,동구1-1,34,서광교회,169300304
5200022000,22,35,금수사,169310101
5200038000,38,85,금수사,169310101
5200038100,38-1,33,금수사,169310101
5200052000,52,47,금수사,169310101
5200086000,86,72,금수사,169310101
5200186000,186,36,금수사,169310101
5200190000,190,105,금수사,169310101
5200022000,22,36,부산컴퓨터과학고교,169310102
5200038000,38,86,부산컴퓨터과학고교,169310102
5200038100,38-1,34,부산컴퓨터과학고교,169310102
5200052000,52,48,부산컴퓨터과학고교,169310102
5200086000,86,73,부산컴퓨터과학고교,169310102
5200186000,186,37,부산컴퓨터과학고교,169310102
5200190000,190,106,부산컴퓨터과학고교,169310102
5200022000,22,37,초량6동,169310103
5200038000,38,87,초량6동,169310103
5200038100,38-1,35,초량6동,169310103
5200052000,52,49,초량6동,169310103
5200086000,86,74,초량6동,169310103
5200186000,186,38,초량6동,169310103
5200190000,190,107,초량6동,169310103
5200022000,22,65,초량어린이집,169310201
5200038100,38-1,21,초량어린이집,169310201
5200052000,52,56,초량어린이집,169310201
5200508000,508,48,초량어린이집,169310201
5200022000,22,66,초량6동행정복지센터,169310202
5200038100,38-1,22,초량6동행정복지센터,169310202
5200052000,52,57,초량6동행정복지센터,169310202
5200508000,508,49,초량6동행정복지센터,169310202
5200022000,22,67,(구)해룡약국,169310203
5200038100,38-1,23,(구)해룡약국,169310203
5200052000,52,58,(구)해룡약국,169310203
5200508000,508,50,(구)해룡약국,169310203
5200022000,22,68,부산고교,169310204
5200038100,38-1,24,부산고교,169310204
5200052000,52,59,부산고교,169310204
5200508000,508,51,부산고교,169310204
5200038000,38,74,화신아파트,169310301
5200086000,86,42,화신아파트,169310301
5200186000,186,110,화신아파트,169310301
5200190000,190,34,화신아파트,169310301
5200508000,508,37,화신아파트,169310301
5200038000,38,75,동일파크맨션,169310302
5200086000,86,43,동일파크맨션,169310302
5200186000,186,111,동일파크맨션,169310302
5200190000,190,35,동일파크맨션,169310302
5200508000,508,38,동일파크맨션,169310302
5200038000,38,76,영주삼거리,169310303
5200086000,86,44,영주삼거리,169310303
5200186000,186,112,영주삼거리,169310303
5200190000,190,36,영주삼거리,169310303
5200508000,508,39,영주삼거리,169310303
5200005100,5-1,82,4부두,169320101
5200042000,42,55,4부두,169320101
5200005100,5-1,66,부산역후문,169330202
5200172000,172,68,부산역후문,169330202
5200005100,5-1,64,4부두,169340201
5200005100,5-1,83,부두119안전센터,169350101
5200042000,42,56,부두119안전센터,169350101
5200005100,5-1,63,부두119안전센터,169360301
5200042000,42,53,부두119안전센터,169360301
5200017000,17,41,좌천동가구거리(좌천역),169390101
5200038100,38-1,2,좌천동가구거리(좌천역),169390101
5200059000,59,82,좌천동가구거리(좌천역),169390101
5200061000,61,104,좌천동가구거리(좌천역),169390101
5200067000,67,74,좌천동가구거리(좌천역),169390101
5200085000,85,29,좌천동가구거리(좌천역),169390101
5200088000,88,33,좌천동가구거리(좌천역),169390101
5200103000,103,107,좌천동가구거리(좌천역),169390101
5290301000,동구1,7,서광교회,169410102
5290301100,동구1-1,7,서광교회,169410102
5200038100,38-1,7,범일초등학교,169410201
5200086000,86,28,범일초등학교,169410201
5200186000,186,96,범일초등학교,169410201
5200038100,38-1,8,성북고개,169410203
5200086000,86,29,성북고개,169410203
5200087000,87,33,성북고개,169410203
5200186000,186,97,성북고개,169410203
5200029000,29,69,범일초등학교,169410301
5200087000,87,85,범일초등학교,169410301
5200029000,29,70,삼화약국,169410302
5200087000,87,86,삼화약국,169410302
5290301000,동구1,18,(구)범곡새마을금고,169410303
5290301100,동구1-1,36,(구)범곡새마을금고,169410303
5290301000,동구1,20,(구)삼화약국,169410304
5290301100,동구1-1,38,(구)삼화약국,169410304
5290301000,동구1,19,덕산탕,169410305
5290301100,동구1-1,37,덕산탕,169410305
5200087000,87,87,안창마을입구,169420101
5200087000,87,88,호천마을입구,169420102
5200087000,87,89,서호정사,169420103
5200029000,29,76,삼화약국,169420201
5200087000,87,31,삼화약국,169420201
5200029000,29,77,범일초등학교,169420202
5200087000,87,32,범일초등학교,169420202
5290301000,동구1,5,(구)삼화약국,169420203
5290301100,동구1-1,5,(구)삼화약국,169420203
5290301000,동구1,6,(구)범곡새마을금고,169420204
5290301100,동구1-1,6,(구)범곡새마을금고,169420204
5200029000,29,72,안창마을입구,169420301
5200029000,29,73,안창마을종점,169420302
5290301000,동구1,21,안창삼거리,169420303
5290301100,동구1-1,39,안창삼거리,169420303
5290301000,동구1,22,보각사,169420304
5290301100,동구1-1,40,보각사,169420304
5290301000,동구1,24,동구종합사회복지관,169420305
5290301100,동구1-1,42,동구종합사회복지관,169420305
5290302000,동구2,22,동부경찰서,169440101
5200087000,87,39,수정시장,169440201
5200087000,87,79,수정초등학교,169440301
5290302000,동구2,27,수정초등학교,169440302
5200022000,22,69,(구)성분도병원,169450101
5200052000,52,60,(구)성분도병원,169450101
5200087000,87,75,(구)성분도병원,169450101
5200103000,103,100,(구)성분도병원,169450101
5200508000,508,52,(구)성분도병원,169450101
5200038100,38-1,25,초량지구대,169450401
5200103000,103,24,초량지구대,169450401
5200190000,190,113,초량지구대,169450401
5200022000,22,32,(구)해룡약국,169450501
5200038100,38-1,30,(구)해룡약국,169450501
5200052000,52,44,(구)해룡약국,169450501
5200190000,190,31,(구)해룡약국,169450501
5200508000,508,34,(구)해룡약국,169450501
5200022000,22,33,초량6동행정복지센터,169450502
5200038100,38-1,31,초량6동행정복지센터,169450502
5200052000,52,45,초량6동행정복지센터,169450502
5200190000,190,32,초량6동행정복지센터,169450502
5200508000,508,35,초량6동행정복지센터,169450502
5200022000,22,31,부산고교,169450503
5200038100,38-1,29,부산고교,169450503
5200052000,52,43,부산고교,169450503
5200190000,190,30,부산고교,169450503
5200508000,508,33,부산고교,169450503
5200022000,22,34,초량어린이집,169450504
5200038100,38-1,32,초량어린이집,169450504
5200052000,52,46,초량어린이집,169450504
5200190000,190,33,초량어린이집,169450504
5200508000,508,36,초량어린이집,169450504
5200103000,103,99,부산고교,169460101
5200022000,22,30,초량지구대,169460102
5200103000,103,98,초량지구대,169460102
5200190000,190,110,수정1동공영주차장,169470101
5200190000,190,111,한림유치원,169470102
5200087000,87,77,동구청,169490101
5200022000,22,59,수정아파트,169500101
5200038000,38,68,수정아파트,169500101
5200038100,38-1,15,수정아파트,169500101
5200086000,86,36,수정아파트,169500101
5200186000,186,104,수정아파트,169500101
5200022000,22,60,동구노인종합복지관.묘심사,169500102
5200038000,38,69,동구노인종합복지관.묘심사,169500102
5200038100,38-1,16,동구노인종합복지관.묘심사,169500102
5200086000,86,37,동구노인종합복지관.묘심사,169500102
5200186000,186,105,동구노인종합복지관.묘심사,169500102
5200022000,22,41,수정2동,169500301
5200038000,38,91,수정2동,169500301
5200038100,38-1,39,수정2동,169500301
5200086000,86,78,수정2동,169500301
5200186000,186,42,수정2동,169500301
5290302000,동구2,1,수정아파트5동,169520401
5290302000,동구2,2,수정아파트중간계단,169520402
5290302000,동구2,3,백련정사입구,169520403
5200052000,52,51,수정4동(종점),169530101
5290301000,동구1,2,동구종합사회복지관,169600101
5290301100,동구1-1,2,동구종합사회복지관,169600101
5290301000,동구1,1,안창마을,169600102
5290301100,동구1-1,1,안창마을,169600102
5200022000,22,26,고관입구,169610202
5200052000,52,39,고관입구,169610202
5200103000,103,20,고관입구,169610202
5290302000,동구2,25,동구청.우체국,169610301
5290302000,동구2,24,부산진역1번출구,169610302
5200087000,87,78,수정시장,169620101
5290302000,동구2,26,수정시장,169620102
5200087000,87,40,동구청,169620301
5200022000,22,58,수정2동,169630201
5200038000,38,67,수정2동,169630201
5200038100,38-1,14,수정2동,169630201
5200086000,86,35,수정2동,169630201
5200186000,186,103,수정2동,169630201
5200022000,22,42,동여중,169630301
5200038000,38,92,동여중,169630301
5200038100,38-1,40,동여중,169630301
5200086000,86,79,동여중,169630301
5200186000,186,43,동여중,169630301
5200005100,5-1,84,남해지방해양경찰청,169670401
5200042000,42,57,남해지방해양경찰청,169670401
5200029000,29,81,범내골역3번출구.춘해병원,169710101
5200038000,38,104,범내골역3번출구.춘해병원,169710101
5200029000,29,66,부산범천교회,169710301
5200038000,38,54,부산범천교회,169710301
5200038100,38-1,4,부산범천교회,169710301
5200086000,86,25,부산범천교회,169710301
5200186000,186,93,부산범천교회,169710301
5290301000,동구1,14,범천교회,169710302
5290301100,동구1-1,32,범천교회,169710302
5200038100,38-1,49,경남아파트,169710401
5200059000,59,84,경남아파트,169710401
5200061000,61,106,경남아파트,169710401
5200085000,85,31,경남아파트,169710401
5200186000,186,52,경남아파트,169710401
5290301000,동구1,10,경남아파트,169710402
5290301100,동구1-1,27,축복예식장,169740401
5200022000,22,80,시민회관.동부산우체국,169770201
5200027000,27,57,시민회관.동부산우체국,169770201
5200038100,38-1,54,시민회관.동부산우체국,169770201
5200040000,40,97,시민회관.동부산우체국,169770201
5200042000,42,63,시민회관.동부산우체국,169770201
5200057000,57,51,시민회관.동부산우체국,169770201
5200068000,68,87,시민회관.동부산우체국,169770201
5200080000,80,58,시민회관.동부산우체국,169770201
5200083100,83-1,84,시민회관.동부산우체국,169770201
5200099000,99,33,시민회관.동부산우체국,169770201
5200101000,101,34,시민회관.동부산우체국,169770201
5200111000,111,56,시민회관.동부산우체국,169770201
5200134000,134,83,시민회관.동부산우체국,169770201
5200068000,68,19,시민회관.동부산우체국,169770301
5200083100,83-1,27,시민회관.동부산우체국,169770301
5200068000,68,20,자유.평화시장,169780301
5200083100,83-1,28,자유.평화시장,169780301
5290301100,동구1-1,28,"자유,평화시장",169780302
5200010000,10,84,부산진성공원,169820301
5200022000,22,22,부산진성공원,169820301
5200023000,23,10,부산진성공원,169820301
5200026000,26,10,부산진성공원,169820301
5200027000,27,25,부산진성공원,169820301
5200040000,40,53,부산진성공원,169820301
5200041000,41,27,부산진성공원,169820301
5200042000,42,47,부산진성공원,169820301
5200083000,83,18,부산진성공원,169820301
5200101000,101,79,부산진성공원,169820301
5200108000,108,19,부산진성공원,169820301
5200134000,134,18,부산진성공원,169820301
5200138000,138,89,부산진성공원,169820301
5200168000,168,14,부산진성공원,169820301
5290703000,남구3,23,부산시민회관,169830301
5290703000,남구3,24,한양아파트,169840401
5200583000,583,32,범5호교,169860101
5290705000,남구5,38,조방면옥,169860103
5290703000,남구3,25,국밥골목,169870301
5290705000,남구5,35,국밥골목,169870301
5290703000,남구3,26,평화시장,169870302
5290705000,남구5,36,평화시장,169870302
5290705000,남구5,34,시민장례식장,169900401
5290301100,동구1-1,14,오션브릿지,169910301
5200026000,26,60,부산진성공원,169920101
5200041000,41,55,부산진성공원,169920101
5200168000,168,84,부산진성공원,169920101
5201003000,1003,71,부산진성공원,169920101
5201003F00,1003-F,78,부산진성공원,169920101
5200080000,80,59,부산진성공원,169920201
5200005100,5-1,59,보급창,169940101
5200042000,42,49,보급창,169940101
5200017000,17,42,한성기린아파트,169950101
5200038100,38-1,3,한성기린아파트,169950101
5200059000,59,83,한성기린아파트,169950101
5200061000,61,105,한성기린아파트,169950101
5200067000,67,75,한성기린아파트,169950101
5200085000,85,30,한성기린아파트,169950101
5200088000,88,34,한성기린아파트,169950101
5200103000,103,108,한성기린아파트,169950101
5290301100,동구1-1,31,한성기린아파트,169950102
5200017000,17,85,좌천동가구거리(좌천역),169950302
5200059000,59,55,좌천동가구거리(좌천역),169950302
5200061000,61,31,좌천동가구거리(좌천역),169950302
5200067000,67,20,좌천동가구거리(좌천역),169950302
5200085000,85,58,좌천동가구거리(좌천역),169950302
5200088000,88,84,좌천동가구거리(좌천역),169950302
5200103000,103,17,좌천동가구거리(좌천역),169950302
5290301100,동구1-1,30,부산진시장입구,169970301
5200010000,10,39,범일동국민은행,169990101
5200023000,23,56,범일동국민은행,169990101
5200083000,83,34,범일동국민은행,169990101
5200108000,108,84,범일동국민은행,169990101
5200138000,138,49,범일동국민은행,169990101
5200583000,583,31,범일동국민은행,169990101
5200005100,5-1,60,대양산업·하버시티,170000201
5200042000,42,50,대양산업·하버시티,170000201
5200042000,42,51,범일5동행정복지센터,170000202
5200005100,5-1,85,범일5동행정복지센터,170030101
5200042000,42,58,범일5동행정복지센터,170030101
5200005100,5-1,86,대양산업·하버시티,170030102
5200042000,42,59,대양산업·하버시티,170030102
5290301100,동구1-1,23,두산위브,170030103
5290301100,동구1-1,24,대양산업·하버시티,170030104
5200005100,5-1,61,범일5동행정복지센터,170030201
5200005100,5-1,62,남해지방해양경찰청,170030202
5200042000,42,52,남해지방해양경찰청,170030202
5290301100,동구1-1,17,범일5동행정복지센터,170030203
5290301100,동구1-1,18,남해지방해양경찰청,170030205
5200017000,17,43,범곡교차로,170050101
5200067000,67,76,범곡교차로,170050101
5200088000,88,35,범곡교차로,170050101
5200103000,103,109,범곡교차로,170050101
5200017000,17,83,범곡교차로,170050201
5200059000,59,53,범곡교차로,170050201
5200061000,61,29,범곡교차로,170050201
5200067000,67,18,범곡교차로,170050201
5200085000,85,56,범곡교차로,170050201
5200088000,88,82,범곡교차로,170050201
5200103000,103,15,범곡교차로,170050201
5200006000,6,34,부산보건고,170100101
5200007000,7,19,부산보건고,170100101
5200009000,9,18,부산보건고,170100101
5200070000,70,28,부산보건고,170100101
5200071000,71,20,부산보건고,170100101
5200082000,82,14,부산보건고,170100101
5200085000,85,11,부산보건고,170100101
5200508000,508,20,부산보건고,170100101
5200006000,6,26,봉래동,170110101
5200006000,6,100,봉래동,170110101
5200082000,82,81,봉래2동마을건강센터,170110102
5200085000,85,84,봉래2동마을건강센터,170110102
5200082000,82,82,영월사,170110103
5200085000,85,85,영월사,170110103
5200085000,85,86,청학고개,170110104
5200006000,6,25,센트럴에일린의뜰,170120101
5200006000,6,99,센트럴에일린의뜰,170120101
5200082000,82,80,센트럴에일린의뜰,170120101
5200085000,85,83,센트럴에일린의뜰,170120101
5200006000,6,27,센트럴에일린의뜰,170120201
5200006000,6,101,센트럴에일린의뜰,170120201
5200082000,82,7,센트럴에일린의뜰,170120201
5200085000,85,4,센트럴에일린의뜰,170120201
5200008000,8,19,교통순찰대.센트럴에일린의뜰,170140301
5200017000,17,21,교통순찰대.센트럴에일린의뜰,170140301
5200030000,30,19,교통순찰대.센트럴에일린의뜰,170140301
5200088000,88,18,교통순찰대.센트럴에일린의뜰,170140301
5200101000,101,19,교통순찰대.센트럴에일린의뜰,170140301
5200113000,113,15,교통순찰대.센트럴에일린의뜰,170140301
5200186000,186,19,교통순찰대.센트럴에일린의뜰,170140301
5200190000,190,19,교통순찰대.센트럴에일린의뜰,170140301
5200011000,11,54,영도봉래시장,170160101
5200070000,70,86,영도봉래시장,170160101
5200101000,101,90,영도봉래시장,170160101
5290405000,영도구5,60,봉래시장,170160102
5290401000,영도구1,39,미광아파트,170170101
5200070000,70,35,미광마린타워,170170301
5200088100,88-1,12,미광마린타워,170170301
5200101000,101,20,미광마린타워,170170301
5290401000,영도구1,3,부산대교입구,170170302
5200008000,8,69,영도우체국,170180201
5200017000,17,103,영도우체국,170180201
5200030000,30,72,영도우체국,170180201
5200070000,70,33,영도우체국,170180201
5200082000,82,67,영도우체국,170180201
5200085000,85,70,영도우체국,170180201
5200088000,88,96,영도우체국,170180201
5200113000,113,95,영도우체국,170180201
5200186000,186,124,영도우체국,170180201
5200190000,190,121,영도우체국,170180201
5203003000,3003,37,영도우체국,170180201
5200007000,7,76,대교사거리,170180301
5200009000,9,83,대교사거리,170180301
5200011000,11,57,대교사거리,170180301
5200070000,70,89,대교사거리,170180301
5200071000,71,74,대교사거리,170180301
5200508000,508,62,대교사거리,170180301
5290401000,영도구1,6,대교사거리,170180302
5200017000,17,24,대교동,170180401
5200082000,82,20,대교동,170180401
5200085000,85,17,대교동,170180401
5200088000,88,21,대교동,170180401
5200186000,186,22,대교동,170180401
5200190000,190,22,대교동,170180401
5200508000,508,25,대교동,170180401
5290401000,영도구1,5,구민장례식장,170190201
5290401000,영도구1,4,영광골든타워,170190202
5290405000,영도구5,62,영도초등학교,170210201
5200006000,6,90,영선위교차로,170220401
5200007000,7,79,영선위교차로,170220401
5200009000,9,86,영선위교차로,170220401
5200070000,70,92,영선위교차로,170220401
5200071000,71,77,영선위교차로,170220401
5200082000,82,71,영선위교차로,170220401
5200085000,85,74,영선위교차로,170220401
5200508000,508,65,영선위교차로,170220401
5290401000,영도구1,14,영선동윗로터리,170220402
5290405000,영도구5,65,영선동윗로터리,170220402
5200006000,6,35,영선위교차로,170220501
5200007000,7,20,영선위교차로,170220501
5200009000,9,19,영선위교차로,170220501
5200011000,11,60,영선위교차로,170220501
5200070000,70,29,영선위교차로,170220501
5200071000,71,21,영선위교차로,170220501
5200082000,82,15,영선위교차로,170220502
5200085000,85,12,영선위교차로,170220502
5200508000,508,21,영선위교차로,170220502
5200006000,6,36,영선아랫교차로,170230401
5200007000,7,21,영선아랫교차로,170230401
5200009000,9,20,영선아랫교차로,170230401
5200011000,11,61,영선아랫교차로,170230401
5200070000,70,30,영선아랫교차로,170230401
5200071000,71,22,영선아랫교차로,170230401
5200508000,508,22,영선아랫교차로,170230401
5200006000,6,89,영선아랫교차로,170240101
5200007000,7,78,영선아랫교차로,170240101
5200009000,9,85,영선아랫교차로,170240101
5200011000,11,59,영선아랫교차로,170240101
5200070000,70,91,영선아랫교차로,170240101
5200071000,71,76,영선아랫교차로,170240101
5200508000,508,64,영선아랫교차로,170240101
5200007000,7,22,남항동,170240201
5200009000,9,21,남항동,170240201
5200011000,11,62,남항동,170240201
5200070000,70,31,남항동,170240201
5200071000,71,23,남항동,170240201
5200508000,508,23,남항동,170240201
5200006000,6,28,영도배수지,170250301
5200006000,6,102,영도배수지,170250301
5200009000,9,12,영도배수지,170250301
5200082000,82,8,영도배수지,170250301
5200085000,85,5,영도배수지,170250301
5200009000,9,95,시영아파트,170260101
5200009000,9,97,영광아파트,170260102
5290401000,영도구1,30,삼거리슈퍼,170260501
5290405000,영도구5,38,삼거리슈퍼,170260501
5200006000,6,38,깡깡이예술마을,170270101
5290402000,영도구2,36,(구)전차종점,170270201
5290402000,영도구2,18,대동대교맨션,170270401
5290402000,영도구2,17,토토볼링장,170270402
5290402000,영도구2,21,대평동,170280201
5290402000,영도구2,22,진주슈퍼,170280202
5200082000,82,17,남항시장,170290101
5200085000,85,14,남항시장,170290101
5200082000,82,18,영선119안전센터,170290102
5200085000,85,15,영선119안전센터,170290102
5290401000,영도구1,35,남항시장,170290103
5200082000,82,70,영선2동행정복지센터,170290301
5200085000,85,73,영선2동행정복지센터,170290301
5203003000,3003,38,영선2동행정복지센터,170290301
5203006000,3006,18,영선2동행정복지센터,170290301
5290402000,영도구2,14,GS25,170290401
5290402000,영도구2,13,남항동농협,170290402
5290402000,영도구2,15,세븐일레븐,170290403
5200008000,8,70,해동병원,170300101
5200017000,17,104,해동병원,170300101
5200030000,30,73,해동병원,170300101
5200070000,70,34,해동병원,170300101
5200088000,88,97,해동병원,170300101
5200113000,113,96,해동병원,170300101
5200186000,186,125,해동병원,170300101
5200190000,190,122,해동병원,170300101
5203001000,3001,20,해동병원,170300101
5203006000,3006,42,해동병원,170300101
5290401000,영도구1,37,해동병원,170300102
5290405000,영도구5,61,영선1동주민센터,170300201
5200082000,82,68,영선119안전센터,170300301
5200085000,85,71,영선119안전센터,170300301
5200011000,11,56,영도우체국,170300401
5200017000,17,23,영도우체국,170300401
5200070000,70,88,영도우체국,170300401
5200082000,82,19,영도우체국,170300401
5200085000,85,16,영도우체국,170300401
5200088000,88,20,영도우체국,170300401
5200186000,186,21,영도우체국,170300401
5200190000,190,21,영도우체국,170300401
5203003000,3003,9,영도우체국,170300401
5200008000,8,21,영도우체국,170300402
5200030000,30,21,영도우체국,170300402
5200113000,113,17,영도우체국,170300402
5290405000,영도구5,56,영도병원,170300403
5290405000,영도구5,55,영도소방서,170300404
5200008000,8,73,봉학초등학교,170310101
5200017000,17,107,봉학초등학교,170310101
5200030000,30,76,봉학초등학교,170310101
5200088000,88,100,봉학초등학교,170310101
5200088100,88-1,24,봉학초등학교,170310101
5200101000,101,93,봉학초등학교,170310101
5200113000,113,99,봉학초등학교,170310101
5200186000,186,128,봉학초등학교,170310101
5200190000,190,125,봉학초등학교,170310101
5203001000,3001,21,봉학초등학교,170310101
5203006000,3006,43,봉학초등학교,170310101
5200008000,8,74,신도브래뉴아파트,170310102
5200017000,17,108,신도브래뉴아파트,170310102
5200030000,30,77,신도브래뉴아파트,170310102
5200088000,88,101,신도브래뉴아파트,170310102
5200088100,88-1,25,신도브래뉴아파트,170310102
5200101000,101,94,신도브래뉴아파트,170310102
5200113000,113,100,신도브래뉴아파트,170310102
5200186000,186,129,신도브래뉴아파트,170310102
5200190000,190,126,신도브래뉴아파트,170310102
5200008000,8,18,한성맨션,170310201
5200017000,17,20,한성맨션,170310201
5200030000,30,18,한성맨션,170310201
5200088000,88,17,한성맨션,170310201
5200088100,88-1,10,한성맨션,170310201
5200101000,101,18,한성맨션,170310201
5200113000,113,14,한성맨션,170310201
5200186000,186,18,한성맨션,170310201
5200190000,190,18,한성맨션,170310201
5200008000,8,72,한성맨션,170320101
5200017000,17,106,한성맨션,170320101
5200030000,30,75,한성맨션,170320101
5200088000,88,99,한성맨션,170320101
5200088100,88-1,23,한성맨션,170320101
5200101000,101,92,한성맨션,170320101
5200113000,113,98,한성맨션,170320101
5200186000,186,127,한성맨션,170320101
5200190000,190,124,한성맨션,170320101
5200088100,88-1,11,홈플러스,170320301
5200006000,6,22,외나무약국,170330101
5200006000,6,96,외나무약국,170330101
5200009000,9,92,외나무약국,170330101
5200082000,82,77,외나무약국,170330101
5200085000,85,80,외나무약국,170330101
5290402000,영도구2,41,남해숯불갈비,170330102
5290402000,영도구2,42,외나무약국,170330103
5200006000,6,29,외나무약국,170340301
5200006000,6,103,외나무약국,170340301
5200009000,9,13,외나무약국,170340301
5200082000,82,9,외나무약국,170340301
5200085000,85,6,외나무약국,170340301
5290401000,영도구1,33,남해숯불갈비,170340302
5290401000,영도구1,32,외나무약국,170340303
5200008000,8,71,교통순찰대.센트럴에일린의뜰,170350201
5200017000,17,105,교통순찰대.센트럴에일린의뜰,170350201
5200030000,30,74,교통순찰대.센트럴에일린의뜰,170350201
5200088000,88,98,교통순찰대.센트럴에일린의뜰,170350201
5200101000,101,91,교통순찰대.센트럴에일린의뜰,170350201
5200113000,113,97,교통순찰대.센트럴에일린의뜰,170350201
5200186000,186,126,교통순찰대.센트럴에일린의뜰,170350201
5200190000,190,123,교통순찰대.센트럴에일린의뜰,170350201
5200008000,8,20,해동병원,170350401
5200011000,11,55,해동병원,170350401
5200017000,17,22,해동병원,170350401
5200030000,30,20,해동병원,170350401
5200070000,70,87,해동병원,170350401
5200088000,88,19,해동병원,170350401
5200113000,113,16,해동병원,170350401
5200186000,186,20,해동병원,170350401
5200190000,190,20,해동병원,170350401
5203001000,3001,35,해동병원,170350401
5203006000,3006,17,해동병원,170350401
5290401000,영도구1,38,봉래동교차로,170350501
5290402000,영도구2,7,영남교회,170370101
5200006000,6,18,흰여울문화마을,170380101
5200006000,6,92,흰여울문화마을,170380101
5200009000,9,88,흰여울문화마을,170380101
5200082000,82,73,흰여울문화마을,170380101
5200085000,85,76,흰여울문화마을,170380101
5290401000,영도구1,16,흰여울문화마을,170380102
5290405000,영도구5,67,흰여울문화마을,170380102
5200006000,6,107,흰여울문화마을,170380201
5290401000,영도구1,9,GS25,170390201
5290402000,영도구2,38,GS25,170390201
5290401000,영도구1,10,남항동농협,170390202
5290402000,영도구2,39,남항동농협,170390202
5290401000,영도구1,8,세븐일레븐,170390203
5290402000,영도구2,37,세븐일레븐,170390203
5200006000,6,88,남항동,170390301
5290402000,영도구2,16,(구)전차종점,170390401
5200006000,6,39,영도경찰서,170400301
5200007000,7,24,영도경찰서,170400301
5200008000,8,22,영도경찰서,170400301
5200009000,9,23,영도경찰서,170400301
5200011000,11,64,영도경찰서,170400301
5200030000,30,22,영도경찰서,170400301
5200071000,71,25,영도경찰서,170400301
5200113000,113,18,영도경찰서,170400301
5290405000,영도구5,57,영도경찰서,170400302
5290405000,영도구5,53,강남병원,170410101
5290402000,영도구2,40,강남병원,170410201
5290401000,영도구1,11,강남병원,170410301
5290401000,영도구1,12,탑마트,170410302
5290405000,영도구5,64,탑마트,170410302
5290401000,영도구1,34,강남병원,170410401
5200006000,6,20,신선동행정복지센터,170430101
5200006000,6,94,신선동행정복지센터,170430101
5200009000,9,90,신선동행정복지센터,170430101
5200082000,82,75,신선동행정복지센터,170430101
5200085000,85,78,신선동행정복지센터,170430101
5290402000,영도구2,5,명신교회,170430301
5290405000,영도구5,47,명신교회,170430301
5200006000,6,21,남도여중,170440101
5200006000,6,95,남도여중,170440101
5200009000,9,91,남도여중,170440101
5200082000,82,76,남도여중,170440101
5200085000,85,79,남도여중,170440101
5200006000,6,31,신선동행정복지센터,170440201
5200006000,6,105,신선동행정복지센터,170440201
5200009000,9,15,신선동행정복지센터,170440201
5200082000,82,11,신선동행정복지센터,170440201
5200085000,85,8,신선동행정복지센터,170440201
5290401000,영도구1,18,중복도로입구,170460501
5290405000,영도구5,69,중복도로입구,170460501
5290401000,영도구1,19,신선초등학교입구,170510501
5290405000,영도구5,70,신선초등학교입구,170510501
5290401000,영도구1,20,신선영광아파트,170540101
5290405000,영도구5,71,신선영광아파트,170540101
5290402000,영도구2,51,신선초등학교입구,170540301
5290405000,영도구5,46,신선초등학교입구,170540301
5290401000,영도구1,21,샛별아파트,170550101
5290405000,영도구5,72,샛별아파트,170550101
5290402000,영도구2,50,신선영광아파트,170550201
5290405000,영도구5,45,신선영광아파트,170550201
5290401000,영도구1,22,금잔디길삼거리,170560101
5290405000,영도구5,73,금잔디길삼거리,170560101
5290402000,영도구2,49,샛별아파트,170560201
5290405000,영도구5,44,샛별아파트,170560201
5290401000,영도구1,23,신선아파트,170570101
5290405000,영도구5,74,신선아파트,170570101
5290402000,영도구2,48,금잔디길삼거리,170570201
5290405000,영도구5,43,금잔디길삼거리,170570201
5290405000,영도구5,75,매일유업,170580101
5290402000,영도구2,47,신선아파트,170580201
5290405000,영도구5,42,신선아파트,170580201
5290401000,영도구1,24,산제당입구,170590101
5290405000,영도구5,41,매일유업,170590201
5290401000,영도구1,25,형제슈퍼,170600101
5290405000,영도구5,76,형제슈퍼,170600101
5290402000,영도구2,46,산제당입구,170600201
5290402000,영도구2,45,형제슈퍼,170610201
5290405000,영도구5,40,형제슈퍼,170610201
5290401000,영도구1,26,영도배수지,170610301
5290405000,영도구5,77,영도배수지,170610301
5290401000,영도구1,31,영도배수지입구,170660301
5290401000,영도구1,27,삼거리슈퍼,170660401
5290405000,영도구5,78,삼거리슈퍼,170660401
5290402000,영도구2,44,영도배수지,170660501
5290405000,영도구5,39,영도배수지,170660501
5290402000,영도구2,4,월광슈퍼,170790301
5290402000,영도구2,54,복지회관,170820101
5290402000,영도구2,53,북천사,170820102
5290402000,영도구2,52,신선초등학교,170860101
5290402000,영도구2,8,대원아파트,170880401
5290405000,영도구5,49,대원아파트,170880401
5200006000,6,117,조양아파트,170910101
5200007000,7,88,조양아파트,170910101
5200070000,70,101,조양아파트,170910101
5200071000,71,89,조양아파트,170910101
5200113000,113,2,조양아파트,170910101
5200508000,508,77,조양아파트,170910101
5203003000,3003,42,조양아파트,170910101
5200006000,6,9,해동중학교,170920301
5200007000,7,10,해동중학교,170920301
5200070000,70,19,해동중학교,170920301
5200071000,71,10,해동중학교,170920301
5200113000,113,112,해동중학교,170920301
5200508000,508,10,해동중학교,170920301
5200006000,6,10,체육고등학교,170920302
5200007000,7,11,체육고등학교,170920302
5200070000,70,20,체육고등학교,170920302
5200071000,71,11,체육고등학교,170920302
5200113000,113,113,체육고등학교,170920302
5200508000,508,11,체육고등학교,170920302
5200008000,8,76,청학성당,170930101
5200030000,30,79,청학성당,170930101
5200088000,88,103,청학성당,170930101
5200088100,88-1,27,청학성당,170930101
5200101000,101,96,청학성당,170930101
5200113000,113,102,청학성당,170930101
5200186000,186,131,청학성당,170930101
5200190000,190,128,청학성당,170930101
5290407000,영도구7,2,부산은행,170930102
5290407000,영도구7,3,청학성당,170930103
5200082000,82,84,청학시장,170940101
5200082000,82,83,청학고개,170940102
5200082000,82,4,청학고개,170940301
5200085000,85,1,청학고개,170940301
5200082000,82,5,영월사,170940302
5200085000,85,2,영월사,170940302
5200082000,82,6,봉래2동마을건강센터,170940303
5200085000,85,3,봉래2동마을건강센터,170940303
5290405000,영도구5,82,영광아파트,170950201
5290405000,영도구5,83,황토탕,170950202
5200009000,9,9,영광아파트,170950301
5200009000,9,11,시영아파트,170950302
5290405000,영도구5,36,시영아파트후문,170950304
5290405000,영도구5,35,청학동공영주차장,170950305
5200186000,186,11,동삼삼거리,170960301
5200017000,17,13,송강중공업,170970201
5200017000,17,11,국제크루즈터미널입구,170970301
5200186000,186,9,국제크루즈터미널입구,170970301
5200186000,186,139,국제크루즈터미널입구,170970301
5200088000,88,14,청학동부산은행,170980301
5200088100,88-1,7,청학동부산은행,170980301
5200101000,101,15,청학동부산은행,170980301
5200186000,186,15,청학동부산은행,170980301
5200190000,190,15,청학동부산은행,170980301
5200008000,8,15,청학동부산은행,170980302
5200030000,30,15,청학동부산은행,170980302
5200113000,113,11,청학동부산은행,170980302
5200008000,8,78,영도구청,170990101
5200030000,30,81,영도구청,170990101
5200088000,88,105,영도구청,170990101
5200088100,88-1,29,영도구청,170990101
5200101000,101,98,영도구청,170990101
5200113000,113,104,영도구청,170990101
5200186000,186,133,영도구청,170990101
5200190000,190,130,영도구청,170990101
5200008000,8,79,동삼주공아파트입구,170990102
5200030000,30,82,동삼주공아파트입구,170990102
5200088000,88,106,동삼주공아파트입구,170990102
5200088100,88-1,30,동삼주공아파트입구,170990102
5200101000,101,99,동삼주공아파트입구,170990102
5200113000,113,105,동삼주공아파트입구,170990102
5200186000,186,134,동삼주공아파트입구,170990102
5200190000,190,131,동삼주공아파트입구,170990102
5290405000,영도구5,110,동삼주공아파트입구,170990103
5290405000,영도구5,109,영도구청,170990104
5200008000,8,13,영도구청,170990201
5200030000,30,13,영도구청,170990201
5200088000,88,12,영도구청,170990201
5200088100,88-1,5,영도구청,170990201
5200101000,101,13,영도구청,170990201
5200113000,113,9,영도구청,170990201
5200186000,186,13,영도구청,170990201
5200190000,190,13,영도구청,170990201
5290407000,영도구7,8,미주아파트,171000201
5290407000,영도구7,7,성일하우징,171000202
5200008000,8,14,청학주유소,171000302
5200030000,30,14,청학주유소,171000302
5200088000,88,13,청학주유소,171000302
5200088100,88-1,6,청학주유소,171000302
5200101000,101,14,청학주유소,171000302
5200113000,113,10,청학주유소,171000302
5200186000,186,14,청학주유소,171000302
5200190000,190,14,청학주유소,171000302
5290407000,영도구7,23,청학초등학교사거리,171010101
5290407000,영도구7,1,청학동시장,171010102
5290407000,영도구7,24,청학동시장,171010102
5200082000,82,85,청학초등학교,171010301
5200082000,82,86,청학2동,171010302
5200082000,82,3,청학시장,171010401
5290405000,영도구5,12,국민은행,171020101
5200008000,8,2,태종대초등학교,171050101
5200017000,17,2,태종대초등학교,171050101
5200030000,30,2,태종대초등학교,171050101
5200088000,88,2,태종대초등학교,171050101
5200101000,101,2,태종대초등학교,171050101
5200186000,186,2,태종대초등학교,171050101
5200008000,8,3,하리,171050102
5200017000,17,3,하리,171050102
5200030000,30,3,하리,171050102
5200070000,70,12,하리,171050102
5200070000,70,107,하리,171050102
5200088000,88,3,하리,171050102
5200101000,101,3,하리,171050102
5200186000,186,3,하리,171050102
5203003000,3003,2,하리,171050102
5200008000,8,88,태종대초등학교,171050201
5200017000,17,124,태종대초등학교,171050201
5200030000,30,91,태종대초등학교,171050201
5200088000,88,116,태종대초등학교,171050201
5200101000,101,108,태종대초등학교,171050201
5200186000,186,144,태종대초등학교,171050201
5200008000,8,89,태종대.태종대온천,171050202
5200017000,17,125,태종대.태종대온천,171050202
5200030000,30,92,태종대.태종대온천,171050202
5200088000,88,117,태종대.태종대온천,171050202
5200101000,101,109,태종대.태종대온천,171050202
5200186000,186,145,태종대.태종대온천,171050202
5203003000,3003,45,태종대.태종대온천,171050202
5200088000,88,113,해양대승선생활관,171060101
5200190000,190,139,해양대승선생활관,171060101
5200008000,8,87,하리,171060201
5200017000,17,123,하리,171060201
5200030000,30,90,하리,171060201
5200088000,88,115,하리,171060201
5200101000,101,107,하리,171060201
5200186000,186,143,하리,171060201
5203003000,3003,44,하리,171060201
5200008000,8,4,해양대삼거리.동삼동패총전시관,171060301
5200017000,17,4,해양대삼거리.동삼동패총전시관,171060301
5200030000,30,4,해양대삼거리.동삼동패총전시관,171060301
5200101000,101,4,해양대삼거리.동삼동패총전시관,171060301
5200190000,190,4,해양대삼거리.동삼동패총전시관,171060301
5200008000,8,6,에일린의뜰2단지아파트,171060302
5200017000,17,6,에일린의뜰2단지아파트,171060302
5200030000,30,6,에일린의뜰2단지아파트,171060302
5200101000,101,6,에일린의뜰2단지아파트,171060302
5200190000,190,6,에일린의뜰2단지아파트,171060302
5200070000,70,13,한국해양대.부산해사고,171060401
5200070000,70,108,한국해양대.부산해사고,171060401
5200088000,88,4,한국해양대.부산해사고,171060401
5200186000,186,4,한국해양대.부산해사고,171060401
5203003000,3003,3,한국해양대.부산해사고,171060401
5200006000,6,114,영도여고,171070201
5200071000,71,86,영도여고,171070201
5200508000,508,74,영도여고,171070201
5200006000,6,115,체육고등학교,171070202
5200071000,71,87,체육고등학교,171070202
5200508000,508,75,체육고등학교,171070202
5200006000,6,12,절영복지회관,171070301
5200071000,71,13,절영복지회관,171070301
5200508000,508,13,절영복지회관,171070301
5200006000,6,11,영도여고,171070302
5200071000,71,12,영도여고,171070302
5200508000,508,12,영도여고,171070302
5200006000,6,13,반도보라비치타운아파트,171070303
5200071000,71,14,반도보라비치타운아파트,171070303
5200508000,508,14,반도보라비치타운아파트,171070303
5200006000,6,112,반도보라비치타운아파트,171080101
5200071000,71,84,반도보라비치타운아파트,171080101
5200508000,508,72,반도보라비치타운아파트,171080101
5200006000,6,113,절영복지회관,171080102
5200071000,71,85,절영복지회관,171080102
5200508000,508,73,절영복지회관,171080102
5200007000,7,86,함지그린아파트,171080201
5200070000,70,99,함지그린아파트,171080201
5200006000,6,14,75광장,171080302
5200007000,7,14,75광장,171080302
5200070000,70,23,75광장,171080302
5200071000,71,15,75광장,171080302
5200508000,508,15,75광장,171080302
5203003000,3003,6,75광장,171080302
5290405000,영도구5,95,영도여자고등학교,171100101
5290405000,영도구5,96,푸른어린이공원,171100102
5290405000,영도구5,21,봉삼초등학교,171100301
5290405000,영도구5,22,와치종합사회복지관,171100302
5290405000,영도구5,20,영도여자고등학교,171110401
5290405000,영도구5,19,푸른어린이공원,171110402
5200017000,17,119,영도교회,171120201
5200008000,8,84,동삼혁신지구입구.동삼교회,171130101
5200017000,17,120,동삼혁신지구입구.동삼교회,171130101
5200030000,30,87,동삼혁신지구입구.동삼교회,171130101
5200070000,70,110,동삼혁신지구입구.동삼교회,171130101
5200101000,101,104,동삼혁신지구입구.동삼교회,171130101
5200190000,190,136,동삼혁신지구입구.동삼교회,171130101
5200008000,8,8,동삼국민은행앞교차로,171130201
5200030000,30,8,동삼국민은행앞교차로,171130201
5200088000,88,7,동삼국민은행앞교차로,171130201
5200101000,101,8,동삼국민은행앞교차로,171130201
5200113000,113,4,동삼국민은행앞교차로,171130201
5200190000,190,8,동삼국민은행앞교차로,171130201
5200008000,8,7,동삼혁신지구입구,171130202
5200030000,30,7,동삼혁신지구입구,171130202
5200070000,70,15,동삼혁신지구입구,171130202
5200088000,88,6,동삼혁신지구입구,171130202
5200101000,101,7,동삼혁신지구입구,171130202
5200190000,190,7,동삼혁신지구입구,171130202
5200017000,17,7,영도교회,171130301
5200006000,6,5,동삼1동행정복지센터,171140101
5200007000,7,6,동삼1동행정복지센터,171140101
5200070000,70,6,동삼1동행정복지센터,171140101
5200071000,71,6,동삼1동행정복지센터,171140101
5200508000,508,6,동삼1동행정복지센터,171140101
5200006000,6,121,절영아파트,171140201
5200007000,7,92,절영아파트,171140201
5200070000,70,114,절영아파트,171140201
5200071000,71,93,절영아파트,171140201
5200508000,508,81,절영아파트,171140201
5290405000,영도구5,94,봉삼초등학교,171150201
5290405000,영도구5,93,와치종합사회복지관,171150202
5200006000,6,122,고신대학,171150301
5200007000,7,93,고신대학,171150301
5200070000,70,115,고신대학,171150301
5200071000,71,94,고신대학,171150301
5200508000,508,82,고신대학,171150301
5290405000,영도구5,23,고신대학교정문,171150302
5200017000,17,9,국제크루즈터미널입구,171170401
5200017000,17,115,국제크루즈터미널입구,171170401
5200186000,186,7,국제크루즈터미널입구,171170401
5200186000,186,137,국제크루즈터미널입구,171170401
5200017000,17,12,아르떼뮤지엄·미창석유,171170402
5200186000,186,10,아르떼뮤지엄·미창석유,171170402
5200017000,17,8,동삼초등학교,171180101
5200008000,8,83,동삼국민은행앞교차로,171190201
5200030000,30,86,동삼국민은행앞교차로,171190201
5200070000,70,104,동삼국민은행앞교차로,171190201
5200088000,88,110,동삼국민은행앞교차로,171190201
5200101000,101,103,동삼국민은행앞교차로,171190201
5200190000,190,135,동삼국민은행앞교차로,171190201
5200070000,70,16,삼창파크맨션,171190301
5200113000,113,109,삼창파크맨션,171190301
5200070000,70,17,KT동삼빌딩,171190302
5200113000,113,110,KT동삼빌딩,171190302
5290405000,영도구5,15,부산전신전화국,171190303
5290405000,영도구5,13,삼창파크맨션,171190304
5290405000,영도구5,14,탑마트,171190305
5290405000,영도구5,101,국민은행,171190401
5200008000,8,80,동삼삼거리,171200101
5200030000,30,83,동삼삼거리,171200101
5200088000,88,107,동삼삼거리,171200101
5200101000,101,100,동삼삼거리,171200101
5200113000,113,106,동삼삼거리,171200101
5200190000,190,132,동삼삼거리,171200101
5200088100,88-1,31,상리종합사회복지관,171200201
5290405000,영도구5,111,상리종합사회복지관,171200202
5200088100,88-1,33,관리사무소,171210101
5200088100,88-1,34,나상가,171210102
5290405000,영도구5,113,동삼그린힐아파트,171210103
5200088100,88-1,3,동삼3동행정복지센터,171210201
5290405000,영도구5,3,동삼3동주민센터,171210202
5200088100,88-1,4,상리종합사회복지관,171220101
5290405000,영도구5,4,상리종합사회복지관,171220102
5200088100,88-1,32,동삼3동행정복지센터,171220201
5290405000,영도구5,112,동삼3동주민센터,171220202
5200006000,6,3,고신대학,171230101
5200007000,7,4,고신대학,171230101
5200070000,70,4,고신대학,171230101
5200071000,71,4,고신대학,171230101
5200508000,508,4,고신대학,171230101
5200006000,6,4,절영아파트,171230102
5200007000,7,5,절영아파트,171230102
5200070000,70,5,절영아파트,171230102
5200071000,71,5,절영아파트,171230102
5200508000,508,5,절영아파트,171230102
5290405000,영도구5,92,고신대학교정문,171230103
5200006000,6,123,고신대3강의동,171230201
5200007000,7,94,고신대3강의동,171230201
5200070000,70,116,고신대3강의동,171230201
5200071000,71,95,고신대3강의동,171230201
5200508000,508,83,고신대3강의동,171230201
5200006000,6,124,광명고교,171230202
5200007000,7,95,광명고교,171230202
5200070000,70,117,광명고교,171230202
5200071000,71,96,광명고교,171230202
5200508000,508,84,광명고교,171230202
5290405000,영도구5,24,고신대학교후문,171230203
5290405000,영도구5,25,밤나무집,171230204
5200082000,82,1,청학2동,171240201
5200082000,82,2,청학초등학교,171240202
5290407000,영도구7,21,82번종점,171240203
5290407000,영도구7,22,청학초등학교,171240204
5200088000,88,114,해양대승선생활관,171260201
5200190000,190,3,해양대승선생활관,171260201
5200070000,70,102,롯데캐슬블루오션,171280101
5200113000,113,3,롯데캐슬블루오션,171280101
5290405000,영도구5,100,부산전신전화국,171280102
5200006000,6,8,조양아파트,171280301
5200007000,7,9,조양아파트,171280301
5200070000,70,18,조양아파트,171280301
5200071000,71,9,조양아파트,171280301
5200113000,113,111,조양아파트,171280301
5200508000,508,9,조양아파트,171280301
5203003000,3003,4,조양아파트,171280301
5200006000,6,118,중리초등학교,171280401
5200007000,7,89,중리초등학교,171280401
5200070000,70,111,중리초등학교,171280401
5200071000,71,90,중리초등학교,171280401
5200508000,508,78,중리초등학교,171280401
5290405000,영도구5,16,중리초등학교,171280402
5200008000,8,85,에덴금호아파트,171290101
5200017000,17,121,에덴금호아파트,171290101
5200030000,30,88,에덴금호아파트,171290101
5200101000,101,105,에덴금호아파트,171290101
5200190000,190,137,에덴금호아파트,171290101
5200008000,8,86,해양대삼거리.동삼동패총전시관,171290102
5200017000,17,122,해양대삼거리.동삼동패총전시관,171290102
5200030000,30,89,해양대삼거리.동삼동패총전시관,171290102
5200101000,101,106,해양대삼거리.동삼동패총전시관,171290102
5200190000,190,138,해양대삼거리.동삼동패총전시관,171290102
5200006000,6,6,벽산비치타운,171300101
5200007000,7,7,벽산비치타운,171300101
5200070000,70,7,벽산비치타운,171300101
5200071000,71,7,벽산비치타운,171300101
5200508000,508,7,벽산비치타운,171300101
5290405000,영도구5,98,동삼중학교,171300102
5290405000,영도구5,97,절영로사거리,171300103
5200006000,6,7,중리초등학교,171310101
5200007000,7,8,중리초등학교,171310101
5200070000,70,8,중리초등학교,171310101
5200071000,71,8,중리초등학교,171310101
5200508000,508,8,중리초등학교,171310101
5290405000,영도구5,99,중리초등학교,171310102
5200006000,6,120,동삼1동행정복지센터,171310301
5200007000,7,91,동삼1동행정복지센터,171310301
5200070000,70,113,동삼1동행정복지센터,171310301
5200071000,71,92,동삼1동행정복지센터,171310301
5200508000,508,80,동삼1동행정복지센터,171310301
5200006000,6,119,벽산비치타운,171310302
5200007000,7,90,벽산비치타운,171310302
5200070000,70,112,벽산비치타운,171310302
5200071000,71,91,벽산비치타운,171310302
5200508000,508,79,벽산비치타운,171310302
5290405000,영도구5,18,절영로사거리,171310303
5290405000,영도구5,17,동삼중학교,171310304
5200007000,7,12,영도중리,171320201
5200070000,70,21,영도중리,171320201
5203003000,3003,5,영도중리,171320201
5200113000,113,1,영도중리,171330201
5200113000,113,114,영도중리,171330201
5200006000,6,116,영도중리,171330202
5200007000,7,87,영도중리,171330202
5200070000,70,100,영도중리,171330202
5200071000,71,88,영도중리,171330202
5200508000,508,76,영도중리,171330202
5203003000,3003,41,영도중리,171330202
5200007000,7,13,함지그린아파트,171330301
5200070000,70,22,함지그린아파트,171330301
5200006000,6,111,75광장,171350101
5200007000,7,85,75광장,171350101
5200070000,70,98,75광장,171350101
5200071000,71,83,75광장,171350101
5200508000,508,71,75광장,171350101
5203003000,3003,40,75광장,171350101
5200006000,6,15,함지골수련원,171350201
5200007000,7,15,함지골수련원,171350201
5200070000,70,24,함지골수련원,171350201
5200071000,71,16,함지골수련원,171350201
5200508000,508,16,함지골수련원,171350201
5200006000,6,16,백련사,171350202
5200007000,7,16,백련사,171350202
5200070000,70,25,백련사,171350202
5200071000,71,17,백련사,171350202
5200508000,508,17,백련사,171350202
5290405000,영도구5,26,광명고등학교,171360101
5200006000,6,1,광명고교,171360201
5200007000,7,2,광명고교,171360201
5200070000,70,2,광명고교,171360201
5200071000,71,2,광명고교,171360201
5200508000,508,2,광명고교,171360201
5200006000,6,2,고신대3강의동,171360202
5200007000,7,3,고신대3강의동,171360202
5200070000,70,3,고신대3강의동,171360202
5200071000,71,3,고신대3강의동,171360202
5200508000,508,3,고신대3강의동,171360202
5290405000,영도구5,91,고신대학교후문,171360203
5290405000,영도구5,90,밤나무집,171360204
5290405000,영도구5,89,광명고등학교,171370201
5200006000,6,125,남부여객(종점),171370301
5200007000,7,96,남부여객(종점),171370301
5200009000,9,1,남부여객(종점),171370301
5200070000,70,118,남부여객(종점),171370301
5200071000,71,97,남부여객(종점),171370301
5200508000,508,85,남부여객(종점),171370301
5200009000,9,2,(구)쌍용자동차학원,171370302
5290405000,영도구5,28,쌍용자동차학원,171370303
5290405000,영도구5,27,원우아파트,171370304
5200009000,9,104,(구)쌍용자동차학원,171380201
5200007000,7,1,남부여객(종점),171380202
5200009000,9,105,남부여객(종점),171380202
5200070000,70,1,남부여객(종점),171380202
5200071000,71,1,남부여객(종점),171380202
5200508000,508,1,남부여객(종점),171380202
5290405000,영도구5,87,쌍용자동차학원,171380203
5290405000,영도구5,88,원우아파트,171380204
5200009000,9,6,롯데낙천대,171390101
5290405000,영도구5,29,롯데낙천대아파트입구,171390201
5290405000,영도구5,86,롯데낙천대아파트입구,171400201
5290405000,영도구5,30,롯데낙천대아파트후문,171400301
5200009000,9,5,일신마리나아파트,171410201
5200009000,9,103,일신마리나아파트,171410201
5290407000,영도구7,14,롯데낙천대아파트삼거리,171410202
5200009000,9,100,롯데낙천대,171420201
5290405000,영도구5,84,(구)해사고,171430101
5290407000,영도구7,16,(구)해사고,171430101
5200009000,9,7,해양경찰청교육센터,171430301
5200009000,9,99,해양경찰청교육센터,171440101
5290405000,영도구5,32,(구)해사고,171440301
5200009000,9,8,황토탕,171460301
5200009000,9,98,황토탕,171470201
5200009000,9,10,삼신아파트,171470301
5290405000,영도구5,34,영광아파트,171470302
5290405000,영도구5,33,황토탕,171470303
5200088100,88-1,1,나상가,171480101
5200088100,88-1,2,관리사무소,171480102
5290405000,영도구5,2,동삼그린힐아파트,171480103
5290405000,영도구5,1,동삼그린힐상가,171480104
5290407000,영도구7,18,오성할인마트,171500101
5290405000,영도구5,85,롯데낙천대아파트정문,171500401
5290407000,영도구7,17,롯데낙천대아파트정문,171500401
5290407000,영도구7,20,빅마트슈퍼,171550301
5290407000,영도구7,19,수정방앗간,171550302
5290407000,영도구7,12,자비유치원,171570301
5290407000,영도구7,9,영도자동차학원,171580101
5290407000,영도구7,13,일신마리나아파트,171580301
5290407000,영도구7,11,광명고등학교후문,171590201
5290407000,영도구7,10,동삼그린힐아파트,171600101
5200006000,6,109,백련사,171620101
5200007000,7,83,백련사,171620101
5200070000,70,96,백련사,171620101
5200071000,71,81,백련사,171620101
5200508000,508,69,백련사,171620101
5200006000,6,110,함지골수련원,171620102
5200007000,7,84,함지골수련원,171620102
5200070000,70,97,함지골수련원,171620102
5200071000,71,82,함지골수련원,171620102
5200508000,508,70,함지골수련원,171620102
5200006000,6,17,영선아파트,171620201
5200007000,7,17,영선아파트,171620201
5200070000,70,26,영선아파트,171620201
5200071000,71,18,영선아파트,171620201
5200508000,508,18,영선아파트,171620201
5200006000,6,86,영도경찰서,171630101
5200007000,7,75,영도경찰서,171630101
5200009000,9,82,영도경찰서,171630101
5200071000,71,73,영도경찰서,171630101
5200082000,82,66,영도경찰서,171630101
5200085000,85,69,영도경찰서,171630101
5200508000,508,61,영도경찰서,171630101
5200008000,8,68,영도경찰서,171630102
5200017000,17,102,영도경찰서,171630102
5200030000,30,71,영도경찰서,171630102
5200088000,88,95,영도경찰서,171630102
5200113000,113,94,영도경찰서,171630102
5200186000,186,123,영도경찰서,171630102
5200190000,190,120,영도경찰서,171630102
5200190000,190,140,해양대대학본부,171650101
5200190000,190,141,해양대해사대학관,171650102
5200190000,190,1,해양대구본관,171650103
5200190000,190,2,해양대방파제입구,171650201
5200044000,44,47,LG디스커버리랩,171660101
5200054000,54,51,LG디스커버리랩,171660101
5200063000,63,60,LG디스커버리랩,171660101
5200081000,81,9,LG디스커버리랩,171660101
5200133100,133-1,9,LG디스커버리랩,171660101
5290515000,부산진구15,15,LG디스커버리랩,171660102
5290515000,부산진구15,14,세동한신아파트,171660103
5290515000,부산진구15,29,성곡시장,171660201
5200044000,44,62,성곡시장,171660301
5200054000,54,70,성곡시장,171660301
5200063000,63,71,성곡시장,171660301
5200081000,81,74,성곡시장,171660301
5200133000,133,64,성곡시장,171660301
5200044000,44,63,삼광사입구,171660302
5200054000,54,71,삼광사입구,171660302
5200063000,63,72,삼광사입구,171660302
5200081000,81,75,삼광사입구,171660302
5200133000,133,65,삼광사입구,171660302
5200044000,44,64,어린이대공원입구,171660303
5200054000,54,72,어린이대공원입구,171660303
5200063000,63,73,어린이대공원입구,171660303
5200081000,81,76,어린이대공원입구,171660303
5200133000,133,66,어린이대공원입구,171660303
5290515000,부산진구15,33,창곡종합시장,171670101
5290515000,부산진구15,13,성곡시장,171670201
5290515000,부산진구15,10,연학초등학교,171670301
5290515000,부산진구15,30,연학초등학교,171670301
5290515000,부산진구15,35,어린이대공원,171680201
5290515000,부산진구15,34,초연중학교,171680202
5200044000,44,42,어린이대공원,171690101
5200054000,54,46,어린이대공원,171690101
5200063000,63,55,어린이대공원,171690101
5200081000,81,4,어린이대공원,171690101
5200133100,133-1,4,어린이대공원,171690101
5290517000,부산진구17,51,어린이대공원,171690102
5200044000,44,65,어린이대공원,171690201
5200054000,54,73,어린이대공원,171690201
5200063000,63,74,어린이대공원,171690201
5200081000,81,77,어린이대공원,171690201
5200133000,133,67,어린이대공원,171690201
5200044000,44,43,어린이대공원입구,171690301
5200054000,54,47,어린이대공원입구,171690301
5200063000,63,56,어린이대공원입구,171690301
5200081000,81,5,어린이대공원입구,171690301
5200133100,133-1,5,어린이대공원입구,171690301
5200044000,44,44,삼광사입구,171690302
5200054000,54,48,삼광사입구,171690302
5200063000,63,57,삼광사입구,171690302
5200081000,81,6,삼광사입구,171690302
5200133100,133-1,6,삼광사입구,171690302
5200044000,44,45,성곡시장입구,171690303
5200054000,54,49,성곡시장입구,171690303
5200063000,63,58,성곡시장입구,171690303
5200081000,81,7,성곡시장입구,171690303
5200133100,133-1,7,성곡시장입구,171690303
5200044000,44,46,성곡시장,171690304
5200054000,54,50,성곡시장,171690304
5200063000,63,59,성곡시장,171690304
5200081000,81,8,성곡시장,171690304
5200133100,133-1,8,성곡시장,171690304
5290515000,부산진구15,7,어린이대공원,171690401
5290515000,부산진구15,8,초연중학교,171690402
5290517000,부산진구17,6,초읍삼거리,171700104
5200033000,33,4,부산진고교,171710201
5200044000,44,67,부산진고교,171710201
5200063000,63,76,부산진고교,171710201
5200083100,83-1,71,부산진고교,171710201
5200103000,103,4,부산진고교,171710201
5200033000,33,5,연지한신타워,171710202
5200044000,44,68,연지한신타워,171710202
5200063000,63,77,연지한신타워,171710202
5200083100,83-1,72,연지한신타워,171710202
5200103000,103,5,연지한신타워,171710202
5200033000,33,112,초읍초등학교,171710301
5200044000,44,41,초읍초등학교,171710301
5200063000,63,54,초읍초등학교,171710301
5200083100,83-1,43,초읍초등학교,171710301
5200103000,103,123,초읍초등학교,171710301
5290515000,부산진구15,6,시민도서관,171710302
5200033000,33,6,래미안어반파크,171720201
5200044000,44,69,래미안어반파크,171720201
5200063000,63,78,래미안어반파크,171720201
5200083100,83-1,73,래미안어반파크,171720201
5200103000,103,6,래미안어반파크,171720201
5200033000,33,7,국립부산국악원,171720202
5200044000,44,70,국립부산국악원,171720202
5200063000,63,79,국립부산국악원,171720202
5200083100,83-1,74,국립부산국악원,171720202
5200103000,103,7,국립부산국악원,171720202
5200033000,33,110,연지청구아파트,171720301
5200044000,44,39,연지청구아파트,171720301
5200063000,63,52,연지청구아파트,171720301
5200083100,83-1,41,연지청구아파트,171720301
5200103000,103,121,연지청구아파트,171720301
5200033000,33,111,부산진고교,171720302
5200044000,44,40,부산진고교,171720302
5200063000,63,53,부산진고교,171720302
5200083100,83-1,42,부산진고교,171720302
5200103000,103,122,부산진고교,171720302
5200033000,33,113,초읍삼거리,171730101
5200054000,54,74,초읍삼거리,171730101
5200081000,81,78,초읍삼거리,171730101
5200083100,83-1,44,초읍삼거리,171730101
5200103000,103,124,초읍삼거리,171730101
5200133000,133,68,초읍삼거리,171730101
5200033000,33,114,시민도서관,171730102
5200054000,54,75,시민도서관,171730102
5200081000,81,79,시민도서관,171730102
5200083100,83-1,45,시민도서관,171730102
5200103000,103,125,시민도서관,171730102
5200133000,133,69,시민도서관,171730102
5200033000,33,115,초읍고개,171730103
5200054000,54,76,초읍고개,171730103
5200081000,81,80,초읍고개,171730103
5200083100,83-1,46,초읍고개,171730103
5200103000,103,126,초읍고개,171730103
5200133000,133,70,초읍고개,171730103
5200010000,10,3,개인택시조합,171730104
5200033100,33-1,3,개인택시조합,171730104
5200054000,54,77,개인택시조합,171730104
5200083100,83-1,47,개인택시조합,171730104
5200111100,111-1,3,개인택시조합,171730104
5200210000,210,3,개인택시조합,171730104
5290517000,부산진구17,7,시민도서관,171730105
5290517000,부산진구17,8,초읍고개,171730106
5290517000,부산진구17,9,개인택시조합,171730107
5200054000,54,45,초읍삼거리,171730301
5200081000,81,3,초읍삼거리,171730301
5200133100,133-1,3,초읍삼거리,171730301
5200010000,10,1,연제공용버스차고지,171730401
5200033000,33,1,연제공용버스차고지,171730401
5200033100,33-1,1,연제공용버스차고지,171730401
5200081000,81,1,연제공용버스차고지,171730401
5200103000,103,1,연제공용버스차고지,171730401
5200111100,111-1,1,연제공용버스차고지,171730401
5200133000,133,1,연제공용버스차고지,171730401
5200133100,133-1,1,연제공용버스차고지,171730401
5200210000,210,1,연제공용버스차고지,171730401
5200017000,17,69,동원초등학교,171760201
5200023000,23,41,동원초등학교,171760201
5200088000,88,59,동원초등학교,171760201
5200169000,169,5,동원초등학교,171760201
5200017000,17,70,용사촌입구,171760202
5200023000,23,42,용사촌입구,171760202
5200169000,169,6,용사촌입구,171760202
5200017000,17,57,선암사입구,171760301
5200088000,88,63,선암사입구,171760301
5200141000,141,49,선암사입구,171760301
5200167000,167,81,선암사입구,171760301
5200169000,169,115,선암사입구,171760301
5200017000,17,58,백양가족공원,171760302
5200088000,88,64,백양가족공원,171760302
5200141000,141,50,백양가족공원,171760302
5200167000,167,82,백양가족공원,171760302
5200169000,169,116,백양가족공원,171760302
5200017000,17,53,부산진구생활문화센터,171790301
5200023000,23,22,부산진구생활문화센터,171790301
5200088000,88,50,부산진구생활문화센터,171790301
5200141000,141,45,부산진구생활문화센터,171790301
5200110100,110-1,8,미진마트,171800101
5200110100,110-1,9,가야1치안센터,171800102
5290509000,부산진구9,7,가야1치안센터,171800103
5290509000,부산진구9,6,미진마트,171800104
5200054000,54,68,부암교차로,171850201
5200063000,63,69,부암교차로,171850201
5200081000,81,72,부암교차로,171850201
5200083100,83-1,37,부암교차로,171850201
5200088000,88,43,부암교차로,171850201
5200103000,103,117,부암교차로,171850201
5200133000,133,62,부암교차로,171850201
5200167000,167,71,부암교차로,171850201
5200506000,506,33,부암교차로,171850201
5291506000,사상구6,98,부암교차로,171850202
5200044000,44,60,삼부아파트,171860201
5290515000,부산진구15,27,삼부아파트,171860202
5290515000,부산진구15,17,메리움아파트,171860301
5200044000,44,49,부암초등학교,171860401
5290515000,부산진구15,18,부산진구청정문,171870201
5290515000,부산진구15,26,일성아파트,171870301
5200017000,17,74,부암삼성래미안,171880201
5200023000,23,46,부암삼성래미안,171880201
5200044000,44,55,부암삼성래미안,171880201
5200141000,141,57,부암삼성래미안,171880201
5200169000,169,11,부암삼성래미안,171880201
5200141F00,141-F,46,부암삼성래미안,171880201
5200167000,167,20,협성피닉스,171890101
5200169000,169,9,협성피닉스,171890101
5200110100,110-1,66,가야1치안센터,171900301
5200110100,110-1,67,미진마트,171900302
5290506000,부산진구6,7,가야1치안센터,171900303
5290509000,부산진구9,21,가야1치안센터,171900303
5290506000,부산진구6,8,미진마트,171900304
5290509000,부산진구9,22,미진마트,171900304
5200023000,23,32,개금주공아파트,171920101
5201004000,1004,33,개금주공아파트,171920101
5200179000,179,49,백양로교회앞,171930101
5291506000,사상구6,14,백양로교회,171930102
5200129100,129-1,47,개금주공아파트,171940301
5200138100,138-1,109,개금주공아파트,171940301
5200160000,160,63,개금주공아파트,171940301
5200167000,167,88,개금주공아파트,171940301
5200168000,168,59,개금주공아파트,171940301
5200169000,169,15,개금주공아파트,171940301
5200169100,169-1,59,개금주공아파트,171940301
5200129100,129-1,48,개포초등학교,171940302
5200138100,138-1,110,개포초등학교,171940302
5200160000,160,64,개포초등학교,171940302
5200167000,167,89,개포초등학교,171940302
5200168000,168,60,개포초등학교,171940302
5200169000,169,16,개포초등학교,171940302
5200169100,169-1,60,개포초등학교,171940302
5200023000,23,35,개금주공아파트,171940401
5200167000,167,11,개금주공아파트,171940401
5201004000,1004,71,개금주공아파트,171940401
5200129100,129-1,76,개포초등학교,171950101
5200138100,138-1,49,개포초등학교,171950101
5200160000,160,38,개포초등학교,171950101
5200167000,167,10,개포초등학교,171950101
5200168000,168,40,개포초등학교,171950101
5200169000,169,105,개포초등학교,171950101
5200169100,169-1,38,개포초등학교,171950101
5200129100,129-1,77,개금주공아파트,171950102
5200138100,138-1,50,개금주공아파트,171950102
5200160000,160,39,개금주공아파트,171950102
5200168000,168,41,개금주공아파트,171950102
5200169000,169,106,개금주공아파트,171950102
5200169100,169-1,39,개금주공아파트,171950102
5291506000,사상구6,6,개포초등학교,171950301
5200054000,54,53,부산진구청,171960201
5200063000,63,62,부산진구청,171960201
5200081000,81,11,부산진구청,171960201
5200083100,83-1,77,부산진구청,171960201
5200088000,88,77,부산진구청,171960201
5200103000,103,10,부산진구청,171960201
5200133100,133-1,11,부산진구청,171960201
5200167000,167,27,부산진구청,171960201
5290515000,부산진구15,19,부산진구청.시민공원남문,171960202
5291506000,사상구6,23,부산진구청.시민공원남문,171960202
5290515000,부산진구15,25,부산진구청,171960301
5200054000,54,67,부산진구청.시민공원남1문,171960401
5200063000,63,68,부산진구청.시민공원남1문,171960401
5200081000,81,71,부산진구청.시민공원남1문,171960401
5200083100,83-1,36,부산진구청.시민공원남1문,171960401
5200088000,88,42,부산진구청.시민공원남1문,171960401
5200103000,103,116,부산진구청.시민공원남1문,171960401
5200133000,133,61,부산진구청.시민공원남1문,171960401
5200167000,167,70,부산진구청.시민공원남1문,171960401
5200506000,506,32,부산진구청.시민공원남1문,171960401
5291506000,사상구6,97,부산진구청.시민공원남문,171960402
5200167000,167,19,부산정중앙공원·백양산롯데캐슬,171970101
5200169000,169,8,부산정중앙공원·백양산롯데캐슬,171970101
5200167000,167,78,부산정중앙공원·백양산롯데캐슬,171980301
5200169000,169,112,부산정중앙공원·백양산롯데캐슬,171980301
5200110100,110-1,3,가야공원입구,172020101
5200110100,110-1,73,진성아파트,172020401
5200110100,110-1,1,벽산아파트,172030301
5200129100,129-1,49,한국신발관,172050201
5200138100,138-1,111,한국신발관,172050201
5200160000,160,65,한국신발관,172050201
5200167000,167,90,한국신발관,172050201
5200168000,168,61,한국신발관,172050201
5200169000,169,17,한국신발관,172050201
5200169100,169-1,61,한국신발관,172050201
5291506000,사상구6,121,한국신발관,172050202
5200129100,129-1,74,개금3동행복문화센터,172060101
5200138100,138-1,47,개금3동행복문화센터,172060101
5200160000,160,36,개금3동행복문화센터,172060101
5200167000,167,8,개금3동행복문화센터,172060101
5200168000,168,38,개금3동행복문화센터,172060101
5200169000,169,103,개금3동행복문화센터,172060101
5200169100,169-1,36,개금3동행복문화센터,172060101
5200129100,129-1,51,신개금엘지아파트,172060301
5200133100,133-1,19,신개금엘지아파트,172060301
5200169100,169-1,63,신개금엘지아파트,172060301
5290509000,부산진구9,10,신개금LG아파트,172060302
5290510000,부산진구10,5,개금3동행복문화센터,172060401
5291506000,사상구6,5,개금3동행복문화센터,172060401
5291508100,사상구8-1,8,개금3동행복문화센터,172060401
5200129100,129-1,75,한국신발관,172070101
5200138100,138-1,48,한국신발관,172070101
5200160000,160,37,한국신발관,172070101
5200167000,167,9,한국신발관,172070101
5200168000,168,39,한국신발관,172070101
5200169000,169,104,한국신발관,172070101
5200169100,169-1,37,한국신발관,172070101
5200129100,129-1,50,개금3동행복문화센터,172070201
5200138100,138-1,112,개금3동행복문화센터,172070201
5200160000,160,66,개금3동행복문화센터,172070201
5200167000,167,91,개금3동행복문화센터,172070201
5200168000,168,62,개금3동행복문화센터,172070201
5200169000,169,18,개금3동행복문화센터,172070201
5200169100,169-1,62,개금3동행복문화센터,172070201
5200085000,85,36,부암역,172080101
5200087000,87,95,부암역,172080101
5200059000,59,48,CBS방송국,172080201
5200061000,61,24,CBS방송국,172080201
5200085000,85,51,CBS방송국,172080201
5200087000,87,24,CBS방송국,172080201
5200186000,186,88,CBS방송국,172080201
5200083100,83-1,38,연지일동아파트,172100101
5200103000,103,118,연지일동아파트,172100101
5200179000,179,57,연지일동아파트,172100101
5200506000,506,34,연지일동아파트,172100101
5200054000,54,52,부암교차로,172100201
5200063000,63,61,부암교차로,172100201
5200081000,81,10,부암교차로,172100201
5200083100,83-1,76,부암교차로,172100201
5200088000,88,76,부암교차로,172100201
5200103000,103,9,부암교차로,172100201
5200133100,133-1,10,부암교차로,172100201
5200167000,167,26,부암교차로,172100201
5200168000,168,53,부암교차로,172100201
5291506000,사상구6,22,부암교차로,172100202
5200044000,44,48,부암교차로,172100301
5290515000,부산진구15,16,부암교차로,172100302
5200088000,88,44,부암고가교,172100401
5200167000,167,72,부암고가교,172100401
5200179000,179,35,부암고가교,172100401
5291506000,사상구6,99,부암고가교,172100402
5200044000,44,61,부산시설공단,172100501
5200054000,54,69,부산시설공단,172100501
5200063000,63,70,부산시설공단,172100501
5200081000,81,73,부산시설공단,172100501
5200133000,133,63,부산시설공단,172100501
5290515000,부산진구15,28,부산시설공단,172100502
5200067000,67,88,개금골목시장,172110301
5200067000,67,87,가야2동새마을금고,172110302
5200067000,67,89,(구)개금1치안센터,172110303
5200067000,67,9,가야지구대,172110401
5200167000,167,6,개금역,172120101
5290510100,부산진구10-1,6,개금변전소,172120102
5290510000,부산진구10,3,개금역,172120103
5290510100,부산진구10-1,7,개금역,172120103
5200067000,67,7,개금골목시장,172120201
5200067000,67,6,(구)개금1치안센터,172120202
5200067000,67,8,가야2동새마을금고,172120203
5200167000,167,22,당감시장,172130101
5200167000,167,18,백양맨션,172140101
5200169000,169,7,백양맨션,172140101
5200017000,17,71,청수탕,172140301
5200023000,23,43,청수탕,172140301
5200141000,141,54,청수탕,172140301
5200017000,17,55,용사촌입구,172140501
5200141000,141,47,용사촌입구,172140501
5200167000,167,79,용사촌입구,172140501
5200169000,169,113,용사촌입구,172140501
5200017000,17,56,동원초등학교,172140502
5200088000,88,62,동원초등학교,172140502
5200141000,141,48,동원초등학교,172140502
5200167000,167,80,동원초등학교,172140502
5200169000,169,114,동원초등학교,172140502
5200088000,88,68,태우선파크APT,172160301
5200023000,23,24,당감백산아파트,172160401
5200088000,88,54,당감백산아파트,172160401
5200023000,23,25,개성고등학교,172160402
5200088000,88,55,개성고등학교,172160402
5291506000,사상구6,120,개포초등학교,172170201
5291506000,사상구6,13,개원초등학교,172170301
5291506000,사상구6,10,개금종합사회복지관,172170302
5291506000,사상구6,11,개금우드빌,172170303
5291506000,사상구6,12,동원화인아파트,172170304
5291506000,사상구6,9,삼환아파트,172170305
5291506000,사상구6,7,우성상가,172170306
5291506000,사상구6,8,한진아파트,172170307
5200017000,17,63,화인아파트,172180201
5200023000,23,31,화인아파트,172180201
5200167000,167,87,화인아파트,172180201
5200179000,179,48,화인아파트,172180201
5201004000,1004,32,화인아파트,172180201
5291506000,사상구6,116,개금종합사회복지관.도개공아파트,172180302
5291506000,사상구6,115,개금우드빌,172180303
5291506000,사상구6,114,동원화인아파트,172180304
5291506000,사상구6,117,삼환아파트,172180305
5291506000,사상구6,119,우성상가,172180306
5291506000,사상구6,118,한진아파트,172180307
5200017000,17,65,국제백양아파트,172180401
5200023000,23,37,국제백양아파트,172180401
5200167000,167,13,국제백양아파트,172180401
5200179000,179,44,국제백양아파트,172180401
5201004000,1004,73,국제백양아파트,172180401
5200017000,17,64,개원초등학교,172180402
5200023000,23,36,개원초등학교,172180402
5200167000,167,12,개원초등학교,172180402
5200179000,179,43,개원초등학교,172180402
5201004000,1004,72,개원초등학교,172180402
5291506000,사상구6,108,한국과학영재학교,172180403
5291506000,사상구6,109,국제백양아파트앞,172180404
5200088000,88,70,태을의원,172220101
5200179000,179,51,태을의원,172220101
5291506000,사상구6,16,태을의원,172220102
5200088000,88,52,개성고등학교입구,172220301
5200179000,179,41,개성고등학교입구,172220301
5291506000,사상구6,106,당감주유소,172220302
5200044000,44,58,진양교차로,172240101
5200168000,168,45,진양교차로,172240101
5200017000,17,77,진양교차로,172240102
5200023000,23,49,진양교차로,172240102
5200129100,129-1,81,진양교차로,172240102
5200138100,138-1,54,진양교차로,172240102
5200141000,141,60,진양교차로,172240102
5200160000,160,43,진양교차로,172240102
5200169100,169-1,43,진양교차로,172240102
5200141F00,141-F,49,진양교차로,172240102
5200017000,17,76,당감1치안센터,172250101
5200023000,23,48,당감1치안센터,172250101
5200044000,44,57,당감1치안센터,172250101
5200129100,129-1,80,당감1치안센터,172250101
5200138100,138-1,53,당감1치안센터,172250101
5200141000,141,59,당감1치안센터,172250101
5200160000,160,42,당감1치안센터,172250101
5200168000,168,44,당감1치안센터,172250101
5200169100,169-1,42,당감1치안센터,172250101
5200141F00,141-F,48,당감1치안센터,172250101
5200067000,67,90,백병원입구,172270301
5200167000,167,94,백병원입구,172270301
5200067000,67,91,개금시장,172270302
5200167000,167,95,개금시장,172270302
5290510100,부산진구10-1,36,개금시장,172270303
5290510100,부산진구10-1,35,백병원입구,172270304
5290510000,부산진구10,1,부산백병원,172280101
5290510000,부산진구10,2,성황리마트,172280102
5290510000,부산진구10,10,부산백병원,172280301
5200129100,129-1,73,신개금엘지아파트,172300101
5200133000,133,44,신개금엘지아파트,172300101
5200169100,169-1,35,신개금엘지아파트,172300101
5290509000,부산진구9,17,신개금LG아파트,172300102
5200129100,129-1,52,신주례엘지아파트,172300201
5200133100,133-1,20,신주례엘지아파트,172300201
5200169100,169-1,64,신주례엘지아파트,172300201
5290509000,부산진구9,11,신주례LG1차아파트106동,172300202
5200138100,138-1,46,개금역.개금초등학교,172310101
5200160000,160,35,개금역.개금초등학교,172310101
5200167000,167,7,개금역.개금초등학교,172310101
5200168000,168,37,개금역.개금초등학교,172310101
5200169000,169,102,개금역.개금초등학교,172310101
5290510000,부산진구10,4,개금역.개금초등학교,172310102
5291506000,사상구6,4,개금역.개금초등학교,172310102
5291508100,사상구8-1,7,개금역.개금초등학교,172310102
5200167000,167,93,개금역,172310301
5290510100,부산진구10-1,34,개금변전소,172310302
5290510000,부산진구10,7,개금역,172310303
5290510100,부산진구10-1,33,개금역,172310303
5200044000,44,59,부암초등학교,172340101
5200044000,44,50,진양교차로,172340301
5200017000,17,50,당감1치안센터,172340302
5200023000,23,19,당감1치안센터,172340302
5200044000,44,51,당감1치안센터,172340302
5200129100,129-1,43,당감1치안센터,172340302
5200138100,138-1,105,당감1치안센터,172340302
5200141000,141,42,당감1치안센터,172340302
5200160000,160,59,당감1치안센터,172340302
5200168000,168,55,당감1치안센터,172340302
5200169100,169-1,55,당감1치안센터,172340302
5200141F00,141-F,42,당감1치안센터,172340302
5200017000,17,49,진양교차로,172340303
5200023000,23,18,진양교차로,172340303
5200129100,129-1,42,진양교차로,172340303
5200138100,138-1,104,진양교차로,172340303
5200141000,141,41,진양교차로,172340303
5200160000,160,58,진양교차로,172340303
5200168000,168,54,진양교차로,172340303
5200169100,169-1,54,진양교차로,172340303
5200141F00,141-F,41,진양교차로,172340303
5200088000,88,69,개성고등학교입구,172360101
5200179000,179,50,개성고등학교입구,172360101
5291506000,사상구6,15,당감주유소,172360102
5200179000,179,42,백양로교회앞,172360301
5291506000,사상구6,107,백양로교회,172360302
5200088000,88,53,태우선파크APT,172360401
5200088000,88,73,부암새고개,172370101
5200167000,167,23,부암새고개,172370101
5200179000,179,54,부암새고개,172370101
5200088000,88,74,동원아파트,172370102
5200167000,167,24,동원아파트,172370102
5200179000,179,55,동원아파트,172370102
5291506000,사상구6,20,부암동원맨션,172370103
5291506000,사상구6,19,부암새고개,172370104
5200088000,88,47,당감시장,172370301
5200179000,179,38,당감시장,172370301
5200088000,88,48,당감사거리,172370302
5200179000,179,39,당감사거리,172370302
5291506000,사상구6,104,당감사거리,172370303
5291506000,사상구6,103,당감시장,172370304
5200167000,167,75,당감시장,172370401
5200167000,167,76,동평유치원,172370402
5200017000,17,61,당감동일스위트,172410202
5200023000,23,29,당감동일스위트,172410202
5200167000,167,85,당감동일스위트,172410202
5200179000,179,46,당감동일스위트,172410202
5291506000,사상구6,111,부산국제중고등학교,172410203
5200017000,17,60,백양터널,172410301
5200023000,23,28,백양터널,172410301
5200167000,167,84,백양터널,172410301
5200179000,179,45,백양터널,172410301
5290506100,부산진구6-1,7,반도아파트,172430201
5290506000,부산진구6,6,동의대역,172440302
5290509000,부산진구9,20,동의대역,172440302
5290506100,부산진구6-1,6,동의대역,172440401
5200017000,17,73,부산진구생활문화센터,172450301
5200023000,23,45,부산진구생활문화센터,172450301
5200044000,44,54,부산진구생활문화센터,172450301
5200141000,141,56,부산진구생활문화센터,172450301
5200141F00,141-F,45,부산진구생활문화센터,172450301
5200017000,17,54,청수탕,172470401
5200023000,23,23,청수탕,172470401
5200141000,141,46,청수탕,172470401
5200033000,33,8,부산시민공원,172480101
5200044000,44,71,부산시민공원,172480101
5200063000,63,80,부산시민공원,172480101
5200179000,179,59,부산시민공원,172480101
5200506000,506,36,부산시민공원,172480101
5200083100,83-1,75,연지일동아파트,172480201
5200103000,103,8,연지일동아파트,172480201
5200168000,168,52,연지일동아파트,172480201
5200179000,179,34,연지일동아파트,172480201
5200033000,33,109,래미안어반파크,172480301
5200044000,44,38,래미안어반파크,172480301
5200063000,63,51,래미안어반파크,172480301
5200083100,83-1,40,래미안어반파크,172480301
5200103000,103,120,래미안어반파크,172480301
5200033000,33,108,국립부산국악원,172480302
5200044000,44,37,국립부산국악원,172480302
5200063000,63,50,국립부산국악원,172480302
5200083100,83-1,39,국립부산국악원,172480302
5200103000,103,119,국립부산국악원,172480302
5200088000,88,75,부암고가교,172500201
5200167000,167,25,부암고가교,172500201
5200179000,179,56,부암고가교,172500201
5291506000,사상구6,21,부암고가교,172500202
5200088000,88,45,동원아파트.협성휴포레,172500301
5200167000,167,73,동원아파트.협성휴포레,172500301
5200179000,179,36,동원아파트.협성휴포레,172500301
5200088000,88,46,부암새고개,172500302
5200167000,167,74,부암새고개,172500302
5200179000,179,37,부암새고개,172500302
5291506000,사상구6,100,부암동원맨션,172500303
5291506000,사상구6,102,미주아파트,172500304
5291506000,사상구6,101,부암새고개,172500305
5290506000,부산진구6,5,수정터널,172520101
5290506100,부산진구6-1,5,수정터널,172520101
5200110100,110-1,6,가야여중,172520201
5290509000,부산진구9,4,가야여자중학교,172520202
5290506100,부산진구6-1,10,동의대학교도서관,172520301
5290506000,부산진구6,13,동의대학교본관,172520302
5290506100,부산진구6-1,11,동의대학교본관,172520302
5290509000,부산진구9,27,동의대학교본관,172520302
5290506000,부산진구6,11,동의대학교입구,172520303
5290506100,부산진구6-1,8,동의대학교입구,172520303
5290509000,부산진구9,25,동의대학교입구,172520303
5290506000,부산진구6,12,동의대학교자연대학,172520304
5290506100,부산진구6-1,9,동의대학교자연대학,172520304
5290509000,부산진구9,26,동의대학교자연대학,172520304
5200110100,110-1,71,가야고교,172520401
5200087000,87,93,CBS방송국,172530101
5200087000,87,25,범천건강문화센터,172530201
5200087000,87,26,선암초등학교,172530202
5200087000,87,27,약수터입구,172540201
5200087000,87,92,범천건강문화센터,172540301
5200087000,87,91,선암초등학교,172540302
5200110100,110-1,4,가야고교,172550101
5200110100,110-1,5,동의대학교입구,172550102
5200110100,110-1,72,가야공원입구,172550201
5200129100,129-1,78,당평초등학교,172560101
5200138100,138-1,51,당평초등학교,172560101
5200160000,160,40,당평초등학교,172560101
5200168000,168,42,당평초등학교,172560101
5200169000,169,107,당평초등학교,172560101
5200169100,169-1,40,당평초등학교,172560101
5200129100,129-1,46,당감3동우체국,172560201
5200138100,138-1,108,당감3동우체국,172560201
5200160000,160,62,당감3동우체국,172560201
5200168000,168,58,당감3동우체국,172560201
5200169000,169,14,당감3동우체국,172560201
5200169100,169-1,58,당감3동우체국,172560201
5200088000,88,71,당감사거리,172570101
5200179000,179,52,당감사거리,172570101
5200088000,88,72,당감시장,172570102
5200179000,179,53,당감시장,172570102
5291506000,사상구6,17,당감사거리,172570103
5291506000,사상구6,18,당감시장,172570104
5200017000,17,75,당감초등학교,172570201
5200023000,23,47,당감초등학교,172570201
5200044000,44,56,당감초등학교,172570201
5200141000,141,58,당감초등학교,172570201
5200169000,169,12,당감초등학교,172570201
5200141F00,141-F,47,당감초등학교,172570201
5200179000,179,40,당감4동,172570301
5291506000,사상구6,105,태을의원,172570302
5200017000,17,52,부암삼성래미안,172570401
5200023000,23,21,부암삼성래미안,172570401
5200044000,44,53,부암삼성래미안,172570401
5200088000,88,49,부암삼성래미안,172570401
5200141000,141,44,부암삼성래미안,172570401
5200169000,169,109,부암삼성래미안,172570401
5200141F00,141-F,44,부암삼성래미안,172570401
5200017000,17,67,백양가족공원,172580101
5200023000,23,39,백양가족공원,172580101
5200088000,88,57,백양가족공원,172580101
5200169000,169,3,백양가족공원,172580101
5200017000,17,68,선암사입구,172580102
5200023000,23,40,선암사입구,172580102
5200088000,88,58,선암사입구,172580102
5200169000,169,4,선암사입구,172580102
5200088000,88,65,백양뜨란채아파트,172580201
5200141000,141,51,백양뜨란채아파트,172580201
5200167000,167,15,백양뜨란채아파트,172580201
5200169000,169,117,백양뜨란채아파트,172580201
5200017000,17,59,당감4동우체국,172580301
5200023000,23,27,당감4동우체국,172580301
5200167000,167,83,당감4동우체국,172580301
5200017000,17,66,당감4동우체국,172590101
5200023000,23,38,당감4동우체국,172590101
5200167000,167,14,당감4동우체국,172590101
5200017000,17,62,국제프라자아파트,172600101
5200023000,23,30,국제프라자아파트,172600101
5200167000,167,86,국제프라자아파트,172600101
5200179000,179,47,국제프라자아파트,172600101
5201004000,1004,31,국제프라자아파트,172600101
5291506000,사상구6,112,국제프라자아파트,172600102
5291506000,사상구6,113,한국과학영재학교,172600103
5200023000,23,26,백양뜨란채아파트,172610301
5200088000,88,56,백양뜨란채아파트,172610301
5200169000,169,2,백양뜨란채아파트,172610301
5200168000,168,48,부산시민공원남문,172620101
5200168000,168,47,부산진중학교,172620102
5200017000,17,78,부암역.당감입구,172630101
5200023000,23,50,부암역.당감입구,172630101
5200129100,129-1,82,부암역.당감입구,172630101
5200138100,138-1,55,부암역.당감입구,172630101
5200141000,141,61,부암역.당감입구,172630101
5200160000,160,44,부암역.당감입구,172630101
5200169100,169-1,44,부암역.당감입구,172630101
5200141F00,141-F,50,부암역.당감입구,172630101
5200085000,85,37,부산글로벌빌리지,172640101
5200138100,138-1,56,부산글로벌빌리지,172640101
5200160000,160,45,부산글로벌빌리지,172640101
5200169100,169-1,45,부산글로벌빌리지,172640101
5200017000,17,48,부암역.당감입구,172640401
5200023000,23,17,부암역.당감입구,172640401
5200063000,63,65,부암역.당감입구,172640401
5200081000,81,69,부암역.당감입구,172640401
5200129100,129-1,41,부암역.당감입구,172640401
5200138100,138-1,103,부암역.당감입구,172640401
5200141000,141,40,부암역.당감입구,172640401
5200160000,160,57,부암역.당감입구,172640401
5200169100,169-1,53,부암역.당감입구,172640401
5200141F00,141-F,40,부암역.당감입구,172640401
5200017000,17,51,당감초등학교,172650301
5200023000,23,20,당감초등학교,172650301
5200044000,44,52,당감초등학교,172650301
5200141000,141,43,당감초등학교,172650301
5200169000,169,108,당감초등학교,172650301
5200141F00,141-F,43,당감초등학교,172650301
5200129100,129-1,45,당평초등학교,172660201
5200138100,138-1,107,당평초등학교,172660201
5200160000,160,61,당평초등학교,172660201
5200168000,168,57,당평초등학교,172660201
5200169000,169,13,당평초등학교,172660201
5200169100,169-1,57,당평초등학교,172660201
5200067000,67,86,가야지구대,172690201
5200059000,59,50,신암,172700101
5200061000,61,26,신암,172700101
5200085000,85,53,신암,172700101
5200186000,186,90,신암,172700101
5200087000,87,90,약수터입구,172710101
5200087000,87,28,서호정사,172710201
5200087000,87,29,호천마을입구,172710202
5200029000,29,71,안창삼거리,172710203
5200087000,87,30,안창삼거리,172710203
5200110100,110-1,69,가야여중,172730201
5200110100,110-1,70,동의대학교입구,172730202
5290506000,부산진구6,10,가야여자중학교,172730203
5290509000,부산진구9,24,가야여자중학교,172730203
5291506000,사상구6,110,당감주공아파트,172750201
5200017000,17,72,당감동,172780101
5200023000,23,44,당감동,172780101
5200141000,141,55,당감동,172780101
5200067000,67,3,주례여자고등학교,172790201
5200167000,167,3,주례여자고등학교,172790201
5290510100,부산진구10-1,3,개금현대아파트,172790202
5291505000,사상구5,3,개금현대아파트,172790202
5291505100,사상구5-1,7,개금현대아파트,172790202
5291505200,사상구5-2,18,개금현대아파트,172790202
5290510100,부산진구10-1,2,개금시영아파트,172830101
5200067000,67,93,동남여객차고지(종점),172860301
5200167000,167,97,동남여객차고지(종점),172860301
5290510100,부산진구10-1,38,동남여객차고지,172860302
5200110100,110-1,68,가남시장,172900201
5290506000,부산진구6,9,가남시장,172900202
5290509000,부산진구9,23,가남시장,172900202
5200110100,110-1,7,가남시장,172910201
5290509000,부산진구9,5,가남시장,172910202
5291505000,사상구5,9,주례여자고등학교,172930101
5291505200,사상구5-2,13,주례여자고등학교,172930101
5291505000,사상구5,2,주례여자고등학교,172940201
5291505200,사상구5-2,17,주례여자고등학교,172940201
5291505200,사상구5-2,14,동서대입구,172950201
5291505000,사상구5,10,동서대학교,172950202
5291508100,사상구8-1,2,덕인빌라,173000101
5291508100,사상구8-1,1,개금반도보라아파트,173010301
5291508100,사상구8-1,10,덕인빌라,173030201
5290517000,부산진구17,4,부산학생교육문화회관,173090202
5290517000,부산진구17,53,대림아파트,173090301
5290517000,부산진구17,52,부산학생교육문화회관,173100101
5290517000,부산진구17,5,어린이대공원,173110201
5200138100,138-1,113,개금역.개금초등학교,173130301
5200160000,160,67,개금역.개금초등학교,173130301
5200167000,167,92,개금역.개금초등학교,173130301
5200168000,168,63,개금역.개금초등학교,173130301
5200169000,169,19,개금역.개금초등학교,173130301
5291506000,사상구6,123,개금역.개금초등학교,173130302
5290510000,부산진구10,6,개금삼거리,173150202
5200067000,67,1,동남여객차고지(종점),173310101
5200167000,167,1,동남여객차고지(종점),173310101
5290510100,부산진구10-1,1,동남여객차고지,173310102
5291002100,사하구2-1,8,당리역,173390201
5291003000,사하구3,24,구평고물상,173410201
5291003100,사하구3-1,28,동원로얄아파트입구,173420101
5291005000,사하구5,24,동원로얄아파트입구,173420101
5291009000,사하구9,4,동원로얄아파트입구,173420101
5291003100,사하구3-1,43,풍조식품,173460201
5291005000,사하구5,60,풍조식품,173460201
5200058000,58,51,동원로얄듀크아파트,173480101
5200124000,124,55,동원로얄듀크아파트,173480101
5200172000,172,30,동원로얄듀크아파트,173480101
5200172000,172,105,동원로얄듀크아파트,173480101
5291005000,사하구5,23,동원로얄아파트,173480201
5291009000,사하구9,35,동원로얄아파트,173480201
5291005000,사하구5,58,동원로얄아파트,173490101
5291009000,사하구9,3,동원로얄아파트,173490101
5291009000,사하구9,36,동원로얄듀크101동앞,173490301
5291102100,금정구2-1,10,임석,173580103
5291102200,금정구2-2,7,임석,173580103
5291602300,기장군2-3,33,임석,173580103
5291102100,금정구2-1,11,수반,173580104
5291102200,금정구2-2,8,수반,173580104
5291602300,기장군2-3,34,수반,173580104
5291102100,금정구2-1,12,다움병원,173580105
5291102200,금정구2-2,9,다움병원,173580105
5291602300,기장군2-3,35,다움병원,173580105
5291102100,금정구2-1,13,중리.공덕초등학교,173580106
5291102200,금정구2-2,10,중리.공덕초등학교,173580106
5291602300,기장군2-3,36,중리.공덕초등학교,173580106
5200042000,42,111,건설안전시험사업소,173620301
5200105000,105,66,건설안전시험사업소,173620301
5200184000,184,30,건설안전시험사업소,173620301
5200042000,42,110,회동석대산단,173630101
5200005100,5-1,1,회동동,173640301
5200042000,42,1,회동동,173640301
5200043000,43,1,회동동,173640301
5200099000,99,1,회동동,173640301
5200105000,105,67,회동동,173640301
5200179000,179,1,회동동,173640301
5200184000,184,31,회동동,173640301
5200301000,301,41,금단마을,173700201
5200301000,301,40,브니엘고등학교,173700202
5291103100,금정구3-1,24,금단마을,173700203
5291103100,금정구3-1,23,브니엘고등학교,173700204
5200301000,301,38,브니엘고등학교,173720101
5200301000,301,36,금단마을,173720102
5291103100,금정구3-1,38,브니엘고등학교,173720103
5291103100,금정구3-1,36,금단마을,173720104
5200301000,301,42,동래초등학교,173720201
5291103100,금정구3-1,25,태평양아파트,173720202
5291103100,금정구3-1,26,동래초등학교,173720203
5200090000,90,11,지장암,173730201
5200090000,90,10,경동아파트,173740201
5200090000,90,12,범어사매표소,173750201
5200090000,90,13,범어사주차장,173750202
5200090000,90,14,상마마을.범어사박물관,173770201
5200090000,90,15,하마마을,173800101
5200029000,29,139,어린이놀이터,173830101
5200051000,51,126,어린이놀이터,173830101
5200080000,80,109,어린이놀이터,173830101
5200090000,90,16,어린이놀이터,173830101
5200300000,300,68,어린이놀이터,173830101
5200029000,29,7,남산동.요산문학관,173830201
5200051000,51,7,남산동.요산문학관,173830201
5200080000,80,7,남산동.요산문학관,173830201
5200300000,300,8,남산동.요산문학관,173830201
5200029000,29,6,한아름빌라,173830202
5200051000,51,6,한아름빌라,173830202
5200080000,80,6,한아름빌라,173830202
5200300000,300,7,한아름빌라,173830202
5200029000,29,8,금샘초등학교,173830203
5200051000,51,8,금샘초등학교,173830203
5200080000,80,8,금샘초등학교,173830203
5200300000,300,9,금샘초등학교,173830203
5200090000,90,9,성불사입구,173840202
5291103100,금정구3-1,12,범어사입구사거리,173850201
5291105000,금정구5,10,수원지마을,173860101
5291105000,금정구5,23,수원지마을,173860201
5291105000,금정구5,11,분도농원,173870101
5291105000,금정구5,12,주말농장,173870102
5291101000,금정구1,53,금성동행정복지센터,173900201
5291101000,금정구1,54,산성공해마을3동,173900202
5291101000,금정구1,3,금성동행정복지센터,173900301
5291101000,금정구1,4,서울슈퍼,173900302
5200203000,203,3,금성동주민센터,173910101
5291101000,금정구1,52,서울슈퍼,173910102
5200203000,203,34,죽전마을,173910201
5200203000,203,33,서울슈퍼,173910202
5291101000,금정구1,5,마을회관,173910303
5291102200,금정구2-2,33,금정체육공원,173950302
5291102200,금정구2-2,32,함몰마을,173960302
5291102200,금정구2-2,5,금정체육공원,173970102
5291602300,기장군2-3,5,금정체육공원,173970102
5200050000,50,27,남산역,173990301
5200148000,148,6,남산역,173990301
5201002000,1002,32,남산역,173990301
5200050000,50,89,남산프라자,174070101
5200148000,148,109,남산프라자,174070101
5200050000,50,29,두실역,174070301
5200148000,148,8,두실역,174070301
5200300000,300,15,두실역,174070301
5201002000,1002,33,두실역,174070301
5200049000,49,6,남산동새벽시장,174110201
5200131000,131,6,남산동새벽시장,174110201
5200301000,301,6,남산동새벽시장,174110201
5201002F00,1002-F,40,남산동새벽시장,174110201
5200049000,49,7,남산고등학교입구,174110202
5200131000,131,7,남산고등학교입구,174110202
5200301000,301,7,남산고등학교입구,174110202
5201002F00,1002-F,41,남산고등학교입구,174110202
5200049000,49,107,남산동농협,174110301
5200131000,131,145,남산동농협,174110301
5200301000,301,68,남산동농협,174110301
5201002F00,1002-F,124,남산동농협,174110301
5200050000,50,91,범어사역,174120301
5200148000,148,111,범어사역,174120301
5201002000,1002,78,범어사역,174120301
5291102100,금정구2-1,1,범어사역,174120302
5291102200,금정구2-2,1,범어사역,174120302
5291103100,금정구3-1,7,범어사역,174120302
5291602300,기장군2-3,1,범어사역,174120302
5200050000,50,25,범어사역,174130201
5200148000,148,4,범어사역,174130201
5201002000,1002,30,범어사역,174130201
5291102200,금정구2-2,2,노포삼거리,174140101
5291602300,기장군2-3,2,노포삼거리,174140101
5200106000,106,37,서금지구대.금사역,174160301
5200129100,129-1,13,서금지구대.금사역,174160301
5200183000,183,37,서금지구대.금사역,174160301
5200189000,189,19,서금지구대.금사역,174160301
5200183F00,183-F,37,서금지구대.금사역,174160301
5200148000,148,11,태광산업(구서역),174170201
5201002000,1002,34,태광산업(구서역),174170201
5200050000,50,86,태광산업.구서역,174170401
5200148000,148,106,태광산업.구서역,174170401
5200300000,300,57,태광산업.구서역,174170401
5201002000,1002,75,태광산업.구서역,174170401
5200050000,50,31,태광산업.구서역,174180201
5200300000,300,18,태광산업.구서역,174180201
5200050000,50,87,행림병원,174180301
5200148000,148,107,행림병원,174180301
5200300000,300,58,행림병원,174180301
5203008000,3008,56,구서역,174200201
5203008F00,3008-F,57,구서역,174200201
5291105000,금정구5,34,금양초등학교,174220201
5291105100,금정구5-1,17,금양초등학교,174220201
5200050000,50,32,금정구청.부산가톨릭대,174230301
5200148000,148,12,금정구청.부산가톨릭대,174230301
5200300000,300,19,금정구청.부산가톨릭대,174230301
5200301000,301,44,금정구청.부산가톨릭대,174230301
5201002000,1002,35,금정구청.부산가톨릭대,174230301
5291105000,금정구5,33,금정구청,174230302
5291105100,금정구5-1,16,금정구청,174230302
5291103100,금정구3-1,32,GS25금정구청점,174240101
5291105000,금정구5,31,초원맨션,174250101
5291105100,금정구5-1,14,초원맨션,174250101
5291105000,금정구5,3,부곡3동행정복지센터.금샘도서관,174250201
5291105100,금정구5-1,7,부곡3동행정복지센터.금샘도서관,174250201
5291103200,금정구3-2,26,구서역3번출구,174290201
5291103200,금정구3-2,2,이마트,174290302
5200029000,29,116,부산정보관광고,174300101
5200049000,49,88,부산정보관광고,174300101
5200050000,50,80,부산정보관광고,174300101
5200148000,148,100,부산정보관광고,174300101
5291106000,금정구6,49,동현초등학교,174300201
5200029000,29,32,부산정보관광고,174310301
5200049000,49,28,부산정보관광고,174310301
5200050000,50,37,부산정보관광고,174310301
5200148000,148,17,부산정보관광고,174310301
5291105100,금정구5-1,1,부산대역,174320301
5200029000,29,29,부곡대우아파트,174330101
5200049000,49,25,부곡대우아파트,174330101
5200301000,301,30,부곡대우아파트,174330101
5291105100,금정구5-1,23,부산대역,174330201
5291105100,금정구5-1,2,대우아파트후문,174330401
5291106000,금정구6,50,부곡여자중학교,174360201
5291106000,금정구6,46,동현초등학교,174360401
5200049000,49,86,동해중학교,174370201
5200050000,50,78,동해중학교,174370201
5200049000,49,87,부곡4동행정복지센터.온천장역,174370202
5200050000,50,79,부곡4동행정복지센터.온천장역,174370202
5200179000,179,78,부곡4동행정복지센터.온천장역,174370202
5200189000,189,68,부곡4동행정복지센터.온천장역,174370202
5201002000,1002,70,부곡4동행정복지센터.온천장역,174370202
5200179000,179,77,동해중학교,174370203
5200189000,189,67,동해중학교,174370203
5200029000,29,36,서1동새마을금고,174390201
5200148000,148,21,서1동새마을금고,174390201
5200155000,155,3,서1동새마을금고,174390201
5200179000,179,82,서1동새마을금고,174390201
5200189000,189,72,서1동새마을금고,174390201
5200029000,29,37,책마을보드랑 작은도서관,174390202
5200148000,148,22,책마을보드랑 작은도서관,174390202
5200155000,155,4,책마을보드랑 작은도서관,174390202
5200179000,179,83,책마을보드랑 작은도서관,174390202
5200189000,189,73,책마을보드랑 작은도서관,174390202
5200029000,29,38,서동미로시장,174390203
5200148000,148,23,서동미로시장,174390203
5200155000,155,5,서동미로시장,174390203
5200029000,29,35,서동고개,174390204
5200148000,148,20,서동고개,174390204
5200155000,155,2,서동고개,174390204
5200179000,179,81,서동고개,174390204
5200189000,189,71,서동고개,174390204
5200029000,29,113,서동고개,174390301
5200148000,148,97,서동고개,174390301
5200179000,179,12,서동고개,174390301
5200189000,189,26,서동고개,174390301
5200029000,29,114,내성고등학교,174390302
5200148000,148,98,내성고등학교,174390302
5200179000,179,13,내성고등학교,174390302
5200189000,189,27,내성고등학교,174390302
5200029000,29,115,동현초등학교,174390303
5200148000,148,99,동현초등학교,174390303
5200179000,179,14,동현초등학교,174390303
5200189000,189,28,동현초등학교,174390303
5291106000,금정구6,57,금정여자고등학교,174400103
5291106000,금정구6,58,서동시장,174400104
5200155000,155,121,서동,174400203
5291105100,금정구5-1,20,한신아파트,174420201
5291105000,금정구5,37,장전역2번출구,174420401
5291105100,금정구5-1,19,장전역4번출구,174430501
5200029000,29,41,서동역,174440201
5200106000,106,38,서동역,174440201
5200129100,129-1,15,서동역,174440201
5200155000,155,8,서동역,174440201
5200183000,183,39,서동역,174440201
5200183F00,183-F,39,서동역,174440201
5200042000,42,101,금사입구,174450101
5200099000,99,60,금사입구,174450101
5200105000,105,21,금사입구,174450101
5200179000,179,86,금사입구,174450101
5200106000,106,72,금사입구,174450201
5200129100,129-1,105,금사입구,174450201
5200183000,183,69,금사입구,174450201
5200189000,189,76,금사입구,174450201
5200183F00,183-F,73,금사입구,174450201
5290601000,동래구1,26,서2동새마을금고,174460201
5200029000,29,39,세웅병원후문,174470201
5200042000,42,10,세웅병원후문,174470201
5200099000,99,10,세웅병원후문,174470201
5200105000,105,76,세웅병원후문,174470201
5200148000,148,24,세웅병원후문,174470201
5200155000,155,6,세웅병원후문,174470201
5200179000,179,84,세웅병원후문,174470201
5200189000,189,74,세웅병원후문,174470201
5290601000,동래구1,23,세웅병원후문,174470202
5200050000,50,88,두실역,174540101
5200148000,148,108,두실역,174540101
5200300000,300,59,두실역,174540101
5201002000,1002,76,두실역,174540101
5200050000,50,30,행림병원,174540201
5200148000,148,9,행림병원,174540201
5200300000,300,16,행림병원,174540201
5200148000,148,10,금정이마트,174540202
5200300000,300,17,금정이마트,174540202
5291102100,금정구2-1,4,영락공원,174550201
5291102100,금정구2-1,2,금정도서관,174550202
5291102100,금정구2-1,3,제3영락원,174550203
5200050000,50,26,팔송,174550301
5200148000,148,5,팔송,174550301
5201002000,1002,31,팔송,174550301
5291102200,금정구2-2,37,범어사역,174550302
5291103100,금정구3-1,14,범어사역,174550302
5291602300,기장군2-3,46,범어사역,174550302
5200029000,29,141,노포삼거리,174570101
5200049000,49,109,노포삼거리,174570101
5200050000,50,93,노포삼거리,174570101
5200051000,51,128,노포삼거리,174570101
5200080000,80,111,노포삼거리,174570101
5200090000,90,18,노포삼거리,174570101
5200131000,131,147,노포삼거리,174570101
5200148000,148,113,노포삼거리,174570101
5200300000,300,71,노포삼거리,174570101
5200301000,301,70,노포삼거리,174570101
5201002F00,1002-F,126,노포삼거리,174570101
5291102200,금정구2-2,36,노포삼거리,174570201
5291602300,기장군2-3,45,노포삼거리,174570201
5200106000,106,73,서금지구대.금사역,174580101
5200129100,129-1,107,서금지구대.금사역,174580101
5200183000,183,71,서금지구대.금사역,174580101
5200189000,189,78,서금지구대.금사역,174580101
5200183F00,183-F,75,서금지구대.금사역,174580101
5200506000,506,1,대우아파트,174580201
5200506000,506,2,우신아파트,174580202
5200506000,506,3,센텀SD아파트후문,174580203
5200506000,506,4,센텀SD아파트정문,174580204
5200506000,506,5,센텀강변현대아파트,174580205
5200506000,506,6,벽산한솔타운,174580206
5291106000,금정구6,20,석대.금사자동차학원,174580401
5291106000,금정구6,75,금사역,174580501
5200129100,129-1,106,금사전화국,174590101
5200183000,183,70,금사전화국,174590101
5200189000,189,77,금사전화국,174590101
5200183F00,183-F,74,금사전화국,174590101
5200129100,129-1,14,금사전화국,174590201
5200183000,183,38,금사전화국,174590201
5200189000,189,20,금사전화국,174590201
5200183F00,183-F,38,금사전화국,174590201
5291106000,금정구6,51,부곡늘푸른아파트117동,174600101
5291106000,금정구6,45,부곡여자중학교,174600301
5291106000,금정구6,53,BMC아파트121동,174610101
5291106000,금정구6,52,BMC아파트120동,174610102
5291106000,금정구6,44,부곡늘푸른아파트117동,174610201
5291106000,금정구6,42,BMC아파트121동,174620101
5291106000,금정구6,43,BMC아파트120동,174620102
5291106000,금정구6,54,뉴그린108동,174620201
5200203000,203,12,금정산SK뷰,174630101
5290601100,동래구1-1,9,금강공원,174630202
5290601100,동래구1-1,7,온천119안전센터,174630204
5290601100,동래구1-1,8,해양자연사박물관,174630205
5200203000,203,23,식물원,174630301
5200050000,50,34,경남한신아파트,174660201
5200148000,148,14,경남한신아파트,174660201
5200301000,301,46,경남한신아파트,174660201
5291105000,금정구5,36,부곡한신아파트,174660301
5200050000,50,83,경남한신아파트,174670101
5200148000,148,103,경남한신아파트,174670101
5200301000,301,31,경남한신아파트,174670101
5200005100,5-1,144,회동동,174680101
5200042000,42,109,회동동,174680101
5200043000,43,126,회동동,174680101
5200099000,99,68,회동동,174680101
5200105000,105,29,회동동,174680101
5200179000,179,94,회동동,174680101
5200184000,184,47,회동동,174680101
5200005100,5-1,2,회동본동,174680301
5200042000,42,2,회동본동,174680301
5200043000,43,2,회동본동,174680301
5200099000,99,2,회동본동,174680301
5200105000,105,68,회동본동,174680301
5200179000,179,2,회동본동,174680301
5200184000,184,32,회동본동,174680301
5291106000,금정구6,74,석대.금사자동차학원,174690201
5291106000,금정구6,21,금사공단.금사동탑마트,174690401
5200029000,29,109,라이프타운,174700401
5200042000,42,8,라이프타운,174700401
5200099000,99,8,라이프타운,174700401
5200105000,105,74,라이프타운,174700401
5200155000,155,117,라이프타운,174700401
5200179000,179,8,라이프타운,174700401
5200189000,189,22,라이프타운,174700401
5291102200,금정구2-2,11,선두구동행정복지센터,174710103
5291602300,기장군2-3,37,선두구동행정복지센터,174710103
5291102200,금정구2-2,12,조리,174710104
5291602300,기장군2-3,38,조리,174710104
5291102200,금정구2-2,13,조리경로당,174710105
5291602300,기장군2-3,39,조리경로당,174710105
5291102100,금정구2-1,16,임석,174710203
5291102200,금정구2-2,31,임석,174710203
5291602300,기장군2-3,16,임석,174710203
5291102200,금정구2-2,28,중리.공덕초등학교,174710204
5291602300,기장군2-3,13,중리.공덕초등학교,174710204
5291102100,금정구2-1,14,다움병원,174710205
5291102200,금정구2-2,29,다움병원,174710205
5291602300,기장군2-3,14,다움병원,174710205
5291102100,금정구2-1,15,수반,174710206
5291102200,금정구2-2,30,수반,174710206
5291602300,기장군2-3,15,수반,174710206
5200029000,29,140,범어사입구,174770101
5200049000,49,108,범어사입구,174770101
5200051000,51,127,범어사입구,174770101
5200080000,80,110,범어사입구,174770101
5200131000,131,146,범어사입구,174770101
5200300000,300,69,범어사입구,174770101
5200301000,301,69,범어사입구,174770101
5201002F00,1002-F,125,범어사입구,174770101
5200029000,29,5,어린이놀이터,174770301
5200051000,51,5,어린이놀이터,174770301
5200080000,80,5,어린이놀이터,174770301
5200300000,300,6,어린이놀이터,174770301
5200049000,49,5,남산동농협,174780301
5200131000,131,5,남산동농협,174780301
5200301000,301,5,남산동농협,174780301
5201002F00,1002-F,39,남산동농협,174780301
5200029000,29,133,남산성당,174790101
5200051000,51,120,남산성당,174790101
5200080000,80,103,남산성당,174790101
5200300000,300,62,남산성당,174790101
5200029000,29,134,부산외국어대학교,174790102
5200051000,51,121,부산외국어대학교,174790102
5200080000,80,104,부산외국어대학교,174790102
5200300000,300,63,부산외국어대학교,174790102
5291103200,금정구3-2,12,부산과학고등학교,174790401
5200203000,203,24,광명사,174810101
5200203000,203,25,양로원,174810102
5200203000,203,11,식물원,174810301
5200203000,203,32,금성동주민센터,174820101
5291101000,금정구1,2,산성공해마을3동,174820102
5200203000,203,4,공해부락,174820201
5291101000,금정구1,55,산성공해마을,174820202
5200029000,29,22,까치공원,174830201
5200049000,49,18,까치공원,174830201
5200051000,51,22,까치공원,174830201
5200077000,77,52,까치공원,174830201
5200080000,80,22,까치공원,174830201
5200100000,100,67,까치공원,174830201
5200100100,100-1,54,까치공원,174830201
5200110000,110,52,까치공원,174830201
5200111100,111-1,65,까치공원,174830201
5200121000,121,45,까치공원,174830201
5200131000,131,18,까치공원,174830201
5200144000,144,32,까치공원,174830201
5200301000,301,23,까치공원,174830201
5201002F00,1002-F,52,까치공원,174830201
5200029000,29,123,장전초등학교,174830401
5200049000,49,95,장전초등학교,174830401
5200051000,51,110,장전초등학교,174830401
5200080000,80,93,장전초등학교,174830401
5200131000,131,133,장전초등학교,174830401
5200301000,301,51,장전초등학교,174830401
5201002F00,1002-F,112,장전초등학교,174830401
5200029000,29,124,금정산쌍용예가.구서SK뷰,174830402
5200049000,49,96,금정산쌍용예가.구서SK뷰,174830402
5200051000,51,111,금정산쌍용예가.구서SK뷰,174830402
5200080000,80,94,금정산쌍용예가.구서SK뷰,174830402
5200131000,131,134,금정산쌍용예가.구서SK뷰,174830402
5200301000,301,52,금정산쌍용예가.구서SK뷰,174830402
5201002F00,1002-F,113,금정산쌍용예가.구서SK뷰,174830402
5200049000,49,8,남산동럭키아파트,174850201
5200131000,131,8,남산동럭키아파트,174850201
5200301000,301,13,남산동럭키아파트,174850201
5201002F00,1002-F,42,남산동럭키아파트,174850201
5200049000,49,105,남산고등학교입구,174850401
5200131000,131,143,남산고등학교입구,174850401
5200301000,301,66,남산고등학교입구,174850401
5201002F00,1002-F,122,남산고등학교입구,174850401
5200049000,49,106,남산동새벽시장,174850402
5200131000,131,144,남산동새벽시장,174850402
5200301000,301,67,남산동새벽시장,174850402
5201002F00,1002-F,123,남산동새벽시장,174850402
5200049000,49,103,남산초등학교,174860101
5200131000,131,141,남산초등학교,174860101
5200301000,301,59,남산초등학교,174860101
5201002F00,1002-F,120,남산초등학교,174860101
5200049000,49,104,남산동럭키아파트,174860102
5200131000,131,142,남산동럭키아파트,174860102
5200301000,301,60,남산동럭키아파트,174860102
5201002F00,1002-F,121,남산동럭키아파트,174860102
5200029000,29,14,선경3차아파트,174860301
5200049000,49,10,선경3차아파트,174860301
5200051000,51,14,선경3차아파트,174860301
5200080000,80,14,선경3차아파트,174860301
5200131000,131,10,선경3차아파트,174860301
5200301000,301,15,선경3차아파트,174860301
5201002F00,1002-F,44,선경3차아파트,174860301
5200029000,29,132,남산119안전센터,174860401
5200051000,51,119,남산119안전센터,174860401
5200080000,80,102,남산119안전센터,174860401
5200300000,300,61,남산119안전센터,174860401
5291102200,금정구2-2,26,조리,174870203
5291602300,기장군2-3,11,조리,174870203
5291102200,금정구2-2,25,조리경로당,174870204
5291602300,기장군2-3,10,조리경로당,174870204
5291102200,금정구2-2,27,선두구동행정복지센터,174870205
5291602300,기장군2-3,12,선두구동행정복지센터,174870205
5291102100,금정구2-1,21,영락공원,174880301
5291102100,금정구2-1,22,제3영락원,174880302
5291102100,금정구2-1,23,금정도서관,174880303
5200029000,29,9,남산고교,174890201
5200051000,51,9,남산고교,174890201
5200080000,80,9,남산고교,174890201
5200300000,300,10,남산고교,174890201
5200029000,29,10,부산외국어대학교,174890202
5200051000,51,10,부산외국어대학교,174890202
5200080000,80,10,부산외국어대학교,174890202
5200300000,300,11,부산외국어대학교,174890202
5200029000,29,136,금샘초등학교,174890301
5200051000,51,123,금샘초등학교,174890301
5200080000,80,106,금샘초등학교,174890301
5200300000,300,65,금샘초등학교,174890301
5200029000,29,135,남산고교,174890302
5200051000,51,122,남산고교,174890302
5200080000,80,105,남산고교,174890302
5200300000,300,64,남산고교,174890302
5200029000,29,137,남산동.요산문학관,174890303
5200051000,51,124,남산동.요산문학관,174890303
5200080000,80,107,남산동.요산문학관,174890303
5200300000,300,66,남산동.요산문학관,174890303
5200029000,29,138,한아름빌라,174890304
5200051000,51,125,한아름빌라,174890304
5200080000,80,108,한아름빌라,174890304
5200300000,300,67,한아름빌라,174890304
5200029000,29,16,롯데캐슬정문,174910101
5200049000,49,12,롯데캐슬정문,174910101
5200051000,51,16,롯데캐슬정문,174910101
5200080000,80,16,롯데캐슬정문,174910101
5200131000,131,12,롯데캐슬정문,174910101
5200301000,301,17,롯데캐슬정문,174910101
5201002F00,1002-F,46,롯데캐슬정문,174910101
5200029000,29,17,롯데캐슬입구,174910102
5200049000,49,13,롯데캐슬입구,174910102
5200051000,51,17,롯데캐슬입구,174910102
5200080000,80,17,롯데캐슬입구,174910102
5200131000,131,13,롯데캐슬입구,174910102
5200301000,301,18,롯데캐슬입구,174910102
5201002F00,1002-F,47,롯데캐슬입구,174910102
5291103200,금정구3-2,23,롯데캐슬정문,174910103
5291103200,금정구3-2,24,롯데캐슬입구,174910104
5200029000,29,129,신동아아파트,174910301
5200049000,49,101,신동아아파트,174910301
5200051000,51,116,신동아아파트,174910301
5200080000,80,99,신동아아파트,174910301
5200131000,131,139,신동아아파트,174910301
5200301000,301,57,신동아아파트,174910301
5201002F00,1002-F,118,신동아아파트,174910301
5291103200,금정구3-2,25,이마트,174920103
5200029000,29,18,구서역.구서시장,174920201
5200049000,49,14,구서역.구서시장,174920201
5200051000,51,18,구서역.구서시장,174920201
5200080000,80,18,구서역.구서시장,174920201
5200131000,131,14,구서역.구서시장,174920201
5200301000,301,19,구서역.구서시장,174920201
5201002F00,1002-F,48,구서역.구서시장,174920201
5200029000,29,127,롯데캐슬입구,174920401
5200049000,49,99,롯데캐슬입구,174920401
5200051000,51,114,롯데캐슬입구,174920401
5200080000,80,97,롯데캐슬입구,174920401
5200131000,131,137,롯데캐슬입구,174920401
5200301000,301,55,롯데캐슬입구,174920401
5201002F00,1002-F,116,롯데캐슬입구,174920401
5200029000,29,128,롯데캐슬정문,174920402
5200049000,49,100,롯데캐슬정문,174920402
5200051000,51,115,롯데캐슬정문,174920402
5200080000,80,98,롯데캐슬정문,174920402
5200131000,131,138,롯데캐슬정문,174920402
5200301000,301,56,롯데캐슬정문,174920402
5201002F00,1002-F,117,롯데캐슬정문,174920402
5291103200,금정구3-2,3,롯데캐슬입구,174920403
5291103200,금정구3-2,4,롯데캐슬정문,174920404
5290601000,동래구1,22,서2동새마을금고,174940101
5290601000,동래구1,21,초원마트,174940102
5290601000,동래구1,30,명장2치안센터,174940201
5290601000,동래구1,31,동남아파트,174940202
5290601000,동래구1,32,협진아파트,174940203
5200029000,29,23,장전중앙교회,174960301
5200049000,49,19,장전중앙교회,174960301
5200051000,51,23,장전중앙교회,174960301
5200077000,77,53,장전중앙교회,174960301
5200080000,80,23,장전중앙교회,174960301
5200100000,100,68,장전중앙교회,174960301
5200100100,100-1,55,장전중앙교회,174960301
5200110000,110,53,장전중앙교회,174960301
5200111100,111-1,66,장전중앙교회,174960301
5200121000,121,46,장전중앙교회,174960301
5200131000,131,19,장전중앙교회,174960301
5200144000,144,33,장전중앙교회,174960301
5200301000,301,24,장전중앙교회,174960301
5201002F00,1002-F,53,장전중앙교회,174960301
5200029000,29,24,현대아파트,174960302
5200049000,49,20,현대아파트,174960302
5200051000,51,24,현대아파트,174960302
5200077000,77,54,현대아파트,174960302
5200080000,80,24,현대아파트,174960302
5200100000,100,69,현대아파트,174960302
5200100100,100-1,56,현대아파트,174960302
5200110000,110,54,현대아파트,174960302
5200111100,111-1,67,현대아파트,174960302
5200121000,121,47,현대아파트,174960302
5200131000,131,20,현대아파트,174960302
5200144000,144,34,현대아파트,174960302
5200301000,301,25,현대아파트,174960302
5201002F00,1002-F,54,현대아파트,174960302
5200029000,29,25,부산대학교정문,174960303
5200049000,49,21,부산대학교정문,174960303
5200051000,51,25,부산대학교정문,174960303
5200077000,77,55,부산대학교정문,174960303
5200080000,80,25,부산대학교정문,174960303
5200100000,100,70,부산대학교정문,174960303
5200100100,100-1,57,부산대학교정문,174960303
5200110000,110,55,부산대학교정문,174960303
5200111100,111-1,68,부산대학교정문,174960303
5200121000,121,48,부산대학교정문,174960303
5200131000,131,21,부산대학교정문,174960303
5200144000,144,35,부산대학교정문,174960303
5200301000,301,26,부산대학교정문,174960303
5201002F00,1002-F,55,부산대학교정문,174960303
5200029000,29,122,장전역,174970101
5200049000,49,94,장전역,174970101
5200051000,51,109,장전역,174970101
5200077000,77,51,장전역,174970101
5200080000,80,92,장전역,174970101
5200100000,100,66,장전역,174970101
5200100100,100-1,53,장전역,174970101
5200110000,110,51,장전역,174970101
5200111100,111-1,22,장전역,174970101
5200121000,121,44,장전역,174970101
5200131000,131,132,장전역,174970101
5200144000,144,31,장전역,174970101
5200301000,301,50,장전역,174970101
5203008000,3008,55,장전역,174970101
5201002F00,1002-F,111,장전역,174970101
5203008F00,3008-F,56,장전역,174970101
5203008000,3008,43,(구)장전1치안센터,174970301
5203008F00,3008-F,44,(구)장전1치안센터,174970301
5200029000,29,118,금정세무서,175010101
5200049000,49,90,금정세무서,175010101
5200042000,42,11,협진태양맨션,175060301
5200099000,99,11,협진태양맨션,175060301
5200105000,105,77,협진태양맨션,175060301
5200148000,148,25,협진태양맨션,175060301
5200051000,51,105,금정초등학교,175070101
5200100000,100,62,금정초등학교,175070101
5200110100,110-1,35,금정초등학교,175070101
5200111100,111-1,18,금정초등학교,175070101
5200121000,121,41,금정초등학교,175070101
5200131000,131,128,금정초등학교,175070101
5200144000,144,27,금정초등학교,175070101
5200183000,183,52,금정초등학교,175070101
5203008000,3008,52,금정초등학교,175070101
5200183F00,183-F,53,금정초등학교,175070101
5203008F00,3008-F,53,금정초등학교,175070101
5200111100,111-1,71,온천장역,175080201
5200144000,144,38,온천장역,175080201
5200111100,111-1,17,래미안장전남문,175080301
5200144000,144,26,래미안장전남문,175080301
5200183000,183,51,래미안장전남문,175080301
5200183F00,183-F,52,래미안장전남문,175080301
5200049000,49,29,부곡4동행정복지센터.온천장역,175090301
5200050000,50,38,부곡4동행정복지센터.온천장역,175090301
5200179000,179,15,부곡4동행정복지센터.온천장역,175090301
5200189000,189,29,부곡4동행정복지센터.온천장역,175090301
5201002000,1002,39,부곡4동행정복지센터.온천장역,175090301
5200189000,189,30,온천입구,175100301
5200049000,49,30,동해중학교,175100302
5200050000,50,39,동해중학교,175100302
5200179000,179,16,동해중학교,175100302
5200042000,42,104,금사시장,175110101
5200099000,99,63,금사시장,175110101
5200105000,105,24,금사시장,175110101
5200179000,179,89,금사시장,175110101
5291106000,금정구6,23,금사시장,175110102
5291106000,금정구6,22,파크랜드,175110103
5291106000,금정구6,73,금사공단.금사동탑마트,175110202
5200042000,42,102,금사중학교,175120201
5200099000,99,61,금사중학교,175120201
5200105000,105,22,금사중학교,175120201
5200179000,179,87,금사중학교,175120201
5200042000,42,103,금사회동동행정복지센터,175120202
5200099000,99,62,금사회동동행정복지센터,175120202
5200105000,105,23,금사회동동행정복지센터,175120202
5200179000,179,88,금사회동동행정복지센터,175120202
5291103200,금정구3-2,5,태광인력개발원,175130101
5291103200,금정구3-2,6,우성아파트3동,175130102
5200037000,37,116,두구동 입구,175150301
5200050000,50,21,두구동 입구,175150301
5201002F00,1002-F,34,두구동 입구,175150301
5291602300,기장군2-3,42,두구동 입구,175150302
5200037000,37,6,영천초등학교,175160201
5200050000,50,98,영천초등학교,175160201
5201002F00,1002-F,131,영천초등학교,175160201
5200029000,29,15,신동아아파트,175210201
5200049000,49,11,신동아아파트,175210201
5200051000,51,15,신동아아파트,175210201
5200080000,80,15,신동아아파트,175210201
5200131000,131,11,신동아아파트,175210201
5200301000,301,16,신동아아파트,175210201
5201002F00,1002-F,45,신동아아파트,175210201
5291103200,금정구3-2,21,신동아아파트,175210202
5291103200,금정구3-2,22,선경1차우성아파트,175210203
5200029000,29,130,선경3차아파트,175210401
5200049000,49,102,선경3차아파트,175210401
5200051000,51,117,선경3차아파트,175210401
5200080000,80,100,선경3차아파트,175210401
5200131000,131,140,선경3차아파트,175210401
5200301000,301,58,선경3차아파트,175210401
5201002F00,1002-F,119,선경3차아파트,175210401
5200037000,37,3,금정체육공원입구,175220101
5200050000,50,95,금정체육공원입구,175220101
5200090000,90,2,금정체육공원입구,175220101
5200090000,90,20,금정체육공원입구,175220101
5201002F00,1002-F,128,금정체육공원입구,175220101
5291102200,금정구2-2,4,부산컨트리입구,175220102
5291602300,기장군2-3,4,부산컨트리입구,175220102
5291103100,금정구3-1,15,침례병원.남산역,175240101
5291103100,금정구3-1,6,침례병원.남산역,175250301
5200090000,90,8,범어사입구,175290201
5200090000,90,17,범어사입구,175290201
5291103100,금정구3-1,13,비아이마트,175290202
5200029000,29,4,범어사입구,175290301
5200049000,49,4,범어사입구,175290301
5200051000,51,4,범어사입구,175290301
5200080000,80,4,범어사입구,175290301
5200131000,131,4,범어사입구,175290301
5200300000,300,5,범어사입구,175290301
5200301000,301,4,범어사입구,175290301
5201002F00,1002-F,38,범어사입구,175290301
5291103100,금정구3-1,8,범어사입구사거리,175290401
5200050000,50,92,부산산업보건센터,175300101
5200148000,148,112,부산산업보건센터,175300101
5200037000,37,4,두구동 입구,175320101
5200050000,50,96,두구동 입구,175320101
5201002F00,1002-F,129,두구동 입구,175320101
5291602300,기장군2-3,6,두구동 입구,175320102
5200037000,37,117,금정체육공원입구,175320301
5200050000,50,22,금정체육공원입구,175320301
5200090000,90,5,금정체육공원입구,175320301
5200090000,90,23,금정체육공원입구,175320301
5201002F00,1002-F,35,금정체육공원입구,175320301
5291102200,금정구2-2,34,부산컨트리입구,175320302
5291602300,기장군2-3,43,부산컨트리입구,175320302
5291102200,금정구2-2,6,선두구동목욕탕,175330201
5291102100,금정구2-1,7,신천,175340101
5291102100,금정구2-1,19,신천,175340101
5203008000,3008,42,장전역,175360201
5203008F00,3008-F,43,장전역,175360201
5200029000,29,19,구서1동행정복지센터,175380302
5200049000,49,15,구서1동행정복지센터,175380302
5200051000,51,19,구서1동행정복지센터,175380302
5200080000,80,19,구서1동행정복지센터,175380302
5200131000,131,15,구서1동행정복지센터,175380302
5200301000,301,20,구서1동행정복지센터,175380302
5201002F00,1002-F,49,구서1동행정복지센터,175380302
5200050000,50,84,윤산터널입구,175400101
5200148000,148,104,윤산터널입구,175400101
5200301000,301,32,윤산터널입구,175400101
5201002000,1002,73,윤산터널입구,175400101
5200050000,50,33,윤산터널입구,175400201
5200148000,148,13,윤산터널입구,175400201
5200301000,301,45,윤산터널입구,175400201
5201002000,1002,36,윤산터널입구,175400201
5291105000,금정구5,35,윤산터널 입구,175400202
5291105100,금정구5-1,18,윤산터널 입구,175400302
5200301000,301,34,금정문화회관,175420101
5291103100,금정구3-1,33,동래여자고등학교,175420103
5291103100,금정구3-1,29,GS25금정구청점,175420202
5291103200,금정구3-2,1,구서역2번출구,175440102
5291103100,금정구3-1,30,구서역,175440201
5203008000,3008,41,구서역,175450301
5203008F00,3008-F,42,구서역,175450301
5200029000,29,125,구서1동행정복지센터,175470101
5200049000,49,97,구서1동행정복지센터,175470101
5200051000,51,112,구서1동행정복지센터,175470101
5200080000,80,95,구서1동행정복지센터,175470101
5200131000,131,135,구서1동행정복지센터,175470101
5200301000,301,53,구서1동행정복지센터,175470101
5201002F00,1002-F,114,구서1동행정복지센터,175470101
5200029000,29,126,구서역.구서시장,175470102
5200049000,49,98,구서역.구서시장,175470102
5200051000,51,113,구서역.구서시장,175470102
5200080000,80,96,구서역.구서시장,175470102
5200131000,131,136,구서역.구서시장,175470102
5200301000,301,54,구서역.구서시장,175470102
5201002F00,1002-F,115,구서역.구서시장,175470102
5200029000,29,20,금정산쌍용예가.구서SK뷰,175470301
5200049000,49,16,금정산쌍용예가.구서SK뷰,175470301
5200051000,51,20,금정산쌍용예가.구서SK뷰,175470301
5200080000,80,20,금정산쌍용예가.구서SK뷰,175470301
5200131000,131,16,금정산쌍용예가.구서SK뷰,175470301
5200301000,301,21,금정산쌍용예가.구서SK뷰,175470301
5201002F00,1002-F,50,금정산쌍용예가.구서SK뷰,175470301
5200029000,29,21,장전초등학교,175470302
5200049000,49,17,장전초등학교,175470302
5200051000,51,21,장전초등학교,175470302
5200080000,80,21,장전초등학교,175470302
5200131000,131,17,장전초등학교,175470302
5200301000,301,22,장전초등학교,175470302
5201002F00,1002-F,51,장전초등학교,175470302
5200301000,301,35,동래초등학교,175480101
5291103100,금정구3-1,35,태평양아파트,175480102
5291103100,금정구3-1,34,동래초등학교,175480103
5200301000,301,43,금정문화회관,175480302
5291103100,금정구3-1,27,동래여자고등학교,175480304
5291103100,금정구3-1,28,금정문화회관,175480305
5200029000,29,108,동상초등학교.서동역,175490101
5200129100,129-1,104,동상초등학교.서동역,175490101
5200155000,155,116,동상초등학교.서동역,175490101
5200183000,183,68,동상초등학교.서동역,175490101
5200183F00,183-F,72,동상초등학교.서동역,175490101
5200029000,29,42,협진태양맨션,175490201
5200106000,106,39,협진태양맨션,175490201
5200129100,129-1,16,협진태양맨션,175490201
5200155000,155,9,협진태양맨션,175490201
5200183000,183,40,협진태양맨션,175490201
5200183F00,183-F,40,협진태양맨션,175490201
5200042000,42,99,서동입구,175490301
5200099000,99,58,서동입구,175490301
5200105000,105,19,서동입구,175490301
5200148000,148,93,서동입구,175490301
5200029000,29,34,내성고등학교,175510201
5200148000,148,19,내성고등학교,175510201
5200179000,179,80,내성고등학교,175510201
5200189000,189,70,내성고등학교,175510201
5200029000,29,33,동현초등학교,175510202
5200148000,148,18,동현초등학교,175510202
5200179000,179,79,동현초등학교,175510202
5200189000,189,69,동현초등학교,175510202
5200042000,42,7,금사중학입구,175520201
5200099000,99,7,금사중학입구,175520201
5200105000,105,73,금사중학입구,175520201
5200179000,179,7,금사중학입구,175520201
5200042000,42,6,금사시장,175530301
5200099000,99,6,금사시장,175530301
5200105000,105,72,금사시장,175530301
5200179000,179,6,금사시장,175530301
5291106000,금정구6,71,기업은행,175530302
5291106000,금정구6,72,금사회동동행정복지센터,175530303
5200042000,42,5,중소기업은행,175540201
5200099000,99,5,중소기업은행,175540201
5200105000,105,71,중소기업은행,175540201
5200179000,179,5,중소기업은행,175540201
5291106000,금정구6,28,누가병원,175540301
5200042000,42,9,세웅병원,175550201
5200099000,99,9,세웅병원,175550201
5200105000,105,75,세웅병원,175550201
5290601000,동래구1,24,세웅병원정문,175550202
5290601000,동래구1,25,서동농협,175550203
5200029000,29,40,부산은행,175560301
5200042000,42,100,부산은행,175560301
5200099000,99,59,부산은행,175560301
5200105000,105,20,부산은행,175560301
5200155000,155,7,부산은행,175560301
5200179000,179,85,부산은행,175560301
5200189000,189,75,부산은행,175560301
5200042000,42,4,부산예원고등학교,175570201
5200099000,99,4,부산예원고등학교,175570201
5200105000,105,70,부산예원고등학교,175570201
5200179000,179,4,부산예원고등학교,175570201
5291106000,금정구6,27,부산예원고등학교(온천장방향),175570202
5200029000,29,31,부곡시장,175600301
5200049000,49,27,부곡시장,175600301
5200050000,50,36,부곡시장,175600301
5200148000,148,16,부곡시장,175600301
5201002000,1002,38,부곡시장,175600301
5200029000,29,30,금정세무서,175610201
5200049000,49,26,금정세무서,175610201
5200050000,50,35,금정세무서,175610201
5200148000,148,15,금정세무서,175610201
5201002000,1002,37,금정세무서,175610201
5200050000,50,82,금정세무서,175610401
5200148000,148,102,금정세무서,175610401
5201002000,1002,72,금정세무서,175610401
5200029000,29,120,부산대학교정문,175620101
5200049000,49,92,부산대학교정문,175620101
5200051000,51,107,부산대학교정문,175620101
5200080000,80,90,부산대학교정문,175620101
5200100000,100,64,부산대학교정문,175620101
5200111100,111-1,20,부산대학교정문,175620101
5200131000,131,130,부산대학교정문,175620101
5200144000,144,29,부산대학교정문,175620101
5200301000,301,48,부산대학교정문,175620101
5203008000,3008,53,부산대학교정문,175620101
5201002F00,1002-F,109,부산대학교정문,175620101
5203008F00,3008-F,54,부산대학교정문,175620101
5200077000,77,49,부산대학교정문,175620102
5200100100,100-1,51,부산대학교정문,175620102
5200110000,110,49,부산대학교정문,175620102
5200121000,121,42,부산대학교정문,175620102
5200029000,29,28,부산대역,175620201
5200049000,49,24,부산대역,175620201
5200301000,301,29,부산대역,175620201
5291107000,금정구7,2,부산은행,175620401
5200029000,29,27,부산대앞부산은행,175630101
5200049000,49,23,부산대앞부산은행,175630101
5200051000,51,106,부산대앞부산은행,175630101
5200100000,100,63,부산대앞부산은행,175630101
5200111100,111-1,19,부산대앞부산은행,175630101
5200131000,131,129,부산대앞부산은행,175630101
5200144000,144,28,부산대앞부산은행,175630101
5200301000,301,28,부산대앞부산은행,175630101
5200051000,51,27,금정초등학교,175630301
5200100000,100,72,금정초등학교,175630301
5200110100,110-1,38,금정초등학교,175630301
5200111100,111-1,70,금정초등학교,175630301
5200131000,131,23,금정초등학교,175630301
5200144000,144,37,금정초등학교,175630301
5200183000,183,55,금정초등학교,175630301
5203008000,3008,45,금정초등학교,175630301
5200183F00,183-F,56,금정초등학교,175630301
5203008F00,3008-F,46,금정초등학교,175630301
5200029000,29,121,(구)장전1치안센터,175640101
5200049000,49,93,(구)장전1치안센터,175640101
5200051000,51,108,(구)장전1치안센터,175640101
5200077000,77,50,(구)장전1치안센터,175640101
5200080000,80,91,(구)장전1치안센터,175640101
5200100000,100,65,(구)장전1치안센터,175640101
5200100100,100-1,52,(구)장전1치안센터,175640101
5200110000,110,50,(구)장전1치안센터,175640101
5200111100,111-1,21,(구)장전1치안센터,175640101
5200121000,121,43,(구)장전1치안센터,175640101
5200131000,131,131,(구)장전1치안센터,175640101
5200144000,144,30,(구)장전1치안센터,175640101
5200301000,301,49,(구)장전1치안센터,175640101
5203008000,3008,54,(구)장전1치안센터,175640101
5201002F00,1002-F,110,(구)장전1치안센터,175640101
5203008F00,3008-F,55,(구)장전1치안센터,175640101
5203008000,3008,44,부산대학교정문,175640201
5203008F00,3008-F,45,부산대학교정문,175640201
5200077000,77,57,금정초등학교,175660301
5200080000,80,27,금정초등학교,175660301
5200100100,100-1,59,금정초등학교,175660301
5200110000,110,57,금정초등학교,175660301
5200121000,121,50,금정초등학교,175660301
5201002F00,1002-F,57,금정초등학교,175660301
5200077000,77,47,금정초등학교,175670101
5200080000,80,88,금정초등학교,175670101
5200100100,100-1,49,금정초등학교,175670101
5200110000,110,47,금정초등학교,175670101
5201002F00,1002-F,107,금정초등학교,175670101
5291105100,금정구5-1,21,우신아파트,175680201
5291105100,금정구5-1,4,한신아파트,175680301
5291105100,금정구5-1,3,우신아파트,175690101
5291105100,금정구5-1,22,대우아파트후문,175690301
5200005100,5-1,3,욱성화학(주),175700301
5200042000,42,3,욱성화학(주),175700301
5200043000,43,3,욱성화학(주),175700301
5200099000,99,3,욱성화학(주),175700301
5200105000,105,69,욱성화학(주),175700301
5200179000,179,3,욱성화학(주),175700301
5200184000,184,33,욱성화학(주),175700301
5291107000,금정구7,1,부산대역,175710101
5291106000,금정구6,48,온천장역,175730301
5200155000,155,1,서동,175740201
5291106000,금정구6,41,뉴그린108동,175740301
5291106000,금정구6,60,서동교회,175750101
5291106000,금정구6,61,금사중학교,175750102
5291106000,금정구6,62,금샘고등학교,175750103
5291106000,금정구6,63,부산경호고등학교,175750104
5291106000,금정구6,35,서3동행정복지센터,175750201
5291106000,금정구6,38,금정여자고등학교,175760303
5291106000,금정구6,36,서동시장,175760304
5291106000,금정구6,37,제일요양병원,175760305
5291106000,금정구6,59,서3동행정복지센터,175770101
5200110100,110-1,36,부산대학교정문,175780301
5200183000,183,53,부산대학교정문,175780301
5200183F00,183-F,54,부산대학교정문,175780301
5291107000,금정구7,26,장전동우체국,175780302
5291107000,금정구7,3,부산대정문,175780401
5291107000,금정구7,25,부산대정문,175790101
5200029000,29,119,부산대역.부곡대우아파트,175810401
5200049000,49,91,부산대역.부곡대우아파트,175810401
5200301000,301,47,부산대역.부곡대우아파트,175810401
5200029000,29,26,부산대학교후문,175830201
5200049000,49,22,부산대학교후문,175830201
5200051000,51,26,부산대학교후문,175830201
5200077000,77,48,부산대학교후문,175830201
5200080000,80,89,부산대학교후문,175830201
5200100000,100,71,부산대학교후문,175830201
5200100100,100-1,50,부산대학교후문,175830201
5200110000,110,48,부산대학교후문,175830201
5200110100,110-1,37,부산대학교후문,175830201
5200111100,111-1,69,부산대학교후문,175830201
5200131000,131,22,부산대학교후문,175830201
5200144000,144,36,부산대학교후문,175830201
5200183000,183,54,부산대학교후문,175830201
5200301000,301,27,부산대학교후문,175830201
5200183F00,183-F,55,부산대학교후문,175830201
5201002F00,1002-F,108,부산대학교후문,175830201
5291107000,금정구7,27,부산대후문,175830202
5291107000,금정구7,28,신한은행,175830203
5200077000,77,56,부산대학교후문,175830301
5200080000,80,26,부산대학교후문,175830301
5200100100,100-1,58,부산대학교후문,175830301
5200110000,110,56,부산대학교후문,175830301
5200121000,121,49,부산대학교후문,175830301
5201002F00,1002-F,56,부산대학교후문,175830301
5200029000,29,110,서동미로시장,175850301
5200148000,148,94,서동미로시장,175850301
5200155000,155,118,서동미로시장,175850301
5200179000,179,9,서동미로시장,175850301
5200189000,189,23,서동미로시장,175850301
5200029000,29,112,서1동새마을금고,175850302
5200148000,148,96,서1동새마을금고,175850302
5200155000,155,120,서1동새마을금고,175850302
5200179000,179,11,서1동새마을금고,175850302
5200189000,189,25,서1동새마을금고,175850302
5291106000,금정구6,66,누가병원,175860201
5291106000,금정구6,29,현대맨션,175860301
5291106000,금정구6,64,부산산림교육센터,175870101
5291106000,금정구6,65,현대맨션,175870102
5291106000,금정구6,30,부산산림교육센터,175870301
5200005100,5-1,143,회동본동,175880101
5200042000,42,108,회동본동,175880101
5200043000,43,125,회동본동,175880101
5200099000,99,67,회동본동,175880101
5200105000,105,28,회동본동,175880101
5200179000,179,93,회동본동,175880101
5200184000,184,46,회동본동,175880101
5290601000,동래구1,27,평화탕,175890201
5200203000,203,22,금정산SK뷰,175930301
5291103100,금정구3-1,2,상현마을입구,176140101
5291103100,금정구3-1,21,상현마을입구,176140101
5291103100,금정구3-1,3,회동수원지입구,176140102
5291103100,금정구3-1,22,회동수원지입구,176140102
5291103100,금정구3-1,1,선동상현마을,176140103
5291103100,금정구3-1,20,선동상현마을,176140103
5291103100,금정구3-1,17,하정리,176170101
5291103100,금정구3-1,16,하정리입구,176170102
5291103100,금정구3-1,4,하정리,176180201
5291103100,금정구3-1,5,하정리입구,176180202
5291105000,금정구5,30,부곡3동행정복지센터.금샘도서관,176190201
5291105100,금정구5-1,13,부곡3동행정복지센터.금샘도서관,176190201
5291105000,금정구5,4,신학대학교.하하캠퍼스,176200101
5291105100,금정구5-1,8,신학대학교.하하캠퍼스,176200101
5291105000,금정구5,29,신학대학교.하하캠퍼스,176220201
5291105100,금정구5-1,12,신학대학교.하하캠퍼스,176220201
5291105000,금정구5,5,지산고등학교,176230101
5291105100,금정구5-1,9,지산고등학교,176230101
5291105000,금정구5,28,지산고등학교,176240201
5291105100,금정구5-1,11,지산고등학교,176240201
5291105000,금정구5,6,부산가톨릭대학교,176250101
5291105100,금정구5-1,10,부산가톨릭대학교,176250101
5291105000,금정구5,7,부산가톨릭대학교간호대학,176250102
5291105000,금정구5,8,오륜대순교자성지.박물관,176260101
5291105000,금정구5,26,부산가톨릭대학교간호대학,176260201
5291105000,금정구5,27,부산가톨릭대학교,176260202
5291105000,금정구5,25,오륜대순교자성지.박물관,176270201
5291105000,금정구5,9,"새동네, 부산오륜학교",176280101
5291105000,금정구5,24,"새동네, 부산오륜학교",176290201
5291105000,금정구5,13,연꽃못,176310101
5291105000,금정구5,14,회동수변산책로.황톳길,176310102
5291105000,금정구5,15,임지아뜰리에.복자수녀원,176310103
5291105000,금정구5,16,오륜본동마을,176320101
5291105000,금정구5,19,회동수변산책로.황톳길,176320201
5291105000,금정구5,18,임지아뜰리에.복자수녀원,176320202
5291105000,금정구5,20,연꽃못,176320203
5291105000,금정구5,21,주말농장,176320204
5291105000,금정구5,22,분도농원,176320205
5291105000,금정구5,2,윤산터널 입구,176360102
5291105100,금정구5-1,6,윤산터널 입구,176360102
5291105000,금정구5,32,정원맨션,176370101
5291105100,금정구5-1,15,정원맨션,176370101
5200050000,50,85,금정구청.부산가톨릭대,176380101
5200148000,148,105,금정구청.부산가톨릭대,176380101
5200300000,300,56,금정구청.부산가톨릭대,176380101
5200301000,301,33,금정구청.부산가톨릭대,176380101
5201002000,1002,74,금정구청.부산가톨릭대,176380101
5291103100,금정구3-1,31,금정구청,176380102
5291107000,금정구7,18,생활과학관,176420101
5291107000,금정구7,11,부산대예술관,176450201
5291107000,금정구7,19,중앙도서관.화학관,176450301
5291107000,금정구7,4,부산대본관,176460301
5291107000,금정구7,5,부산대문창회관,176470201
5291107000,금정구7,23,부산대문창회관,176480201
5291107000,금정구7,6,새벽벌도서관.상남국제회관,176490201
5291107000,금정구7,22,새벽벌도서관.상남국제회관,176500101
5291107000,금정구7,7,부산대사회관,176500301
5291107000,금정구7,21,부산대사회관,176510101
5200203000,203,10,광명사,176600102
5200203000,203,26,부산대후문,176600201
5200203000,203,2,서울슈퍼,176650101
5291101000,금정구1,8,서문입구,176650201
5291101000,금정구1,49,연수암,176650301
5291101000,금정구1,50,포구나무집,176650302
5200203000,203,6,동문,176660101
5200203000,203,30,남문,176660201
5200203000,203,5,남문,176670101
5200203000,203,31,공해부락,176670201
5291101000,금정구1,1,산성공해마을,176670202
5200203000,203,7,고별대,176680101
5200203000,203,29,동문,176680201
5200203000,203,9,부산대후문,176690102
5200203000,203,28,고별대,176690201
5200029000,29,13,샘골공원,176700101
5200051000,51,13,샘골공원,176700101
5200080000,80,13,샘골공원,176700101
5200055000,55,57,사취등,176770101
5200058000,58,36,사취등,176770101
5200122000,122,35,사취등,176770101
5200161000,161,15,사취등,176770101
5291407000,강서구7,28,사취등,176770102
5291408000,강서구8,11,사취등,176770102
5291409100,강서구9-1,31,사취등,176770102
5291412000,강서구12,34,사취등,176770102
5291412100,강서구12-1,26,사취등,176770102
5291415000,강서구15,35,사취등,176770102
5200055000,55,69,강서경찰서,176770301
5200058000,58,66,강서경찰서,176770301
5200161000,161,103,강서경찰서,176770301
5203005000,3005,7,강서경찰서,176770301
5203007000,3007,12,강서경찰서,176770301
5291407000,강서구7,46,강서경찰서,176770302
5291409100,강서구9-1,49,강서경찰서,176770302
5291412000,강서구12,52,강서경찰서,176770302
5291412100,강서구12-1,40,강서경찰서,176770302
5200058100,58-1,58,진동,176810102
5200171000,171,22,진동,176810102
5200058100,58-1,59,동리,176810103
5200171000,171,23,동리,176810103
5291420000,강서구20,25,진동,176810104
5291420000,강서구20,26,동리,176810105
5200058100,58-1,71,낙동강철새도래지,176810202
5200171000,171,110,낙동강철새도래지,176810202
5291420000,강서구20,38,전등,176810203
5291405000,강서구5,50,당리마을,176830201
5291405000,강서구5,52,신촌,176830202
5291405000,강서구5,51,신촌회관,176830203
5291405000,강서구5,20,당리마을입구,176840101
5291405000,강서구5,19,당리마을,176850101
5291405000,강서구5,17,신촌,176850102
5291405000,강서구5,18,신촌회관,176850103
5291405000,강서구5,54,대저양수장,176850201
5291405000,강서구5,53,동연정입구,176850202
5291405000,강서구5,22,수문할매집,176860203
5291405000,강서구5,49,당리마을입구,176860301
5291405000,강서구5,15,대저양수장,176870101
5291405000,강서구5,16,동연정입구,176870102
5291405000,강서구5,57,우편집중국,176870201
5291405000,강서구5,55,낙동중후문,176870202
5291405000,강서구5,56,대저상리,176870203
5291405000,강서구5,12,우편집중국,176880101
5291405000,강서구5,14,낙동중후문,176880102
5291405000,강서구5,13,대저상리,176880103
5291405000,강서구5,60,부산교도소,176880301
5291405000,강서구5,59,중리1구꽃동네,176880302
5291405000,강서구5,61,평강,176880303
5291411000,강서구11,58,철우정밀,176960301
5200109000,109,43,공항입구,176970101
5200109000,109,68,공항입구,176970101
5200307000,307,62,공항입구,176970101
5291411000,강서구11,16,철우정밀,176980101
5291411000,강서구11,60,도도본리,176990201
5291411000,강서구11,14,도도본리,177000201
5291411000,강서구11,64,정관도마을,177000301
5291411000,강서구11,62,정관도마을회관,177000302
5291411000,강서구11,61,정관도삼거리,177000303
5200109000,109,33,작지,177020105
5291413000,강서구13,47,교회앞,177020107
5291413000,강서구13,45,동자,177020108
5291413000,강서구13,49,맥도자연생태공원,177020109
5291413000,강서구13,32,염막2구,177020202
5291422000,강서구22,51,염막2구,177020202
5291413000,강서구13,43,염막2구,177030102
5291422000,강서구22,11,염막2구,177030102
5291413000,강서구13,50,금호오리마을,177040102
5291422000,강서구22,19,금호오리마을,177040102
5200109000,109,75,작지,177040202
5291413000,강서구13,28,교회앞,177040207
5291413000,강서구13,30,동자,177040208
5291413000,강서구13,26,맥도자연생태공원,177040209
5291415000,강서구15,63,중곡,177110101
5291415000,강서구15,65,상곡,177110102
5291415000,강서구15,66,강동119안전센터,177110103
5291415000,강서구15,64,남광정밀,177110104
5291415000,강서구15,24,중곡,177110201
5291415000,강서구15,22,상곡,177120201
5291415000,강서구15,23,남광정밀,177120202
5200123000,123,30,강서구청역,177190301
5200307000,307,71,강서구청역,177190301
5200123000,123,109,강서구청,177190401
5200127000,127,82,강서구청,177190401
5200307000,307,47,강서구청,177190401
5201004F00,1004-F,137,강서구청,177190401
5291405000,강서구5,40,강서구청,177190402
5291411000,강서구11,41,강서구청,177190402
5291413000,강서구13,5,강서구청,177190402
5291009000,사하구9,8,롯데마트,177210101
5200103000,103,67,사하경찰서,177240101
5200138000,138,2,사하경찰서,177240101
5200138100,138-1,6,사하경찰서,177240101
5200161000,161,86,사하경찰서,177240101
5200171000,171,96,사하경찰서,177240101
5200138000,138,135,장림,177240201
5200138100,138-1,150,장림,177240201
5200161000,161,31,장림,177240201
5200171000,171,35,장림,177240201
5203006000,3006,35,장림,177240201
5200096000,96,89,제일제당,177240301
5200103000,103,54,제일제당,177240301
5200172000,172,99,제일제당,177240301
5291008000,사하구8,37,제일제당,177240302
5291015000,사하구15,51,제일제당,177240302
5291003000,사하구3,17,장림역,177240303
5200103000,103,53,사하경찰서,177250201
5200138000,138,134,사하경찰서,177250201
5200138100,138-1,149,사하경찰서,177250201
5200161000,161,30,사하경찰서,177250201
5200171000,171,34,사하경찰서,177250201
5291009000,사하구9,9,사하소방서 사하우체국,177260101
5200138000,138,136,기점,177270201
5200138100,138-1,1,기점,177270201
5200138100,138-1,155,기점,177270201
5200138000,138,1,장림,177270301
5200138100,138-1,5,장림,177270301
5200161000,161,85,장림,177270301
5200171000,171,95,장림,177270301
5203006000,3006,24,장림,177270301
5200096000,96,17,제일제당,177280101
5200103000,103,66,제일제당,177280101
5200138100,138-1,154,제일제당,177280101
5291008000,사하구8,16,제일제당,177280102
5291015000,사하구15,30,제일제당,177280102
5200172000,172,36,장림역,177280201
5291003000,사하구3,41,홈플러스,177280202
5291005000,사하구5,30,홈플러스,177280202
5291006000,사하구6,40,장림2동주민센터,177290201
5291006000,사하구6,39,장림우체국,177290202
5291006000,사하구6,41,효림초등교,177290203
5200003000,3,96,장림우체국,177290204
5200003000,3,97,효림초등학교,177290205
5291003100,사하구3-1,20,경부산업,177350401
5291005000,사하구5,15,경부산업,177350401
5291003100,사하구3-1,18,동아정밀,177350402
5291005000,사하구5,13,동아정밀,177350402
5291003100,사하구3-1,19,유성식당,177350403
5291005000,사하구5,14,유성식당,177350403
5291003100,사하구3-1,54,주.현진,177370101
5291005000,사하구5,71,주.현진,177370101
5291003100,사하구3-1,16,선보공업,177370301
5291005000,사하구5,11,선보공업,177370301
5291003100,사하구3-1,17,금강공업.홍티아트센터,177370302
5291005000,사하구5,12,금강공업.홍티아트센터,177370302
5200002000,2,2,대우아파트,177380101
5200011000,11,2,대우아파트,177380101
5200002F00,2-F,2,대우아파트,177380101
5200002000,2,3,몰운대아파트,177380102
5200011000,11,3,몰운대아파트,177380102
5200002F00,2-F,3,몰운대아파트,177380102
5291015000,사하구15,10,몰운대아파트10,177390101
5291015000,사하구15,69,중현초등학교,177390401
5291015000,사하구15,67,몰운대아파트102,177400101
5200002000,2,110,몰운대아파트,177400301
5200011000,11,112,몰운대아파트,177400301
5200002F00,2-F,130,몰운대아파트,177400301
5200002000,2,111,대우아파트,177400302
5200011000,11,113,대우아파트,177400302
5200002F00,2-F,131,대우아파트,177400302
5200002000,2,4,다대포해수욕장,177410101
5200011000,11,4,다대포해수욕장,177410101
5200002F00,2-F,4,다대포해수욕장,177410101
5200002000,2,5,다대자유아파트,177410102
5200003000,3,4,다대자유아파트,177410102
5200011000,11,5,다대자유아파트,177410102
5200096000,96,4,다대자유아파트,177410102
5200096100,96-1,10,다대자유아파트,177410102
5200338000,338,10,다대자유아파트,177410102
5203001000,3001,3,다대자유아파트,177410102
5200002F00,2-F,5,다대자유아파트,177410102
5291015000,사하구15,16,다대자유아파트,177410103
5291015000,사하구15,15,다대해수욕장,177410104
5200003000,3,110,다대포해수욕장,177410201
5200096000,96,103,다대포해수욕장,177410201
5200096100,96-1,92,다대포해수욕장,177410201
5200338000,338,119,다대포해수욕장,177410201
5291003100,사하구3-1,62,다대5지구복지회,177430301
5291015000,사하구15,70,다대5지구복지회,177430301
5200003000,3,7,다대1동행정복지센터,177450101
5200002000,2,105,다대포항역,177450301
5200003000,3,107,다대포항역,177450301
5200011000,11,107,다대포항역,177450301
5200096000,96,99,다대포항역,177450301
5200096100,96-1,88,다대포항역,177450301
5200338000,338,115,다대포항역,177450301
5203001000,3001,52,다대포항역,177450301
5200002F00,2-F,125,다대포항역,177450301
5200002000,2,107,다대우신아파트,177450302
5200003000,3,108,다대우신아파트,177450302
5200011000,11,109,다대우신아파트,177450302
5200096000,96,101,다대우신아파트,177450302
5200096100,96-1,90,다대우신아파트,177450302
5200338000,338,117,다대우신아파트,177450302
5200002F00,2-F,127,다대우신아파트,177450302
5291015000,사하구15,63,다대농협,177450303
5291015000,사하구15,64,다대우신아파트,177450304
5291003100,사하구3-1,8,도개공아파트,177480201
5291015000,사하구15,8,도개공아파트,177480201
5291015000,사하구15,9,조성하이츠,177480202
5291003100,사하구3-1,63,몰운대성당,177480301
5291015000,사하구15,71,몰운대성당,177480301
5291003100,사하구3-1,64,몰운대아파트,177480302
5291015000,사하구15,72,몰운대아파트,177480302
5200096000,96,18,대동중고등학교,177560101
5200138100,138-1,151,대동중고등학교,177560101
5200161000,161,32,대동중고등학교,177560101
5200171000,171,36,대동중고등학교,177560101
5200172000,172,37,대동중고등학교,177560101
5291005000,사하구5,31,대동중고등학교,177560102
5291008000,사하구8,17,대동중고등학교,177560102
5291015000,사하구15,31,대동중고등학교,177560102
5291003000,사하구3,4,홈플러스,177560201
5291005000,사하구5,51,홈플러스,177560201
5200096000,96,88,대동중고등학교,177560301
5200161000,161,84,대동중고등학교,177560301
5200172000,172,98,대동중고등학교,177560301
5291003100,사하구3-1,15,주.현진,177570301
5291005000,사하구5,10,주.현진,177570301
5291003100,사하구3-1,53,선보공업,177580201
5291005000,사하구5,70,선보공업,177580201
5291003100,사하구3-1,52,금강공업.홍티아트센터,177580202
5291005000,사하구5,69,금강공업.홍티아트센터,177580202
5200002000,2,11,다대현대아파트,177590101
5200003000,3,9,다대현대아파트,177590101
5200011000,11,11,다대현대아파트,177590101
5200096000,96,10,다대현대아파트,177590101
5200096100,96-1,16,다대현대아파트,177590101
5200338000,338,16,다대현대아파트,177590101
5203001000,3001,6,다대현대아파트,177590101
5200002F00,2-F,11,다대현대아파트,177590101
5291015000,사하구15,22,다대현대아파트,177590102
5200002000,2,103,다대푸르지오아파트,177590201
5200003000,3,105,다대푸르지오아파트,177590201
5200011000,11,105,다대푸르지오아파트,177590201
5200096000,96,97,다대푸르지오아파트,177590201
5200096100,96-1,86,다대푸르지오아파트,177590201
5200338000,338,113,다대푸르지오아파트,177590201
5203001000,3001,51,다대푸르지오아파트,177590201
5200002F00,2-F,123,다대푸르지오아파트,177590201
5291015000,사하구15,60,다대푸르지오,177590202
5291003100,사하구3-1,26,풍조식품,177620201
5291005000,사하구5,21,풍조식품,177620201
5291009000,사하구9,21,서원유통,177630101
5291009000,사하구9,22,한신아파트상가,177630102
5200002000,2,87,신평역,177630201
5200011000,11,89,신평역,177630201
5200058000,58,45,신평역,177630201
5200113000,113,47,신평역,177630201
5200138100,138-1,142,신평역,177630201
5200161000,161,24,신평역,177630201
5200172000,172,25,신평역,177630201
5200338000,338,97,신평역,177630201
5203007000,3007,35,신평역,177630201
5200002F00,2-F,107,신평역,177630201
5200002000,2,88,동성화학,177630202
5200011000,11,90,동성화학,177630202
5200058000,58,47,동성화학,177630202
5200172000,172,26,동성화학,177630202
5200338000,338,98,동성화학,177630202
5200002F00,2-F,108,동성화학,177630202
5291003100,사하구3-1,37,동성화학,177630203
5291006000,사하구6,31,동성화학,177630203
5291003100,사하구3-1,36,신평역4번출구,177630204
5291006000,사하구6,30,신평역4번출구,177630204
5200002000,2,27,신남초등학교,177630301
5200138100,138-1,13,신남초등학교,177630301
5200002F00,2-F,27,신남초등학교,177630301
5291002000,사하구2,29,사하중학교,177640101
5291002000,사하구2,19,노블레스아파트,177640201
5291002000,사하구2,18,동덕아파트,177640202
5291002000,사하구2,20,사하초등학교,177640203
5291002000,사하구2,21,자유3차아파트,177640204
5291002000,사하구2,34,신익아파트,177650301
5200002000,2,44,괴정시장,177670102
5200006000,6,62,괴정시장,177670102
5200011000,11,38,괴정시장,177670102
5200096000,96,27,괴정시장,177670102
5200103000,103,78,괴정시장,177670102
5200113000,113,74,괴정시장,177670102
5200126000,126,57,괴정시장,177670102
5200161000,161,41,괴정시장,177670102
5201001000,1001,51,괴정시장,177670102
5200002F00,2-F,44,괴정시장,177670102
5291001000,사하구1,39,괴정역.괴정시장,177670103
5291001100,사하구1-1,57,괴정역.괴정시장,177670103
5291005000,사하구5,40,괴정역.괴정시장,177670103
5291008000,사하구8,25,괴정역.괴정시장,177670103
5291014000,사하구14,23,괴정역.괴정시장,177670103
5291015000,사하구15,40,괴정역.괴정시장,177670103
5200006000,6,65,괴정사거리,177670201
5200016000,16,23,괴정사거리,177670201
5200096000,96,81,괴정사거리,177670201
5200161000,161,77,괴정사거리,177670201
5291001000,사하구1,12,괴정사거리.국민은행,177670202
5291001100,사하구1-1,5,괴정사거리.국민은행,177670202
5291005000,사하구5,43,괴정사거리.국민은행,177670202
5291008000,사하구8,29,괴정사거리.국민은행,177670202
5291014000,사하구14,42,괴정사거리.국민은행,177670202
5291015000,사하구15,43,괴정사거리.국민은행,177670202
5200016000,16,76,괴정역.괴정사거리,177670301
5200103000,103,44,괴정역.괴정사거리,177670301
5291002000,사하구2,24,괴정역,177670302
5291002200,사하구2-2,1,괴정역,177670302
5291002200,사하구2-2,10,괴정역,177670302
5291002000,사하구2,23,괴정사거리,177680101
5291002200,사하구2-2,9,괴정사거리,177680101
5291002000,사하구2,22,사하도서관,177680102
5291002200,사하구2-2,8,사하도서관,177680102
5200002000,2,34,동아대입구,177690201
5200016000,16,14,동아대입구,177690201
5200068000,68,48,동아대입구,177690201
5200126000,126,47,동아대입구,177690201
5200128100,128-1,78,동아대입구,177690201
5200138000,138,119,동아대입구,177690201
5200338000,338,90,동아대입구,177690201
5201001000,1001,45,동아대입구,177690201
5200002F00,2-F,34,동아대입구,177690201
5200002000,2,35,에덴공원,177690202
5200016000,16,15,에덴공원,177690202
5200068000,68,49,에덴공원,177690202
5200126000,126,48,에덴공원,177690202
5200128100,128-1,79,에덴공원,177690202
5200138000,138,120,에덴공원,177690202
5200338000,338,91,에덴공원,177690202
5201001000,1001,46,에덴공원,177690202
5200002F00,2-F,35,에덴공원,177690202
5291010000,사하구10,13,야구연습장,177690203
5200068000,68,55,동아대입구,177690301
5200126000,126,91,동아대입구,177690301
5200128100,128-1,34,동아대입구,177690301
5200138000,138,18,동아대입구,177690301
5200338000,338,38,동아대입구,177690301
5291010000,사하구10,3,향학서점,177700101
5200002000,2,36,하단교차로,177700202
5200016000,16,16,하단교차로,177700202
5200126000,126,49,하단교차로,177700202
5200138000,138,121,하단교차로,177700202
5200002F00,2-F,36,하단교차로,177700202
5200068000,68,50,하단교차로,177700203
5200128100,128-1,80,하단교차로,177700203
5200338000,338,92,하단교차로,177700203
5291010000,사하구10,14,동아스포츠,177700204
5200068000,68,54,에덴공원,177700301
5200126000,126,90,에덴공원,177700301
5200128100,128-1,33,에덴공원,177700301
5200138000,138,17,에덴공원,177700301
5200338000,338,37,에덴공원,177700301
5200002000,2,80,동아대입구,177700302
5200016000,16,85,동아대입구,177700302
5201001000,1001,43,동아대입구,177700302
5200002F00,2-F,100,동아대입구,177700302
5291002000,사하구2,10,건국중학교,177710101
5291002000,사하구2,9,본병원,177710102
5200011000,11,85,하단역,177710301
5200113000,113,43,하단역,177710301
5200338000,338,93,하단역,177710301
5200003000,3,26,하단역환승센터,177710401
5200055000,55,63,하단역환승센터,177710401
5200058000,58,60,하단역환승센터,177710401
5200058100,58-1,64,하단역환승센터,177710401
5200058200,58-2,60,하단역환승센터,177710401
5200068000,68,51,하단역환승센터,177710401
5200122000,122,41,하단역환승센터,177710401
5200124000,124,68,하단역환승센터,177710401
5200128100,128-1,81,하단역환승센터,177710401
5200161000,161,97,하단역환승센터,177710401
5200171000,171,103,하단역환승센터,177710401
5200172000,172,114,하단역환승센터,177710401
5203007000,3007,10,하단역환승센터,177710401
5291407000,강서구7,37,하단역,177710402
5291409100,강서구9-1,40,하단역,177710402
5291412000,강서구12,43,하단역,177710402
5291412100,강서구12-1,33,하단역,177710402
5291413000,강서구13,38,하단역,177710402
5291415000,강서구15,44,하단역,177710402
5291415100,강서구15-1,16,하단역,177710402
5291420000,강서구20,31,하단역,177710402
5291421000,강서구21,24,하단역,177710402
5200002000,2,78,하단교차로,177710501
5200016000,16,83,하단교차로,177710501
5200068000,68,53,하단교차로,177710501
5200126000,126,89,하단교차로,177710501
5200128100,128-1,32,하단교차로,177710501
5200138000,138,16,하단교차로,177710501
5200338000,338,36,하단교차로,177710501
5200002F00,2-F,98,하단교차로,177710501
5200002000,2,79,에덴공원,177710502
5200016000,16,84,에덴공원,177710502
5201001000,1001,42,에덴공원,177710502
5200002F00,2-F,99,에덴공원,177710502
5291010000,사하구10,2,하단오거리,177710503
5200006000,6,61,뉴코아아울렛,177730101
5200016000,16,75,뉴코아아울렛,177730101
5200096000,96,26,뉴코아아울렛,177730101
5200161000,161,40,뉴코아아울렛,177730101
5291001000,사하구1,38,뉴코아아울렛,177730102
5291001100,사하구1-1,56,뉴코아아울렛,177730102
5291005000,사하구5,39,뉴코아아울렛,177730102
5291008000,사하구8,24,뉴코아아울렛,177730102
5291014000,사하구14,22,뉴코아아울렛,177730102
5291015000,사하구15,39,뉴코아아울렛,177730102
5200103000,103,75,신평입구,177740101
5200138000,138,10,신평입구,177740101
5203001000,3001,12,신평입구,177740101
5200103000,103,47,사남신익아파트,177740301
5200138000,138,128,사남신익아파트,177740301
5200103000,103,48,사남초등학교,177740302
5200138000,138,129,사남초등학교,177740302
5203001000,3001,45,사남초등학교,177740302
5200096000,96,83,감천삼거리,177750201
5200096100,96-1,67,감천삼거리,177750201
5200161000,161,79,감천삼거리,177750201
5200172000,172,93,감천삼거리,177750201
5200096000,96,84,구평고개,177750202
5200096100,96-1,68,구평고개,177750202
5200161000,161,80,구평고개,177750202
5200172000,172,94,구평고개,177750202
5200096000,96,85,구평화신아파트,177750203
5200096100,96-1,69,구평화신아파트,177750203
5200161000,161,81,구평화신아파트,177750203
5200172000,172,95,구평화신아파트,177750203
5291005000,사하구5,45,감천고개,177750204
5291008000,사하구8,31,감천고개,177750204
5291014000,사하구14,44,감천고개,177750204
5291015000,사하구15,45,감천고개,177750204
5291005000,사하구5,46,구평고개,177750205
5291008000,사하구8,32,구평고개,177750205
5291014000,사하구14,45,구평고개,177750205
5291015000,사하구15,46,구평고개,177750205
5291005000,사하구5,47,구평화신아파트,177750206
5291008000,사하구8,33,구평화신아파트,177750206
5291014000,사하구14,46,구평화신아파트,177750206
5291015000,사하구15,47,구평화신아파트,177750206
5200006000,6,59,감천삼거리,177750301
5200016000,16,73,감천삼거리,177750301
5200096000,96,24,감천삼거리,177750301
5200161000,161,38,감천삼거리,177750301
5291001000,사하구1,36,장평중학교.감천삼거리,177750302
5291001100,사하구1-1,54,장평중학교.감천삼거리,177750302
5291005000,사하구5,37,장평중학교.감천삼거리,177750302
5291008000,사하구8,22,장평중학교.감천삼거리,177750302
5291014000,사하구14,20,장평중학교.감천삼거리,177750302
5291015000,사하구15,37,장평중학교.감천삼거리,177750302
5200096000,96,20,구평초등학교,177760101
5200096100,96-1,31,구평초등학교,177760101
5200161000,161,34,구평초등학교,177760101
5200172000,172,39,구평초등학교,177760101
5291005000,사하구5,33,구평초등학교,177760102
5291008000,사하구8,19,구평초등학교,177760102
5291014000,사하구14,16,구평초등학교,177760102
5291015000,사하구15,33,구평초등학교,177760102
5200006000,6,66,삼풍아파트,177770201
5200016000,16,24,삼풍아파트,177770201
5200096000,96,82,삼풍아파트,177770201
5200161000,161,78,삼풍아파트,177770201
5291001000,사하구1,13,삼풍아파트,177770202
5291001100,사하구1-1,6,삼풍아파트,177770202
5291005000,사하구5,44,삼풍아파트,177770202
5291008000,사하구8,30,삼풍아파트,177770202
5291014000,사하구14,43,삼풍아파트,177770202
5291015000,사하구15,44,삼풍아파트,177770202
5200011000,11,30,하단역,177780101
5200113000,113,64,하단역,177780101
5200338000,338,35,하단역,177780101
5200011000,11,86,하단1동행정복지센터,177780301
5200058000,58,42,하단1동행정복지센터,177780301
5200113000,113,44,하단1동행정복지센터,177780301
5200161000,161,21,하단1동행정복지센터,177780301
5200172000,172,22,하단1동행정복지센터,177780301
5200338000,338,94,하단1동행정복지센터,177780301
5200096000,96,87,YK스틸,177790301
5200096100,96-1,71,YK스틸,177790301
5200161000,161,83,YK스틸,177790301
5200172000,172,97,YK스틸,177790301
5203006000,3006,23,YK스틸,177790301
5291005000,사하구5,49,YK스틸,177790303
5291008000,사하구8,35,YK스틸,177790303
5291014000,사하구14,48,YK스틸,177790303
5291015000,사하구15,49,YK스틸,177790303
5200096000,96,19,YK스틸,177800101
5200096100,96-1,30,YK스틸,177800101
5200161000,161,33,YK스틸,177800101
5200172000,172,38,YK스틸,177800101
5203006000,3006,36,YK스틸,177800101
5291005000,사하구5,32,YK스틸,177800102
5291008000,사하구8,18,YK스틸,177800102
5291014000,사하구14,15,YK스틸,177800102
5291015000,사하구15,32,YK스틸,177800102
5291014000,사하구14,49,금호아파트,177800202
5291005000,사하구5,50,대동중고등학교,177800302
5291008000,사하구8,36,대동중고등학교,177800302
5291015000,사하구15,50,대동중고등학교,177800302
5200096100,96-1,72,구평e편한세상입구,177800402
5200138100,138-1,152,구평e편한세상입구,177800402
5200171000,171,37,구평e편한세상입구,177800402
5291003000,사하구3,18,장림2치안센터,177810201
5200002000,2,96,장림역,177810301
5200011000,11,98,장림역,177810301
5200096000,96,90,장림역,177810301
5200103000,103,55,장림역,177810301
5200338000,338,106,장림역,177810301
5203001000,3001,47,장림역,177810301
5200002F00,2-F,116,장림역,177810301
5200002000,2,97,영남중학교,177810302
5200011000,11,99,영남중학교,177810302
5200096000,96,91,영남중학교,177810302
5200103000,103,56,영남중학교,177810302
5200338000,338,107,영남중학교,177810302
5200002F00,2-F,117,영남중학교,177810302
5200002000,2,98,신장림역,177810303
5200011000,11,100,신장림역,177810303
5200096000,96,92,신장림역,177810303
5200103000,103,57,신장림역,177810303
5200338000,338,108,신장림역,177810303
5203001000,3001,48,신장림역,177810303
5200002F00,2-F,118,신장림역,177810303
5291008000,사하구8,39,영남중학교,177810304
5291015000,사하구15,53,영남중학교,177810304
5291008000,사하구8,38,장림역,177810305
5291015000,사하구15,52,장림역,177810305
5291008000,사하구8,40,신장림역,177810306
5291015000,사하구15,54,신장림역,177810306
5200002000,2,17,장림초등학교,177810401
5200011000,11,17,장림초등학교,177810401
5200172000,172,100,장림초등학교,177810401
5200338000,338,22,장림초등학교,177810401
5200002F00,2-F,17,장림초등학교,177810401
5200002000,2,18,장림우체국,177810402
5200011000,11,18,장림우체국,177810402
5200172000,172,101,장림우체국,177810402
5200338000,338,23,장림우체국,177810402
5200002F00,2-F,18,장림우체국,177810402
5291003000,사하구3,7,장림우체국,177810403
5291005000,사하구5,53,장림우체국,177810403
5291003000,사하구3,6,장림초등학교,177810404
5291005000,사하구5,52,장림초등학교,177810404
5200002000,2,15,신장림역,177820101
5200011000,11,15,신장림역,177820101
5200096000,96,14,신장림역,177820101
5200103000,103,63,신장림역,177820101
5200338000,338,20,신장림역,177820101
5203001000,3001,8,신장림역,177820101
5200002F00,2-F,15,신장림역,177820101
5200002000,2,16,영남중학교,177820102
5200011000,11,16,영남중학교,177820102
5200096000,96,15,영남중학교,177820102
5200103000,103,64,영남중학교,177820102
5200338000,338,21,영남중학교,177820102
5200002F00,2-F,16,영남중학교,177820102
5200096000,96,16,장림역,177820103
5200103000,103,65,장림역,177820103
5203001000,3001,9,장림역,177820103
5291008000,사하구8,14,영남중학교,177820104
5291015000,사하구15,28,영남중학교,177820104
5291008000,사하구8,15,장림역,177820105
5291015000,사하구15,29,장림역,177820105
5291008000,사하구8,13,신장림역,177820106
5291015000,사하구15,27,신장림역,177820106
5291008000,사하구8,41,극동정림아파트,177820201
5291015000,사하구15,55,극동정림아파트,177820201
5291014000,사하구14,38,벽산하이츠아파트,177850301
5291014000,사하구14,37,성신슈퍼,177850302
5291014000,사하구14,29,성신슈퍼,177860101
5291014000,사하구14,39,롯데마트,177860301
5291014000,사하구14,25,괴정화신아파트,177870102
5291014000,사하구14,27,동주경로당,177870103
5200061000,61,75,감천2동,177890101
5200061000,61,76,수협,177890102
5290202000,서구2,1,감천문화마을.부산교육역사관,177890201
5290202200,서구2-2,11,감천문화마을.부산교육역사관,177890201
5291001000,사하구1,24,감천문화마을.부산교육역사관,177890201
5291001100,사하구1-1,17,감천문화마을.부산교육역사관,177890201
5290202200,서구2-2,10,구감,177890202
5291001000,사하구1,23,구감,177890202
5291001100,사하구1-1,16,구감,177890202
5290202000,서구2,2,한샘슈퍼,177890203
5290202200,서구2-2,12,한샘슈퍼,177890203
5291001100,사하구1-1,18,한샘슈퍼,177890203
5290202200,서구2-2,48,감천2동삼거리,177890301
5291001000,사하구1,29,감천2동삼거리,177890301
5291001100,사하구1-1,47,감천2동삼거리,177890301
5290202200,서구2-2,49,감천2동새마을금고,177890302
5291001000,사하구1,30,감천2동새마을금고,177890302
5291001100,사하구1-1,48,감천2동새마을금고,177890302
5290202200,서구2-2,47,감천2동행정복지센터,177890303
5291001000,사하구1,28,감천2동행정복지센터,177890303
5291001100,사하구1-1,46,감천2동행정복지센터,177890303
5200002000,2,33,을숙도초등학교,177910101
5200002F00,2-F,33,을숙도초등학교,177910101
5200002000,2,81,가락타운115동,177910201
5200138100,138-1,136,가락타운115동,177910201
5200002F00,2-F,101,가락타운115동,177910201
5200002000,2,82,가락타운104동,177910202
5200138100,138-1,137,가락타운104동,177910202
5200002F00,2-F,102,가락타운104동,177910202
5200002000,2,8,다대새마을금고,177940101
5200011000,11,8,다대새마을금고,177940101
5200096000,96,7,다대새마을금고,177940101
5200096100,96-1,13,다대새마을금고,177940101
5200338000,338,13,다대새마을금고,177940101
5200002F00,2-F,8,다대새마을금고,177940101
5291015000,사하구15,19,다대새마을금고,177940102
5200002000,2,6,다대회센터,177950101
5200011000,11,6,다대회센터,177950101
5200096000,96,5,다대회센터,177950101
5200096100,96-1,11,다대회센터,177950101
5200338000,338,11,다대회센터,177950101
5200002F00,2-F,6,다대회센터,177950101
5200002000,2,7,다대포항역.다대수협,177950102
5200011000,11,7,다대포항역.다대수협,177950102
5200096000,96,6,다대포항역.다대수협,177950102
5200096100,96-1,12,다대포항역.다대수협,177950102
5200338000,338,12,다대포항역.다대수협,177950102
5200002F00,2-F,7,다대포항역.다대수협,177950102
5291015000,사하구15,18,다대수협,177950103
5291015000,사하구15,17,다대회센터,177950104
5291015000,사하구15,11,몰운대아파트102,177960201
5291014000,사하구14,60,오리엔트조선,177970101
5291014000,사하구14,5,부광조선,177970301
5291014000,사하구14,4,양평슈퍼,177970302
5291014000,사하구14,6,한국선박,177970303
5291014000,사하구14,58,부광조선,177980101
5291014000,사하구14,59,양평슈퍼,177980102
5291014000,사하구14,57,한국선박,177980103
5291014000,사하구14,7,한국선박,177980301
5200096100,96-1,80,두송대선터널앞,177980401
5200096100,96-1,79,한국선박수리공업,177980402
5200002000,2,12,낫개역,177990101
5200003000,3,10,낫개역,177990101
5200011000,11,12,낫개역,177990101
5200096000,96,11,낫개역,177990101
5200096100,96-1,17,낫개역,177990101
5200338000,338,17,낫개역,177990101
5203001000,3001,7,낫개역,177990101
5200002F00,2-F,12,낫개역,177990101
5291015000,사하구15,23,다대삼환아파트,177990102
5200002000,2,108,다대자유아파트,178000201
5200003000,3,109,다대자유아파트,178000201
5200011000,11,110,다대자유아파트,178000201
5200096000,96,102,다대자유아파트,178000201
5200096100,96-1,91,다대자유아파트,178000201
5200338000,338,118,다대자유아파트,178000201
5203001000,3001,53,다대자유아파트,178000201
5200002F00,2-F,128,다대자유아파트,178000201
5200002000,2,109,다대포해수욕장,178000202
5200011000,11,111,다대포해수욕장,178000202
5200002F00,2-F,129,다대포해수욕장,178000202
5291015000,사하구15,65,다대자유아파트,178000203
5291015000,사하구15,66,다대해수욕장입구,178000204
5200003000,3,5,다대우신아파트,178000401
5200003000,3,6,다대포항역,178000402
5203001000,3001,4,다대포항역,178000402
5200002000,2,99,고려냉장,178010101
5200011000,11,101,고려냉장,178010101
5200096000,96,93,고려냉장,178010101
5200338000,338,109,고려냉장,178010101
5200002F00,2-F,119,고려냉장,178010101
5291008000,사하구8,42,고려냉장,178010103
5291015000,사하구15,56,고려냉장,178010103
5291006000,사하구6,12,103번종점,178020202
5291006000,사하구6,11,자연병원,178020203
5200003000,3,13,동원자동차정비공업사,178020204
5200003000,3,12,성보냉장,178020205
5200002000,2,14,고려냉장,178020301
5200011000,11,14,고려냉장,178020301
5200096000,96,13,고려냉장,178020301
5200103000,103,62,고려냉장,178020301
5200338000,338,19,고려냉장,178020301
5200002F00,2-F,14,고려냉장,178020301
5200003000,3,101,성보냉장,178020302
5200103000,103,61,성보냉장,178020302
5291008000,사하구8,11,고려냉장,178020303
5291015000,사하구15,25,고려냉장,178020303
5291008000,사하구8,12,극동정림아파트,178020304
5291015000,사하구15,26,극동정림아파트,178020304
5291006000,사하구6,49,다송초등학교,178030101
5291008000,사하구8,43,다송초등학교,178030101
5291006000,사하구6,50,삼환2차아파트,178030102
5291008000,사하구8,44,삼환2차아파트,178030102
5200003000,3,3,다대포해수욕장,178040101
5200096000,96,3,다대포해수욕장,178040101
5200096100,96-1,9,다대포해수욕장,178040101
5200338000,338,9,다대포해수욕장,178040101
5200003000,3,111,다대포해수욕장역,178040301
5200096000,96,104,다대포해수욕장역,178040301
5200096100,96-1,93,다대포해수욕장역,178040301
5200338000,338,120,다대포해수욕장역,178040301
5203001000,3001,54,다대포해수욕장역,178040301
5200002000,2,1,다대포,178050301
5200003000,3,1,다대포,178050301
5200011000,11,1,다대포,178050301
5200096000,96,1,다대포,178050301
5200096100,96-1,7,다대포,178050301
5200338000,338,7,다대포,178050301
5203001000,3001,1,다대포,178050301
5200002F00,2-F,1,다대포,178050301
5200003000,3,2,다대포해수욕장역,178050302
5200096000,96,2,다대포해수욕장역,178050302
5200096100,96-1,8,다대포해수욕장역,178050302
5200338000,338,8,다대포해수욕장역,178050302
5203001000,3001,2,다대포해수욕장역,178050302
5291003100,사하구3-1,13,롯데캐슬강변로입구,178050501
5291005000,사하구5,8,롯데캐슬강변로입구,178050501
5200002000,2,112,다대포,178060301
5200003000,3,112,다대포,178060301
5200011000,11,114,다대포,178060301
5200096000,96,105,다대포,178060301
5200096100,96-1,1,다대포,178060301
5200338000,338,1,다대포,178060301
5200338000,338,121,다대포,178060301
5203001000,3001,55,다대포,178060301
5200002F00,2-F,132,다대포,178060301
5291003100,사하구3-1,12,다대문화체육센터,178060402
5291005000,사하구5,7,다대문화체육센터,178060402
5291005000,사하구5,75,다대문화체육센터,178060402
5291003100,사하구3-1,11,다대포해수욕장역,178060403
5291005000,사하구5,6,다대포해수욕장역,178060403
5291005000,사하구5,74,다대포해수욕장역,178060403
5200011000,11,76,부영아파트,178080201
5200103000,103,41,부영아파트,178080201
5200126000,126,80,부영아파트,178080201
5200161000,161,74,부영아파트,178080201
5291002000,사하구2,28,당리중학교후문,178090101
5200002000,2,41,괴정삼익아파트,178090201
5200011000,11,35,괴정삼익아파트,178090201
5200016000,16,21,괴정삼익아파트,178090201
5200113000,113,71,괴정삼익아파트,178090201
5200126000,126,54,괴정삼익아파트,178090201
5200138000,138,126,괴정삼익아파트,178090201
5200002F00,2-F,41,괴정삼익아파트,178090201
5200002000,2,40,사하역,178090202
5200011000,11,34,사하역,178090202
5200016000,16,20,사하역,178090202
5200113000,113,70,사하역,178090202
5200126000,126,53,사하역,178090202
5200138000,138,125,사하역,178090202
5201001000,1001,49,사하역,178090202
5200002F00,2-F,40,사하역,178090202
5200002000,2,75,당리중학교,178090301
5200011000,11,82,당리중학교,178090301
5200016000,16,80,당리중학교,178090301
5200113000,113,40,당리중학교,178090301
5200126000,126,86,당리중학교,178090301
5200138000,138,13,당리중학교,178090301
5200002F00,2-F,95,당리중학교,178090301
5200002000,2,48,대티고개,178100101
5200096000,96,31,대티고개,178100101
5200113000,113,78,대티고개,178100101
5200002F00,2-F,48,대티고개,178100101
5200002000,2,67,대티고개,178100301
5200096000,96,76,대티고개,178100301
5200113000,113,32,대티고개,178100301
5200002F00,2-F,87,대티고개,178100301
5201001000,1001,44,을숙도초등학교,178130201
5200003000,3,98,협성르네상스타운아파트,178150201
5200103000,103,58,협성르네상스타운아파트,178150201
5291003200,사하구3-2,10,협성아파트,178150202
5291006000,사하구6,42,협성아파트,178150202
5291006000,사하구6,18,장림2동주민센터,178150301
5291006000,사하구6,19,장림우체국,178150302
5291006000,사하구6,16,협성아파트,178150303
5291006000,사하구6,17,효림초등교,178150304
5200003000,3,17,장림우체국,178150305
5200003000,3,16,효림초등학교,178150306
5200006000,6,69,부일전자디자인고교,178160101
5200016000,16,27,부일전자디자인고교,178160101
5200096100,96-1,36,부일전자디자인고교,178160101
5200171000,171,43,부일전자디자인고교,178160101
5200172000,172,44,부일전자디자인고교,178160101
5291001000,사하구1,16,부일고등학교,178160103
5291001100,사하구1-1,9,부일고등학교,178160103
5200006000,6,57,부일전자디자인고교,178160301
5200016000,16,71,부일전자디자인고교,178160301
5200096100,96-1,65,부일전자디자인고교,178160301
5200172000,172,91,부일전자디자인고교,178160301
5200006000,6,58,삼성여고,178160302
5200016000,16,72,삼성여고,178160302
5200096100,96-1,66,삼성여고,178160302
5200172000,172,92,삼성여고,178160302
5291001000,사하구1,35,삼성여고,178160303
5291001100,사하구1-1,53,삼성여고,178160303
5200002000,2,10,다대푸르지오아파트,178180101
5200003000,3,8,다대푸르지오아파트,178180101
5200011000,11,10,다대푸르지오아파트,178180101
5200096000,96,9,다대푸르지오아파트,178180101
5200096100,96-1,15,다대푸르지오아파트,178180101
5200338000,338,15,다대푸르지오아파트,178180101
5203001000,3001,5,다대푸르지오아파트,178180101
5200002F00,2-F,10,다대푸르지오아파트,178180101
5291015000,사하구15,21,다대푸르지오,178180102
5200002000,2,104,다대1동행정복지센터,178180301
5200003000,3,106,다대1동행정복지센터,178180301
5200011000,11,106,다대1동행정복지센터,178180301
5200096000,96,98,다대1동행정복지센터,178180301
5200096100,96-1,87,다대1동행정복지센터,178180301
5200338000,338,114,다대1동행정복지센터,178180301
5200002F00,2-F,124,다대1동행정복지센터,178180301
5291015000,사하구15,61,다대1동주민센터,178180302
5200002000,2,42,괴정자유아파트,178200101
5200011000,11,36,괴정자유아파트,178200101
5200016000,16,22,괴정자유아파트,178200101
5200103000,103,76,괴정자유아파트,178200101
5200113000,113,72,괴정자유아파트,178200101
5200126000,126,55,괴정자유아파트,178200101
5201001000,1001,50,괴정자유아파트,178200101
5203001000,3001,13,괴정자유아파트,178200101
5200002F00,2-F,42,괴정자유아파트,178200101
5200103000,103,46,신평입구,178200201
5200138000,138,127,신평입구,178200201
5203001000,3001,44,신평입구,178200201
5200002000,2,73,괴정삼익아파트,178200301
5200011000,11,80,괴정삼익아파트,178200301
5200016000,16,78,괴정삼익아파트,178200301
5200113000,113,38,괴정삼익아파트,178200301
5200126000,126,84,괴정삼익아파트,178200301
5200138000,138,11,괴정삼익아파트,178200301
5200002F00,2-F,93,괴정삼익아파트,178200301
5200002000,2,74,사하역,178200302
5200011000,11,81,사하역,178200302
5200016000,16,79,사하역,178200302
5200113000,113,39,사하역,178200302
5200126000,126,85,사하역,178200302
5200138000,138,12,사하역,178200302
5201001000,1001,39,사하역,178200302
5200002F00,2-F,94,사하역,178200302
5291002000,사하구2,27,사하역,178200303
5291002000,사하구2,26,사하역비스타동원아파트,178200305
5291014000,사하구14,53,안구평,178220201
5291014000,사하구14,52,원영조선,178220202
5291014000,사하구14,14,금호아파트,178220302
5200126000,126,58,괴정초등학교.대티역,178230101
5201001000,1001,52,괴정초등학교.대티역,178230101
5200002000,2,70,괴정초등학교,178230301
5200006000,6,64,괴정초등학교,178230301
5200011000,11,77,괴정초등학교,178230301
5200096000,96,79,괴정초등학교,178230301
5200103000,103,42,괴정초등학교,178230301
5200113000,113,35,괴정초등학교,178230301
5200161000,161,75,괴정초등학교,178230301
5203001000,3001,42,괴정초등학교,178230301
5200002F00,2-F,90,괴정초등학교,178230301
5200096000,96,80,괴정시장,178230302
5200103000,103,43,괴정시장,178230302
5200161000,161,76,괴정시장,178230302
5291005000,사하구5,42,괴정3치안센터,178230303
5291008000,사하구8,28,괴정3치안센터,178230303
5291014000,사하구14,41,괴정3치안센터,178230303
5291015000,사하구15,42,괴정3치안센터,178230303
5291001000,사하구1,11,괴정초교,178230305
5291001100,사하구1-1,4,괴정초교,178230305
5291005000,사하구5,41,괴정초교,178230305
5291008000,사하구8,27,괴정초교,178230305
5291014000,사하구14,40,괴정초교,178230305
5291015000,사하구15,41,괴정초교,178230305
5200002000,2,45,괴정초등학교,178240101
5200006000,6,63,괴정초등학교,178240101
5200011000,11,39,괴정초등학교,178240101
5200096000,96,28,괴정초등학교,178240101
5200103000,103,79,괴정초등학교,178240101
5200113000,113,75,괴정초등학교,178240101
5200161000,161,42,괴정초등학교,178240101
5203001000,3001,14,괴정초등학교,178240101
5200002F00,2-F,45,괴정초등학교,178240101
5291001000,사하구1,40,괴정초교,178240102
5291001100,사하구1-1,58,괴정초교,178240102
5291008000,사하구8,26,괴정초교,178240102
5291014000,사하구14,24,괴정초교,178240102
5200002000,2,71,괴정시장.괴정역,178240201
5200011000,11,78,괴정시장.괴정역,178240201
5200113000,113,36,괴정시장.괴정역,178240201
5200126000,126,82,괴정시장.괴정역,178240201
5201001000,1001,37,괴정시장.괴정역,178240201
5200002F00,2-F,91,괴정시장.괴정역,178240201
5200011000,11,28,가락타운2.3지구,178250101
5200058000,58,58,가락타운2.3지구,178250101
5200113000,113,62,가락타운2.3지구,178250101
5200161000,161,95,가락타운2.3지구,178250101
5200172000,172,112,가락타운2.3지구,178250101
5200338000,338,33,가락타운2.3지구,178250101
5291009000,사하구9,25,하남초등교,178250301
5200002000,2,28,하남초등학교,178250401
5200138100,138-1,14,하남초등학교,178250401
5200002F00,2-F,28,하남초등학교,178250401
5200002000,2,29,가락타운2.3단지,178260101
5200138100,138-1,15,가락타운2.3단지,178260101
5200002F00,2-F,29,가락타운2.3단지,178260101
5200002000,2,85,하남초등학교,178260201
5200138100,138-1,140,하남초등학교,178260201
5200002F00,2-F,105,하남초등학교,178260201
5291014000,사하구14,3,오리엔트조선,178280201
5291014000,사하구14,62,구평방파제 종점,178280301
5291014000,사하구14,61,대일조선,178280302
5291003100,사하구3-1,23,도시가스,178290101
5291005000,사하구5,18,도시가스,178290101
5291003100,사하구3-1,24,일진종합상사,178290102
5291005000,사하구5,19,일진종합상사,178290102
5291003100,사하구3-1,48,미광사,178290201
5291005000,사하구5,65,미광사,178290201
5291003100,사하구3-1,47,반도식당,178290202
5291005000,사하구5,64,반도식당,178290202
5291003100,사하구3-1,49,경부산업,178300101
5291005000,사하구5,66,경부산업,178300101
5291003100,사하구3-1,51,동아정밀,178300102
5291005000,사하구5,68,동아정밀,178300102
5291003100,사하구3-1,50,유성식당,178300103
5291005000,사하구5,67,유성식당,178300103
5291003100,사하구3-1,21,미광사,178300201
5291005000,사하구5,16,미광사,178300201
5291003100,사하구3-1,22,반도식당,178300202
5291005000,사하구5,17,반도식당,178300202
5200003000,3,90,동매교사거리,178310301
5200124000,124,45,동매교사거리,178310301
5200171000,171,30,동매교사거리,178310301
5200002000,2,38,사하구청.당리역,178340202
5200003000,3,89,사하구청.당리역,178340202
5200011000,11,32,사하구청.당리역,178340202
5200016000,16,18,사하구청.당리역,178340202
5200124000,124,44,사하구청.당리역,178340202
5200126000,126,51,사하구청.당리역,178340202
5200138000,138,123,사하구청.당리역,178340202
5200171000,171,29,사하구청.당리역,178340202
5201001000,1001,48,사하구청.당리역,178340202
5200002F00,2-F,38,사하구청.당리역,178340202
5200002000,2,37,낙동초등학교,178350101
5200003000,3,88,낙동초등학교,178350101
5200011000,11,31,낙동초등학교,178350101
5200016000,16,17,낙동초등학교,178350101
5200058200,58-2,54,낙동초등학교,178350101
5200113000,113,65,낙동초등학교,178350101
5200124000,124,43,낙동초등학교,178350101
5200126000,126,50,낙동초등학교,178350101
5200138000,138,122,낙동초등학교,178350101
5200171000,171,28,낙동초등학교,178350101
5201001000,1001,47,낙동초등학교,178350101
5200002F00,2-F,37,낙동초등학교,178350101
5291002000,사하구2,4,반도보라아파트,178360201
5291002100,사하구2-1,6,반도보라아파트,178360201
5291002000,사하구2,42,동원아파트상가,178360301
5291002100,사하구2-1,17,동원아파트상가,178360301
5291002000,사하구2,41,혜성아파트,178360302
5291002100,사하구2-1,16,혜성아파트,178360302
5291002000,사하구2,5,당리시장,178370201
5291002100,사하구2-1,7,당리시장,178370201
5291002000,사하구2,36,당리시장,178380101
5291002100,사하구2-1,11,당리시장,178380101
5291002000,사하구2,11,당리시장,178380201
5291002000,사하구2,12,푸르지오아파트,178380202
5291002000,사하구2,7,당리역,178380401
5291009000,사하구9,7,장림시장번영1길,178400301
5291009000,사하구9,6,장림시장번영2길,178400302
5200002000,2,93,장림시장,178400401
5200011000,11,95,장림시장,178400401
5200172000,172,32,장림시장,178400401
5200338000,338,103,장림시장,178400401
5200002F00,2-F,113,장림시장,178400401
5200002000,2,94,장림중소기업은행,178400402
5200011000,11,96,장림중소기업은행,178400402
5200172000,172,33,장림중소기업은행,178400402
5200338000,338,104,장림중소기업은행,178400402
5200002F00,2-F,114,장림중소기업은행,178400402
5200002000,2,95,장림우체국,178400403
5200011000,11,97,장림우체국,178400403
5200172000,172,34,장림우체국,178400403
5200338000,338,105,장림우체국,178400403
5200002F00,2-F,115,장림우체국,178400403
5291003000,사하구3,12,장림시장,178400405
5291005000,사하구5,26,장림시장,178400405
5291006000,사하구6,36,장림시장,178400405
5291003000,사하구3,13,중소기업은행,178400406
5291005000,사하구5,27,중소기업은행,178400406
5291006000,사하구6,37,중소기업은행,178400406
5291003000,사하구3,14,중앙병원,178400407
5291005000,사하구5,28,중앙병원,178400407
5291006000,사하구6,38,중앙병원,178400407
5200002000,2,21,장림1동행정복지센터,178400601
5200011000,11,21,장림1동행정복지센터,178400601
5200338000,338,26,장림1동행정복지센터,178400601
5200002F00,2-F,21,장림1동행정복지센터,178400601
5291005000,사하구5,56,장림1동주민센터,178400602
5291006000,사하구6,22,장림1동주민센터,178400602
5291009000,사하구9,33,장림1동주민센터,178400602
5291002100,사하구2-1,9,삼창아파트,178410101
5200058200,58-2,55,영락교회,178410301
5200113000,113,66,영락교회,178410301
5200003000,3,25,낙동초등학교,178410401
5200011000,11,84,낙동초등학교,178410401
5200058200,58-2,59,낙동초등학교,178410401
5200113000,113,42,낙동초등학교,178410401
5200124000,124,67,낙동초등학교,178410401
5200171000,171,102,낙동초등학교,178410401
5200002000,2,77,낙동초등학교,178410402
5200016000,16,82,낙동초등학교,178410402
5200126000,126,88,낙동초등학교,178410402
5200138000,138,15,낙동초등학교,178410402
5201001000,1001,41,낙동초등학교,178410402
5200002F00,2-F,97,낙동초등학교,178410402
5291002000,사하구2,8,하단오거리,178410403
5291009000,사하구9,32,장림시장번영2길,178430201
5200124000,124,64,한성기린아파트,178440101
5200171000,171,99,한성기린아파트,178440101
5200002000,2,68,(구)괴정2치안센터,178450201
5200096000,96,77,(구)괴정2치안센터,178450201
5200113000,113,33,(구)괴정2치안센터,178450201
5200002F00,2-F,88,(구)괴정2치안센터,178450201
5200002000,2,69,대티역,178450202
5200096000,96,78,대티역,178450202
5200113000,113,34,대티역,178450202
5200002F00,2-F,89,대티역,178450202
5200002000,2,46,대티역,178470101
5200096000,96,29,대티역,178470101
5200113000,113,76,대티역,178470101
5200002F00,2-F,46,대티역,178470101
5200002000,2,47,(구)괴정2치안센터,178470102
5200096000,96,30,(구)괴정2치안센터,178470102
5200113000,113,77,(구)괴정2치안센터,178470102
5200002F00,2-F,47,(구)괴정2치안센터,178470102
5200126000,126,81,괴정초등학교.대티역,178470401
5201001000,1001,36,괴정초등학교.대티역,178470401
5291009000,사하구9,19,하남초등교,178510101
5291009000,사하구9,26,신평역,178510201
5291003100,사하구3-1,34,신평역,178520301
5291006000,사하구6,28,신평역,178520301
5291009000,사하구9,18,신평역,178520301
5291009000,사하구9,27,서부정비,178530201
5200002000,2,30,강변아파트,178540101
5200138100,138-1,16,강변아파트,178540101
5200002F00,2-F,30,강변아파트,178540101
5200002000,2,84,가락타운2.3단지,178540301
5200138100,138-1,139,가락타운2.3단지,178540301
5200002F00,2-F,104,가락타운2.3단지,178540301
5291003100,사하구3-1,27,사하구민 장례식장,178580301
5291005000,사하구5,22,사하구민 장례식장,178580301
5200011000,11,29,하단1동행정복지센터,178610101
5200058000,58,59,하단1동행정복지센터,178610101
5200113000,113,63,하단1동행정복지센터,178610101
5200161000,161,96,하단1동행정복지센터,178610101
5200172000,172,113,하단1동행정복지센터,178610101
5200338000,338,34,하단1동행정복지센터,178610101
5291010000,사하구10,5,동아대학교정문,178660201
5291015000,사하구15,20,다대초등학교,178670301
5200002000,2,9,다대큰샘,178680201
5200011000,11,9,다대큰샘,178680201
5200096000,96,8,다대큰샘,178680201
5200096100,96-1,14,다대큰샘,178680201
5200338000,338,14,다대큰샘,178680201
5200002F00,2-F,9,다대큰샘,178680201
5291006000,사하구6,1,다대코오롱아파트,178690101
5291008000,사하구8,1,다대코오롱아파트,178690101
5200002000,2,100,다대롯데캐슬블루,178690201
5200003000,3,102,다대롯데캐슬블루,178690201
5200011000,11,102,다대롯데캐슬블루,178690201
5200096000,96,94,다대롯데캐슬블루,178690201
5200338000,338,110,다대롯데캐슬블루,178690201
5200002F00,2-F,120,다대롯데캐슬블루,178690201
5291015000,사하구15,57,다대롯데캐슬블루,178690202
5200002000,2,13,다대롯데캐슬블루,178690301
5200003000,3,11,다대롯데캐슬블루,178690301
5200011000,11,13,다대롯데캐슬블루,178690301
5200096000,96,12,다대롯데캐슬블루,178690301
5200338000,338,18,다대롯데캐슬블루,178690301
5200002F00,2-F,13,다대롯데캐슬블루,178690301
5291015000,사하구15,24,다대롯데캐슬블루,178690302
5200002000,2,101,낫개역,178700301
5200003000,3,103,낫개역,178700301
5200011000,11,103,낫개역,178700301
5200096000,96,95,낫개역,178700301
5200096100,96-1,84,낫개역,178700301
5200338000,338,111,낫개역,178700301
5203001000,3001,49,낫개역,178700301
5200002F00,2-F,121,낫개역,178700301
5200002000,2,102,다대현대아파트,178700302
5200003000,3,104,다대현대아파트,178700302
5200011000,11,104,다대현대아파트,178700302
5200096000,96,96,다대현대아파트,178700302
5200096100,96-1,85,다대현대아파트,178700302
5200338000,338,112,다대현대아파트,178700302
5203001000,3001,50,다대현대아파트,178700302
5200002F00,2-F,122,다대현대아파트,178700302
5291015000,사하구15,58,낫개역,178700303
5291015000,사하구15,59,다대현대아파트,178700304
5291006000,사하구6,2,다송중학교,178710101
5291008000,사하구8,2,다송중학교,178710101
5200096100,96-1,18,다송중학교,178710102
5291006000,사하구6,56,두송복지관,178740201
5291008000,사하구8,50,두송복지관,178740201
5291006000,사하구6,55,주공4지구117,178740202
5291008000,사하구8,49,주공4지구117,178740202
5291006000,사하구6,54,주공4지구120,178740203
5291008000,사하구8,48,주공4지구120,178740203
5291006000,사하구6,7,국제그린아파트,178740301
5291008000,사하구8,7,국제그린아파트,178740301
5291006000,사하구6,8,국제그린아파트2,178740302
5291008000,사하구8,8,국제그린아파트2,178740302
5291006000,사하구6,6,다송아파트,178740303
5291008000,사하구8,6,다송아파트,178740303
5291006000,사하구6,52,국제그린아파트,178750101
5291008000,사하구8,46,국제그린아파트,178750101
5291006000,사하구6,51,국제그린아파트2,178750102
5291008000,사하구8,45,국제그린아파트2,178750102
5291006000,사하구6,53,다송아파트,178750103
5291008000,사하구8,47,다송아파트,178750103
5291006000,사하구6,10,다송초등학교,178750201
5291008000,사하구8,10,다송초등학교,178750201
5291006000,사하구6,9,삼환2차아파트,178750202
5291008000,사하구8,9,삼환2차아파트,178750202
5291003100,사하구3-1,7,다대5지구복지회,178810101
5291015000,사하구15,7,다대5지구복지회,178810101
5291003100,사하구3-1,4,롯데캐슬입구,178810102
5291015000,사하구15,4,롯데캐슬입구,178810102
5291003100,사하구3-1,6,몰운대성당,178810103
5291015000,사하구15,6,몰운대성당,178810103
5291003100,사하구3-1,5,몰운대아파트,178810104
5291015000,사하구15,5,몰운대아파트,178810104
5291003100,사하구3-1,65,롯데캐슬입구,178810201
5291015000,사하구15,73,롯데캐슬입구,178810201
5200016000,16,13,을숙도초등학교,178830101
5200016000,16,86,을숙도초등학교,178830301
5200068000,68,56,을숙도초등학교,178830301
5200126000,126,92,을숙도초등학교,178830301
5200128100,128-1,35,을숙도초등학교,178830301
5200138000,138,19,을숙도초등학교,178830301
5200338000,338,39,을숙도초등학교,178830301
5291010000,사하구10,6,공과대학,178900101
5291010000,사하구10,9,공대2호관,178900102
5291010000,사하구10,10,대학본부,178900103
5291010000,사하구10,11,동아대학교정문,178910201
5291010000,사하구10,4,부산여고,178920201
5291015000,사하구15,68,몰운대아파트10,178930201
5291014000,사하구14,31,금화맨션,178940201
5291014000,사하구14,30,동보하이츠아파트(사하구치매안심센터),178940202
5291014000,사하구14,32,아미까치공영주차장,178940203
5291002000,사하구2,14,대암아파트,178950101
5291002000,사하구2,33,사동초등학교,178950201
5291002000,사하구2,15,삼성타워,178960101
5291002000,사하구2,32,대암아파트,178960201
5291002000,사하구2,31,삼성타워,178970201
5291002000,사하구2,17,사하중학교,179000201
5200002000,2,72,괴정자유아파트,179010201
5200011000,11,79,괴정자유아파트,179010201
5200016000,16,77,괴정자유아파트,179010201
5200103000,103,45,괴정자유아파트,179010201
5200113000,113,37,괴정자유아파트,179010201
5200126000,126,83,괴정자유아파트,179010201
5201001000,1001,38,괴정자유아파트,179010201
5203001000,3001,43,괴정자유아파트,179010201
5200002F00,2-F,92,괴정자유아파트,179010201
5291002000,사하구2,25,서화의원,179010203
5291002100,사하구2-1,2,동원베네스트1차아파트,179090101
5291002000,사하구2,1,동원아파트상가,179090102
5291002000,사하구2,45,동원아파트상가,179090102
5291002100,사하구2-1,3,동원아파트상가,179090102
5291002000,사하구2,44,동원베네스트2차아파트,179090201
5291002100,사하구2-1,1,동원베네스트2차아파트,179090201
5291002100,사하구2-1,19,동원베네스트2차아파트,179090201
5291002200,사하구2-2,4,이화한증막,179100201
5291002200,사하구2-2,6,자유2차후문,179100202
5291002200,사하구2-2,7,자유3차아파트,179100203
5291002200,사하구2-2,5,효산신대우빌라,179100204
5291002200,사하구2-2,2,양지마을,179110201
5291002200,사하구2-2,3,해인정사입구,179110202
5290605000,동래구5,34,OK슈퍼,179130201
5290605000,동래구5,33,백제약국,179160201
5290608000,동래구8,32,백제약국,179160201
5290605000,동래구5,17,농심가,179170101
5290608000,동래구8,16,농심가,179170101
5290605000,동래구5,18,동남.동원아파트,179180101
5290608000,동래구8,17,동남.동원아파트,179180101
5290605000,동래구5,19,금정시장,179190101
5290608000,동래구8,18,금정시장,179190101
5290605000,동래구5,32,농심가,179190201
5290608000,동래구8,31,농심가,179190201
5290605000,동래구5,31,동남.동원아파트,179190202
5290608000,동래구8,30,동남.동원아파트,179190202
5290605000,동래구5,20,광제약국,179200101
5290608000,동래구8,19,광제약국,179200101
5290605000,동래구5,30,금정시장,179200201
5290608000,동래구8,29,금정시장,179200201
5290517000,부산진구17,31,동영아파트,179210301
5290605000,동래구5,29,동영아파트,179210301
5290608000,동래구8,28,동영아파트,179210301
5290605000,동래구5,21,대우아파트,179230101
5290608000,동래구8,20,대우아파트,179230101
5290517000,부산진구17,30,대우아파트,179240201
5200044000,44,20,동래럭키아파트,179270301
5200046000,46,47,동래럭키아파트,179270301
5200050000,50,47,동래럭키아파트,179270301
5200057000,57,94,동래럭키아파트,179270301
5200111100,111-1,76,동래럭키아파트,179270301
5200121000,121,59,동래럭키아파트,179270301
5200127000,127,60,동래럭키아파트,179270301
5200148000,148,35,동래럭키아파트,179270301
5200189000,189,35,동래럭키아파트,179270301
5200200000,200,49,동래럭키아파트,179270301
5200307000,307,35,동래럭키아파트,179270301
5290606100,동래구6-1,23,동래교육청후문,179280301
5290606100,동래구6-1,22,동호탕,179280302
5290601000,동래구1,12,코끼리자연어린이집,179290101
5290606100,동래구6-1,40,코끼리자연어린이집,179290101
5290601000,동래구1,38,한국상사,179290201
5290606100,동래구6-1,21,한국상사,179290201
5200042000,42,15,충렬사역.서원시장,179300201
5200099000,99,15,충렬사역.서원시장,179300201
5200105000,105,81,충렬사역.서원시장,179300201
5200106000,106,42,충렬사역.서원시장,179300201
5200129100,129-1,20,충렬사역.서원시장,179300201
5200148000,148,29,충렬사역.서원시장,179300201
5200183F00,183-F,44,충렬사역.서원시장,179300201
5290606000,동래구6,13,충렬아파트,179330201
5290606000,동래구6,12,충렬중학교,179360201
5200155000,155,110,혜화여고.충렬고,179370301
5290606100,동래구6-1,13,충렬고등학교후문,179370302
5290607000,동래구7,30,충렬고등학교후문,179370302
5200155000,155,14,혜화여고.충렬고,179380101
5290606100,동래구6-1,47,충렬고등학교후문,179380102
5290606100,동래구6-1,48,혜화여고.충렬고,179380103
5200155000,155,112,명장1동행정복지센터,179390301
5290606100,동래구6-1,15,명장1동새마을금고,179390302
5290606100,동래구6-1,14,명장시장,179390303
5290607000,동래구7,31,명장시장,179390303
5200155000,155,15,충렬초등학교,179410201
5290606000,동래구6,10,충렬초등학교,179410301
5290606100,동래구6-1,11,충렬초등학교,179410301
5290607000,동래구7,28,충렬초등학교,179410301
5290601000,동래구1,39,내성상회,179430401
5200077000,77,41,전자공고,179450101
5200080000,80,83,전자공고,179450101
5200110000,110,41,전자공고,179450101
5200121000,121,37,전자공고,179450101
5200131000,131,124,전자공고,179450101
5201002F00,1002-F,101,전자공고,179450101
5290607000,동래구7,1,부산전자공업고등학교,179450102
5200121000,121,56,명륜역,179490201
5290607000,동래구7,45,신화아파트,179510101
5200100100,100-1,45,동래더샵아파트,179510301
5290702000,남구2,70,해군예비군훈련장,179560201
5290702000,남구2,71,SK뷰아파트104동입구,179560202
5200020000,20,66,이기대입구,179600301
5200022000,22,92,이기대입구,179600301
5200024000,24,51,이기대입구,179600301
5200027000,27,69,이기대입구,179600301
5200039000,39,59,이기대입구,179600301
5200131000,131,70,이기대입구,179600301
5290702000,남구2,61,이기대입구.용호복지회관,179600302
5290702000,남구2,62,용호3동행정복지센터,179600303
5200020000,20,7,용문중학교,179600401
5200022000,22,10,용문중학교,179600401
5200024000,24,13,용문중학교,179600401
5200027000,27,13,용문중학교,179600401
5200039000,39,76,용문중학교,179600401
5200131000,131,86,용문중학교,179600401
5290705000,남구5,40,무지개다리,179610401
5290705000,남구5,39,성동아파트,179610402
5200583000,583,33,문현동,179620101
5290512000,부산진구12,30,이마트문현점,179640101
5290705000,남구5,41,이마트문현점,179640101
5200024000,24,27,국제금융센터.부산은행역,179650101
5200138100,138-1,97,국제금융센터.부산은행역,179650101
5200583000,583,34,국제금융센터.부산은행역,179650101
5200024000,24,28,문전교차로,179650102
5200138100,138-1,98,문전교차로,179650102
5200583000,583,35,문전교차로,179650102
5290512000,부산진구12,31,국제금융센터.부산은행역,179650103
5291506000,사상구6,36,국제금융센터.부산은행역,179650103
5290512000,부산진구12,32,문전교차로,179650104
5291506000,사상구6,37,문전교차로,179650104
5200024000,24,38,성동초등학교입구,179650201
5200138100,138-1,64,성동초등학교입구,179650201
5290705000,남구5,42,국제금융센터.부산은행역,179650202
5290705000,남구5,43,성동초등학교입구,179650203
5200023000,23,58,문현교차로,179660301
5200026000,26,62,문현교차로,179660301
5200068000,68,89,문현교차로,179660301
5200134000,134,85,문현교차로,179660301
5200168000,168,86,문현교차로,179660301
5200024000,24,25,삼성아파트.문현역,179670301
5290705000,남구5,30,문현역,179670302
5200024000,24,26,성동초등학교입구,179680201
5200138100,138-1,96,성동초등학교입구,179680201
5290705000,남구5,31,성동초등학교입구,179680202
5200024000,24,39,문현역,179680301
5290705000,남구5,44,문현역,179680302
5200023000,23,59,7부두,179700201
5200026000,26,63,7부두,179700201
5200068000,68,90,7부두,179700201
5200134000,134,86,7부두,179700201
5200138100,138-1,65,7부두,179700201
5200168000,168,87,7부두,179700201
5200023000,23,9,문현교차로,179740101
5200026000,26,9,문현교차로,179740101
5200068000,68,17,문현교차로,179740101
5200134000,134,17,문현교차로,179740101
5200138100,138-1,95,문현교차로,179740101
5200168000,168,13,문현교차로,179740101
5290703000,남구3,21,문현지하도,179740102
5290703000,남구3,36,구우암2동사,179750201
5290703000,남구3,17,장고개,179760301
5290703000,남구3,18,배정고등학교삼거리,179760302
5290703000,남구3,37,아신아파트,179770101
5290703000,남구3,38,동항성당,179770102
5290703000,남구3,39,소막마을,179770103
5290703000,남구3,16,구우암2동사,179770301
5290705000,남구5,1,남구종합사회복지관,179780101
5290705000,남구5,17,남구종합사회복지관,179780101
5290705000,남구5,2,포부대,179780102
5290705000,남구5,18,포부대,179780102
5200010000,10,82,문현3동행정복지센터,179790201
5200101000,101,77,문현3동행정복지센터,179790201
5200138000,138,87,문현3동행정복지센터,179790201
5200101000,101,37,한양아파트,179790301
5200138000,138,52,한양아파트,179790301
5200040000,40,98,문현교차로,179810201
5200042000,42,64,문현교차로,179810201
5201001000,1001,62,문현교차로,179810201
5201003000,1003,73,문현교차로,179810201
5201003F00,1003-F,80,문현교차로,179810201
5200022000,22,82,지게골역,179810202
5200024000,24,41,지게골역,179810202
5200027000,27,59,지게골역,179810202
5200040000,40,99,지게골역,179810202
5200041000,41,58,지게골역,179810202
5200042000,42,65,지게골역,179810202
5200083000,83,36,지게골역,179810202
5200083100,83-1,86,지게골역,179810202
5200108000,108,86,지게골역,179810202
5290705000,남구5,46,문현교차로,179810203
5290705000,남구5,47,지게골역,179810204
5200010000,10,40,문현교차로,179810301
5200101000,101,35,문현교차로,179810301
5200138000,138,50,문현교차로,179810301
5290705000,남구5,28,문현교차로,179810302
5290703000,남구3,35,장고개,179820101
5290703000,남구3,20,문현교차로,179820201
5290703000,남구3,31,문현곱창골목,179830301
5290703000,남구3,34,문현4동주민복합센터,179830302
5290703000,남구3,32,동화장식,179830303
5290703000,남구3,33,금정슈퍼,179830304
5290703000,남구3,22,문현동부산은행,179840101
5290705000,남구5,45,대림시티프라자,179840102
5290703000,남구3,30,문현곱창골목입구,179840401
5200022000,22,83,대연고개,179850101
5200024000,24,42,대연고개,179850101
5200027000,27,60,대연고개,179850101
5200040000,40,100,대연고개,179850101
5200041000,41,59,대연고개,179850101
5200042000,42,66,대연고개,179850101
5200083000,83,37,대연고개,179850101
5200083100,83-1,87,대연고개,179850101
5200108000,108,87,대연고개,179850101
5201003F00,1003-F,81,대연고개,179850101
5290705000,남구5,48,청호탕,179850201
5200022000,22,20,지게골역,179850301
5200024000,24,23,지게골역,179850301
5200027000,27,23,지게골역,179850301
5200040000,40,51,지게골역,179850301
5200041000,41,24,지게골역,179850301
5200042000,42,45,지게골역,179850301
5200083000,83,16,지게골역,179850301
5200083100,83-1,24,지게골역,179850301
5200108000,108,17,지게골역,179850301
5290705000,남구5,27,지게골역,179850302
5200010000,10,41,문현3동행정복지센터,179860101
5200101000,101,36,문현3동행정복지센터,179860101
5200138000,138,51,문현3동행정복지센터,179860101
5200022000,22,81,문현교차로,179860201
5200024000,24,40,문현교차로,179860201
5200027000,27,58,문현교차로,179860201
5200041000,41,57,문현교차로,179860201
5200083000,83,35,문현교차로,179860201
5200083100,83-1,85,문현교차로,179860201
5200108000,108,85,문현교차로,179860201
5200022000,22,21,문현교차로,179860401
5200027000,27,24,문현교차로,179860401
5200040000,40,52,문현교차로,179860401
5200041000,41,25,문현교차로,179860401
5200042000,42,46,문현교차로,179860401
5200101000,101,78,문현교차로,179860401
5201001000,1001,27,문현교차로,179860401
5201003000,1003,39,문현교차로,179860401
5201003F00,1003-F,49,문현교차로,179860401
5200010000,10,83,문현교차로,179860402
5200024000,24,24,문현교차로,179860402
5200083000,83,17,문현교차로,179860402
5200083100,83-1,25,문현교차로,179860402
5200108000,108,18,문현교차로,179860402
5200138000,138,88,문현교차로,179860402
5200101000,101,73,문현현대아파트,179880301
5200138000,138,83,문현현대아파트,179880301
5200010000,10,43,현대주유소,179890101
5200010000,10,42,문현삼거리,179890102
5200010000,10,44,대연SK뷰아파트,179900101
5200101000,101,41,대연SK뷰아파트,179900101
5200138000,138,56,대연SK뷰아파트,179900101
5291506000,사상구6,47,대연SK뷰아파트,179900102
5200010000,10,81,문현삼거리,179900201
5200010000,10,80,현대주유소,179900202
5200101000,101,38,문현초등학교,179910101
5200138000,138,53,문현초등학교,179910101
5200101000,101,76,한양아파트,179910301
5200138000,138,86,한양아파트,179910301
5200101000,101,40,문현현대아파트,179920101
5200138000,138,55,문현현대아파트,179920101
5291506000,사상구6,46,문현현대1차아파트,179920102
5200101000,101,75,문현초등학교,179920201
5200138000,138,85,문현초등학교,179920201
5291506000,사상구6,84,문현현대2차아파트,179920301
5291506000,사상구6,85,전포보람어린이집,179920302
5291506000,사상구6,86,남부산교회,179920303
5290701000,남구1,27,장백아파트,179950201
5290703000,남구3,13,소막마을,179960101
5290703000,남구3,14,동항성당,179960102
5290703000,남구3,15,아신아파트,179960103
5200023000,23,60,소막마을,179960201
5200026000,26,64,소막마을,179960201
5200068000,68,91,소막마을,179960201
5200134000,134,87,소막마을,179960201
5200138100,138-1,66,소막마을,179960201
5200168000,168,88,소막마을,179960201
5200023000,23,61,우암초등학교,179960202
5200026000,26,65,우암초등학교,179960202
5200068000,68,92,우암초등학교,179960202
5200134000,134,88,우암초등학교,179960202
5200138100,138-1,67,우암초등학교,179960202
5200168000,168,89,우암초등학교,179960202
5290703000,남구3,40,우암초등학교,179960203
5200023000,23,7,소막마을,179960301
5200026000,26,7,소막마을,179960301
5200068000,68,15,소막마을,179960301
5200134000,134,15,소막마을,179960301
5200138100,138-1,93,소막마을,179960301
5200168000,168,11,소막마을,179960301
5200023000,23,8,7부두,179960302
5200026000,26,8,7부두,179960302
5200068000,68,16,7부두,179960302
5200134000,134,16,7부두,179960302
5200138100,138-1,94,7부두,179960302
5200168000,168,12,7부두,179960302
5200138100,138-1,68,우암뉴서울아파트,180010101
5290705000,남구5,9,뉴서울아파트,180010102
5290705000,남구5,10,일신보라아파트,180010103
5290703000,남구3,10,우암파출소,180010301
5200023000,23,6,우암초등학교,180020201
5200026000,26,6,우암초등학교,180020201
5200068000,68,14,우암초등학교,180020201
5200134000,134,14,우암초등학교,180020201
5200138100,138-1,92,우암초등학교,180020201
5200168000,168,10,우암초등학교,180020201
5290703000,남구3,11,우암초등학교,180020202
5290703000,남구3,12,우암새시장입구,180020203
5200023000,23,3,감만창의문화촌,180030101
5200026000,26,3,감만창의문화촌,180030101
5200101000,101,60,감만창의문화촌,180030101
5200168000,168,7,감만창의문화촌,180030101
5200023000,23,63,감만창의문화촌,180030201
5200026000,26,67,감만창의문화촌,180030201
5200101000,101,53,감만창의문화촌,180030201
5200168000,168,91,감만창의문화촌,180030201
5200023000,23,64,감만시장,180030202
5200026000,26,68,감만시장,180030202
5200101000,101,54,감만시장,180030202
5200168000,168,92,감만시장,180030202
5200022000,22,84,남구청.못골역,180050101
5200024000,24,43,남구청.못골역,180050101
5200027000,27,61,남구청.못골역,180050101
5200040000,40,101,남구청.못골역,180050101
5200041000,41,60,남구청.못골역,180050101
5200042000,42,67,남구청.못골역,180050101
5200083000,83,38,남구청.못골역,180050101
5200083100,83-1,88,남구청.못골역,180050101
5200108000,108,88,남구청.못골역,180050101
5200138000,138,59,남구청.못골역,180050101
5201003F00,1003-F,82,남구청.못골역,180050101
5290703000,남구3,56,못골역,180050102
5290706000,남구6,30,못골역,180050102
5290709000,남구9,36,못골역,180050102
5200010000,10,79,대연SK뷰아파트,180060201
5200101000,101,72,대연SK뷰아파트,180060201
5200138000,138,82,대연SK뷰아파트,180060201
5291506000,사상구6,81,대연SK뷰아파트,180060202
5291506000,사상구6,82,문현현대1차아파트,180060203
5290705000,남구5,49,탑마트,180070101
5200168000,168,4,현대아파트,180140401
5290706000,남구6,5,감만현대2차아파트,180140501
5200010000,10,64,용당동,180150101
5200138000,138,70,용당동,180150101
5200138100,138-1,80,용당동,180150101
5200155000,155,63,용당동,180150101
5203001000,3001,22,용당동,180150101
5203006000,3006,44,용당동,180150101
5200010000,10,65,부경대용당캠퍼스,180150102
5200068000,68,2,부경대용당캠퍼스,180150102
5200134000,134,2,부경대용당캠퍼스,180150102
5200138000,138,71,부경대용당캠퍼스,180150102
5200138100,138-1,81,부경대용당캠퍼스,180150102
5200155000,155,64,부경대용당캠퍼스,180150102
5200583000,583,2,부경대용당캠퍼스,180150102
5200010000,10,60,현대오일뱅크,180150301
5200168000,168,3,현대오일뱅크,180150301
5200068000,68,94,동천초등학교,180160101
5200101000,101,61,동천초등학교,180160101
5200134000,134,90,동천초등학교,180160101
5200051000,51,67,동천초등학교,180160102
5290702000,남구2,39,동천초등학교,180160103
5290706000,남구6,39,홈플러스,180160105
5200023000,23,4,우암자유아파트,180160301
5200026000,26,4,우암자유아파트,180160301
5200068000,68,12,우암자유아파트,180160301
5200134000,134,12,우암자유아파트,180160301
5200168000,168,8,우암자유아파트,180160301
5200051000,51,68,남광시장,180170101
5200068000,68,95,남광시장,180170101
5200101000,101,62,남광시장,180170101
5200134000,134,91,남광시장,180170101
5200051000,51,70,석포초등학교,180170102
5200068000,68,97,석포초등학교,180170102
5200101000,101,64,석포초등학교,180170102
5200134000,134,93,석포초등학교,180170102
5290702000,남구2,41,대우아파트,180170103
5290706000,남구6,19,대우아파트,180170103
5290702000,남구2,43,석포초등학교,180170104
5290706000,남구6,21,석포초등학교,180170104
5290702000,남구2,40,남광시장,180170105
5290706000,남구6,18,남광시장,180170105
5290706000,남구6,41,국제아파트,180170201
5200068000,68,11,동천초등학교,180170301
5200101000,101,52,동천초등학교,180170301
5200134000,134,11,동천초등학교,180170301
5290706000,남구6,38,동천초등학교,180170302
5200051000,51,71,부산박물관,180180101
5200068000,68,98,부산박물관,180180101
5200101000,101,65,부산박물관,180180101
5200134000,134,94,부산박물관,180180101
5290702000,남구2,44,문화회관입구,180180102
5290706000,남구6,22,문화회관입구,180180102
5200068000,68,8,석포초등학교,180180301
5200101000,101,49,석포초등학교,180180301
5200134000,134,8,석포초등학교,180180301
5200068000,68,10,남광시장,180180302
5200101000,101,51,남광시장,180180302
5200134000,134,10,남광시장,180180302
5290706000,남구6,37,남광시장,180180303
5290706000,남구6,36,대우아파트,180180304
5290706000,남구6,35,석포초등학교,180180305
5200138000,138,80,남구청후문,180190301
5200138000,138,79,남구청.남부교육지원청,180200301
5290703000,남구3,55,남구청.남구보건소,180200302
5290706000,남구6,29,남구청.남구보건소,180200302
5290709000,남구9,35,남구청.남구보건소,180200302
5200010000,10,45,연포초등학교,180210101
5200101000,101,42,연포초등학교,180210101
5200010000,10,46,세연고등학교,180210102
5200101000,101,43,세연고등학교,180210102
5290709000,남구9,33,세연고등학교,180210103
5291506000,사상구6,49,세연고등학교,180210103
5200138000,138,58,남구청후문,180210201
5291506000,사상구6,80,연포초등학교,180210302
5200022000,22,85,못골시장,180220101
5200024000,24,44,못골시장,180220101
5200027000,27,62,못골시장,180220101
5200041000,41,61,못골시장,180220101
5200042000,42,68,못골시장,180220101
5200083000,83,39,못골시장,180220101
5200083100,83-1,89,못골시장,180220101
5200108000,108,89,못골시장,180220101
5200138000,138,60,못골시장,180220101
5290703000,남구3,1,못골시장,180220102
5290703000,남구3,57,못골시장,180220102
5290706000,남구6,31,못골시장,180220102
5290709000,남구9,38,동성하이타운,180220201
5290709000,남구9,37,롯데슈퍼,180220202
5200022000,22,18,남구청.못골역,180220301
5200024000,24,21,남구청.못골역,180220301
5200027000,27,21,남구청.못골역,180220301
5200040000,40,49,남구청.못골역,180220301
5200041000,41,22,남구청.못골역,180220301
5200042000,42,43,남구청.못골역,180220301
5200083000,83,14,남구청.못골역,180220301
5200083100,83-1,22,남구청.못골역,180220301
5200108000,108,15,남구청.못골역,180220301
5201003F00,1003-F,47,남구청.못골역,180220301
5290703000,남구3,54,못골사거리,180220401
5290706000,남구6,28,못골사거리,180220401
5290709000,남구9,20,못골사거리,180220401
5200051000,51,62,부산공고,180230301
5200138100,138-1,87,부산공고,180230301
5200051000,51,63,대연푸르지오클라센트·동림리라,180230302
5200138100,138-1,88,대연푸르지오클라센트·동림리라,180230302
5200051000,51,64,성지고등학교,180230303
5200138100,138-1,89,성지고등학교,180230303
5290703000,남구3,5,부산공업고등학교후문건널목,180230304
5290702000,남구2,35,대연푸르지오클라센트·동림리라,180230305
5290703000,남구3,6,대연푸르지오클라센트·동림리라,180230305
5290702000,남구2,36,성지고등학교,180230306
5290702000,남구2,34,부산공업고등학교후문,180230307
5290703000,남구3,4,부산공업고등학교후문,180230307
5290701000,남구1,6,세연고등학교,180250201
5200010000,10,77,세연고등학교,180250301
5200101000,101,70,세연고등학교,180250301
5290709000,남구9,22,세연고등학교,180250302
5291506000,사상구6,78,세연고등학교,180250302
5290709000,남구9,23,해연중학교,180250303
5291506000,사상구6,79,해연중학교,180250303
5290701000,남구1,5,서원유통,180260301
5290701000,남구1,39,남산2차타워,180260401
5290701000,남구1,42,동천고등학교,180260402
5290702000,남구2,24,LG메트로시티입구,180280301
5290702000,남구2,55,LG메트로시티214동,180290101
5290702000,남구2,23,자연유치원,180290201
5290703000,남구3,48,산성교회,180300101
5290709000,남구9,40,산성교회,180300101
5290703000,남구3,51,부영카정비,180300301
5290706000,남구6,25,부영카정비,180300301
5290709000,남구9,17,부영카정비,180300301
5290703000,남구3,52,동성하이타운,180300302
5290706000,남구6,26,동성하이타운,180300302
5290709000,남구9,18,동성하이타운,180300302
5290703000,남구3,3,부산공업고등학교정문,180310201
5290709000,남구9,39,부산공업고등학교정문,180310201
5290703000,남구3,53,롯데슈퍼,180310301
5290706000,남구6,27,롯데슈퍼,180310301
5290709000,남구9,19,롯데슈퍼,180310301
5200010000,10,53,대천중학교,180320301
5200155000,155,57,대천중학교,180320301
5200583000,583,53,대천중학교,180320301
5290708000,남구8,34,대천중학교,180320302
5290708000,남구8,18,LG메트로시티234동,180330101
5291506000,사상구6,69,유엔조각공원,180340102
5291506000,사상구6,68,부산박물관.대연4치안센터,180340103
5200051000,51,61,유엔교차로(산성교회),180340401
5200051000,51,72,대연역.부산은행,180340501
5200101000,101,67,대연역.부산은행,180340501
5200138000,138,77,대연역.부산은행,180340501
5200051000,51,60,대연역.부산은행,180350201
5200101000,101,46,대연역.부산은행,180350201
5200138000,138,61,대연역.부산은행,180350201
5290701000,남구1,35,대연역,180350301
5200010000,10,70,한국도로교통공단,180360301
5200020000,20,9,한국도로교통공단,180360301
5200022000,22,12,한국도로교통공단,180360301
5200024000,24,15,한국도로교통공단,180360301
5200027000,27,15,한국도로교통공단,180360301
5200039000,39,78,한국도로교통공단,180360301
5200131000,131,88,한국도로교통공단,180360301
5200155000,155,69,한국도로교통공단,180360301
5290702000,남구2,26,한국도로교통공단,180360302
5291506000,사상구6,70,한국도로교통공단,180360302
5203001000,3001,30,남부면허시험장,180370301
5203006000,3006,13,남부면허시험장,180370301
5200010000,10,52,대연자이아파트,180380101
5200020000,20,63,대연자이아파트,180380101
5200022000,22,89,대연자이아파트,180380101
5200024000,24,48,대연자이아파트,180380101
5200027000,27,66,대연자이아파트,180380101
5200039000,39,56,대연자이아파트,180380101
5200131000,131,67,대연자이아파트,180380101
5200155000,155,56,대연자이아파트,180380101
5290702000,남구2,51,대연자이아파트,180380103
5291506000,사상구6,55,유엔조각공원,180380301
5291506000,사상구6,56,부산박물관.대연4치안센터,180380302
5200010000,10,71,부경대대연캠퍼스,180390301
5200020000,20,10,부경대대연캠퍼스,180390301
5200022000,22,13,부경대대연캠퍼스,180390301
5200024000,24,16,부경대대연캠퍼스,180390301
5200027000,27,16,부경대대연캠퍼스,180390301
5200039000,39,79,부경대대연캠퍼스,180390301
5200131000,131,89,부경대대연캠퍼스,180390301
5200155000,155,70,부경대대연캠퍼스,180390301
5200010000,10,72,경성대학교입구,180390302
5200020000,20,11,경성대학교입구,180390302
5200022000,22,14,경성대학교입구,180390302
5200024000,24,17,경성대학교입구,180390302
5200027000,27,17,경성대학교입구,180390302
5200039000,39,80,경성대학교입구,180390302
5200131000,131,90,경성대학교입구,180390302
5200155000,155,71,경성대학교입구,180390302
5290702000,남구2,27,부경대대연캠퍼스,180390303
5291506000,사상구6,71,부경대대연캠퍼스,180390303
5290702000,남구2,28,경성대학교입구,180390304
5291506000,사상구6,72,경성대학교입구,180390304
5290702000,남구2,54,자연유치원,180400401
5290702000,남구2,21,하이츠자이아파트,180410301
5290702000,남구2,17,분포중학교,180420101
5290702000,남구2,60,메트로유치원,180420201
5290708000,남구8,37,용당동갓골,180440201
5200068000,68,100,석포여중,180450201
5200134000,134,96,석포여중,180450201
5200138000,138,64,석포여중,180450201
5200138100,138-1,74,석포여중,180450201
5291506000,사상구6,59,석포여자중학교,180450202
5290709000,남구9,42,"유엔기념공원, 부산문화회관",180450203
5291506000,사상구6,58,"유엔기념공원, 부산문화회관",180450203
5290709000,남구9,15,부산박물관.부산문화회관,180450302
5291506000,사상구6,67,부산박물관.부산문화회관,180450302
5290708000,남구8,11,동명대학교,180460101
5290709000,남구9,8,동명대학교,180460101
5290708000,남구8,41,동명불원,180460201
5290709000,남구9,50,동명불원,180460201
5290708000,남구8,40,현대아파트,180460202
5290709000,남구9,49,현대아파트,180460202
5290708000,남구8,42,예문여자고등학교,180470101
5290709000,남구9,51,예문여자고등학교,180470101
5290708000,남구8,10,동명불원,180470201
5290709000,남구9,7,동명불원,180470201
5200010000,10,67,동명대학교정문,180480101
5200155000,155,66,동명대학교정문,180480101
5200583000,583,4,동명대학교정문,180480101
5200010000,10,68,한국산업인력공단남부지사,180480102
5200155000,155,67,한국산업인력공단남부지사,180480102
5200583000,583,5,한국산업인력공단남부지사,180480102
5290708000,남구8,39,동명대학교,180480201
5290709000,남구9,48,동명대학교,180480201
5200010000,10,56,동명대학교후문,180480301
5200068000,68,102,동명대학교후문,180480301
5200134000,134,98,동명대학교후문,180480301
5200138000,138,66,동명대학교후문,180480301
5200138100,138-1,76,동명대학교후문,180480301
5200155000,155,60,동명대학교후문,180480301
5200583000,583,56,동명대학교후문,180480301
5203001000,3001,32,동명대학교후문,180480301
5203006000,3006,14,동명대학교후문,180480301
5291506000,사상구6,61,동명오거리,180480302
5200068000,68,4,한신문화타운,180480401
5200134000,134,4,한신문화타운,180480401
5200138000,138,73,한신문화타운,180480401
5200138100,138-1,83,한신문화타운,180480401
5290708000,남구8,12,한신문화타운,180480402
5290709000,남구9,9,한신문화타운,180480402
5291506000,사상구6,64,한신문화타운,180480402
5200068000,68,101,한신문화타운,180490201
5200134000,134,97,한신문화타운,180490201
5200138000,138,65,한신문화타운,180490201
5200138100,138-1,75,한신문화타운,180490201
5290708000,남구8,38,한신문화타운,180490202
5290709000,남구9,47,한신문화타운,180490202
5291506000,사상구6,60,한신문화타운,180490202
5200068000,68,5,석포여중,180490301
5200134000,134,5,석포여중,180490301
5200138000,138,74,석포여중,180490301
5200138100,138-1,84,석포여중,180490301
5291506000,사상구6,65,석포여자중학교,180490302
5200068000,68,6,유엔공원.부산문화회관,180510401
5200134000,134,6,유엔공원.부산문화회관,180510401
5200138000,138,75,유엔공원.부산문화회관,180510401
5200138100,138-1,85,유엔공원.부산문화회관,180510401
5290702000,남구2,53,LG메트로시티입구,180520101
5200020000,20,65,용문중학교,180520201
5200022000,22,91,용문중학교,180520201
5200024000,24,50,용문중학교,180520201
5200027000,27,68,용문중학교,180520201
5200039000,39,58,용문중학교,180520201
5200131000,131,69,용문중학교,180520201
5200020000,20,8,남부운전면허시험장,180520401
5200022000,22,11,남부운전면허시험장,180520401
5200024000,24,14,남부운전면허시험장,180520401
5200027000,27,14,남부운전면허시험장,180520401
5200039000,39,77,남부운전면허시험장,180520401
5200131000,131,87,남부운전면허시험장,180520401
5200583000,583,52,남부운전면허시험장,180520401
5290702000,남구2,25,남부운전면허시험장,180520402
5290708000,남구8,43,솔밭공원,180530101
5290709000,남구9,52,솔밭공원,180530101
5200068000,68,99,유엔공원.부산문화회관,180540101
5200134000,134,95,유엔공원.부산문화회관,180540101
5200138000,138,63,유엔공원.부산문화회관,180540101
5200138100,138-1,73,유엔공원.부산문화회관,180540101
5200138000,138,76,부산박물관.부산문화회관,180540301
5200138100,138-1,86,부산박물관.부산문화회관,180540301
5203001000,3001,24,부산박물관.부산문화회관,180540301
5200138000,138,62,부산박물관.부산문화회관,180550101
5200138100,138-1,72,부산박물관.부산문화회관,180550101
5203001000,3001,31,부산박물관.부산문화회관,180550101
5290709000,남구9,41,부산박물관.부산문화회관,180550102
5291506000,사상구6,57,부산박물관.부산문화회관,180550102
5200068000,68,7,부산박물관,180560301
5200101000,101,48,부산박물관,180560301
5200134000,134,7,부산박물관,180560301
5290706000,남구6,34,남부산농협석포지점,180560302
5200020000,20,64,남부운전면허시험장,180570101
5200022000,22,90,남부운전면허시험장,180570101
5200024000,24,49,남부운전면허시험장,180570101
5200027000,27,67,남부운전면허시험장,180570101
5200039000,39,57,남부운전면허시험장,180570101
5200131000,131,68,남부운전면허시험장,180570101
5200583000,583,7,남부운전면허시험장,180570101
5290702000,남구2,52,남부운전면허시험장,180570102
5290708000,남구8,33,더비치푸르지오써밋 102동앞,180620301
5290708000,남구8,19,부산도시가스,180620401
5290702000,남구2,56,하이츠자이아파트,180630101
5290702000,남구2,22,LG메트로시티214동,180630201
5200022000,22,17,못골시장,180640201
5200027000,27,20,못골시장,180640201
5200040000,40,48,못골시장,180640201
5200041000,41,21,못골시장,180640201
5200042000,42,42,못골시장,180640201
5201001000,1001,26,못골시장,180640201
5201003000,1003,38,못골시장,180640201
5201003F00,1003-F,46,못골시장,180640201
5200024000,24,20,못골시장,180640202
5200083000,83,13,못골시장,180640202
5200083100,83-1,21,못골시장,180640202
5200108000,108,14,못골시장,180640202
5200138000,138,78,못골시장,180640202
5290701000,남구1,36,못골시장,180640203
5290701000,남구1,11,경림유통,180670101
5200010000,10,75,대연초등학교,180680101
5200101000,101,68,대연초등학교,180680101
5291506000,사상구6,76,대연초등학교,180680102
5290701000,남구1,8,글로리빌딩,180690101
5290701000,남구1,37,동원로얄듀크아파트,180690301
5290709000,남구9,21,동원로얄듀크아파트,180690301
5200010000,10,49,대연역,180700101
5200022000,22,86,대연역,180700101
5200024000,24,45,대연역,180700101
5200027000,27,63,대연역,180700101
5200040000,40,103,대연역,180700101
5200041000,41,62,대연역,180700101
5200042000,42,69,대연역,180700101
5200051000,51,73,대연역,180700101
5200083000,83,40,대연역,180700101
5200083100,83-1,90,대연역,180700101
5200108000,108,90,대연역,180700101
5200040000,40,104,경성대학교,180700102
5200042000,42,70,경성대학교,180700102
5200051000,51,74,경성대학교,180700102
5201001000,1001,64,경성대학교,180700102
5201003000,1003,75,경성대학교,180700102
5201003F00,1003-F,84,경성대학교,180700102
5290701000,남구1,13,경성대학교,180700103
5290702000,남구2,48,경성대학교,180700103
5291506000,사상구6,53,경성대학교,180700103
5290701000,남구1,12,대연동제일은행,180700104
5290702000,남구2,47,대연동제일은행,180700104
5291506000,사상구6,52,대연동제일은행,180700104
5200010000,10,74,대연사거리(대연역),180700201
5291506000,사상구6,75,대연우체국,180700301
5200038000,38,115,동부변전소,180710101
5200583000,583,45,동부변전소,180710101
5200038000,38,44,경동메르빌,180710401
5200038000,38,108,경동메르빌,180710401
5200583000,583,15,경동메르빌,180710401
5200583000,583,38,경동메르빌,180710401
5290701000,남구1,21,경동메르빌,180710402
5290701000,남구1,28,영웅주유소,180720101
5200038000,38,43,성모병원.대남초등학교입구,180720201
5200038000,38,107,성모병원.대남초등학교입구,180720201
5200583000,583,14,성모병원.대남초등학교입구,180720201
5200583000,583,37,성모병원.대남초등학교입구,180720201
5200010000,10,47,대연교회,180740101
5200101000,101,44,대연교회,180740101
5200010000,10,48,대연초등학교,180740102
5200101000,101,45,대연초등학교,180740102
5291506000,사상구6,50,대연교회,180740103
5291506000,사상구6,51,대연초등학교,180740104
5200010000,10,76,대연교회,180740301
5200101000,101,69,대연교회,180740301
5291506000,사상구6,77,대연교회,180740302
5200041000,41,63,경성대.부경대역,180750101
5200083000,83,41,경성대.부경대역,180750101
5200083100,83-1,91,경성대.부경대역,180750101
5200108000,108,91,경성대.부경대역,180750101
5290701000,남구1,14,경성대.부경대역,180750102
5200010000,10,50,경성대학교입구,180750201
5200020000,20,61,경성대학교입구,180750201
5200022000,22,87,경성대학교입구,180750201
5200024000,24,46,경성대학교입구,180750201
5200027000,27,64,경성대학교입구,180750201
5200039000,39,54,경성대학교입구,180750201
5200131000,131,65,경성대학교입구,180750201
5200155000,155,54,경성대학교입구,180750201
5200010000,10,51,부경대대연캠퍼스,180750202
5200020000,20,62,부경대대연캠퍼스,180750202
5200022000,22,88,부경대대연캠퍼스,180750202
5200024000,24,47,부경대대연캠퍼스,180750202
5200027000,27,65,부경대대연캠퍼스,180750202
5200039000,39,55,부경대대연캠퍼스,180750202
5200131000,131,66,부경대대연캠퍼스,180750202
5200155000,155,55,부경대대연캠퍼스,180750202
5290702000,남구2,49,경성대학교입구,180750203
5290702000,남구2,50,부경대대연캠퍼스,180750204
5291506000,사상구6,54,부경대대연캠퍼스,180750204
5200010000,10,73,경성대학교,180750301
5200022000,22,15,경성대학교,180750301
5200024000,24,18,경성대학교,180750301
5200027000,27,18,경성대학교,180750301
5200040000,40,46,경성대학교,180750301
5200041000,41,19,경성대학교,180750301
5200042000,42,40,경성대학교,180750301
5200051000,51,58,경성대학교,180750301
5200083000,83,11,경성대학교,180750301
5200083100,83-1,19,경성대학교,180750301
5200108000,108,12,경성대학교,180750301
5201001000,1001,25,경성대학교,180750301
5201003000,1003,37,경성대학교,180750301
5201003F00,1003-F,44,경성대학교,180750301
5200022000,22,16,대연역,180750302
5200024000,24,19,대연역,180750302
5200027000,27,19,대연역,180750302
5200040000,40,47,대연역,180750302
5200041000,41,20,대연역,180750302
5200042000,42,41,대연역,180750302
5200051000,51,59,대연역,180750302
5200083000,83,12,대연역,180750302
5200083100,83-1,20,대연역,180750302
5200108000,108,13,대연역,180750302
5201003F00,1003-F,45,대연역,180750302
5290701000,남구1,33,경성대학교,180750303
5290702000,남구2,29,경성대학교,180750303
5291506000,사상구6,73,경성대학교,180750303
5290701000,남구1,34,대연동제일은행,180750304
5290702000,남구2,30,대연동제일은행,180750304
5291506000,사상구6,74,대연동제일은행,180750304
5200038000,38,116,낙농마을,180790101
5200583000,583,46,낙농마을,180790101
5290701000,남구1,32,경성대.부경대역,180790201
5290701000,남구1,30,경성대학교후문,180790202
5290701000,남구1,31,대연롯데캐슬,180790203
5290701000,남구1,29,대연삼정그린코아더베스트,180790204
5290701000,남구1,20,대남초등학교,180790401
5200020000,20,5,용호사거리,180800101
5200024000,24,11,용호사거리,180800101
5200039000,39,74,용호사거리,180800101
5200131000,131,84,용호사거리,180800101
5200020000,20,6,이기대입구,180800102
5200022000,22,9,이기대입구,180800102
5200024000,24,12,이기대입구,180800102
5200027000,27,12,이기대입구,180800102
5200039000,39,75,이기대입구,180800102
5200131000,131,85,이기대입구,180800102
5290702000,남구2,15,용호3동행정복지센터,180800103
5290702000,남구2,16,이기대입구.용호복지회관,180800104
5290709000,남구9,54,용주탕,180800201
5290709000,남구9,55,용호중학교,180800202
5200020000,20,68,용호시장.용호골목시장,180800301
5200022000,22,94,용호시장.용호골목시장,180800301
5200024000,24,53,용호시장.용호골목시장,180800301
5200027000,27,71,용호시장.용호골목시장,180800301
5200039000,39,61,용호시장.용호골목시장,180800301
5200131000,131,72,용호시장.용호골목시장,180800301
5200020000,20,67,용호사거리,180800302
5200022000,22,93,용호사거리,180800302
5200024000,24,52,용호사거리,180800302
5200027000,27,70,용호사거리,180800302
5200039000,39,60,용호사거리,180800302
5200131000,131,71,용호사거리,180800302
5200020000,20,69,부산성모병원,180800303
5200022000,22,95,부산성모병원,180800303
5200024000,24,54,부산성모병원,180800303
5200027000,27,72,부산성모병원,180800303
5200039000,39,62,부산성모병원,180800303
5200131000,131,73,부산성모병원,180800303
5290702000,남구2,63,용호사거리,180800304
5290702000,남구2,64,용호동우체국,180800305
5290708000,남구8,45,용호동우체국,180800305
5290702000,남구2,65,용호골목시장,180800306
5290708000,남구8,46,용호골목시장,180800306
5290702000,남구2,66,용호시장,180800307
5290708000,남구8,47,용호시장,180800307
5290702000,남구2,67,부산성모병원,180800308
5290708000,남구8,48,부산성모병원,180800308
5290708000,남구8,8,솔밭공원,180800401
5290709000,남구9,5,솔밭공원,180800401
5290709000,남구9,4,용호사거리,180800402
5200038000,38,45,남부경찰서,180810301
5200038000,38,109,남부경찰서,180810301
5200583000,583,16,남부경찰서,180810301
5200583000,583,39,남부경찰서,180810301
5200038000,38,46,청구아파트,180810302
5200038000,38,110,청구아파트,180810302
5200583000,583,17,청구아파트,180810302
5200583000,583,40,청구아파트,180810302
5290701000,남구1,22,남부경찰서,180810303
5290701000,남구1,23,청구아파트,180810304
5200038000,38,50,장백아파트,180830201
5200038000,38,114,장백아파트,180830201
5200583000,583,21,장백아파트,180830201
5200583000,583,44,장백아파트,180830201
5200583000,583,48,더비치푸르지오써밋,180850201
5290708000,남구8,32,더비치푸르지오써밋,180850203
5290708000,남구8,44,용호사거리,180860201
5290709000,남구9,53,용호사거리,180860201
5290708000,남구8,9,예문여자고등학교,180860301
5290709000,남구9,6,예문여자고등학교,180860301
5200020000,20,12,경성대.부경대역,180870101
5200039000,39,81,경성대.부경대역,180870101
5200040000,40,105,경성대.부경대역,180870101
5200042000,42,71,경성대.부경대역,180870101
5200051000,51,75,경성대.부경대역,180870101
5200131000,131,91,경성대.부경대역,180870101
5200155000,155,72,경성대.부경대역,180870101
5201001000,1001,65,경성대.부경대역,180870101
5201003000,1003,76,경성대.부경대역,180870101
5201003F00,1003-F,85,경성대.부경대역,180870101
5290701000,남구1,16,대연푸르지오아파트,180870301
5290701000,남구1,18,대연힐스테이트푸르지오112동,180870302
5290701000,남구1,17,대연힐스테이트푸르지오중문,180870303
5290701000,남구1,19,대연삼정그린코아더베스트,180870304
5203001000,3001,25,LG메트로시티,180880201
5203006000,3006,46,LG메트로시티,180880201
5200010000,10,69,대천중학교,180890101
5200155000,155,68,대천중학교,180890101
5200583000,583,6,대천중학교,180890101
5290708000,남구8,17,대천중학교,180890102
5200010000,10,54,한국산업인력공단남부지사,180890201
5200155000,155,58,한국산업인력공단남부지사,180890201
5200583000,583,54,한국산업인력공단남부지사,180890201
5200010000,10,55,동명대학교정문,180890202
5200155000,155,59,동명대학교정문,180890202
5200583000,583,55,동명대학교정문,180890202
5290708000,남구8,35,평화공원,180890204
5200010000,10,66,동명대학교후문,180900101
5200155000,155,65,동명대학교후문,180900101
5200583000,583,3,동명대학교후문,180900101
5203006000,3006,45,동명대학교후문,180900101
5291506000,사상구6,63,동명오거리,180900102
5200068000,68,3,동명대학교후문,180900103
5200134000,134,3,동명대학교후문,180900103
5200138000,138,72,동명대학교후문,180900103
5200138100,138-1,82,동명대학교후문,180900103
5203001000,3001,23,동명대학교후문,180900103
5200010000,10,58,용당동,180900201
5200138000,138,68,용당동,180900201
5200138100,138-1,78,용당동,180900201
5200155000,155,62,용당동,180900201
5203001000,3001,33,용당동,180900201
5203006000,3006,15,용당동,180900201
5200010000,10,57,부경대용당캠퍼스,180900202
5200068000,68,103,부경대용당캠퍼스,180900202
5200134000,134,99,부경대용당캠퍼스,180900202
5200138000,138,67,부경대용당캠퍼스,180900202
5200138100,138-1,77,부경대용당캠퍼스,180900202
5200155000,155,61,부경대용당캠퍼스,180900202
5200583000,583,57,부경대용당캠퍼스,180900202
5200010000,10,59,신선대부두입구,180900203
5200168000,168,2,신선대부두입구,180900203
5200020000,20,2,백운포고개,180910101
5200022000,22,5,백운포고개,180910101
5200024000,24,8,백운포고개,180910101
5200027000,27,8,백운포고개,180910101
5200039000,39,71,백운포고개,180910101
5200131000,131,81,백운포고개,180910101
5290702000,남구2,9,백운포고개,180910102
5290708000,남구8,2,백운포고개,180910102
5290702000,남구2,69,용호동벽산아파트,180910201
5290708000,남구8,50,용호동벽산아파트,180910201
5290709000,남구9,3,용주탕,180920101
5290709000,남구9,1,용호동경동아파트,180920102
5290709000,남구9,56,용호동경동아파트,180920102
5290709000,남구9,2,용호중학교,180920103
5200038000,38,47,삼익아파트,180930201
5200038000,38,111,삼익아파트,180930201
5200583000,583,18,삼익아파트,180930201
5200583000,583,41,삼익아파트,180930201
5200038000,38,48,신원아파트,180930202
5200038000,38,112,신원아파트,180930202
5200583000,583,19,신원아파트,180930202
5200583000,583,42,신원아파트,180930202
5290701000,남구1,24,삼익아파트,180930203
5290701000,남구1,25,신원아파트,180930204
5200040000,40,102,못골시장,180950101
5201001000,1001,63,못골시장,180950101
5201003000,1003,74,못골시장,180950101
5201003F00,1003-F,83,못골시장,180950101
5290705000,남구5,16,남구종합사회복지관,180980301
5290705000,남구5,57,남구종합사회복지관,180980301
5290705000,남구5,4,신연초등학교후문,180990101
5290705000,남구5,5,신연초등학교,180990102
5290705000,남구5,14,포부대,180990201
5290705000,남구5,13,신연초등학교후문,181000201
5290705000,남구5,12,신연초등학교,181000202
5290705000,남구5,55,관해암,181010101
5290705000,남구5,20,대성주택11동,181010201
5290705000,남구5,21,수정사,181010202
5290705000,남구5,23,대성주택,181020101
5290705000,남구5,22,호명사,181020102
5290705000,남구5,54,대성주택11동,181020201
5290705000,남구5,53,수정사,181020202
5290705000,남구5,24,우성아파트,181030101
5290705000,남구5,25,탑마트,181030102
5290705000,남구5,51,대성주택,181030201
5290705000,남구5,50,우성아파트,181030202
5290705000,남구5,52,호명사,181030203
5290705000,남구5,26,청호탕,181050201
5290705000,남구5,19,관해암,181070101
5290703000,남구3,50,부산공업고등학교사거리,181090301
5290706000,남구6,24,부산공업고등학교사거리,181090301
5290703000,남구3,2,동성하이타운,181100101
5290701000,남구1,7,동원로얄듀크아파트,181170101
5290709000,남구9,34,동원로얄듀크아파트,181170101
5290701000,남구1,38,세연고등학교,181200201
5200038000,38,49,대우아파트,181210101
5200038000,38,113,대우아파트,181210101
5200583000,583,20,대우아파트,181210101
5200583000,583,43,대우아파트,181210101
5290701000,남구1,26,대우아파트,181210102
5290701000,남구1,1,부산예술대학,181230101
5290701000,남구1,43,부산예술대학,181240301
5290702000,남구2,6,SK뷰아파트104동입구,181300101
5290702000,남구2,7,해군예비군훈련장,181300102
5290702000,남구2,72,부산해군회관,181300301
5290706000,남구6,52,솔개삼거리,181350101
5290706000,남구6,51,현대1차아파트,181350102
5200101000,101,56,현대아파트,181350201
5200168000,168,94,현대아파트,181350201
5200023000,23,1,감만동,181350301
5200026000,26,1,감만동,181350301
5200101000,101,58,동항초등학교,181350401
5200168000,168,5,동항초등학교,181350401
5290706000,남구6,8,감만시장,181360101
5200023000,23,65,감만동,181360201
5200026000,26,69,감만동,181360201
5200023000,23,2,감만시장,181360301
5200026000,26,2,감만시장,181360301
5200101000,101,59,감만시장,181360301
5200168000,168,6,감만시장,181360301
5200010000,10,62,현대오일뱅크,181370201
5200168000,168,95,현대오일뱅크,181370201
5290706000,남구6,54,성도주택,181380201
5290706000,남구6,3,성도주택,181410101
5290706000,남구6,56,부경대학교후문,181410301
5290706000,남구6,57,유창그린아파트,181410302
5290706000,남구6,53,해양맨션,181420101
5290706000,남구6,1,유창그린아파트,181440201
5290706000,남구6,9,평화탕,181450101
5290706000,남구6,10,이원맨션,181460101
5290706000,남구6,48,감만시장,181460201
5290706000,남구6,47,평화탕,181460202
5290706000,남구6,46,이원맨션,181480101
5290706000,남구6,12,동항중학교,181480201
5290706000,남구6,11,동항중학교아랫골목,181480202
5290706000,남구6,13,한림맨션,181490101
5290706000,남구6,44,동항중학교,181490201
5290706000,남구6,45,동항중학교아랫골목,181490202
5290706000,남구6,14,대유그린빌,181500301
5290706000,남구6,15,안전가스상사,181540201
5290706000,남구6,43,한림맨션,181540301
5290706000,남구6,42,대유그린빌,181550101
5290706000,남구6,16,국제아파트,181550201
5290706000,남구6,17,자유5차아파트,181560201
5200020000,20,70,백운포고개,181570201
5200022000,22,96,백운포고개,181570201
5200024000,24,55,백운포고개,181570201
5200027000,27,73,백운포고개,181570201
5200039000,39,63,백운포고개,181570201
5200131000,131,74,백운포고개,181570201
5290702000,남구2,68,백운포고개,181570202
5290708000,남구8,49,백운포고개,181570202
5200020000,20,3,부산성모병원,181570301
5200022000,22,6,부산성모병원,181570301
5200024000,24,9,부산성모병원,181570301
5200027000,27,9,부산성모병원,181570301
5200039000,39,72,부산성모병원,181570301
5200131000,131,82,부산성모병원,181570301
5200020000,20,4,용호시장.용호골목시장,181570302
5200039000,39,73,용호시장.용호골목시장,181570302
5200131000,131,83,용호시장.용호골목시장,181570302
5200022000,22,7,용호시장.용호골목시장,181570303
5200024000,24,10,용호시장.용호골목시장,181570303
5200027000,27,10,용호시장.용호골목시장,181570303
5200022000,22,8,용호사거리,181570304
5200027000,27,11,용호사거리,181570304
5290702000,남구2,10,부산성모병원,181570305
5290708000,남구8,3,부산성모병원,181570305
5290702000,남구2,11,용호시장,181570306
5290708000,남구8,4,용호시장,181570306
5290702000,남구2,12,용호골목시장,181570307
5290708000,남구8,5,용호골목시장,181570307
5290702000,남구2,13,용호동우체국,181570308
5290708000,남구8,6,용호동우체국,181570308
5290702000,남구2,14,용호사거리,181570309
5290708000,남구8,7,용호사거리,181570309
5200138000,138,57,연포초등학교,181640101
5290709000,남구9,32,해연중학교,181640102
5291506000,사상구6,48,해연중학교,181640102
5290709000,남구9,24,대연롯데캐슬레전드후문,181640201
5200010000,10,78,연포초등학교,181640301
5200101000,101,71,연포초등학교,181640301
5200138000,138,81,연포초등학교,181640301
5290709000,남구9,28,마마빌라,181650101
5290709000,남구9,29,중앙고등학교,181650102
5290709000,남구9,31,대연롯데캐슬레전드후문,181660101
5290709000,남구9,30,일산아파트,181660102
5290709000,남구9,27,마마빌라,181660201
5290709000,남구9,26,중앙고등학교,181660202
5290709000,남구9,25,일산아파트,181660203
5200020000,20,71,백운포,181670201
5200022000,22,97,백운포,181670201
5200024000,24,62,백운포,181670201
5200027000,27,80,백운포,181670201
5200039000,39,64,백운포,181670201
5200020000,20,1,백운포,181680101
5200022000,22,4,백운포,181680101
5200024000,24,1,백운포,181680101
5200027000,27,1,백운포,181680101
5200039000,39,70,백운포,181680101
5200015000,15,4,유림아파트,181690301
5200111000,111,4,유림아파트,181690301
5200111100,111-1,48,유림아파트,181690301
5200121000,121,4,유림아파트,181690301
5200015000,15,120,금곡화목아파트,181700101
5200111000,111,110,금곡화목아파트,181700101
5200111100,111-1,41,금곡화목아파트,181700101
5200121000,121,93,금곡화목아파트,181700101
5200015000,15,1,금곡주공1단지,181710101
5200111000,111,1,금곡주공1단지,181710101
5200111100,111-1,45,금곡주공1단지,181710101
5200121000,121,1,금곡주공1단지,181710101
5290803000,북구3,2,금곡동부산은행,181710201
5290803000,북구3,53,금곡주차장,181710302
5290803000,북구3,1,금곡주차장,181720202
5290803000,북구3,52,금곡동부산은행,181730101
5290803000,북구3,3,금곡동새마을금고,181730301
5290803000,북구3,50,금곡동국민은행,181740101
5200015000,15,119,유림아파트,181740201
5200111000,111,109,유림아파트,181740201
5200111100,111-1,40,유림아파트,181740201
5200121000,121,92,유림아파트,181740201
5200015000,15,5,금곡중학교,181740301
5200111000,111,5,금곡중학교,181740301
5200111100,111-1,49,금곡중학교,181740301
5200121000,121,5,금곡중학교,181740301
5290803000,북구3,5,금곡중학교,181740302
5290803000,북구3,51,금곡동새마을금고,181750101
5290803000,북구3,4,금곡동국민은행,181750301
5200015000,15,3,금곡화목아파트,181760301
5200111000,111,3,금곡화목아파트,181760301
5200111100,111-1,47,금곡화목아파트,181760301
5200121000,121,3,금곡화목아파트,181760301
5200015000,15,105,대림아파트,181810101
5200059000,59,125,대림아파트,181810101
5200111000,111,95,대림아파트,181810101
5200121000,121,78,대림아파트,181810101
5200126000,126,124,대림아파트,181810101
5290803000,북구3,35,대림아파트,181810102
5290807000,북구7,21,대림아파트,181810102
5291101000,금정구1,37,대림아파트,181810102
5290803000,북구3,34,화명롯데캐슬아파트,181810103
5290807000,북구7,20,화명롯데캐슬아파트,181810103
5291101000,금정구1,36,화명롯데캐슬아파트,181810103
5200015000,15,18,북부경찰서,181810201
5200059000,59,10,북부경찰서,181810201
5200111000,111,18,북부경찰서,181810201
5200121000,121,18,북부경찰서,181810201
5200126000,126,16,북부경찰서,181810201
5290803000,북구3,20,북부경찰서,181810202
5290807000,북구7,6,북부경찰서,181810202
5291101000,금정구1,22,북부경찰서,181810202
5200015000,15,102,수정역,181820101
5200059000,59,122,수정역,181820101
5200111000,111,92,수정역,181820101
5200121000,121,75,수정역,181820101
5200126000,126,121,수정역,181820101
5290803000,북구3,31,수정역,181820102
5290807000,북구7,17,수정역,181820102
5291101000,금정구1,33,수정역,181820102
5200015000,15,21,수정강변타운후문,181820301
5200059000,59,13,수정강변타운후문,181820301
5200111000,111,21,수정강변타운후문,181820301
5200121000,121,21,수정강변타운후문,181820301
5200300000,300,35,수정강변타운후문,181820301
5200015000,15,22,구룡사,181820302
5200059000,59,14,구룡사,181820302
5200111000,111,22,구룡사,181820302
5200121000,121,22,구룡사,181820302
5200300000,300,36,구룡사,181820302
5290803000,북구3,24,성훈강변아파트,181820303
5290807000,북구7,10,성훈강변아파트,181820303
5291101000,금정구1,26,성훈강변아파트,181820303
5290803000,북구3,25,구룡사,181820304
5290807000,북구7,11,구룡사,181820304
5291101000,금정구1,27,구룡사,181820304
5200126000,126,19,롯데캐슬카이저남문,181830201
5200015000,15,107,화신중학교.화명역,181850101
5200111000,111,97,화신중학교.화명역,181850101
5200111100,111-1,28,화신중학교.화명역,181850101
5200121000,121,80,화신중학교.화명역,181850101
5290803000,북구3,37,화신중학교,181850102
5291101000,금정구1,39,화신중학교,181850102
5200059000,59,127,화명역.화신중,181850103
5200126000,126,126,화명역.화신중,181850103
5200015000,15,111,금곡동행정복지센터,181860101
5200059000,59,131,금곡동행정복지센터,181860101
5200111000,111,101,금곡동행정복지센터,181860101
5200111100,111-1,32,금곡동행정복지센터,181860101
5200121000,121,84,금곡동행정복지센터,181860101
5200126000,126,136,금곡동행정복지센터,181860101
5290803000,북구3,41,금곡동행정복지센터,181860102
5290803000,북구3,42,금곡주공5단지,181870201
5200015000,15,11,금곡동행정복지센터,181870301
5200111000,111,11,금곡동행정복지센터,181870301
5200111100,111-1,55,금곡동행정복지센터,181870301
5200121000,121,11,금곡동행정복지센터,181870301
5290803000,북구3,13,금곡동행정복지센터,181870302
5200015000,15,12,율리역,181890301
5200059000,59,4,율리역,181890301
5200111000,111,12,율리역,181890301
5200111100,111-1,56,율리역,181890301
5200121000,121,12,율리역,181890301
5200126000,126,4,율리역,181890301
5290803000,북구3,14,율리역,181890302
5290807000,북구7,23,화명정수장입구,181900301
5290807000,북구7,24,화명현대아파트,181900302
5290803000,북구3,18,와석,181900401
5290807000,북구7,4,와석,181900401
5291101000,금정구1,20,와석,181900401
5200015000,15,106,와석,181930101
5200059000,59,126,와석,181930101
5200111000,111,96,와석,181930101
5200121000,121,79,와석,181930101
5200126000,126,125,와석,181930101
5290803000,북구3,36,와석,181930102
5290807000,북구7,22,와석,181930102
5291101000,금정구1,38,와석,181930102
5200015000,15,17,대림아파트,181930201
5200059000,59,9,대림아파트,181930201
5200111000,111,17,대림아파트,181930201
5200121000,121,17,대림아파트,181930201
5200126000,126,15,대림아파트,181930201
5200015000,15,16,와석,181930202
5200059000,59,8,와석,181930202
5200111000,111,16,와석,181930202
5200121000,121,16,와석,181930202
5200126000,126,14,와석,181930202
5290803000,북구3,19,대림아파트,181930203
5290807000,북구7,5,대림아파트,181930203
5291101000,금정구1,21,대림아파트,181930203
5200033000,33,62,만덕삼성아파트.만덕역,182110201
5200110000,110,69,만덕삼성아파트.만덕역,182110201
5200111000,111,79,만덕삼성아파트.만덕역,182110201
5200121000,121,62,만덕삼성아파트.만덕역,182110201
5200127000,127,63,만덕삼성아파트.만덕역,182110201
5200148000,148,38,만덕삼성아파트.만덕역,182110201
5200169000,169,60,만덕삼성아파트.만덕역,182110201
5200200000,200,52,만덕삼성아파트.만덕역,182110201
5200033000,33,63,만덕2동행정복지센터,182110202
5200110000,110,70,만덕2동행정복지센터,182110202
5200111000,111,80,만덕2동행정복지센터,182110202
5200121000,121,63,만덕2동행정복지센터,182110202
5200127000,127,64,만덕2동행정복지센터,182110202
5200148000,148,39,만덕2동행정복지센터,182110202
5200169000,169,61,만덕2동행정복지센터,182110202
5200200000,200,53,만덕2동행정복지센터,182110202
5290808000,북구8,12,만덕2동주민센터,182110203
5290808200,북구8-2,3,만덕2동주민센터,182110203
5290809000,북구9,11,만덕2동주민센터,182110203
5290808000,북구8,11,만덕삼성아파트,182110204
5290808200,북구8-2,2,만덕삼성아파트,182110204
5290809000,북구9,10,만덕삼성아파트,182110204
5200033100,33-1,82,만덕교차로,182120201
5200046000,46,21,만덕교차로,182120201
5200110000,110,35,만덕역.만덕사거리,182120202
5200111000,111,33,만덕역.만덕사거리,182120202
5200121000,121,32,만덕역.만덕사거리,182120202
5200127000,127,50,만덕역.만덕사거리,182120202
5200148000,148,81,만덕역.만덕사거리,182120202
5200200000,200,76,만덕역.만덕사거리,182120202
5200307000,307,82,만덕역.만덕사거리,182120202
5290808000,북구8,10,만덕역,182120301
5290808200,북구8-2,1,만덕역,182120301
5290809000,북구9,9,만덕역,182120301
5200046000,46,67,만덕성당,182120501
5200307000,307,39,만덕성당,182120501
5290809000,북구9,17,백양디이스트101동,182140401
5290809000,북구9,15,굿모닝힐상가,182140402
5290809000,북구9,16,백양초등학교,182140403
5200126000,126,21,숙등역.부민병원,182150201
5200033000,33,44,구포역,182180101
5200110000,110,24,구포역,182180101
5200133100,133-1,40,구포역,182180101
5200148000,148,69,구포역,182180101
5200160000,160,89,구포역,182180101
5200307000,307,74,구포역,182180101
5291405000,강서구5,35,구포역,182180102
5291406000,강서구6,31,구포역,182180102
5291407100,강서구7-1,50,구포역,182180102
5291407200,강서구7-2,57,구포역,182180102
5291411000,강서구11,36,구포역,182180102
5291413000,강서구13,74,구포역,182180102
5290806000,북구6,5,구포역,182180103
5200015000,15,96,구포역,182210101
5200059000,59,116,구포역,182210101
5200123000,123,106,구포역,182210101
5200126000,126,115,구포역,182210101
5200033000,33,45,동원로얄듀크비스타,182210103
5200110000,110,25,동원로얄듀크비스타,182210103
5200148000,148,70,동원로얄듀크비스타,182210103
5200160000,160,90,동원로얄듀크비스타,182210103
5200307000,307,75,동원로얄듀크비스타,182210103
5200109000,109,57,구포역,182210301
5200123000,123,107,구포역,182210301
5200307000,307,45,구포역,182210301
5201004000,1004,83,구포역,182210301
5201004F00,1004-F,135,구포역,182210301
5291405000,강서구5,38,구포역,182210302
5291406000,강서구6,34,구포역,182210302
5291407100,강서구7-1,65,구포역,182210302
5291407200,강서구7-2,60,구포역,182210302
5291411000,강서구11,39,구포역,182210302
5291413000,강서구13,3,구포역,182210302
5200033100,33-1,84,석불사입구,182230101
5200046000,46,23,석불사입구,182230101
5200033100,33-1,16,만덕교차로.만덕역,182230301
5200046000,46,66,만덕교차로.만덕역,182230301
5200307000,307,38,만덕교차로.만덕역,182230301
5200046000,46,20,만덕성당,182240101
5200307000,307,81,만덕성당,182240101
5200033000,33,67,남산정역,182250401
5200033100,33-1,26,남산정역,182250401
5200046000,46,68,남산정역,182250401
5200110000,110,74,남산정역,182250401
5200111000,111,84,남산정역,182250401
5200121000,121,67,남산정역,182250401
5200133000,133,19,남산정역,182250401
5200148000,148,43,남산정역,182250401
5200307000,307,40,남산정역,182250401
5290802000,북구2,28,남산정역4번출구,182250402
5290808100,북구8-1,20,남산정역4번출구,182250402
5200033000,33,50,남산정역,182260101
5200033100,33-1,72,남산정역,182260101
5200046000,46,19,남산정역,182260101
5200110000,110,30,남산정역,182260101
5200111000,111,27,남산정역,182260101
5200121000,121,27,남산정역,182260101
5200133100,133-1,45,남산정역,182260101
5200148000,148,75,남산정역,182260101
5200307000,307,80,남산정역,182260101
5290808100,북구8-1,9,남산정역5번출구,182260102
5290802000,북구2,29,삼정그린코아아파트,182260201
5290808100,북구8-1,21,삼정그린코아아파트,182260201
5290802000,북구2,9,메가마트,182260301
5200033000,33,68,구포전화국,182270201
5200033100,33-1,27,구포전화국,182270201
5200046000,46,69,구포전화국,182270201
5200110000,110,75,구포전화국,182270201
5200111000,111,85,구포전화국,182270201
5200121000,121,68,구포전화국,182270201
5200133000,133,20,구포전화국,182270201
5200148000,148,44,구포전화국,182270201
5200307000,307,41,구포전화국,182270201
5200033000,33,69,숙등역,182270202
5200033100,33-1,28,숙등역,182270202
5200046000,46,70,숙등역,182270202
5200110000,110,76,숙등역,182270202
5200111000,111,86,숙등역,182270202
5200121000,121,69,숙등역,182270202
5200133000,133,21,숙등역,182270202
5200148000,148,45,숙등역,182270202
5200307000,307,42,숙등역,182270202
5290802000,북구2,30,구포전화국,182270203
5290808100,북구8-1,22,구포전화국,182270203
5290802000,북구2,31,덕천1동주민센터,182270204
5290808100,북구8-1,23,덕천1동주민센터,182270204
5290802000,북구2,34,부민병원.덕천교회,182270205
5290808100,북구8-1,25,부민병원.덕천교회,182270205
5290802000,북구2,33,숙등역4번출구,182270206
5290808100,북구8-1,24,숙등역4번출구,182270206
5200033000,33,48,숙등역,182280101
5200033100,33-1,70,숙등역,182280101
5200046000,46,17,숙등역,182280101
5200110000,110,28,숙등역,182280101
5200111000,111,25,숙등역,182280101
5200121000,121,25,숙등역,182280101
5200133100,133-1,43,숙등역,182280101
5200148000,148,73,숙등역,182280101
5200307000,307,78,숙등역,182280101
5200033000,33,49,구포전화국,182280102
5200033100,33-1,71,구포전화국,182280102
5200046000,46,18,구포전화국,182280102
5200110000,110,29,구포전화국,182280102
5200111000,111,26,구포전화국,182280102
5200121000,121,26,구포전화국,182280102
5200133100,133-1,44,구포전화국,182280102
5200148000,148,74,구포전화국,182280102
5200307000,307,79,구포전화국,182280102
5290802000,북구2,8,구포전화국,182280103
5290808100,북구8-1,8,구포전화국,182280103
5290802000,북구2,7,덕천1동주민센터,182280104
5290808100,북구8-1,7,덕천1동주민센터,182280104
5290802000,북구2,6,숙등역1번출구,182280105
5290808100,북구8-1,6,숙등역1번출구,182280105
5290802000,북구2,5,숙등역5번출구,182280106
5290808100,북구8-1,5,숙등역5번출구,182280106
5200127000,127,39,덕천주공입구,182280201
5200169000,169,51,덕천주공입구,182280201
5200200000,200,66,덕천주공입구,182280201
5290801100,북구1-1,16,덕천주공입구,182280202
5200033000,33,70,덕천역,182280301
5200033100,33-1,29,덕천역,182280301
5200046000,46,71,덕천역,182280301
5200110000,110,77,덕천역,182280301
5200111000,111,87,덕천역,182280301
5200121000,121,70,덕천역,182280301
5200126000,126,22,덕천역,182280301
5200127000,127,74,덕천역,182280301
5200133000,133,22,덕천역,182280301
5200148000,148,46,덕천역,182280301
5200169000,169,71,덕천역,182280301
5200200000,200,63,덕천역,182280301
5200307000,307,43,덕천역,182280301
5290802000,북구2,35,덕천역,182280302
5290808100,북구8-1,26,덕천역,182280302
5200126000,126,118,숙등역.부민병원,182280401
5200033000,33,47,덕천역,182290101
5200033100,33-1,69,덕천역,182290101
5200046000,46,16,덕천역,182290101
5200110000,110,27,덕천역,182290101
5200111000,111,24,덕천역,182290101
5200121000,121,24,덕천역,182290101
5200126000,126,117,덕천역,182290101
5200127000,127,38,덕천역,182290101
5200133100,133-1,42,덕천역,182290101
5200148000,148,72,덕천역,182290101
5200169000,169,50,덕천역,182290101
5200200000,200,65,덕천역,182290101
5200307000,307,77,덕천역,182290101
5290801100,북구1-1,15,덕천역,182290102
5290802000,북구2,3,덕천역,182290102
5290808100,북구8-1,3,덕천역,182290102
5290802000,북구2,4,부민병원.덕천교회,182290103
5290808100,북구8-1,4,부민병원.덕천교회,182290103
5200015000,15,13,벽산아파트,182320201
5200059000,59,5,벽산아파트,182320201
5200111000,111,13,벽산아파트,182320201
5200111100,111-1,57,벽산아파트,182320201
5200121000,121,13,벽산아파트,182320201
5200126000,126,5,벽산아파트,182320201
5290803000,북구3,15,벽산아파트,182320202
5200015000,15,110,율리역,182320301
5200059000,59,130,율리역,182320301
5200111000,111,100,율리역,182320301
5200111100,111-1,31,율리역,182320301
5200121000,121,83,율리역,182320301
5200126000,126,135,율리역,182320301
5290803000,북구3,40,율리역,182320302
5200015000,15,98,덕천교차로,182330401
5200059000,59,118,덕천교차로,182330401
5200111000,111,88,덕천교차로,182330401
5200121000,121,71,덕천교차로,182330401
5200300000,300,39,덕천교차로,182330401
5290803000,북구3,28,덕천교차로,182330402
5290807000,북구7,14,덕천교차로,182330402
5291101000,금정구1,30,덕천교차로,182330402
5200126000,126,119,낙동고등학교,182360301
5200033100,33-1,67,구포시장동문,182380101
5200046000,46,14,구포시장동문,182380101
5200109000,109,54,구포시장동문,182380101
5200127000,127,36,구포시장동문,182380101
5200160000,160,11,구포시장동문,182380101
5200169000,169,48,구포시장동문,182380101
5201004000,1004,80,구포시장동문,182380101
5201004F00,1004-F,132,구포시장동문,182380101
5290806000,북구6,29,구포시장입구,182380102
5291407100,강서구7-1,62,구포시장입구,182380102
5200046000,46,74,(구)고려당제과점,182390301
5200160000,160,93,(구)고려당제과점,182390301
5200169100,169-1,88,(구)고려당제과점,182390301
5290806000,북구6,8,고려당제과점,182390302
5200046000,46,83,금수선사,182400101
5200160000,160,101,금수선사,182400101
5200169100,169-1,98,금수선사,182400101
5200046000,46,3,태평양아파트,182410201
5200160000,160,3,태평양아파트,182410201
5200169100,169-1,3,태평양아파트,182410201
5200046000,46,4,포천초교.태경해피타운,182410202
5200160000,160,4,포천초교.태경해피타운,182410202
5200169100,169-1,4,포천초교.태경해피타운,182410202
5290806000,북구6,18,백조탕,182410301
5290808000,북구8,8,백산초등학교,182420101
5290808200,북구8-2,11,백산초등학교,182420101
5290809000,북구9,7,백산초등학교,182420101
5200033000,33,65,만덕그린코아,182420301
5200110000,110,72,만덕그린코아,182420301
5200111000,111,82,만덕그린코아,182420301
5200121000,121,65,만덕그린코아,182420301
5200127000,127,66,만덕그린코아,182420301
5200133000,133,17,만덕그린코아,182420301
5200133100,133-1,55,만덕그린코아,182420301
5200148000,148,41,만덕그린코아,182420301
5200169000,169,63,만덕그린코아,182420301
5200200000,200,55,만덕그린코아,182420301
5200033000,33,52,만덕그린코아,182430101
5200110000,110,32,만덕그린코아,182430101
5200111000,111,29,만덕그린코아,182430101
5200121000,121,29,만덕그린코아,182430101
5200127000,127,46,만덕그린코아,182430101
5200133000,133,9,만덕그린코아,182430101
5200133100,133-1,47,만덕그린코아,182430101
5200148000,148,77,만덕그린코아,182430101
5200169000,169,58,만덕그린코아,182430101
5200200000,200,73,만덕그린코아,182430101
5290808200,북구8-2,10,그린코아사거리,182430102
5290808100,북구8-1,12,동원아파트,182430201
5290808200,북구8-2,5,동원아파트,182430201
5200127000,127,67,백산공영주차장,182430301
5200133100,133-1,56,백산공영주차장,182430301
5200169000,169,64,백산공영주차장,182430301
5200200000,200,56,백산공영주차장,182430301
5200127000,127,68,벽산아파트,182430302
5200133100,133-1,57,벽산아파트,182430302
5200169000,169,65,벽산아파트,182430302
5200200000,200,57,벽산아파트,182430302
5200033000,33,66,이노비즈센터,182430401
5200110000,110,73,이노비즈센터,182430401
5200111000,111,83,이노비즈센터,182430401
5200121000,121,66,이노비즈센터,182430401
5200133000,133,18,이노비즈센터,182430401
5200148000,148,42,이노비즈센터,182430401
5290808100,북구8-1,17,만덕현대아파트,182430402
5290808100,북구8-1,18,이노비즈센터,182430403
5290801100,북구1-1,26,만덕3주공아파트,182440201
5290809000,북구9,18,만덕3주공아파트,182440201
5290801100,북구1-1,3,그린코아아파트후문,182440301
5290801100,북구1-1,6,롯데아파트,182440302
5290801100,북구1-1,5,만덕럭키아파트후문,182440303
5290801100,북구1-1,4,부산노인전문병원,182440304
5290801100,북구1-1,7,성원사입구,182440305
5200127000,127,43,한성아파트,182450101
5200133000,133,6,한성아파트,182450101
5200169000,169,55,한성아파트,182450101
5200200000,200,70,한성아파트,182450101
5200127000,127,44,벽산아파트,182450102
5200133000,133,7,벽산아파트,182450102
5200169000,169,56,벽산아파트,182450102
5200200000,200,71,벽산아파트,182450102
5290801100,북구1-1,22,롯데아파트,182450201
5290801100,북구1-1,23,럭키아파트후문,182450202
5290801100,북구1-1,24,부산노인전문병원,182450203
5290801100,북구1-1,25,그린코아아파트후문,182450204
5290801100,북구1-1,21,성원사입구,182450205
5200127000,127,71,청우파크,182450301
5200169000,169,68,청우파크,182450301
5200200000,200,60,청우파크,182450301
5200127000,127,70,양천초등학교,182450302
5200169000,169,67,양천초등학교,182450302
5200200000,200,59,양천초등학교,182450302
5200127000,127,72,덕천주공아파트,182450303
5200169000,169,69,덕천주공아파트,182450303
5200200000,200,61,덕천주공아파트,182450303
5290801100,북구1-1,9,덕천3동주민센터,182450304
5290801100,북구1-1,11,덕천주공아파트,182450305
5290801100,북구1-1,8,양천초등학교,182450306
5290801100,북구1-1,10,청우파크맨션,182450307
5200033100,33-1,61,구남역.구남중학교,182460101
5200169000,169,42,구남역.구남중학교,182460101
5200169100,169-1,82,구남역.구남중학교,182460101
5201004F00,1004-F,126,구남역.구남중학교,182460101
5200033100,33-1,62,백양고입구,182460102
5200169000,169,43,백양고입구,182460102
5200169100,169-1,83,백양고입구,182460102
5201004000,1004,78,백양고입구,182460102
5201004F00,1004-F,127,백양고입구,182460102
5291419000,강서구19,30,구남역,182460103
5291419000,강서구19,31,백양고입구,182460104
5200033100,33-1,39,구포현대아파트,182460301
5200169000,169,81,구포현대아파트,182460301
5200169100,169-1,17,구포현대아파트,182460301
5201004000,1004,26,구포현대아파트,182460301
5201004F00,1004-F,30,구포현대아파트,182460301
5291419000,강서구19,10,구포현대아파트,182460302
5290807000,북구7,25,화명유림아파트,182490101
5290807000,북구7,3,화명정수장입구,182490301
5290807000,북구7,2,화명현대아파트,182490302
5290802000,북구2,12,화인유통,182500101
5290802000,북구2,23,옥천사입구,182520101
5290802000,북구2,26,만덕동일아파트입구,182520201
5290802000,북구2,20,기비골아파트104동,182530101
5290802000,북구2,22,기비골아파트101동입구,182530102
5290802000,북구2,21,기비골아파트101동후문,182530103
5290802000,북구2,13,도개공아파트110동,182530301
5290802000,북구2,15,도개공아파트115동,182530302
5290802000,북구2,14,도개공아파트116동,182530303
5291101000,금정구1,45,대천천마을공동주차장,182570101
5200126000,126,10,장원아파트,182570201
5200126000,126,9,대천리중학교,182570202
5200126000,126,11,푸르지오헤리센트아파트,182570203
5200126000,126,12,북구보건소,182570204
5291101000,금정구1,13,그린숲속아파트,182570205
5291101000,금정구1,14,장원아파트,182570206
5291101000,금정구1,15,금화횟집,182570207
5291101000,금정구1,16,푸르지오헤리센트,182570208
5291101000,금정구1,17,북구보건소,182570209
5200126000,126,131,코오롱아파트,182570301
5200126000,126,132,정화양로원,182570302
5200126000,126,133,경남아파트,182570303
5291101000,금정구1,46,애기소,182580101
5291405000,강서구5,33,북구청,182590102
5291406000,강서구6,29,북구청,182590102
5291407100,강서구7-1,48,북구청,182590102
5291407200,강서구7-2,55,북구청,182590102
5291411000,강서구11,34,북구청,182590102
5291413000,강서구13,72,북구청,182590102
5290806000,북구6,3,한중병원,182590103
5200123000,123,32,북구청,182590401
5200126000,126,26,북구청,182590401
5290806000,북구6,2,구포축산물도매시장,182600301
5200015000,15,94,북구청,182610101
5200033000,33,42,북구청,182610101
5200059000,59,114,북구청,182610101
5200110000,110,22,북구청,182610101
5200123000,123,104,북구청,182610101
5200133100,133-1,38,북구청,182610101
5200148000,148,67,북구청,182610101
5200160000,160,87,북구청,182610101
5200015000,15,27,북부자동차학원,182610201
5200033000,33,74,북부자동차학원,182610201
5200059000,59,19,북부자동차학원,182610201
5200110000,110,81,북부자동차학원,182610201
5200133000,133,26,북부자동차학원,182610201
5200148000,148,50,북부자동차학원,182610201
5200160000,160,16,북부자동차학원,182610201
5290806000,북구6,1,북구청,182610301
5200033100,33-1,64,구명역,182620101
5200046000,46,11,구명역,182620101
5200109000,109,51,구명역,182620101
5200127000,127,33,구명역,182620101
5200169000,169,45,구명역,182620101
5200169100,169-1,85,구명역,182620101
5201004000,1004,79,구명역,182620101
5201004F00,1004-F,129,구명역,182620101
5200033100,33-1,65,구포초등학교,182620102
5200046000,46,12,구포초등학교,182620102
5200109000,109,52,구포초등학교,182620102
5200127000,127,34,구포초등학교,182620102
5200169000,169,46,구포초등학교,182620102
5200169100,169-1,86,구포초등학교,182620102
5201004F00,1004-F,130,구포초등학교,182620102
5291419000,강서구19,2,구포교회,182620201
5291419000,강서구19,3,새생명교회,182620202
5291419000,강서구19,33,새생명교회,182620202
5200033100,33-1,36,구남시장,182620301
5200169000,169,78,구남시장,182620301
5200169100,169-1,14,구남시장,182620301
5201004F00,1004-F,27,구남시장,182620301
5291419000,강서구19,7,구남시장,182620302
5200015000,15,95,구포삼거리,182630101
5200059000,59,115,구포삼거리,182630101
5200126000,126,114,구포삼거리,182630101
5200160000,160,88,구포삼거리,182630101
5200033000,33,43,구포삼거리,182630102
5200110000,110,23,구포삼거리,182630102
5200123000,123,105,구포삼거리,182630102
5200133100,133-1,39,구포삼거리,182630102
5200148000,148,68,구포삼거리,182630102
5200307000,307,73,구포삼거리,182630102
5290806000,북구6,4,구포삼거리,182630103
5291405000,강서구5,34,구포삼거리,182630103
5291406000,강서구6,30,구포삼거리,182630103
5291407100,강서구7-1,49,구포삼거리,182630103
5291407200,강서구7-2,56,구포삼거리,182630103
5291411000,강서구11,35,구포삼거리,182630103
5291413000,강서구13,73,구포삼거리,182630103
5200033100,33-1,15,석불사입구,182640201
5200046000,46,65,석불사입구,182640201
5290802000,북구2,1,구포종점,182660202
5290808100,북구8-1,1,구포종점,182660202
5200015000,15,25,구포역,182660301
5200033000,33,72,구포역,182660301
5200059000,59,17,구포역,182660301
5200110000,110,79,구포역,182660301
5200126000,126,24,구포역,182660301
5200133000,133,24,구포역,182660301
5200148000,148,48,구포역,182660301
5200160000,160,14,구포역,182660301
5200015000,15,116,금곡주공7단지,182670101
5200111000,111,106,금곡주공7단지,182670101
5200111100,111-1,37,금곡주공7단지,182670101
5200121000,121,89,금곡주공7단지,182670101
5200015000,15,117,금곡종합사회복지관,182670102
5200111000,111,107,금곡종합사회복지관,182670102
5200111100,111-1,38,금곡종합사회복지관,182670102
5200121000,121,90,금곡종합사회복지관,182670102
5290803000,북구3,48,금곡종합사회복지관,182670103
5290803000,북구3,47,금곡주공7단지,182670104
5200015000,15,8,금곡주공9단지,182670201
5200111000,111,8,금곡주공9단지,182670201
5200111100,111-1,52,금곡주공9단지,182670201
5200121000,121,8,금곡주공9단지,182670201
5200015000,15,9,금곡주공4단지,182670202
5200111000,111,9,금곡주공4단지,182670202
5200111100,111-1,53,금곡주공4단지,182670202
5200121000,121,9,금곡주공4단지,182670202
5290803000,북구3,9,금곡주공4단지,182670203
5290803000,북구3,8,금곡주공9단지,182670204
5290803000,북구3,11,금곡주공6단지,182680101
5290803000,북구3,10,유림1차아파트,182680102
5200015000,15,10,금곡주공5단지,182680201
5200111000,111,10,금곡주공5단지,182680201
5200111100,111-1,54,금곡주공5단지,182680201
5200121000,121,10,금곡주공5단지,182680201
5200015000,15,114,금곡주공4단지,182680301
5200111000,111,104,금곡주공4단지,182680301
5200111100,111-1,35,금곡주공4단지,182680301
5200121000,121,87,금곡주공4단지,182680301
5200015000,15,115,금곡주공9단지,182680302
5200111000,111,105,금곡주공9단지,182680302
5200111100,111-1,36,금곡주공9단지,182680302
5200121000,121,88,금곡주공9단지,182680302
5200015000,15,113,금곡주공4단지후문,182680303
5200111000,111,103,금곡주공4단지후문,182680303
5200111100,111-1,34,금곡주공4단지후문,182680303
5200121000,121,86,금곡주공4단지후문,182680303
5290803000,북구3,45,금곡주공4단지,182680304
5290803000,북구3,46,금곡주공9단지,182680305
5200126000,126,20,낙동고등학교,182690201
5200126000,126,120,롯데캐슬카이저남문,182690301
5200015000,15,118,금곡중학교,182700101
5200111000,111,108,금곡중학교,182700101
5200111100,111-1,39,금곡중학교,182700101
5200121000,121,91,금곡중학교,182700101
5290803000,북구3,49,금곡중학교,182700102
5200015000,15,6,금곡종합사회복지관,182700301
5200111000,111,6,금곡종합사회복지관,182700301
5200111100,111-1,50,금곡종합사회복지관,182700301
5200121000,121,6,금곡종합사회복지관,182700301
5200015000,15,7,금곡주공7단지,182700302
5200111000,111,7,금곡주공7단지,182700302
5200111100,111-1,51,금곡주공7단지,182700302
5200121000,121,7,금곡주공7단지,182700302
5290803000,북구3,6,금곡종합사회복지관,182700303
5290803000,북구3,7,금곡주공7단지,182700304
5200015000,15,2,금곡주공3단지,182710201
5200111000,111,2,금곡주공3단지,182710201
5200111100,111-1,46,금곡주공3단지,182710201
5200121000,121,2,금곡주공3단지,182710201
5200015000,15,122,금곡주공1단지,182710301
5200111000,111,112,금곡주공1단지,182710301
5200111100,111-1,43,금곡주공1단지,182710301
5200121000,121,95,금곡주공1단지,182710301
5200015000,15,121,금곡주공3단지,182720101
5200111000,111,111,금곡주공3단지,182720101
5200111100,111-1,42,금곡주공3단지,182720101
5200121000,121,94,금곡주공3단지,182720101
5290803000,북구3,12,금곡주공5단지,182750201
5290803000,북구3,43,금곡주공6단지,182750301
5290803000,북구3,44,유림1차아파트,182750302
5200015000,15,14,북구보건소.인도네시아센터,182760201
5200059000,59,6,북구보건소.인도네시아센터,182760201
5200111000,111,14,북구보건소.인도네시아센터,182760201
5200111100,111-1,58,북구보건소.인도네시아센터,182760201
5200121000,121,14,북구보건소.인도네시아센터,182760201
5200015000,15,109,벽산아파트,182760301
5200059000,59,129,벽산아파트,182760301
5200111000,111,99,벽산아파트,182760301
5200111100,111-1,30,벽산아파트,182760301
5200121000,121,82,벽산아파트,182760301
5200126000,126,134,벽산아파트,182760301
5290803000,북구3,39,벽산아파트,182760302
5200126000,126,7,정화양로원,182790101
5200126000,126,6,경남아파트,182790102
5200126000,126,8,코오롱아파트,182790103
5200033000,33,54,만덕2동행정복지센터,182810101
5200110000,110,34,만덕2동행정복지센터,182810101
5200111000,111,31,만덕2동행정복지센터,182810101
5200121000,121,31,만덕2동행정복지센터,182810101
5200127000,127,48,만덕2동행정복지센터,182810101
5200148000,148,79,만덕2동행정복지센터,182810101
5200200000,200,75,만덕2동행정복지센터,182810101
5200033000,33,55,만덕삼성아파트.만덕역,182810102
5200111000,111,32,만덕삼성아파트.만덕역,182810102
5200127000,127,49,만덕삼성아파트.만덕역,182810102
5200148000,148,80,만덕삼성아파트.만덕역,182810102
5290808000,북구8,13,백양상가,182810302
5290809000,북구9,12,백양상가,182810302
5200033000,33,64,백양디이스트아파트,182810401
5200110000,110,71,백양디이스트아파트,182810401
5200111000,111,81,백양디이스트아파트,182810401
5200121000,121,64,백양디이스트아파트,182810401
5200127000,127,65,백양디이스트아파트,182810401
5200133000,133,16,백양디이스트아파트,182810401
5200148000,148,40,백양디이스트아파트,182810401
5200169000,169,62,백양디이스트아파트,182810401
5200200000,200,54,백양디이스트아파트,182810401
5290808000,북구8,7,부산은행,182810402
5290808200,북구8-2,4,부산은행,182810402
5200169000,169,59,대성아파트입구,182820101
5200033000,33,53,백양디이스트아파트,182820201
5200110000,110,33,백양디이스트아파트,182820201
5200111000,111,30,백양디이스트아파트,182820201
5200121000,121,30,백양디이스트아파트,182820201
5200127000,127,47,백양디이스트아파트,182820201
5200148000,148,78,백양디이스트아파트,182820201
5200200000,200,74,백양디이스트아파트,182820201
5200133000,133,11,만덕도서관,182850201
5200133100,133-1,49,만덕도서관,182850201
5290808000,북구8,14,만덕신협2동지점,182850301
5290809000,북구9,13,백양디이스트401동,182850401
5290809000,북구9,14,백양디이스트304동,182860301
5200033000,33,51,이노비즈센터,182870101
5200110000,110,31,이노비즈센터,182870101
5200111000,111,28,이노비즈센터,182870101
5200121000,121,28,이노비즈센터,182870101
5200133100,133-1,46,이노비즈센터,182870101
5200148000,148,76,이노비즈센터,182870101
5290808100,북구8-1,11,만덕우체국,182870102
5290808100,북구8-1,10,이노비즈센터,182870103
5290808100,북구8-1,19,남산정역1번출구,182870301
5200127000,127,45,백산공영주차장,182880201
5200133000,133,8,백산공영주차장,182880201
5200169000,169,57,백산공영주차장,182880201
5200200000,200,72,백산공영주차장,182880201
5200127000,127,69,한성아파트,182880301
5200133100,133-1,58,한성아파트,182880301
5200169000,169,66,한성아파트,182880301
5200200000,200,58,한성아파트,182880301
5200033000,33,56,만덕1동행정복지센터,182900101
5200033100,33-1,17,만덕1동행정복지센터,182900101
5200033100,33-1,23,만덕시장입구,182900301
5200033100,33-1,24,만덕초등학교,182900302
5200033100,33-1,25,대진아파트,182900303
5200033000,33,61,만덕1동행정복지센터,182910102
5200033100,33-1,22,만덕1동행정복지센터,182910102
5200033100,33-1,81,만덕1동행정복지센터,182910102
5200133000,133,15,북부산농협신만덕지점,182920101
5290808000,북구8,5,만덕2치안센터,182920102
5290808000,북구8,6,북부산농협신만덕지점,182920103
5290801100,북구1-1,2,만덕3주공아파트,182940101
5290809000,북구9,3,만덕3주공아파트,182940101
5290801100,북구1-1,28,만덕고등학교,182940201
5290809000,북구9,20,만덕고등학교,182940201
5290801100,북구1-1,27,신덕중학교,182940202
5290809000,북구9,19,신덕중학교,182940202
5290801100,북구1-1,1,만덕고등학교,182960101
5290809000,북구9,1,만덕고등학교,182960101
5290809000,북구9,2,신덕초등학교,182960102
5200015000,15,26,북구청,182970201
5200033000,33,73,북구청,182970201
5200059000,59,18,북구청,182970201
5200110000,110,80,북구청,182970201
5200133000,133,25,북구청,182970201
5200148000,148,49,북구청,182970201
5200160000,160,15,북구청,182970201
5290806000,북구6,33,구포부민병원,182970202
5200123000,123,31,구포삼거리,182970301
5200126000,126,25,구포삼거리,182970301
5291405000,강서구5,32,구포삼거리,182970302
5291406000,강서구6,28,구포삼거리,182970302
5291407100,강서구7-1,47,구포삼거리,182970302
5291407200,강서구7-2,54,구포삼거리,182970302
5291411000,강서구11,33,구포삼거리,182970302
5291413000,강서구13,71,구포삼거리,182970302
5200127000,127,73,덕천주공입구,182990301
5200169000,169,70,덕천주공입구,182990301
5200200000,200,62,덕천주공입구,182990301
5290801100,북구1-1,13,덕천초등학교후문,183000301
5290801100,북구1-1,12,한라아파트,183000302
5200033100,33-1,32,구포시장동문,183010301
5200127000,127,77,구포시장동문,183010301
5200169000,169,74,구포시장동문,183010301
5200015000,15,104,북부경찰서,183020101
5200059000,59,124,북부경찰서,183020101
5200111000,111,94,북부경찰서,183020101
5200121000,121,77,북부경찰서,183020101
5200126000,126,123,북부경찰서,183020101
5290803000,북구3,33,북부경찰서,183020102
5290807000,북구7,19,북부경찰서,183020102
5291101000,금정구1,35,북부경찰서,183020102
5200015000,15,19,화명중학교,183020301
5200059000,59,11,화명중학교,183020301
5200111000,111,19,화명중학교,183020301
5200121000,121,19,화명중학교,183020301
5200126000,126,17,화명중학교,183020301
5290803000,북구3,21,화명중학교,183020302
5290807000,북구7,7,화명중학교,183020302
5291101000,금정구1,23,화명중학교,183020302
5200015000,15,103,화명중학교,183030101
5200059000,59,123,화명중학교,183030101
5200111000,111,93,화명중학교,183030101
5200121000,121,76,화명중학교,183030101
5200126000,126,122,화명중학교,183030101
5290803000,북구3,32,화명중학교,183030102
5290807000,북구7,18,화명중학교,183030102
5291101000,금정구1,34,화명중학교,183030102
5200015000,15,20,수정역,183030201
5200059000,59,12,수정역,183030201
5200111000,111,20,수정역,183030201
5200121000,121,20,수정역,183030201
5200126000,126,18,수정역,183030201
5200300000,300,34,수정역,183030201
5290803000,북구3,23,수정강변타운후문,183030202
5290807000,북구7,9,수정강변타운후문,183030202
5291101000,금정구1,25,수정강변타운후문,183030202
5290803000,북구3,22,수정역,183030203
5290807000,북구7,8,수정역,183030203
5291101000,금정구1,24,수정역,183030203
5290803000,북구3,16,북구보건소,183040201
5200015000,15,108,북구보건소.인도네시아센터,183050101
5200059000,59,128,북구보건소.인도네시아센터,183050101
5200111000,111,98,북구보건소.인도네시아센터,183050101
5200111100,111-1,29,북구보건소.인도네시아센터,183050101
5200121000,121,81,북구보건소.인도네시아센터,183050101
5290803000,북구3,38,북구보건소,183050102
5200126000,126,127,북구보건소,183050201
5200126000,126,128,푸르지오헤리센트아파트,183050202
5200126000,126,129,장원아파트,183050203
5200126000,126,130,대천리중학교,183050204
5291101000,금정구1,41,푸르지오헤리센트,183050205
5291101000,금정구1,42,금화횟집,183050206
5291101000,금정구1,43,장원아파트,183050207
5291101000,금정구1,44,그린숲속아파트,183050208
5291101000,금정구1,40,북구보건소,183050209
5200015000,15,15,화신중학교.화명역,183050301
5200059000,59,7,화신중학교.화명역,183050301
5200111000,111,15,화신중학교.화명역,183050301
5200111100,111-1,59,화신중학교.화명역,183050301
5200121000,121,15,화신중학교.화명역,183050301
5200126000,126,13,화신중학교.화명역,183050301
5290803000,북구3,17,화신중학교,183050302
5291101000,금정구1,18,화신중학교,183050302
5291101000,금정구1,19,화명역,183050303
5200127000,127,41,청우파크,183060101
5200169000,169,53,청우파크,183060101
5200200000,200,68,청우파크,183060101
5200127000,127,40,덕천주공아파트,183060102
5200169000,169,52,덕천주공아파트,183060102
5200200000,200,67,덕천주공아파트,183060102
5200127000,127,42,양천초등학교,183060103
5200169000,169,54,양천초등학교,183060103
5200200000,200,69,양천초등학교,183060103
5290801100,북구1-1,19,덕천3동주민센터,183060104
5290801100,북구1-1,17,덕천주공아파트,183060105
5290801100,북구1-1,20,양천초등학교,183060106
5290801100,북구1-1,18,청우파크맨션,183060107
5200033100,33-1,66,구포시장남문.반도유보라아파트,183100101
5200046000,46,13,구포시장남문.반도유보라아파트,183100101
5200109000,109,53,구포시장남문.반도유보라아파트,183100101
5200127000,127,35,구포시장남문.반도유보라아파트,183100101
5200169000,169,47,구포시장남문.반도유보라아파트,183100101
5200169100,169-1,87,구포시장남문.반도유보라아파트,183100101
5201004F00,1004-F,131,구포시장남문.반도유보라아파트,183100101
5200033100,33-1,34,구포초등학교,183100301
5200127000,127,79,구포초등학교,183100301
5200169000,169,76,구포초등학교,183100301
5200169100,169-1,12,구포초등학교,183100301
5200033100,33-1,35,구명역,183100302
5200127000,127,80,구명역,183100302
5200169000,169,77,구명역,183100302
5200169100,169-1,13,구명역,183100302
5200033100,33-1,33,구포시장남문.반도유보라아파트,183120201
5200127000,127,78,구포시장남문.반도유보라아파트,183120201
5200169000,169,75,구포시장남문.반도유보라아파트,183120201
5200169100,169-1,11,구포시장남문.반도유보라아파트,183120201
5200033100,33-1,31,덕천교차로,183130201
5200046000,46,73,덕천교차로,183130201
5200127000,127,76,덕천교차로,183130201
5200160000,160,92,덕천교차로,183130201
5200169000,169,73,덕천교차로,183130201
5200015000,15,97,구포시장종점,183140101
5200033100,33-1,30,구포시장종점,183140101
5200046000,46,72,구포시장종점,183140101
5200059000,59,117,구포시장종점,183140101
5200127000,127,75,구포시장종점,183140101
5200169000,169,72,구포시장종점,183140101
5200200000,200,64,구포시장종점,183140101
5200300000,300,38,구포시장종점,183140101
5290803000,북구3,27,구포시장,183140102
5290807000,북구7,13,구포시장,183140102
5291101000,금정구1,29,구포시장,183140102
5291405000,강서구5,36,구포시장,183140102
5291406000,강서구6,32,구포시장,183140102
5291407200,강서구7-2,58,구포시장,183140102
5291411000,강서구11,37,구포시장,183140102
5200033000,33,46,구포시장,183140201
5200110000,110,26,구포시장,183140201
5200126000,126,116,구포시장,183140201
5200133100,133-1,41,구포시장,183140201
5200148000,148,71,구포시장,183140201
5200160000,160,91,구포시장,183140201
5200307000,307,76,구포시장,183140201
5290802000,북구2,2,구포시장,183140202
5290806000,북구6,6,구포시장,183140202
5290808100,북구8-1,2,구포시장,183140202
5291407100,강서구7-1,51,구포시장,183140202
5291413000,강서구13,75,구포시장,183140202
5290808100,북구8-1,28,구포종점,183140301
5290807000,북구7,1,화명유림아파트,183160201
5200046000,46,2,금수선사,183190201
5200160000,160,2,금수선사,183190201
5200169100,169-1,2,금수선사,183190201
5200046000,46,82,태평양아파트,183210101
5200160000,160,100,태평양아파트,183210101
5200169100,169-1,97,태평양아파트,183210101
5200046000,46,78,포천삼거리,183220201
5200160000,160,96,포천삼거리,183220201
5200169100,169-1,93,포천삼거리,183220201
5290806000,북구6,14,포천삼거리,183220202
5290806000,북구6,11,부산솔로몬로파크,183230301
5290806000,북구6,23,부산솔로몬로파크,183230301
5200160000,160,8,태양탕,183230401
5200169100,169-1,8,태양탕,183230401
5200160000,160,9,구포대진아파트,183230402
5200169100,169-1,9,구포대진아파트,183230402
5290806000,북구6,27,구포대진아파트,183230403
5290806000,북구6,26,태양탕,183230404
5200046000,46,7,포천삼거리,183240101
5200160000,160,7,포천삼거리,183240101
5200169100,169-1,7,포천삼거리,183240101
5200046000,46,79,부산과학기술대학교,183250101
5200160000,160,97,부산과학기술대학교,183250101
5200169100,169-1,94,부산과학기술대학교,183250101
5290806000,북구6,15,부산과학기술대학교,183250102
5200046000,46,6,부산과학기술대학교,183260301
5200160000,160,6,부산과학기술대학교,183260301
5200169100,169-1,6,부산과학기술대학교,183260301
5200046000,46,80,구포3동행정복지센터,183280101
5200160000,160,98,구포3동행정복지센터,183280101
5200169100,169-1,95,구포3동행정복지센터,183280101
5200046000,46,81,포천초교.태경해피타운,183280102
5200160000,160,99,포천초교.태경해피타운,183280102
5200169100,169-1,96,포천초교.태경해피타운,183280102
5290806000,북구6,16,구포3동주민센터,183280103
5290806000,북구6,17,포천초등학교,183280104
5200046000,46,5,구포3동행정복지센터,183280201
5200160000,160,5,구포3동행정복지센터,183280201
5200169100,169-1,5,구포3동행정복지센터,183280201
5200033100,33-1,68,덕천교차로,183290101
5200046000,46,15,덕천교차로,183290101
5200109000,109,55,덕천교차로,183290101
5200127000,127,37,덕천교차로,183290101
5200160000,160,12,덕천교차로,183290101
5200169000,169,49,덕천교차로,183290101
5201004000,1004,81,덕천교차로,183290101
5201004F00,1004-F,133,덕천교차로,183290101
5290801100,북구1-1,14,덕천교차로,183290102
5290806000,북구6,30,덕천교차로,183290102
5291407100,강서구7-1,63,덕천교차로,183290102
5291413000,강서구13,1,덕천교차로,183290102
5290806000,북구6,7,덕천교차로,183290301
5291407100,강서구7-1,52,덕천교차로,183290301
5291413000,강서구13,76,덕천교차로,183290301
5200133000,133,13,백운공원,183330101
5200133100,133-1,51,백운공원,183330101
5290808000,북구8,18,백양산베스티움에코포레,183330102
5290808000,북구8,19,관음사,183340201
5200133000,133,14,백양중학교,183370201
5200133100,133-1,52,백양중학교,183370201
5200133000,133,12,백양중학교,183390101
5200133100,133-1,50,백양중학교,183390101
5200033100,33-1,63,구남시장,183450101
5200169000,169,44,구남시장,183450101
5200169100,169-1,84,구남시장,183450101
5201004F00,1004-F,128,구남시장,183450101
5291419000,강서구19,32,구남시장,183450102
5200033100,33-1,38,구남역.구남중학교,183450301
5200169000,169,80,구남역.구남중학교,183450301
5200169100,169-1,16,구남역.구남중학교,183450301
5201004F00,1004-F,29,구남역.구남중학교,183450301
5200033100,33-1,37,백양고입구,183450302
5200169000,169,79,백양고입구,183450302
5200169100,169-1,15,백양고입구,183450302
5201004000,1004,25,백양고입구,183450302
5201004F00,1004-F,28,백양고입구,183450302
5291419000,강서구19,9,구남역,183450303
5291419000,강서구19,8,백양고입구,183450304
5290808000,북구8,15,만덕도서관,183480101
5290808000,북구8,16,예림슈퍼,183480102
5290808000,북구8,17,일동아파트,183500101
5200015000,15,24,구포시장,183510201
5200033000,33,71,구포시장,183510201
5200059000,59,16,구포시장,183510201
5200109000,109,56,구포시장,183510201
5200110000,110,78,구포시장,183510201
5200126000,126,23,구포시장,183510201
5200133000,133,23,구포시장,183510201
5200148000,148,47,구포시장,183510201
5200160000,160,13,구포시장,183510201
5200307000,307,44,구포시장,183510201
5201004000,1004,82,구포시장,183510201
5201004F00,1004-F,134,구포시장,183510201
5290802000,북구2,36,구포시장,183510202
5290806000,북구6,31,구포시장,183510202
5290808100,북구8-1,27,구포시장,183510202
5291405000,강서구5,37,구포시장,183510202
5291406000,강서구6,33,구포시장,183510202
5291407100,강서구7-1,64,구포시장,183510202
5291407200,강서구7-2,59,구포시장,183510202
5291411000,강서구11,38,구포시장,183510202
5291413000,강서구13,2,구포시장,183510202
5290802000,북구2,17,도개공아파트110동,183690101
5290802000,북구2,16,도개공아파트116동,183690102
5290802000,북구2,18,화인유통,183690103
5200046000,46,77,유림아파트.부산학생예술문화회관,183700101
5200169100,169-1,92,유림아파트.부산학생예술문화회관,183700101
5290806000,북구6,12,유림아파트상가,183700102
5290806000,북구6,24,유림아파트상가,183700102
5200046000,46,9,부산학생예술문화회관.유림아파트,183700201
5290806000,북구6,13,유림아파트입구,183710101
5290806000,북구6,25,유림아파트입구,183710101
5200046000,46,8,부산솔로몬로파크,183720301
5200169100,169-1,91,부산솔로몬로파크,183720301
5290806000,북구6,22,동성아파트상가,183750201
5290806000,북구6,21,한국빌라,183790201
5290806000,북구6,20,구포대우아파트,183810201
5290806000,북구6,19,청송빌라,183830201
5290808000,북구8,4,유림아파트,183880201
5290808000,북구8,3,백양노인정,183920201
5290808000,북구8,2,느루식당,183940201
5290808000,북구8,1,한신아파트정문,183950201
5290808000,북구8,22,한신아파트정문,183960101
5290808000,북구8,21,한신아파트중문,183970101
5290808000,북구8,20,한신아파트후문,183970102
5290808100,북구8-1,16,동원아파트,184020101
5290808200,북구8-2,9,동원아파트,184020101
5290808100,북구8-1,15,만덕럭키아파트,184020102
5290808200,북구8-2,8,만덕럭키아파트,184020102
5290808100,북구8-1,14,그린코아아파트,184020201
5290808200,북구8-2,7,그린코아아파트,184020201
5290808100,북구8-1,13,만덕럭키아파트,184020202
5290808200,북구8-2,6,만덕럭키아파트,184020202
5291101000,금정구1,47,화명농원입구,184030101
5291101000,금정구1,11,애기소,184030201
5291101000,금정구1,12,대천천마을공동주차장,184030202
5291101000,금정구1,48,화명수목원,184050101
5291101000,금정구1,10,화명농원입구,184050201
5291101000,금정구1,9,화명수목원,184060201
5200046000,46,84,구포3동,184080101
5200160000,160,102,구포3동,184080101
5200169100,169-1,99,구포3동,184080101
5200046000,46,1,구포3동,184100101
5200160000,160,1,구포3동,184100101
5200169100,169-1,1,구포3동,184100101
5200100000,100,13,송정해수욕장,184130301
5200181000,181,49,송정해수욕장,184130301
5200185000,185,12,송정해수욕장,184130301
5200100000,100,14,송정,184130302
5200181000,181,50,송정,184130302
5200185000,185,13,송정,184130302
5200005100,5-1,7,반여농산물도매시장,184160101
5200043000,43,7,반여농산물도매시장,184160101
5200106000,106,74,반여농산물도매시장,184160101
5200115100,115-1,110,반여농산물도매시장,184160101
5200129100,129-1,108,반여농산물도매시장,184160101
5200183000,183,72,반여농산물도매시장,184160101
5200184000,184,37,반여농산물도매시장,184160101
5200189000,189,79,반여농산물도매시장,184160101
5200189100,189-1,77,반여농산물도매시장,184160101
5200183F00,183-F,76,반여농산물도매시장,184160101
5200036000,36,105,반송본동,184180101
5200115100,115-1,119,반송본동,184180101
5200129100,129-1,117,반송본동,184180101
5200183000,183,81,반송본동,184180101
5200183F00,183-F,85,반송본동,184180101
5291611000,기장군11,46,윗반송역,184180102
5291611000,기장군11,45,반송본동,184180103
5200189000,189,88,본동,184180201
5200189100,189-1,86,본동,184180201
5200189000,189,89,송운초등학교,184180202
5200189100,189-1,87,송운초등학교,184180202
5200115100,115-1,109,석대사거리,184190201
5200189100,189-1,76,석대사거리,184190201
5200100000,100,92,과정교,184210101
5200100100,100-1,82,과정교,184210101
5200307000,307,98,과정교,184210101
5201002000,1002,54,과정교,184210101
5200031000,31,125,원동IC교차로,184220202
5200044000,44,94,원동IC교차로,184220202
5200052000,52,92,원동IC교차로,184220202
5200144000,144,50,원동IC교차로,184220202
5200189100,189-1,61,원동IC교차로,184220202
5200200000,200,90,원동IC교차로,184220202
5201002000,1002,45,원동IC교차로,184220202
5200005100,5-1,18,원동IC교차로,184230201
5200107000,107,49,원동IC교차로,184230201
5200036000,36,62,원동IC교차로,184230301
5200043000,43,18,원동IC교차로,184230301
5200155000,155,104,원동IC교차로,184230301
5290903100,해운대구3-1,27,동부지청,184250301
5290903100,해운대구3-1,6,동부지청,184260101
5200005100,5-1,33,동해선벡스코역,184270101
5200115000,115,55,동해선벡스코역,184270101
5200155000,155,42,동해선벡스코역,184270101
5201002000,1002,49,동해선벡스코역,184270101
5200031000,31,132,동해선벡스코역,184270102
5200100000,100,97,동해선벡스코역,184270102
5200100100,100-1,87,동해선벡스코역,184270102
5200115100,115-1,32,동해선벡스코역,184270102
5200200000,200,97,동해선벡스코역,184270102
5200005100,5-1,115,센텀고등학교,184270303
5200031000,31,23,센텀고등학교,184270303
5200100000,100,35,센텀고등학교,184270303
5200100100,100-1,25,센텀고등학교,184270303
5200107000,107,61,센텀고등학교,184270303
5200115000,115,22,센텀고등학교,184270303
5200115100,115-1,93,센텀고등학교,184270303
5200155000,155,85,센텀고등학교,184270303
5200200000,200,34,센텀고등학교,184270303
5200005100,5-1,114,센텀센시빌,184270304
5200031000,31,22,센텀센시빌,184270304
5200100000,100,34,센텀센시빌,184270304
5200100100,100-1,24,센텀센시빌,184270304
5200107000,107,60,센텀센시빌,184270304
5200115000,115,21,센텀센시빌,184270304
5200115100,115-1,92,센텀센시빌,184270304
5200155000,155,84,센텀센시빌,184270304
5200200000,200,33,센텀센시빌,184270304
5201002000,1002,61,센텀센시빌,184270304
5200107000,107,57,롯데백화점센텀시티점,184300201
5200115000,115,18,롯데백화점센텀시티점,184300201
5200181000,181,83,롯데백화점센텀시티점,184300201
5200307000,307,105,롯데백화점센텀시티점,184300201
5200115000,115,57,시청자미디어센터.KNN방송국,184320401
5200181000,181,71,시청자미디어센터.KNN방송국,184320401
5200307000,307,16,시청자미디어센터.KNN방송국,184320401
5290903100,해운대구3-1,19,시청자미디어센터.KNN방송국,184320402
5290903200,해운대구3-2,4,시청자미디어센터.KNN방송국,184320402
5200115000,115,17,시청자미디어센터.KNN방송국,184340201
5200181000,181,82,시청자미디어센터.KNN방송국,184340201
5200307000,307,104,시청자미디어센터.KNN방송국,184340201
5200115000,115,58,SK텔레콤,184340401
5200181000,181,72,SK텔레콤,184340401
5200307000,307,17,SK텔레콤,184340401
5290903100,해운대구3-1,20,SK텔레콤,184340402
5290903200,해운대구3-2,5,SK텔레콤,184340402
5200181000,181,81,SK텔레콤,184350201
5200307000,307,103,SK텔레콤,184350201
5290903100,해운대구3-1,13,SK텔레콤,184350202
5290903200,해운대구3-2,24,SK텔레콤,184350202
5200115000,115,59,센텀중학교,184350401
5200181000,181,73,센텀중학교,184350401
5200307000,307,18,센텀중학교,184350401
5201002000,1002,51,센텀중학교,184350401
5290903100,해운대구3-1,21,IS타워,184380102
5200181000,181,80,센텀중학교,184380201
5200307000,307,102,센텀중학교,184380201
5201002000,1002,58,센텀중학교,184380201
5200115000,115,11,센텀파크,184380401
5200181000,181,75,센텀파크,184380401
5200307000,307,19,센텀파크,184380401
5201002000,1002,52,센텀파크,184380401
5200115000,115,12,센텀초등학교,184380402
5200181000,181,76,센텀초등학교,184380402
5200307000,307,20,센텀초등학교,184380402
5201002000,1002,53,센텀초등학교,184380402
5290903000,해운대구3,22,센텀스타,184380403
5290903200,해운대구3-2,7,센텀스타,184380403
5290903000,해운대구3,24,센텀초등학교,184380404
5290903200,해운대구3-2,9,센텀초등학교,184380404
5290903000,해운대구3,23,센텀파크.부산은행,184380405
5290903200,해운대구3-2,8,센텀파크.부산은행,184380405
5200005100,5-1,116,유창맨션,184410101
5200115000,115,23,유창맨션,184410101
5200115100,115-1,94,유창맨션,184410101
5200005100,5-1,117,재송초등학교,184410102
5200115000,115,24,재송초등학교,184410102
5200115100,115-1,95,재송초등학교,184410102
5200005100,5-1,118,재송농협,184410103
5200115000,115,25,재송농협,184410103
5200115100,115-1,96,재송농협,184410103
5290903100,해운대구3-1,23,유창맨션,184410104
5290903100,해운대구3-1,25,재송농협,184410105
5290903100,해운대구3-1,24,재송초등학교,184410106
5200031000,31,24,동해선센텀역,184410402
5200100000,100,36,동해선센텀역,184410402
5200100100,100-1,26,동해선센텀역,184410402
5200107000,107,62,동해선센텀역,184410402
5200155000,155,86,동해선센텀역,184410402
5200200000,200,35,동해선센텀역,184410402
5201002000,1002,62,동해선센텀역,184410402
5200005100,5-1,31,센텀고등학교,184420103
5200031000,31,130,센텀고등학교,184420103
5200100000,100,95,센텀고등학교,184420103
5200100100,100-1,85,센텀고등학교,184420103
5200107000,107,54,센텀고등학교,184420103
5200115000,115,53,센텀고등학교,184420103
5200115100,115-1,30,센텀고등학교,184420103
5200155000,155,40,센텀고등학교,184420103
5200200000,200,95,센텀고등학교,184420103
5200005100,5-1,32,센텀센시빌,184420104
5200031000,31,131,센텀센시빌,184420104
5200100000,100,96,센텀센시빌,184420104
5200100100,100-1,86,센텀센시빌,184420104
5200107000,107,55,센텀센시빌,184420104
5200115000,115,54,센텀센시빌,184420104
5200115100,115-1,31,센텀센시빌,184420104
5200155000,155,41,센텀센시빌,184420104
5200200000,200,96,센텀센시빌,184420104
5201002000,1002,48,센텀센시빌,184420104
5290606100,동래구6-1,54,센텀롯데캐슬아파트,184430102
5290606100,동래구6-1,55,인지초등학교,184430103
5200005100,5-1,132,(구)강변자동차매매단지,184440101
5200043000,43,114,(구)강변자동차매매단지,184440101
5200107000,107,71,(구)강변자동차매매단지,184440101
5200155000,155,24,(구)강변자동차매매단지,184440101
5200005100,5-1,14,세월교입구.선수촌아파트,184440301
5200043000,43,14,세월교입구.선수촌아파트,184440301
5200107000,107,45,세월교입구.선수촌아파트,184440301
5200155000,155,100,세월교입구.선수촌아파트,184440301
5200036000,36,55,신촌입구,184450201
5200115100,115-1,17,신촌입구,184450201
5200155000,155,25,신촌입구,184450201
5200189100,189-1,23,신촌입구,184450201
5200036000,36,56,장산성당,184450202
5200115100,115-1,18,장산성당,184450202
5200155000,155,26,장산성당,184450202
5200189100,189-1,24,장산성당,184450202
5200005100,5-1,13,(구)강변자동차매매단지,184450301
5200043000,43,13,(구)강변자동차매매단지,184450301
5200107000,107,44,(구)강변자동차매매단지,184450301
5200155000,155,99,(구)강변자동차매매단지,184450301
5200036000,36,42,반송보건지소,184460201
5200115100,115-1,4,반송보건지소,184460201
5200129100,129-1,4,반송보건지소,184460201
5200183000,183,28,반송보건지소,184460201
5200189000,189,10,반송보건지소,184460201
5200189100,189-1,10,반송보건지소,184460201
5200183F00,183-F,28,반송보건지소,184460201
5200036000,36,43,반송시장,184460202
5200115100,115-1,5,반송시장,184460202
5200129100,129-1,5,반송시장,184460202
5200183000,183,29,반송시장,184460202
5200189000,189,11,반송시장,184460202
5200189100,189-1,11,반송시장,184460202
5200183F00,183-F,29,반송시장,184460202
5291611000,기장군11,26,반송보건지소,184460203
5291611000,기장군11,27,반송시장,184460204
5200036000,36,102,반송우체국.영산대역,184470201
5200115100,115-1,116,반송우체국.영산대역,184470201
5200129100,129-1,114,반송우체국.영산대역,184470201
5200183000,183,78,반송우체국.영산대역,184470201
5200189000,189,85,반송우체국.영산대역,184470201
5200189100,189-1,83,반송우체국.영산대역,184470201
5200183F00,183-F,82,반송우체국.영산대역,184470201
5200036000,36,45,반송초등학교,184470301
5200115100,115-1,7,반송초등학교,184470301
5200129100,129-1,7,반송초등학교,184470301
5200183000,183,31,반송초등학교,184470301
5200189000,189,13,반송초등학교,184470301
5200189100,189-1,13,반송초등학교,184470301
5200183F00,183-F,31,반송초등학교,184470301
5200036000,36,46,옹기골,184470302
5200115100,115-1,8,옹기골,184470302
5200129100,129-1,8,옹기골,184470302
5200183000,183,32,옹기골,184470302
5200189000,189,14,옹기골,184470302
5200189100,189-1,14,옹기골,184470302
5200183F00,183-F,32,옹기골,184470302
5200036000,36,47,석대역,184470303
5200115100,115-1,9,석대역,184470303
5200129100,129-1,9,석대역,184470303
5200183000,183,33,석대역,184470303
5200189000,189,15,석대역,184470303
5200189100,189-1,15,석대역,184470303
5200183F00,183-F,33,석대역,184470303
5200036000,36,48,석대동,184470304
5200115100,115-1,10,석대동,184470304
5200129100,129-1,10,석대동,184470304
5200183000,183,34,석대동,184470304
5200189000,189,16,석대동,184470304
5200189100,189-1,16,석대동,184470304
5200183F00,183-F,34,석대동,184470304
5200036000,36,49,석대화훼단지,184470305
5200106000,106,35,석대화훼단지,184470305
5200107000,107,38,석대화훼단지,184470305
5200115100,115-1,11,석대화훼단지,184470305
5200129100,129-1,11,석대화훼단지,184470305
5200183000,183,35,석대화훼단지,184470305
5200189000,189,17,석대화훼단지,184470305
5200189100,189-1,17,석대화훼단지,184470305
5200183F00,183-F,35,석대화훼단지,184470305
5200036000,36,98,석대동,184480101
5200115100,115-1,112,석대동,184480101
5200129100,129-1,110,석대동,184480101
5200183000,183,74,석대동,184480101
5200189000,189,81,석대동,184480101
5200189100,189-1,79,석대동,184480101
5200183F00,183-F,78,석대동,184480101
5200036000,36,97,석대화훼단지,184480102
5200106000,106,75,석대화훼단지,184480102
5200107000,107,77,석대화훼단지,184480102
5200115100,115-1,111,석대화훼단지,184480102
5200129100,129-1,109,석대화훼단지,184480102
5200183000,183,73,석대화훼단지,184480102
5200189000,189,80,석대화훼단지,184480102
5200189100,189-1,78,석대화훼단지,184480102
5200183F00,183-F,77,석대화훼단지,184480102
5200036000,36,99,석대역,184480103
5200115100,115-1,113,석대역,184480103
5200129100,129-1,111,석대역,184480103
5200183000,183,75,석대역,184480103
5200189000,189,82,석대역,184480103
5200189100,189-1,80,석대역,184480103
5200183F00,183-F,79,석대역,184480103
5200036000,36,100,옹기골,184480104
5200115100,115-1,114,옹기골,184480104
5200129100,129-1,112,옹기골,184480104
5200183000,183,76,옹기골,184480104
5200189000,189,83,옹기골,184480104
5200189100,189-1,81,옹기골,184480104
5200183F00,183-F,80,옹기골,184480104
5200036000,36,101,반송초등학교,184480105
5200115100,115-1,115,반송초등학교,184480105
5200129100,129-1,113,반송초등학교,184480105
5200183000,183,77,반송초등학교,184480105
5200189000,189,84,반송초등학교,184480105
5200189100,189-1,82,반송초등학교,184480105
5200183F00,183-F,81,반송초등학교,184480105
5200005100,5-1,9,반여농산물도매시장동문,184480201
5200036000,36,51,반여농산물도매시장동문,184480201
5200043000,43,9,반여농산물도매시장동문,184480201
5200107000,107,40,반여농산물도매시장동문,184480201
5200115100,115-1,13,반여농산물도매시장동문,184480201
5200184000,184,39,반여농산물도매시장동문,184480201
5200189100,189-1,19,반여농산물도매시장동문,184480201
5200005100,5-1,8,반여농산물시장역,184480202
5200036000,36,50,반여농산물시장역,184480202
5200043000,43,8,반여농산물시장역,184480202
5200107000,107,39,반여농산물시장역,184480202
5200115100,115-1,12,반여농산물시장역,184480202
5200184000,184,38,반여농산물시장역,184480202
5200189100,189-1,18,반여농산물시장역,184480202
5200005100,5-1,138,반여농산물도매시장,184480301
5200043000,43,120,반여농산물도매시장,184480301
5200106000,106,36,반여농산물도매시장,184480301
5200129100,129-1,12,반여농산물도매시장,184480301
5200183000,183,36,반여농산물도매시장,184480301
5200189000,189,18,반여농산물도매시장,184480301
5200183F00,183-F,36,반여농산물도매시장,184480301
5200038000,38,154,당사입구,184490101
5200039000,39,114,당사입구,184490101
5200040000,40,143,당사입구,184490101
5200063000,63,124,당사입구,184490101
5200139000,139,59,당사입구,184490101
5200200000,200,124,당사입구,184490101
5201003F00,1003-F,108,당사입구,184490101
5200038000,38,155,내리,184490102
5200039000,39,115,내리,184490102
5200040000,40,144,내리,184490102
5200063000,63,125,내리,184490102
5200139000,139,60,내리,184490102
5200185000,185,70,내리,184490102
5200200000,200,125,내리,184490102
5200038000,38,156,내리초등학교,184490103
5200039000,39,116,내리초등학교,184490103
5200040000,40,145,내리초등학교,184490103
5200063000,63,126,내리초등학교,184490103
5200139000,139,61,내리초등학교,184490103
5200185000,185,71,내리초등학교,184490103
5200200000,200,126,내리초등학교,184490103
5201003000,1003,94,내리초등학교,184490103
5203006000,3006,57,내리초등학교,184490103
5201003F00,1003-F,109,내리초등학교,184490103
5200036000,36,104,반송보건지소,184510101
5200115100,115-1,118,반송보건지소,184510101
5200129100,129-1,116,반송보건지소,184510101
5200183000,183,80,반송보건지소,184510101
5200189000,189,87,반송보건지소,184510101
5200189100,189-1,85,반송보건지소,184510101
5200183F00,183-F,84,반송보건지소,184510101
5291611000,기장군11,44,반송보건지소,184510102
5291611000,기장군11,28,반송1동주민센터,184510301
5200189000,189,2,반송주공아파트,184520101
5200189100,189-1,2,반송주공아파트,184520101
5200189000,189,96,고촌역.대진여객,184520301
5200189100,189-1,94,고촌역.대진여객,184520301
5200189000,189,8,송운초등학교,184530301
5200189100,189-1,8,송운초등학교,184530301
5200189000,189,9,본동,184530302
5200189100,189-1,9,본동,184530302
5200005100,5-1,10,풍산금속,184540101
5200036000,36,52,풍산금속,184540101
5200043000,43,10,풍산금속,184540101
5200107000,107,41,풍산금속,184540101
5200115100,115-1,14,풍산금속,184540101
5200189100,189-1,20,풍산금속,184540101
5200115100,115-1,108,반여농산물도매시장남문,184540201
5200184000,184,40,반여농산물도매시장남문,184540201
5200189100,189-1,75,반여농산물도매시장남문,184540201
5200005100,5-1,136,반여농산물도매시장동문,184540301
5200036000,36,95,반여농산물도매시장동문,184540301
5200043000,43,118,반여농산물도매시장동문,184540301
5200107000,107,75,반여농산물도매시장동문,184540301
5200005100,5-1,133,중리,184550101
5200036000,36,92,중리,184550101
5200043000,43,115,중리,184550101
5200107000,107,72,중리,184550101
5200115100,115-1,105,중리,184550101
5200189100,189-1,72,중리,184550101
5200005100,5-1,134,반석초등학교,184550102
5200036000,36,93,반석초등학교,184550102
5200043000,43,116,반석초등학교,184550102
5200107000,107,73,반석초등학교,184550102
5200115100,115-1,106,반석초등학교,184550102
5200189100,189-1,73,반석초등학교,184550102
5200005100,5-1,12,중리,184550201
5200036000,36,54,중리,184550201
5200043000,43,12,중리,184550201
5200107000,107,43,중리,184550201
5200115100,115-1,16,중리,184550201
5200189100,189-1,22,중리,184550201
5200115000,115,15,디지털엣지코리아,184560101
5200115000,115,16,부산디자인진흥원,184560102
5200189000,189,6,반송도개공입구,184570101
5200189100,189-1,6,반송도개공입구,184570101
5200189000,189,5,남흥아파트,184570102
5200189100,189-1,5,남흥아파트,184570102
5200189000,189,7,반송주공아파트입구,184570103
5200189000,189,94,반송주공아파트입구,184570103
5200189100,189-1,7,반송주공아파트입구,184570103
5200189100,189-1,92,반송주공아파트입구,184570103
5200189000,189,95,반송주공아파트,184580101
5200189100,189-1,93,반송주공아파트,184580101
5200189000,189,4,삼한아파트,184580201
5200189000,189,91,삼한아파트,184580201
5200189100,189-1,4,삼한아파트,184580201
5200189100,189-1,89,삼한아파트,184580201
5200189000,189,3,반송주공아파트입구,184580202
5200189000,189,90,반송주공아파트입구,184580202
5200189100,189-1,3,반송주공아파트입구,184580202
5200189100,189-1,88,반송주공아파트입구,184580202
5200044000,44,100,반여2동,184590101
5200052000,52,98,반여2동,184590101
5200115000,115,29,반여2동,184590101
5200115100,115-1,100,반여2동,184590101
5200144000,144,58,반여2동,184590101
5200155000,155,94,반여2동,184590101
5200189100,189-1,67,반여2동,184590101
5200044000,44,101,수협장산지점,184590102
5200052000,52,99,수협장산지점,184590102
5200115000,115,30,수협장산지점,184590102
5200115100,115-1,101,수협장산지점,184590102
5200144000,144,59,수협장산지점,184590102
5200155000,155,95,수협장산지점,184590102
5200189100,189-1,68,수협장산지점,184590102
5200005100,5-1,24,반산초등학교,184590201
5200115000,115,46,반산초등학교,184590201
5200115100,115-1,23,반산초등학교,184590201
5200144000,144,5,반산초등학교,184590201
5200155000,155,31,반산초등학교,184590201
5200189100,189-1,29,반산초등학교,184590201
5290901000,해운대구1,44,반산초등학교,184590202
5290903000,해운대구3,35,반산초등학교,184590202
5200005100,5-1,123,반여시장입구,184590301
5200044000,44,6,반여시장입구,184590301
5200052000,52,6,반여시장입구,184590301
5200005100,5-1,124,더샵센텀그린,184590302
5200044000,44,7,더샵센텀그린,184590302
5200052000,52,7,더샵센텀그린,184590302
5200005100,5-1,126,재송삼익아파트,184590303
5200044000,44,9,재송삼익아파트,184590303
5200052000,52,9,재송삼익아파트,184590303
5200005100,5-1,122,반여시장,184590304
5200044000,44,5,반여시장,184590304
5200052000,52,5,반여시장,184590304
5200005100,5-1,125,해운대구건강생활지원센터,184590305
5200044000,44,8,해운대구건강생활지원센터,184590305
5200052000,52,8,해운대구건강생활지원센터,184590305
5200005100,5-1,21,센텀파미르아파트,184600101
5200044000,44,97,센텀파미르아파트,184600101
5200052000,52,95,센텀파미르아파트,184600101
5200005100,5-1,22,반여시장입구,184600102
5200044000,44,98,반여시장입구,184600102
5200052000,52,96,반여시장입구,184600102
5200005100,5-1,19,재송삼익아파트,184600103
5200044000,44,95,재송삼익아파트,184600103
5200052000,52,93,재송삼익아파트,184600103
5200005100,5-1,23,반여시장,184600104
5200044000,44,99,반여시장,184600104
5200052000,52,97,반여시장,184600104
5200005100,5-1,20,해운대구건강생활지원센터,184600105
5200044000,44,96,해운대구건강생활지원센터,184600105
5200052000,52,94,해운대구건강생활지원센터,184600105
5290901000,해운대구1,28,반여시장입구,184600106
5290903000,해운대구3,33,반여시장입구,184600106
5290901000,해운대구1,27,센텀파미르,184600107
5290903000,해운대구3,32,센텀파미르,184600107
5290901000,해운대구1,25,재송삼익아파트,184600108
5290903000,해운대구3,30,재송삼익아파트,184600108
5200031000,31,28,원동IC교차로,184600301
5200044000,44,10,원동IC교차로,184600301
5200052000,52,10,원동IC교차로,184600301
5200144000,144,13,원동IC교차로,184600301
5200189100,189-1,36,원동IC교차로,184600301
5200200000,200,39,원동IC교차로,184600301
5201002000,1002,64,원동IC교차로,184600301
5200506000,506,58,일동아파트,184640101
5290606000,동래구6,61,송보자유아파트,184640102
5290606100,동래구6-1,53,송보자유아파트,184640102
5200506000,506,8,센텀SK뷰아파트,184640201
5200506000,506,9,안락현대아파트,184640202
5290606000,동래구6,7,우방아파트,184640203
5290606100,동래구6-1,8,우방아파트,184640203
5290606000,동래구6,8,센텀SK뷰아파트113동,184640204
5290606100,동래구6-1,9,센텀SK뷰아파트113동,184640204
5200506000,506,59,벽산한솔타운,184650101
5200506000,506,60,센텀강변현대아파트,184650102
5200506000,506,61,센텀SD아파트정문,184650103
5200506000,506,62,센텀SD아파트후문,184650104
5200506000,506,63,우신아파트,184650105
5200506000,506,64,대우아파트,184650106
5200506000,506,7,일동아파트,184650301
5290606000,동래구6,6,송보자유아파트,184650302
5290606100,동래구6-1,7,송보자유아파트,184650302
5290606000,동래구6,62,벽산한솔타운아파트,184650401
5291106000,금정구6,13,벽산한솔타운아파트,184650401
5200036000,36,88,무정리길,184710101
5200115000,115,40,무정리길,184710101
5291106000,금정구6,90,선수촌아파트118동,184710102
5290606100,동래구6-1,5,인지초등학교,184710103
5291106000,금정구6,91,인지초등학교,184710103
5290606100,동래구6-1,4,선수촌아파트정문,184710104
5290606100,동래구6-1,3,센텀롯데캐슬3차아파트,184710105
5200036000,36,59,무정초등학교,184710201
5200115000,115,34,무정초등학교,184710201
5290606100,동래구6-1,58,무정초등학교,184710202
5291106000,금정구6,5,무정초등학교,184710202
5200155000,155,89,부일교회,184730101
5200189100,189-1,62,부일교회,184730101
5200155000,155,90,재송시장입구,184730102
5200189100,189-1,63,재송시장입구,184730102
5290903000,해운대구3,9,해운대경찰서,184730202
5290903200,해운대구3-2,18,해운대경찰서,184730202
5200031000,31,127,해운대경찰서,184730203
5200107000,107,51,해운대경찰서,184730203
5200144000,144,52,해운대경찰서,184730203
5200155000,155,37,해운대경찰서,184730203
5200200000,200,92,해운대경찰서,184730203
5201002000,1002,46,해운대경찰서,184730203
5200031000,31,27,동해선재송역,184730302
5200107000,107,65,동해선재송역,184730302
5200144000,144,12,동해선재송역,184730302
5200189100,189-1,35,동해선재송역,184730302
5200200000,200,38,동해선재송역,184730302
5290903000,해운대구3,28,해운대경찰서,184740302
5200031000,31,26,해운대경찰서,184740303
5200107000,107,64,해운대경찰서,184740303
5200144000,144,11,해운대경찰서,184740303
5200155000,155,88,해운대경찰서,184740303
5200200000,200,37,해운대경찰서,184740303
5201002000,1002,63,해운대경찰서,184740303
5200144000,144,53,센텀동부센트레빌,184750101
5200144000,144,54,재송농협,184750102
5200031000,31,128,동부지청어귀교차로,184750402
5200100000,100,93,동부지청어귀교차로,184750402
5200100100,100-1,83,동부지청어귀교차로,184750402
5200107000,107,52,동부지청어귀교차로,184750402
5200155000,155,38,동부지청어귀교차로,184750402
5200200000,200,93,동부지청어귀교차로,184750402
5200115100,115-1,28,재송초등학교,184790101
5200115100,115-1,29,재송노인복지회관,184790102
5290903100,해운대구3-1,10,유창맨션,184790103
5290903100,해운대구3-1,9,재송초등학교,184790104
5200005100,5-1,28,재송농협,184790201
5200115000,115,50,재송농협,184790201
5200144000,144,9,재송농협,184790201
5200005100,5-1,29,센텀동부센트레빌,184790202
5200115000,115,51,센텀동부센트레빌,184790202
5200144000,144,10,센텀동부센트레빌,184790202
5200115100,115-1,27,재송농협,184800201
5290903100,해운대구3-1,8,재송농협,184800202
5200155000,155,35,재송시장입구,184800301
5200189100,189-1,33,재송시장입구,184800301
5200155000,155,36,부일교회,184800302
5200189100,189-1,34,부일교회,184800302
5290903000,해운대구3,8,부일교회,184800303
5290903000,해운대구3,7,재송시장,184800304
5200036000,36,89,인지중학교,184810101
5200115000,115,41,인지중학교,184810101
5200036000,36,58,무정리길,184810201
5200115000,115,33,무정리길,184810201
5290606100,동래구6-1,56,선수촌아파트정문,184810202
5291106000,금정구6,4,선수촌아파트정문,184810202
5290606100,동래구6-1,57,센텀롯데캐슬3차아파트,184810203
5290606100,동래구6-1,6,센텀롯데캐슬아파트,184810302
5200044000,44,2,반여3동,184820101
5200052000,52,2,반여3동,184820101
5200115000,115,43,반여3동,184820101
5200115100,115-1,20,반여3동,184820101
5200144000,144,2,반여3동,184820101
5200155000,155,28,반여3동,184820101
5200189100,189-1,26,반여3동,184820101
5200115000,115,42,반여초등학교,184820102
5200115100,115-1,19,반여초등학교,184820102
5200155000,155,27,반여초등학교,184820102
5200189100,189-1,25,반여초등학교,184820102
5200036000,36,57,인지중학교,184820201
5200115000,115,32,인지중학교,184820201
5291106000,금정구6,3,인지초등학교,184820202
5291106000,금정구6,92,영진종합사회복지관,184820401
5200184000,184,41,반여농산물시장서문,184840301
5200038000,38,151,동해선송정역,184860101
5200039000,39,111,동해선송정역,184860101
5200040000,40,140,동해선송정역,184860101
5200063000,63,121,동해선송정역,184860101
5200139000,139,56,동해선송정역,184860101
5200200000,200,121,동해선송정역,184860101
5203006000,3006,56,동해선송정역,184860101
5201003F00,1003-F,106,동해선송정역,184860101
5200038000,38,152,송정2휴먼시아,184860102
5200039000,39,112,송정2휴먼시아,184860102
5200040000,40,141,송정2휴먼시아,184860102
5200063000,63,122,송정2휴먼시아,184860102
5200139000,139,57,송정2휴먼시아,184860102
5200200000,200,122,송정2휴먼시아,184860102
5201001000,1001,83,송정2휴먼시아,184860102
5201003000,1003,93,송정2휴먼시아,184860102
5201003F00,1003-F,107,송정2휴먼시아,184860102
5200100100,100-1,110,송정해수욕장입구(기종점),184860103
5200141000,141,101,송정해수욕장입구(기종점),184860103
5200141F00,141-F,90,송정해수욕장입구(기종점),184860103
5200038000,38,153,브라보주유소,184860104
5200039000,39,113,브라보주유소,184860104
5200040000,40,142,브라보주유소,184860104
5200063000,63,123,브라보주유소,184860104
5200139000,139,58,브라보주유소,184860104
5200200000,200,123,브라보주유소,184860104
5200100000,100,117,송정,184860201
5200181000,181,104,송정,184860201
5200185000,185,62,송정,184860201
5200100000,100,118,송정해수욕장,184860202
5200181000,181,105,송정해수욕장,184860202
5200185000,185,63,송정해수욕장,184860202
5200031000,31,2,송정1단지주공,184860301
5200038000,38,11,송정1단지주공,184860301
5200039000,39,26,송정1단지주공,184860301
5200040000,40,11,송정1단지주공,184860301
5200063000,63,11,송정1단지주공,184860301
5200100000,100,15,송정1단지주공,184860301
5200100100,100-1,1,송정1단지주공,184860301
5200139000,139,38,송정1단지주공,184860301
5200141000,141,1,송정1단지주공,184860301
5200181000,181,51,송정1단지주공,184860301
5200200000,200,11,송정1단지주공,184860301
5200307000,307,2,송정1단지주공,184860301
5200141F00,141-F,1,송정1단지주공,184860301
5200036000,36,103,반송시장,184870101
5200115100,115-1,117,반송시장,184870101
5200129100,129-1,115,반송시장,184870101
5200183000,183,79,반송시장,184870101
5200189000,189,86,반송시장,184870101
5200189100,189-1,84,반송시장,184870101
5200183F00,183-F,83,반송시장,184870101
5291611000,기장군11,43,반송시장,184870102
5200036000,36,44,반송우체국.영산대역,184870301
5200115100,115-1,6,반송우체국.영산대역,184870301
5200129100,129-1,6,반송우체국.영산대역,184870301
5200183000,183,30,반송우체국.영산대역,184870301
5200189000,189,12,반송우체국.영산대역,184870301
5200189100,189-1,12,반송우체국.영산대역,184870301
5200183F00,183-F,30,반송우체국.영산대역,184870301
5291611000,기장군11,29,반송골목시장,184880201
5291611000,기장군11,30,영산대학교입구,184900201
5291611000,기장군11,31,성주탕,184900202
5291611000,기장군11,41,반송골목시장,184900301
5291611000,기장군11,40,영산대학교입구,184910101
5291611000,기장군11,39,성주탕,184910102
5291611000,기장군11,32,모던홈마트,184910201
5200005100,5-1,130,장산초등학교,184950101
5200043000,43,112,장산초등학교,184950101
5200107000,107,69,장산초등학교,184950101
5200155000,155,22,장산초등학교,184950101
5200005100,5-1,129,한화꿈에그린아파트,184950102
5200043000,43,111,한화꿈에그린아파트,184950102
5200107000,107,68,한화꿈에그린아파트,184950102
5200155000,155,21,한화꿈에그린아파트,184950102
5291106000,금정구6,10,장산중학교.꿈에그린아파트,184950103
5200005100,5-1,17,반여동부산은행,184950201
5200043000,43,17,반여동부산은행,184950201
5200107000,107,48,반여동부산은행,184950201
5200155000,155,103,반여동부산은행,184950201
5291106000,금정구6,85,왕자아파트.반여동부산은행,184950202
5200044000,44,102,반여3동,184980101
5200052000,52,100,반여3동,184980101
5200115000,115,31,반여3동,184980101
5200115100,115-1,102,반여3동,184980101
5200144000,144,60,반여3동,184980101
5200155000,155,96,반여3동,184980101
5200189100,189-1,69,반여3동,184980101
5200044000,44,3,수협장산지점,184980301
5200052000,52,3,수협장산지점,184980301
5200115000,115,44,수협장산지점,184980301
5200115100,115-1,21,수협장산지점,184980301
5200144000,144,3,수협장산지점,184980301
5200155000,155,29,수협장산지점,184980301
5200189100,189-1,27,수협장산지점,184980301
5200044000,44,4,반여2동,184980302
5200052000,52,4,반여2동,184980302
5200115000,115,45,반여2동,184980302
5200115100,115-1,22,반여2동,184980302
5200144000,144,4,반여2동,184980302
5200155000,155,30,반여2동,184980302
5200189100,189-1,28,반여2동,184980302
5200005100,5-1,119,동부지청,184990101
5200115000,115,26,동부지청,184990101
5200115100,115-1,97,동부지청,184990101
5200144000,144,55,동부지청,184990101
5200155000,155,91,동부지청,184990101
5200189100,189-1,64,동부지청,184990101
5290903100,해운대구3-1,26,동부지청입구,184990201
5290903000,해운대구3,6,동부지청입구,184990301
5290903100,해운대구3-1,7,동부지청입구,184990301
5200005100,5-1,121,반산초등학교,185000101
5200115000,115,28,반산초등학교,185000101
5200115100,115-1,99,반산초등학교,185000101
5200144000,144,57,반산초등학교,185000101
5200155000,155,93,반산초등학교,185000101
5200189100,189-1,66,반산초등학교,185000101
5290901000,해운대구1,45,남성선파크타운,185000201
5290903000,해운대구3,36,남성선파크타운,185000201
5290903100,해운대구3-1,30,남성선파크타운,185000201
5200005100,5-1,25,재송중학교,185000301
5200115000,115,47,재송중학교,185000301
5200115100,115-1,24,재송중학교,185000301
5200144000,144,6,재송중학교,185000301
5200155000,155,32,재송중학교,185000301
5200189100,189-1,30,재송중학교,185000301
5200005100,5-1,26,재송그린아파트,185000302
5200115000,115,48,재송그린아파트,185000302
5200115100,115-1,25,재송그린아파트,185000302
5200144000,144,7,재송그린아파트,185000302
5200155000,155,33,재송그린아파트,185000302
5200189100,189-1,31,재송그린아파트,185000302
5290903000,해운대구3,4,재송그린아파트,185000303
5290903100,해운대구3-1,4,재송그린아파트,185000303
5290903000,해운대구3,3,재송중학교,185000304
5290903100,해운대구3-1,3,재송중학교,185000304
5200005100,5-1,120,재송그린아파트,185010101
5200115000,115,27,재송그린아파트,185010101
5200115100,115-1,98,재송그린아파트,185010101
5200144000,144,56,재송그린아파트,185010101
5200155000,155,92,재송그린아파트,185010101
5200189100,189-1,65,재송그린아파트,185010101
5290903100,해운대구3-1,29,재송그린아파트,185010102
5290903100,해운대구3-1,5,KT재송지사,185010201
5200005100,5-1,27,동부지청,185010301
5200115000,115,49,동부지청,185010301
5200115100,115-1,26,동부지청,185010301
5200144000,144,8,동부지청,185010301
5200155000,155,34,동부지청,185010301
5200189100,189-1,32,동부지청,185010301
5290901000,해운대구1,3,남성선파크타운,185030301
5290903000,해운대구3,2,남성선파크타운,185030301
5290903100,해운대구3-1,2,남성선파크타운,185030301
5200036000,36,87,무정초등학교,185040101
5200115000,115,39,무정초등학교,185040101
5290606100,동래구6-1,2,무정초등학교,185040102
5291106000,금정구6,89,무정초등학교,185040102
5290606100,동래구6-1,59,센텀롯데캐슬2차아파트,185040201
5200036000,36,60,무정삼거리,185040301
5200115000,115,35,무정삼거리,185040301
5291106000,금정구6,6,무정삼거리,185040302
5291106000,금정구6,7,드파인센텀.센텀스위첸,185040303
5290606100,동래구6-1,1,센텀롯데캐슬2차아파트,185050101
5290903100,해운대구3-1,11,센텀스타,185060302
5200031000,31,133,올림픽교차로환승센터,185070101
5200039000,39,92,올림픽교차로환승센터,185070101
5200040000,40,116,올림픽교차로환승센터,185070101
5200063000,63,101,올림픽교차로환승센터,185070101
5200100000,100,98,올림픽교차로환승센터,185070101
5200100100,100-1,88,올림픽교차로환승센터,185070101
5200115100,115-1,33,올림픽교차로환승센터,185070101
5200141000,141,83,올림픽교차로환승센터,185070101
5200181000,181,85,올림픽교차로환승센터,185070101
5200200000,200,98,올림픽교차로환승센터,185070101
5203006000,3006,47,올림픽교차로환승센터,185070101
5200141F00,141-F,71,올림픽교차로환승센터,185070101
5290903100,해운대구3-1,16,홈플러스,185070202
5290903200,해운대구3-2,1,홈플러스,185070202
5290903200,해운대구3-2,27,홈플러스,185070202
5291202100,수영구2-1,1,홈플러스,185070202
5200005100,5-1,113,동해선벡스코역,185070303
5200031000,31,21,동해선벡스코역,185070303
5200100000,100,33,동해선벡스코역,185070303
5200100100,100-1,23,동해선벡스코역,185070303
5200107000,107,59,동해선벡스코역,185070303
5200115000,115,20,동해선벡스코역,185070303
5200115100,115-1,91,동해선벡스코역,185070303
5200155000,155,83,동해선벡스코역,185070303
5200200000,200,32,동해선벡스코역,185070303
5201002000,1002,60,동해선벡스코역,185070303
5200005100,5-1,34,센텀시티역.벡스코,185100201
5200039000,39,43,센텀시티역.벡스코,185100201
5200040000,40,35,센텀시티역.벡스코,185100201
5200063000,63,30,센텀시티역.벡스코,185100201
5200115000,115,56,센텀시티역.벡스코,185100201
5200141000,141,19,센텀시티역.벡스코,185100201
5200155000,155,43,센텀시티역.벡스코,185100201
5200181000,181,70,센텀시티역.벡스코,185100201
5200185000,185,39,센텀시티역.벡스코,185100201
5201001000,1001,19,센텀시티역.벡스코,185100201
5201002000,1002,50,센텀시티역.벡스코,185100201
5203001000,3001,28,센텀시티역.벡스코,185100201
5200141F00,141-F,20,센텀시티역.벡스코,185100201
5290903100,해운대구3-1,17,센텀시티2번출구,185100202
5290903200,해운대구3-2,2,센텀시티2번출구,185100202
5291202100,수영구2-1,2,센텀시티2번출구,185100202
5200307000,307,14,벡스코,185110301
5200307000,307,106,벡스코,185120101
5200005100,5-1,112,센텀시티역.벡스코,185130101
5200039000,39,91,센텀시티역.벡스코,185130101
5200040000,40,115,센텀시티역.벡스코,185130101
5200063000,63,100,센텀시티역.벡스코,185130101
5200107000,107,58,센텀시티역.벡스코,185130101
5200115000,115,19,센텀시티역.벡스코,185130101
5200141000,141,82,센텀시티역.벡스코,185130101
5200155000,155,82,센텀시티역.벡스코,185130101
5200181000,181,84,센텀시티역.벡스코,185130101
5200185000,185,36,센텀시티역.벡스코,185130101
5201001000,1001,70,센텀시티역.벡스코,185130101
5201002000,1002,59,센텀시티역.벡스코,185130101
5200141F00,141-F,70,센텀시티역.벡스코,185130101
5290903100,해운대구3-1,15,센텀시티1번출구,185130103
5290903200,해운대구3-2,26,센텀시티1번출구,185130103
5291202100,수영구2-1,19,센텀시티1번출구,185130103
5200307000,307,15,롯데백화점센텀시티점,185130401
5290903100,해운대구3-1,18,센텀시티4번출구,185130402
5290903200,해운대구3-2,3,센텀시티4번출구,185130402
5200005100,5-1,35,신세계센텀시티,185160301
5200039000,39,44,신세계센텀시티,185160301
5200040000,40,36,신세계센텀시티,185160301
5200063000,63,31,신세계센텀시티,185160301
5200141000,141,20,신세계센텀시티,185160301
5200155000,155,44,신세계센텀시티,185160301
5200141F00,141-F,21,신세계센텀시티,185160301
5200005100,5-1,111,신세계센텀시티,185220101
5200039000,39,90,신세계센텀시티,185220101
5200040000,40,114,신세계센텀시티,185220101
5200063000,63,99,신세계센텀시티,185220101
5200141000,141,81,신세계센텀시티,185220101
5200155000,155,81,신세계센텀시티,185220101
5200185000,185,35,신세계센텀시티,185220101
5200141F00,141-F,69,신세계센텀시티,185220101
5200038000,38,129,해강중고교,185270101
5200185000,185,40,해강중고교,185270101
5200307000,307,107,해강중고교,185270101
5201003000,1003,81,해강중고교,185270101
5201003F00,1003-F,93,해강중고교,185270101
5200031000,31,20,벡스코.시립미술관,185300502
5200039000,39,42,벡스코.시립미술관,185300502
5200040000,40,34,벡스코.시립미술관,185300502
5200063000,63,29,벡스코.시립미술관,185300502
5200100000,100,32,벡스코.시립미술관,185300502
5200100100,100-1,22,벡스코.시립미술관,185300502
5200115100,115-1,90,벡스코.시립미술관,185300502
5200141000,141,18,벡스코.시립미술관,185300502
5200181000,181,69,벡스코.시립미술관,185300502
5200185000,185,38,벡스코.시립미술관,185300502
5200200000,200,31,벡스코.시립미술관,185300502
5203001000,3001,27,벡스코.시립미술관,185300502
5200141F00,141-F,19,벡스코.시립미술관,185300502
5200038000,38,130,요트경기장,185320101
5200038000,38,31,해강중고교,185320301
5200185000,185,34,해강중고교,185320301
5200307000,307,13,해강중고교,185320301
5201003000,1003,31,해강중고교,185320301
5201003F00,1003-F,35,해강중고교,185320301
5200185000,185,48,중동119안전센터,185410203
5200200000,200,108,중동119안전센터,185410203
5200141F00,141-F,81,중동119안전센터,185410203
5200185000,185,50,동백초등학교,185410204
5200200000,200,110,동백초등학교,185410204
5200141F00,141-F,83,동백초등학교,185410204
5200185000,185,49,중2동행정복지센터,185410205
5200200000,200,109,중2동행정복지센터,185410205
5200141F00,141-F,82,중2동행정복지센터,185410205
5200039000,39,103,동백초등학교.해운대보건소,185420101
5200100000,100,109,동백초등학교.해운대보건소,185420101
5200141000,141,94,동백초등학교.해운대보건소,185420101
5201003F00,1003-F,101,동백초등학교.해운대보건소,185420101
5200040000,40,29,신동아아파트,185430301
5200040000,40,28,아림비치맨션,185440301
5290902000,해운대구2,12,우성빌라트,185490201
5290907000,해운대구7,13,우성빌라트,185490201
5290910000,해운대구10,12,우성빌라트,185490201
5290902000,해운대구2,10,동백초등학교.힐스테이트위브아파트,185490202
5290910000,해운대구10,10,동백초등학교.힐스테이트위브아파트,185490202
5290902000,해운대구2,11,현우산호맨션,185490203
5290907000,해운대구7,12,현우산호맨션,185490203
5290910000,해운대구10,11,현우산호맨션,185490203
5290902000,해운대구2,40,동백초등학교.힐스테이트위브아파트,185490301
5290910000,해운대구10,40,동백초등학교.힐스테이트위브아파트,185490301
5290902000,해운대구2,5,SK뷰아파트,185510401
5290907000,해운대구7,5,SK뷰아파트,185510401
5290902000,해운대구2,4,경남선경아파트,185510402
5290907000,해운대구7,4,경남선경아파트,185510402
5290910000,해운대구10,5,경남선경아파트,185510402
5290910000,해운대구10,46,해월정사어귀삼거리,185520101
5290910000,해운대구10,47,새터,185520102
5290910000,해운대구10,48,슈퍼앞,185520103
5200040000,40,20,부대앞,185530301
5200185000,185,44,해운대해수욕장,185580201
5200307000,307,111,해운대해수욕장,185580201
5201003000,1003,85,해운대해수욕장,185580201
5201003F00,1003-F,97,해운대해수욕장,185580201
5200185000,185,31,동백섬입구,185580301
5200307000,307,10,동백섬입구,185580301
5201003000,1003,28,동백섬입구,185580301
5201003F00,1003-F,32,동백섬입구,185580301
5200139000,139,51,벽산아파트,185600101
5200307000,307,116,벽산아파트,185600101
5290907000,해운대구7,45,벽산아파트,185600102
5200139000,139,40,장산역.화목아파트,185610201
5200307000,307,4,장산역.화목아파트,185610201
5200038000,38,148,대우2차아파트,185620101
5200040000,40,137,대우2차아파트,185620101
5200307000,307,117,대우2차아파트,185620101
5200039000,39,28,한라아파트,185620201
5200100000,100,17,한라아파트,185620201
5200115100,115-1,51,한라아파트,185620201
5200141000,141,3,한라아파트,185620201
5200200000,200,13,한라아파트,185620201
5201003000,1003,21,한라아파트,185620201
5200141F00,141-F,3,한라아파트,185620201
5201003F00,1003-F,24,한라아파트,185620201
5290907000,해운대구7,47,한라아파트,185620202
5200038000,38,13,부흥고.해운대백병원,185620401
5200039000,39,107,부흥고.해운대백병원,185620401
5200040000,40,13,부흥고.해운대백병원,185620401
5200100000,100,114,부흥고.해운대백병원,185620401
5200115100,115-1,73,부흥고.해운대백병원,185620401
5200139000,139,52,부흥고.해운대백병원,185620401
5200141000,141,98,부흥고.해운대백병원,185620401
5200200000,200,117,부흥고.해운대백병원,185620401
5200141F00,141-F,87,부흥고.해운대백병원,185620401
5200038000,38,23,동일아파트,185630401
5200139000,139,42,좌동재래시장입구,185660101
5200185000,185,54,좌동재래시장입구,185660101
5200038000,38,139,좌동재래시장,185660401
5201001000,1001,77,좌동재래시장,185660401
5200100000,100,111,대우아파트,185690101
5200200000,200,114,대우아파트,185690101
5290902000,해운대구2,45,대우.상록아파트,185690102
5290910000,해운대구10,43,대우.상록아파트,185690102
5200185000,185,30,해운대해수욕장,185760201
5200307000,307,9,해운대해수욕장,185760201
5201003000,1003,27,해운대해수욕장,185760201
5201003F00,1003-F,31,해운대해수욕장,185760201
5200307000,307,112,그랜드조선부산호텔,185770102
5200185000,185,29,해운대해수욕장입구,185770201
5200307000,307,8,해운대해수욕장입구,185770201
5201003000,1003,26,해운대해수욕장입구,185770201
5201003F00,1003-F,30,해운대해수욕장입구,185770201
5200063000,63,109,중동역.순복음교회,185820101
5200100100,100-1,96,중동역.순복음교회,185820101
5200115100,115-1,41,중동역.순복음교회,185820101
5200181000,181,93,중동역.순복음교회,185820101
5200063000,63,110,코오롱아파트,185820102
5200100100,100-1,97,코오롱아파트,185820102
5200115100,115-1,42,코오롱아파트,185820102
5200181000,181,94,코오롱아파트,185820102
5200063000,63,20,코오롱아파트,185830301
5200100100,100-1,13,코오롱아파트,185830301
5200115100,115-1,81,코오롱아파트,185830301
5200181000,181,60,코오롱아파트,185830301
5200063000,63,21,중동역.순복음교회,185830302
5200100100,100-1,14,중동역.순복음교회,185830302
5200115100,115-1,82,중동역.순복음교회,185830302
5200181000,181,61,중동역.순복음교회,185830302
5200063000,63,19,한일아파트,185840201
5200100100,100-1,12,한일아파트,185840201
5200115100,115-1,80,한일아파트,185840201
5200181000,181,59,한일아파트,185840201
5200063000,63,112,LH뜨란채아파트,185840301
5200100100,100-1,99,LH뜨란채아파트,185840301
5200115100,115-1,44,LH뜨란채아파트,185840301
5200181000,181,96,LH뜨란채아파트,185840301
5200039000,39,106,벽산아파트,185870301
5200100000,100,113,벽산아파트,185870301
5200115100,115-1,72,벽산아파트,185870301
5200141000,141,97,벽산아파트,185870301
5200200000,200,116,벽산아파트,185870301
5201003000,1003,90,벽산아파트,185870301
5200141F00,141-F,86,벽산아파트,185870301
5201003F00,1003-F,103,벽산아파트,185870301
5290902000,해운대구2,28,중1동,185900301
5290907000,해운대구7,30,중1동,185900301
5290910000,해운대구10,28,중1동,185900301
5200039000,39,100,중1동,185910101
5200100000,100,106,중1동,185910101
5200115100,115-1,63,중1동,185910101
5200141000,141,91,중1동,185910101
5200185000,185,46,중1동,185910101
5200200000,200,106,중1동,185910101
5200141F00,141-F,79,중1동,185910101
5290902000,해운대구2,22,중1동,185910301
5290907000,해운대구7,24,중1동,185910301
5290910000,해운대구10,22,중1동,185910301
5290902000,해운대구2,26,해운대시장,185930201
5290907000,해운대구7,28,해운대시장,185930201
5290910000,해운대구10,26,해운대시장,185930201
5200031000,31,13,해운대구청,185950301
5200039000,39,35,해운대구청,185950301
5200100000,100,25,해운대구청,185950301
5200115100,115-1,60,해운대구청,185950301
5200141000,141,11,해운대구청,185950301
5200200000,200,24,해운대구청,185950301
5200141F00,141-F,12,해운대구청,185950301
5290902000,해운대구2,23,해운대구청,185950302
5290907000,해운대구7,25,해운대구청,185950302
5290910000,해운대구10,23,해운대구청,185950302
5290902000,해운대구2,25,해운대도시철도역,185960401
5290907000,해운대구7,27,해운대도시철도역,185960401
5290910000,해운대구10,25,해운대도시철도역,185960401
5200063000,63,108,건널목삼거리,186000301
5200100100,100-1,95,건널목삼거리,186000301
5200115100,115-1,40,건널목삼거리,186000301
5200181000,181,92,건널목삼거리,186000301
5200040000,40,22,건널목삼거리,186010201
5200063000,63,22,건널목삼거리,186010201
5200100100,100-1,15,건널목삼거리,186010201
5200115100,115-1,83,건널목삼거리,186010201
5200181000,181,62,건널목삼거리,186010201
5200040000,40,127,건널목삼거리,186010301
5200040000,40,128,해운대고교,186010302
5200040000,40,21,해운대고교,186020301
5200039000,39,34,중1동,186030201
5200100000,100,24,중1동,186030201
5200115100,115-1,59,중1동,186030201
5200141000,141,10,중1동,186030201
5200185000,185,27,중1동,186030201
5200200000,200,23,중1동,186030201
5200141F00,141-F,11,중1동,186030201
5200039000,39,33,미포.문탠로드입구,186080301
5200100000,100,23,미포.문탠로드입구,186080301
5200141000,141,9,미포.문탠로드입구,186080301
5200185000,185,26,미포.문탠로드입구,186080301
5200200000,200,22,미포.문탠로드입구,186080301
5201003000,1003,24,미포.문탠로드입구,186080301
5200141F00,141-F,10,미포.문탠로드입구,186080301
5201003F00,1003-F,28,미포.문탠로드입구,186080301
5290902000,해운대구2,21,미포.문탠로드입구,186080302
5290907000,해운대구7,23,미포.문탠로드입구,186080302
5290910000,해운대구10,21,미포.문탠로드입구,186080302
5200200000,200,21,중동119안전센터,186090203
5200141F00,141-F,9,중동119안전센터,186090203
5200200000,200,19,동백초등학교,186090204
5200141F00,141-F,7,동백초등학교,186090204
5200200000,200,20,중2동행정복지센터,186090205
5200141F00,141-F,8,중2동행정복지센터,186090205
5200039000,39,32,동백중학교,186100301
5200100000,100,22,동백중학교,186100301
5200141000,141,8,동백중학교,186100301
5200185000,185,25,동백중학교,186100301
5201003000,1003,23,동백중학교,186100301
5201003F00,1003-F,27,동백중학교,186100301
5200185000,185,52,장산역.웅신시네아트,186120301
5200200000,200,112,장산역.웅신시네아트,186120301
5200115100,115-1,67,장산역,186130102
5200139000,139,50,장산역,186130102
5200307000,307,115,장산역,186130102
5203006000,3006,54,장산역,186130102
5290902000,해운대구2,43,장산역,186130103
5290907000,해운대구7,44,장산역,186130103
5290910000,해운대구10,41,장산역,186130103
5200185000,185,22,장산역,186130201
5200200000,200,17,장산역,186130201
5200039000,39,102,동백중학교,186140101
5200100000,100,108,동백중학교,186140101
5200141000,141,93,동백중학교,186140101
5201003000,1003,88,동백중학교,186140101
5201003F00,1003-F,100,동백중학교,186140101
5200038000,38,137,동일아파트,186160201
5200038000,38,24,이마트.중동역,186160401
5201001000,1001,14,이마트.중동역,186160401
5200185000,185,43,동백섬입구,186180101
5200307000,307,110,동백섬입구,186180101
5201003000,1003,84,동백섬입구,186180101
5201003F00,1003-F,96,동백섬입구,186180101
5200031000,31,6,대동아파트,186190401
5200038000,38,19,대동아파트,186190401
5200040000,40,16,대동아파트,186190401
5200063000,63,15,대동아파트,186190401
5200100100,100-1,8,대동아파트,186190401
5200115100,115-1,76,대동아파트,186190401
5200181000,181,55,대동아파트,186190401
5201001000,1001,10,대동아파트,186190401
5200031000,31,7,대림1차아파트,186190402
5200038000,38,20,대림1차아파트,186190402
5200040000,40,17,대림1차아파트,186190402
5200063000,63,16,대림1차아파트,186190402
5200100100,100-1,9,대림1차아파트,186190402
5200115100,115-1,77,대림1차아파트,186190402
5200181000,181,56,대림1차아파트,186190402
5201001000,1001,11,대림1차아파트,186190402
5200031000,31,148,동부아파트,186200201
5200038000,38,145,동부아파트,186200201
5200040000,40,134,동부아파트,186200201
5200063000,63,116,동부아파트,186200201
5200100100,100-1,106,동부아파트,186200201
5200115100,115-1,48,동부아파트,186200201
5200181000,181,100,동부아파트,186200201
5201001000,1001,80,동부아파트,186200201
5200031000,31,149,동신아파트,186200202
5200038000,38,146,동신아파트,186200202
5200040000,40,135,동신아파트,186200202
5200063000,63,117,동신아파트,186200202
5200100100,100-1,107,동신아파트,186200202
5200115100,115-1,49,동신아파트,186200202
5200181000,181,101,동신아파트,186200202
5200139000,139,47,해운대교육지원청,186200301
5200031000,31,146,대림1차아파트,186210101
5200038000,38,140,대림1차아파트,186210101
5200040000,40,132,대림1차아파트,186210101
5200063000,63,114,대림1차아파트,186210101
5200100100,100-1,101,대림1차아파트,186210101
5200115100,115-1,46,대림1차아파트,186210101
5200181000,181,98,대림1차아파트,186210101
5201001000,1001,78,대림1차아파트,186210101
5200031000,31,147,대동아파트,186210102
5200038000,38,141,대동아파트,186210102
5200040000,40,133,대동아파트,186210102
5200063000,63,115,대동아파트,186210102
5200100100,100-1,102,대동아파트,186210102
5200115100,115-1,47,대동아파트,186210102
5200181000,181,99,대동아파트,186210102
5201001000,1001,79,대동아파트,186210102
5200031000,31,8,대림3차아파트,186210301
5200040000,40,18,대림3차아파트,186210301
5200063000,63,17,대림3차아파트,186210301
5200100100,100-1,10,대림3차아파트,186210301
5200115100,115-1,78,대림3차아파트,186210301
5200181000,181,57,대림3차아파트,186210301
5200040000,40,19,양운초등학교,186210302
5200031000,31,3,신도시시장.아세안문화원,186220301
5200063000,63,12,신도시시장.아세안문화원,186220301
5200100100,100-1,2,신도시시장.아세안문화원,186220301
5200181000,181,52,신도시시장.아세안문화원,186220301
5200185000,185,19,신도시시장.아세안문화원,186220301
5201001000,1001,8,신도시시장.아세안문화원,186220301
5200038000,38,131,부산문화여고,186260101
5200038000,38,30,요트경기장,186260201
5200115100,115-1,66,장산역13번출구,186300101
5200063000,63,111,한일아파트,186310101
5200100100,100-1,98,한일아파트,186310101
5200115100,115-1,43,한일아파트,186310101
5200181000,181,95,한일아파트,186310101
5200100000,100,20,현대아파트,186330201
5200115100,115-1,69,현대아파트,186330201
5200141000,141,6,현대아파트,186330201
5200185000,185,23,현대아파트,186330201
5200200000,200,18,현대아파트,186330201
5200141F00,141-F,6,현대아파트,186330201
5290902000,해운대구2,9,현대아파트,186330202
5290907000,해운대구7,11,현대아파트,186330202
5290910000,해운대구10,9,현대아파트,186330202
5200139000,139,48,좌동재래시장입구,186360301
5200185000,185,20,좌동재래시장입구,186360301
5200139000,139,43,해운대교육지원청,186370101
5200040000,40,23,해운대구청어귀삼거리,186410301
5290902000,해운대구2,24,해운대구청어귀삼거리,186410302
5290907000,해운대구7,26,해운대구청어귀삼거리,186410302
5290910000,해운대구10,24,해운대구청어귀삼거리,186410302
5200039000,39,105,영남아파트,186420101
5200100000,100,112,영남아파트,186420101
5200115100,115-1,71,영남아파트,186420101
5200141000,141,96,영남아파트,186420101
5200200000,200,115,영남아파트,186420101
5201003000,1003,89,영남아파트,186420101
5200141F00,141-F,85,영남아파트,186420101
5201003F00,1003-F,102,영남아파트,186420101
5290902000,해운대구2,46,SK뷰아파트,186420201
5290907000,해운대구7,48,SK뷰아파트,186420201
5290910000,해운대구10,44,SK뷰아파트,186420201
5290902000,해운대구2,47,경남선경아파트,186420202
5290907000,해운대구7,49,경남선경아파트,186420202
5290910000,해운대구10,45,경남선경아파트,186420202
5200039000,39,30,상록아파트107동앞,186420301
5200115100,115-1,53,상록아파트107동앞,186420301
5200100000,100,19,대우아파트,186420401
5200141000,141,5,대우아파트,186420401
5200200000,200,15,대우아파트,186420401
5200141F00,141-F,5,대우아파트,186420401
5290902000,해운대구2,6,대우.상록아파트,186420402
5290910000,해운대구10,6,대우.상록아파트,186420402
5200039000,39,104,SK뷰아파트,186430101
5200115100,115-1,70,SK뷰아파트,186430101
5200141000,141,95,SK뷰아파트,186430101
5200141F00,141-F,84,SK뷰아파트,186430101
5200039000,39,31,해운대보건소,186430301
5200100000,100,21,해운대보건소,186430301
5200141000,141,7,해운대보건소,186430301
5200185000,185,24,해운대보건소,186430301
5201003F00,1003-F,26,해운대보건소,186430301
5200100000,100,110,상록아파트,186430401
5200115100,115-1,54,상록아파트,186430401
5200185000,185,51,상록아파트,186430401
5200200000,200,111,상록아파트,186430401
5290902000,해운대구2,41,상록아파트,186430402
5290907000,해운대구7,42,상록아파트,186430402
5200031000,31,150,신도시시장.아세안문화원,186450101
5200039000,39,108,신도시시장.아세안문화원,186450101
5200063000,63,118,신도시시장.아세안문화원,186450101
5200100000,100,115,신도시시장.아세안문화원,186450101
5200100100,100-1,108,신도시시장.아세안문화원,186450101
5200139000,139,53,신도시시장.아세안문화원,186450101
5200141000,141,99,신도시시장.아세안문화원,186450101
5200181000,181,102,신도시시장.아세안문화원,186450101
5200185000,185,55,신도시시장.아세안문화원,186450101
5200200000,200,118,신도시시장.아세안문화원,186450101
5201001000,1001,81,신도시시장.아세안문화원,186450101
5201003000,1003,91,신도시시장.아세안문화원,186450101
5200141F00,141-F,88,신도시시장.아세안문화원,186450101
5201003F00,1003-F,104,신도시시장.아세안문화원,186450101
5200038000,38,147,부흥고.해운대백병원,186450201
5200039000,39,27,부흥고.해운대백병원,186450201
5200040000,40,136,부흥고.해운대백병원,186450201
5200100000,100,16,부흥고.해운대백병원,186450201
5200115100,115-1,50,부흥고.해운대백병원,186450201
5200139000,139,39,부흥고.해운대백병원,186450201
5200141000,141,2,부흥고.해운대백병원,186450201
5200200000,200,12,부흥고.해운대백병원,186450201
5201003000,1003,20,부흥고.해운대백병원,186450201
5200141F00,141-F,2,부흥고.해운대백병원,186450201
5201003F00,1003-F,23,부흥고.해운대백병원,186450201
5200031000,31,4,동신아파트,186450401
5200038000,38,14,동신아파트,186450401
5200040000,40,14,동신아파트,186450401
5200063000,63,13,동신아파트,186450401
5200100100,100-1,3,동신아파트,186450401
5200115100,115-1,74,동신아파트,186450401
5200181000,181,53,동신아파트,186450401
5200031000,31,5,동부아파트,186450402
5200038000,38,15,동부아파트,186450402
5200040000,40,15,동부아파트,186450402
5200063000,63,14,동부아파트,186450402
5200100100,100-1,4,동부아파트,186450402
5200115100,115-1,75,동부아파트,186450402
5200181000,181,54,동부아파트,186450402
5201001000,1001,9,동부아파트,186450402
5200038000,38,21,좌동재래시장,186460201
5201001000,1001,12,좌동재래시장,186460201
5200040000,40,121,신동아아파트,186500401
5200040000,40,25,공작맨션,186580401
5200040000,40,122,우1치안센터,186600101
5200040000,40,123,해운대관광고등학교,186600102
5200040000,40,124,공작맨션,186610101
5200040000,40,26,해운대관광고등학교,186610201
5200040000,40,27,우1치안센터,186610202
5200185000,185,41,요트경기장.경남마리나아파트,186640201
5200307000,307,108,요트경기장.경남마리나아파트,186640201
5201003000,1003,82,요트경기장.경남마리나아파트,186640201
5201003F00,1003-F,94,요트경기장.경남마리나아파트,186640201
5200185000,185,32,대우마리나아파트,186660401
5200307000,307,11,대우마리나아파트,186660401
5201003000,1003,29,대우마리나아파트,186660401
5201003F00,1003-F,33,대우마리나아파트,186660401
5200185000,185,33,요트경기장.경남마리나아파트,186700301
5200307000,307,12,요트경기장.경남마리나아파트,186700301
5201003000,1003,30,요트경기장.경남마리나아파트,186700301
5201003F00,1003-F,34,요트경기장.경남마리나아파트,186700301
5200185000,185,42,대우마리나아파트,186710201
5200307000,307,109,대우마리나아파트,186710201
5201003000,1003,83,대우마리나아파트,186710201
5201003F00,1003-F,95,대우마리나아파트,186710201
5290902000,해운대구2,38,우성빌라트,186720101
5290907000,해운대구7,40,우성빌라트,186720101
5290910000,해운대구10,38,우성빌라트,186720101
5290902000,해운대구2,39,현우산호맨션,186720102
5290907000,해운대구7,41,현우산호맨션,186720102
5290910000,해운대구10,39,현우산호맨션,186720102
5290902000,해운대구2,13,동해사,186720301
5290907000,해운대구7,14,동해사,186720301
5290910000,해운대구10,13,동해사,186720301
5200031000,31,151,송정1단지주공,186750101
5200038000,38,149,송정1단지주공,186750101
5200039000,39,109,송정1단지주공,186750101
5200040000,40,138,송정1단지주공,186750101
5200063000,63,119,송정1단지주공,186750101
5200100000,100,116,송정1단지주공,186750101
5200100100,100-1,109,송정1단지주공,186750101
5200139000,139,54,송정1단지주공,186750101
5200141000,141,100,송정1단지주공,186750101
5200181000,181,103,송정1단지주공,186750101
5200185000,185,61,송정1단지주공,186750101
5200200000,200,119,송정1단지주공,186750101
5200307000,307,118,송정1단지주공,186750101
5200141F00,141-F,89,송정1단지주공,186750101
5200038000,38,150,송정해수욕장입구,186750102
5200039000,39,110,송정해수욕장입구,186750102
5200040000,40,139,송정해수욕장입구,186750102
5200063000,63,120,송정해수욕장입구,186750102
5200139000,139,55,송정해수욕장입구,186750102
5200200000,200,120,송정해수욕장입구,186750102
5201001000,1001,82,송정해수욕장입구,186750102
5201003000,1003,92,송정해수욕장입구,186750102
5203006000,3006,55,송정해수욕장입구,186750102
5201003F00,1003-F,105,송정해수욕장입구,186750102
5200185000,185,14,광어골입구,186750201
5200185000,185,56,광어골입구,186750201
5200185000,185,18,광어골입구,186770101
5200185000,185,60,광어골입구,186770101
5200185000,185,15,KT송정타워,186770201
5200185000,185,57,KT송정타워,186770201
5200139000,139,49,해운대문화회관,186780201
5200185000,185,21,해운대문화회관,186780201
5200115100,115-1,65,동일아파트,186800101
5200307000,307,114,동일아파트,186800101
5200038000,38,136,이마트.중동역,186900201
5201001000,1001,75,이마트.중동역,186900201
5200115100,115-1,55,삼정코아아파트,186910301
5200200000,200,16,삼정코아아파트,186910301
5200115100,115-1,68,삼정코아아파트,186920201
5200200000,200,113,삼정코아아파트,186920201
5290902000,해운대구2,8,장산역,186920303
5290907000,해운대구7,10,장산역,186920303
5290910000,해운대구10,8,장산역,186920303
5200038000,38,138,장산역.해운대문화회관,186950301
5200139000,139,41,장산역.해운대문화회관,186950301
5200185000,185,53,장산역.해운대문화회관,186950301
5201001000,1001,76,장산역.해운대문화회관,186950301
5200115100,115-1,57,동일아파트,186980301
5200307000,307,6,동일아파트,186980301
5200185000,185,17,KT송정타워,187000101
5200185000,185,59,KT송정타워,187000101
5200040000,40,130,양운초등학교,187020101
5200031000,31,145,대림3차아파트,187020102
5200040000,40,131,대림3차아파트,187020102
5200063000,63,113,대림3차아파트,187020102
5200100100,100-1,100,대림3차아파트,187020102
5200115100,115-1,45,대림3차아파트,187020102
5200181000,181,97,대림3차아파트,187020102
5200063000,63,18,신성아파트,187020201
5200100100,100-1,11,신성아파트,187020201
5200115100,115-1,79,신성아파트,187020201
5200181000,181,58,신성아파트,187020201
5200038000,38,18,한마음스포츠센터,187060101
5200038000,38,144,한마음스포츠센터,187060101
5200100100,100-1,7,한마음스포츠센터,187060101
5200100100,100-1,105,한마음스포츠센터,187060101
5200139000,139,46,한마음스포츠센터,187060101
5200040000,40,125,우일시장,187090101
5200040000,40,129,부대앞,187150101
5200039000,39,29,영남아파트,187170301
5200100000,100,18,영남아파트,187170301
5200115100,115-1,52,영남아파트,187170301
5200141000,141,4,영남아파트,187170301
5200200000,200,14,영남아파트,187170301
5201003000,1003,22,영남아파트,187170301
5200141F00,141-F,4,영남아파트,187170301
5201003F00,1003-F,25,영남아파트,187170301
5200038000,38,135,해운대구청어귀삼거리,187180101
5200040000,40,126,해운대구청어귀삼거리,187180101
5200063000,63,107,해운대구청어귀삼거리,187180101
5200100100,100-1,94,해운대구청어귀삼거리,187180101
5200115100,115-1,39,해운대구청어귀삼거리,187180101
5200181000,181,91,해운대구청어귀삼거리,187180101
5201001000,1001,74,해운대구청어귀삼거리,187180101
5203006000,3006,53,해운대구청어귀삼거리,187180101
5200039000,39,101,미포.문탠로드입구,187200201
5200100000,100,107,미포.문탠로드입구,187200201
5200141000,141,92,미포.문탠로드입구,187200201
5200185000,185,47,미포.문탠로드입구,187200201
5200200000,200,107,미포.문탠로드입구,187200201
5201003000,1003,87,미포.문탠로드입구,187200201
5200141F00,141-F,80,미포.문탠로드입구,187200201
5201003F00,1003-F,99,미포.문탠로드입구,187200201
5290902000,해운대구2,29,미포.문탠로드입구,187200202
5290907000,해운대구7,31,미포.문탠로드입구,187200202
5290910000,해운대구10,29,미포.문탠로드입구,187200202
5200031000,31,140,해운대온천사거리,187220101
5200039000,39,99,해운대온천사거리,187220101
5200100000,100,105,해운대온천사거리,187220101
5200115100,115-1,62,해운대온천사거리,187220101
5200141000,141,90,해운대온천사거리,187220101
5200185000,185,45,해운대온천사거리,187220101
5200200000,200,105,해운대온천사거리,187220101
5200307000,307,113,해운대온천사거리,187220101
5201003000,1003,86,해운대온천사거리,187220101
5200141F00,141-F,78,해운대온천사거리,187220101
5201003F00,1003-F,98,해운대온천사거리,187220101
5290902000,해운대구2,27,해운대온천사거리,187220102
5290907000,해운대구7,29,해운대온천사거리,187220102
5290910000,해운대구10,27,해운대온천사거리,187220102
5200185000,185,28,해운대온천사거리,187220201
5200307000,307,7,해운대온천사거리,187220201
5201003000,1003,25,해운대온천사거리,187220201
5201003F00,1003-F,29,해운대온천사거리,187220201
5200040000,40,24,우일시장,187340201
5290910000,해운대구10,3,새터,187380101
5290910000,해운대구10,2,슈퍼앞,187380102
5290902000,해운대구2,1,청사포,187380103
5290907000,해운대구7,1,청사포,187380103
5290910000,해운대구10,1,청사포,187380103
5290910000,해운대구10,4,해월정사어귀삼거리,187380104
5290902000,해운대구2,30,중동119안전센터,187410201
5290907000,해운대구7,32,중동119안전센터,187410201
5290910000,해운대구10,30,중동119안전센터,187410201
5290907000,해운대구7,22,중동우체국,187410301
5290902000,해운대구2,20,중동119안전센터,187420101
5290907000,해운대구7,21,중동119안전센터,187420101
5290910000,해운대구10,20,중동119안전센터,187420101
5290902000,해운대구2,31,일신하일라빌라.경동메르빌골드,187430101
5290907000,해운대구7,33,일신하일라빌라.경동메르빌골드,187430101
5290910000,해운대구10,31,일신하일라빌라.경동메르빌골드,187430101
5290902000,해운대구2,19,일신하일라빌라.경동메르빌골드,187440201
5290907000,해운대구7,20,일신하일라빌라.경동메르빌골드,187440201
5290910000,해운대구10,19,일신하일라빌라.경동메르빌골드,187440201
5290902000,해운대구2,32,해월정입구,187470101
5290907000,해운대구7,34,해월정입구,187470101
5290910000,해운대구10,32,해월정입구,187470101
5290902000,해운대구2,33,달맞이요양병원,187480101
5290907000,해운대구7,35,달맞이요양병원,187480101
5290910000,해운대구10,33,달맞이요양병원,187480101
5290902000,해운대구2,18,해월정입구,187480201
5290907000,해운대구7,19,해월정입구,187480201
5290910000,해운대구10,18,해월정입구,187480201
5290902000,해운대구2,17,달맞이요양병원,187490201
5290907000,해운대구7,18,달맞이요양병원,187490201
5290910000,해운대구10,17,달맞이요양병원,187490201
5290902000,해운대구2,34,송림마트,187500101
5290907000,해운대구7,36,송림마트,187500101
5290910000,해운대구10,34,송림마트,187500101
5290902000,해운대구2,16,송림마트,187510201
5290907000,해운대구7,17,송림마트,187510201
5290910000,해운대구10,16,송림마트,187510201
5290902000,해운대구2,35,달맞이성당,187520101
5290907000,해운대구7,37,달맞이성당,187520101
5290910000,해운대구10,35,달맞이성당,187520101
5290902000,해운대구2,15,달맞이성당,187530201
5290907000,해운대구7,16,달맞이성당,187530201
5290910000,해운대구10,15,달맞이성당,187530201
5290902000,해운대구2,36,추리문학관,187540101
5290907000,해운대구7,38,추리문학관,187540101
5290910000,해운대구10,36,추리문학관,187540101
5290902000,해운대구2,14,추리문학관,187550201
5290907000,해운대구7,15,추리문학관,187550201
5290910000,해운대구10,14,추리문학관,187550201
5290902000,해운대구2,37,동해사,187560101
5290907000,해운대구7,39,동해사,187560101
5290910000,해운대구10,37,동해사,187560101
5291106000,금정구6,82,반여동탑마트,187570101
5200005100,5-1,131,삼어교입구.선수촌아파트,187590101
5200043000,43,113,삼어교입구.선수촌아파트,187590101
5200107000,107,70,삼어교입구.선수촌아파트,187590101
5200155000,155,23,삼어교입구.선수촌아파트,187590101
5200005100,5-1,15,장산초등학교,187590201
5200043000,43,15,장산초등학교,187590201
5200107000,107,46,장산초등학교,187590201
5200155000,155,101,장산초등학교,187590201
5200005100,5-1,16,한화꿈에그린아파트,187590202
5200043000,43,16,한화꿈에그린아파트,187590202
5200107000,107,47,한화꿈에그린아파트,187590202
5200155000,155,102,한화꿈에그린아파트,187590202
5291106000,금정구6,83,반여1동행정복지센터,187590203
5200038000,38,7,브라보주유소,187600301
5200039000,39,22,브라보주유소,187600301
5200040000,40,7,브라보주유소,187600301
5200063000,63,7,브라보주유소,187600301
5200139000,139,34,브라보주유소,187600301
5200200000,200,7,브라보주유소,187600301
5200038000,38,8,송정2휴먼시아,187600302
5200039000,39,23,송정2휴먼시아,187600302
5200040000,40,8,송정2휴먼시아,187600302
5200063000,63,8,송정2휴먼시아,187600302
5200139000,139,35,송정2휴먼시아,187600302
5200200000,200,8,송정2휴먼시아,187600302
5201001000,1001,6,송정2휴먼시아,187600302
5201003000,1003,18,송정2휴먼시아,187600302
5201003F00,1003-F,20,송정2휴먼시아,187600302
5200038000,38,9,동해선송정역,187600303
5200039000,39,24,동해선송정역,187600303
5200040000,40,9,동해선송정역,187600303
5200063000,63,9,동해선송정역,187600303
5200139000,139,36,동해선송정역,187600303
5200200000,200,9,동해선송정역,187600303
5203006000,3006,3,동해선송정역,187600303
5201003F00,1003-F,21,동해선송정역,187600303
5200038000,38,10,송정해수욕장입구,187600304
5200039000,39,25,송정해수욕장입구,187600304
5200040000,40,10,송정해수욕장입구,187600304
5200063000,63,10,송정해수욕장입구,187600304
5200139000,139,37,송정해수욕장입구,187600304
5200200000,200,10,송정해수욕장입구,187600304
5201001000,1001,7,송정해수욕장입구,187600304
5201003000,1003,19,송정해수욕장입구,187600304
5203006000,3006,4,송정해수욕장입구,187600304
5201003F00,1003-F,22,송정해수욕장입구,187600304
5200115000,115,13,동해선센텀역,187630101
5200307000,307,100,동해선센텀역,187630101
5200115000,115,14,더샵센텀스타아파트,187630102
5200307000,307,101,더샵센텀스타아파트,187630102
5200036000,36,61,왕자맨션,187640301
5200115000,115,36,왕자맨션,187640301
5290901000,해운대구1,2,혜성골든타운,187730201
5290903000,해운대구3,1,혜성골든타운,187730201
5290903100,해운대구3-1,1,혜성골든타운,187730201
5290901000,해운대구1,1,센텀글로리아아파트,187750201
5290901000,해운대구1,48,센텀글로리아아파트,187750201
5290903000,해운대구3,39,센텀글로리아아파트,187750201
5290903100,해운대구3-1,33,센텀글로리아아파트,187750201
5290901000,해운대구1,47,센텀그린타워아파트,187780201
5290903000,해운대구3,38,센텀그린타워아파트,187780201
5290903100,해운대구3-1,32,센텀그린타워아파트,187780201
5290901000,해운대구1,46,센텀동국아파트,187800101
5290903000,해운대구3,37,센텀동국아파트,187800101
5290903100,해운대구3-1,31,센텀동국아파트,187800101
5290903100,해운대구3-1,28,KT재송지사,187810201
5200005100,5-1,11,반석초등학교,187940301
5200036000,36,53,반석초등학교,187940301
5200043000,43,11,반석초등학교,187940301
5200107000,107,42,반석초등학교,187940301
5200115100,115-1,15,반석초등학교,187940301
5200189100,189-1,21,반석초등학교,187940301
5200005100,5-1,127,왕자맨션,187960101
5200043000,43,109,왕자맨션,187960101
5200107000,107,66,왕자맨션,187960101
5200155000,155,19,왕자맨션,187960101
5291106000,금정구6,8,영원프라자,187960102
5200036000,36,85,왕자맨션,187970101
5200115000,115,37,왕자맨션,187970101
5291003000,사하구3,35,삼경아파트후문,187990301
5291003000,사하구3,37,부경보건고등학교,188010201
5291003000,사하구3,38,장림여중,188010202
5291003000,사하구3,21,부경보건고등학교,188020101
5291003000,사하구3,23,삼경아파트후문,188020102
5291003000,사하구3,20,장림여중,188020103
5291003000,사하구3,39,협진태양맨션,188020201
5291003000,사하구3,19,협진태양맨션,188030201
5291003000,사하구3,40,장림2치안센터,188030301
5291006000,사하구6,15,강남아파트,188040101
5291006000,사하구6,14,국제마마아파트,188040102
5291006000,사하구6,46,벽산마마아파트,188040201
5291006000,사하구6,44,강남아파트,188050301
5291006000,사하구6,45,국제마마아파트,188050302
5291006000,사하구6,43,협성르네상스,188050303
5200003000,3,99,벽산아파트,188050401
5200103000,103,59,벽산아파트,188050401
5200003000,3,100,동원자동차정비공업사,188060101
5200103000,103,60,동원자동차정비공업사,188060101
5291006000,사하구6,47,103번종점,188060102
5291006000,사하구6,48,자연병원,188060103
5291006000,사하구6,13,벽산마마아파트,188060201
5200003000,3,14,벽산아파트,188060301
5200003000,3,15,협성르네상스타운아파트,188060302
5200003000,3,28,부산현대미술관,188070301
5200055000,55,65,부산현대미술관,188070301
5200058000,58,62,부산현대미술관,188070301
5200058100,58-1,66,부산현대미술관,188070301
5200058200,58-2,62,부산현대미술관,188070301
5200122000,122,43,부산현대미술관,188070301
5200124000,124,70,부산현대미술관,188070301
5200128100,128-1,83,부산현대미술관,188070301
5200161000,161,99,부산현대미술관,188070301
5200171000,171,105,부산현대미술관,188070301
5200172000,172,116,부산현대미술관,188070301
5200003000,3,23,동매교사거리,188090101
5200124000,124,65,동매교사거리,188090101
5200171000,171,100,동매교사거리,188090101
5200103000,103,73,사남초등학교,188090201
5200138000,138,8,사남초등학교,188090201
5203001000,3001,11,사남초등학교,188090201
5200103000,103,74,사남신익아파트,188090202
5200138000,138,9,사남신익아파트,188090202
5200103000,103,72,신평배고개,188090203
5200138000,138,7,신평배고개,188090203
5200003000,3,92,신평,188090401
5200103000,103,50,신평,188090401
5200138000,138,131,신평,188090401
5200003000,3,91,신평배고개,188090402
5200103000,103,49,신평배고개,188090402
5200138000,138,130,신평배고개,188090402
5200113000,113,54,한성기린APT,188100201
5200124000,124,46,한성기린APT,188100201
5200171000,171,31,한성기린APT,188100201
5291014000,사하구14,11,원영조선,188110101
5291014000,사하구14,54,정현냉동,188110201
5200096100,96-1,76,정현냉동,188110202
5200096100,96-1,27,구평삼거리,188110402
5200006000,6,56,부산천연가스발전소,188120201
5200016000,16,70,부산천연가스발전소,188120201
5200096100,96-1,64,부산천연가스발전소,188120201
5200171000,171,88,부산천연가스발전소,188120201
5200172000,172,90,부산천연가스발전소,188120201
5203006000,3006,22,부산천연가스발전소,188120201
5291001000,사하구1,33,감천1동주민센터,188120202
5291001100,사하구1-1,51,감천1동주민센터,188120202
5291001000,사하구1,34,부일고등학교,188120203
5291001100,사하구1-1,52,부일고등학교,188120203
5200061000,61,60,수협,188130101
5200061000,61,59,감천우체국,188130102
5200061000,61,61,감천2동,188130103
5200006000,6,70,감천사거리,188130201
5200009000,9,65,감천사거리,188130201
5200016000,16,28,감천사거리,188130201
5200061000,61,77,감천사거리,188130201
5200096100,96-1,37,감천사거리,188130201
5200171000,171,44,감천사거리,188130201
5200172000,172,45,감천사거리,188130201
5203006000,3006,37,감천사거리,188130201
5200006000,6,71,남성한빛가든,188130202
5200009000,9,66,남성한빛가든,188130202
5200016000,16,29,남성한빛가든,188130202
5200061000,61,78,남성한빛가든,188130202
5200096100,96-1,38,남성한빛가든,188130202
5200171000,171,45,남성한빛가든,188130202
5200172000,172,46,남성한빛가든,188130202
5200006000,6,72,감천초등학교,188130203
5200009000,9,67,감천초등학교,188130203
5200016000,16,30,감천초등학교,188130203
5200061000,61,79,감천초등학교,188130203
5200096100,96-1,39,감천초등학교,188130203
5200171000,171,46,감천초등학교,188130203
5200172000,172,47,감천초등학교,188130203
5200009000,9,41,감천119안전센터,188130301
5290202200,서구2-2,53,감천119안전센터,188130302
5290202200,서구2-2,55,감천초등학교,188130303
5290202200,서구2-2,56,대한수산,188130304
5290202200,서구2-2,54,원스탑마트,188130305
5290202200,서구2-2,6,감천2동,188130504
5291001000,사하구1,19,감천2동,188130504
5291001100,사하구1-1,12,감천2동,188130504
5290202200,서구2-2,4,감천사거리,188130505
5291001000,사하구1,17,감천사거리,188130505
5291001100,사하구1-1,10,감천사거리,188130505
5290202200,서구2-2,5,수협,188130506
5291001000,사하구1,18,수협,188130506
5291001100,사하구1-1,11,수협,188130506
5200011000,11,40,대티터널입구,188170101
5200103000,103,80,대티터널입구,188170101
5200126000,126,59,대티터널입구,188170101
5200161000,161,43,대티터널입구,188170101
5200096100,96-1,82,두송중학교,188220301
5200096100,96-1,20,대선조선,188220401
5200096100,96-1,19,두송중학교,188230401
5291014000,사하구14,56,한진해운,188240201
5200096100,96-1,78,인터지스보세창고,188240202
5291014000,사하구14,8,(주)모든석유(세방),188240301
5200096100,96-1,24,세방,188240302
5200096100,96-1,23,인터지스보세창고,188240303
5291014000,사하구14,55,(주)모든석유(세방),188260201
5200096100,96-1,77,세방,188260202
5291014000,사하구14,10,안구평,188260301
5291014000,사하구14,9,정현냉동,188260302
5200096100,96-1,26,구평동,188260303
5200096100,96-1,25,정현냉동,188260304
5291006000,사하구6,3,두송복지관,188310101
5291008000,사하구8,3,두송복지관,188310101
5291006000,사하구6,4,주공4지구117,188310102
5291008000,사하구8,4,주공4지구117,188310102
5291006000,사하구6,5,주공4지구120,188310103
5291008000,사하구8,5,주공4지구120,188310103
5291006000,사하구6,57,다송중학교,188320201
5291008000,사하구8,51,다송중학교,188320201
5200096100,96-1,83,다송중학교,188320202
5200003000,3,86,을숙도문화회관,188330101
5200055000,55,61,을숙도문화회관,188330101
5200058000,58,40,을숙도문화회관,188330101
5200058100,58-1,62,을숙도문화회관,188330101
5200058200,58-2,52,을숙도문화회관,188330101
5200122000,122,39,을숙도문화회관,188330101
5200124000,124,41,을숙도문화회관,188330101
5200128100,128-1,30,을숙도문화회관,188330101
5200161000,161,19,을숙도문화회관,188330101
5200171000,171,26,을숙도문화회관,188330101
5200172000,172,20,을숙도문화회관,188330101
5202000000,2000,51,을숙도문화회관,188330101
5291407000,강서구7,35,을숙도,188340101
5291409100,강서구9-1,38,을숙도,188340101
5291412000,강서구12,41,을숙도,188340101
5291412100,강서구12-1,31,을숙도,188340101
5291413000,강서구13,36,을숙도,188340101
5291415000,강서구15,42,을숙도,188340101
5291415100,강서구15-1,14,을숙도,188340101
5291420000,강서구20,29,을숙도,188340101
5291421000,강서구21,22,을숙도,188340101
5200003000,3,27,을숙도문화회관,188340201
5200055000,55,64,을숙도문화회관,188340201
5200058000,58,61,을숙도문화회관,188340201
5200058100,58-1,65,을숙도문화회관,188340201
5200058200,58-2,61,을숙도문화회관,188340201
5200122000,122,42,을숙도문화회관,188340201
5200124000,124,69,을숙도문화회관,188340201
5200128100,128-1,82,을숙도문화회관,188340201
5200161000,161,98,을숙도문화회관,188340201
5200171000,171,104,을숙도문화회관,188340201
5200172000,172,115,을숙도문화회관,188340201
5202000000,2000,2,을숙도문화회관,188340201
5291407000,강서구7,38,을숙도,188340202
5291409100,강서구9-1,41,을숙도,188340202
5291412000,강서구12,44,을숙도,188340202
5291412100,강서구12-1,34,을숙도,188340202
5291413000,강서구13,39,을숙도,188340202
5291415000,강서구15,45,을숙도,188340202
5291415100,강서구15-1,17,을숙도,188340202
5291420000,강서구20,32,을숙도,188340202
5291421000,강서구21,25,을숙도,188340202
5200002000,2,89,신평2동교차로,188410201
5200011000,11,91,신평2동교차로,188410201
5200058000,58,48,신평2동교차로,188410201
5200124000,124,52,신평2동교차로,188410201
5200172000,172,27,신평2동교차로,188410201
5200338000,338,99,신평2동교차로,188410201
5200002F00,2-F,109,신평2동교차로,188410201
5200002000,2,90,한국주철관,188410202
5200011000,11,92,한국주철관,188410202
5200058000,58,49,한국주철관,188410202
5200124000,124,53,한국주철관,188410202
5200172000,172,28,한국주철관,188410202
5200338000,338,100,한국주철관,188410202
5200002F00,2-F,110,한국주철관,188410202
5291003100,사하구3-1,38,신평2동교차로,188410203
5291006000,사하구6,32,신평2동교차로,188410203
5291003100,사하구3-1,39,한국주철관,188410204
5291006000,사하구6,33,한국주철관,188410204
5291003100,사하구3-1,32,경도산업,188410301
5291006000,사하구6,26,경도산업,188410301
5291009000,사하구9,17,경도산업,188410301
5291003100,사하구3-1,33,한창섬유,188410302
5291006000,사하구6,27,한창섬유,188410302
5200113000,113,50,코오롱·무지개아파트,188420101
5200124000,124,60,코오롱·무지개아파트,188420101
5200138100,138-1,145,코오롱·무지개아파트,188420101
5200161000,161,26,코오롱·무지개아파트,188420101
5200113000,113,49,동성화학,188420102
5200124000,124,59,동성화학,188420102
5200138100,138-1,144,동성화학,188420102
5200161000,161,25,동성화학,188420102
5200113000,113,51,삼진냉장,188420103
5200124000,124,61,삼진냉장,188420103
5200138100,138-1,146,삼진냉장,188420103
5200161000,161,27,삼진냉장,188420103
5200002000,2,25,동성화학,188420301
5200011000,11,25,동성화학,188420301
5200058000,58,55,동성화학,188420301
5200113000,113,59,동성화학,188420301
5200138100,138-1,11,동성화학,188420301
5200161000,161,92,동성화학,188420301
5200172000,172,109,동성화학,188420301
5200338000,338,30,동성화학,188420301
5200002F00,2-F,25,동성화학,188420301
5200002000,2,26,신평역,188420302
5200011000,11,26,신평역,188420302
5200058000,58,56,신평역,188420302
5200113000,113,60,신평역,188420302
5200138100,138-1,12,신평역,188420302
5200161000,161,93,신평역,188420302
5200172000,172,110,신평역,188420302
5200338000,338,31,신평역,188420302
5203007000,3007,9,신평역,188420302
5200002F00,2-F,26,신평역,188420302
5200002000,2,23,한국주철관,188430101
5200011000,11,23,한국주철관,188430101
5200058000,58,53,한국주철관,188430101
5200124000,124,57,한국주철관,188430101
5200172000,172,107,한국주철관,188430101
5200338000,338,28,한국주철관,188430101
5200002F00,2-F,23,한국주철관,188430101
5200002000,2,24,신평2동교차로,188430102
5200011000,11,24,신평2동교차로,188430102
5200058000,58,54,신평2동교차로,188430102
5200124000,124,58,신평2동교차로,188430102
5200172000,172,108,신평2동교차로,188430102
5200338000,338,29,신평2동교차로,188430102
5200002F00,2-F,24,신평2동교차로,188430102
5291003100,사하구3-1,31,신평2동교차로,188430103
5291006000,사하구6,25,신평2동교차로,188430103
5291003100,사하구3-1,30,한국주철관,188430104
5291006000,사하구6,24,한국주철관,188430104
5200002000,2,91,장림포구입구,188430301
5200011000,11,93,장림포구입구,188430301
5200058000,58,50,장림포구입구,188430301
5200124000,124,54,장림포구입구,188430301
5200172000,172,29,장림포구입구,188430301
5200338000,338,101,장림포구입구,188430301
5200002F00,2-F,111,장림포구입구,188430301
5291003100,사하구3-1,40,장림포구(서부산자동차),188430302
5291006000,사하구6,34,장림포구(서부산자동차),188430302
5200002000,2,86,신남초등학교,188450201
5200011000,11,88,신남초등학교,188450201
5200058000,58,44,신남초등학교,188450201
5200113000,113,46,신남초등학교,188450201
5200138100,138-1,141,신남초등학교,188450201
5200161000,161,23,신남초등학교,188450201
5200172000,172,24,신남초등학교,188450201
5200338000,338,96,신남초등학교,188450201
5200002F00,2-F,106,신남초등학교,188450201
5291003100,사하구3-1,35,신남초등교,188450202
5291006000,사하구6,29,신남초등교,188450202
5291009000,사하구9,20,신남초등교,188450202
5200011000,11,27,신남초등학교,188450301
5200058000,58,57,신남초등학교,188450301
5200113000,113,61,신남초등학교,188450301
5200161000,161,94,신남초등학교,188450301
5200172000,172,111,신남초등학교,188450301
5200338000,338,32,신남초등학교,188450301
5200011000,11,87,가락타운2.3지구,188470301
5200058000,58,43,가락타운2.3지구,188470301
5200113000,113,45,가락타운2.3지구,188470301
5200161000,161,22,가락타운2.3지구,188470301
5200172000,172,23,가락타운2.3지구,188470301
5200338000,338,95,가락타운2.3지구,188470301
5200002000,2,83,강변아파트,188490301
5200138100,138-1,138,강변아파트,188490301
5200002F00,2-F,103,강변아파트,188490301
5200002000,2,31,가락타운104동,188500101
5200138100,138-1,17,가락타운104동,188500101
5200002F00,2-F,31,가락타운104동,188500101
5200002000,2,32,가락타운115동,188500102
5200138100,138-1,18,가락타운115동,188500102
5200002F00,2-F,32,가락타운115동,188500102
5200002000,2,92,장림1동행정복지센터,188510201
5200011000,11,94,장림1동행정복지센터,188510201
5200172000,172,31,장림1동행정복지센터,188510201
5200338000,338,102,장림1동행정복지센터,188510201
5200002F00,2-F,112,장림1동행정복지센터,188510201
5291005000,사하구5,25,장림1동주민센터,188510202
5291006000,사하구6,35,장림1동주민센터,188510202
5291009000,사하구9,5,장림1동주민센터,188510202
5291003100,사하구3-1,41,동원로얄아파트입구,188510301
5291005000,사하구5,57,동원로얄아파트입구,188510301
5291009000,사하구9,34,동원로얄아파트입구,188510301
5200002000,2,22,장림포구입구,188520101
5200011000,11,22,장림포구입구,188520101
5200058000,58,52,장림포구입구,188520101
5200124000,124,56,장림포구입구,188520101
5200172000,172,106,장림포구입구,188520101
5200338000,338,27,장림포구입구,188520101
5200002F00,2-F,22,장림포구입구,188520101
5291003100,사하구3-1,29,장림포구(서부산자동차),188520102
5291006000,사하구6,23,장림포구(서부산자동차),188520102
5291003100,사하구3-1,46,도시가스,188530201
5291005000,사하구5,63,도시가스,188530201
5291003100,사하구3-1,45,일진종합상사,188530202
5291005000,사하구5,62,일진종합상사,188530202
5200172000,172,35,장림초등학교,188550201
5291003000,사하구3,15,장림초등학교,188550202
5291005000,사하구5,29,장림초등학교,188550202
5200002000,2,19,장림중소기업은행,188550401
5200011000,11,19,장림중소기업은행,188550401
5200172000,172,102,장림중소기업은행,188550401
5200338000,338,24,장림중소기업은행,188550401
5200002F00,2-F,19,장림중소기업은행,188550401
5200002000,2,20,장림시장,188550402
5200011000,11,20,장림시장,188550402
5200172000,172,103,장림시장,188550402
5200338000,338,25,장림시장,188550402
5200002F00,2-F,20,장림시장,188550402
5291003000,사하구3,9,장림시장,188550403
5291005000,사하구5,55,장림시장,188550403
5291006000,사하구6,21,장림시장,188550403
5291003000,사하구3,8,중소기업은행,188550404
5291005000,사하구5,54,중소기업은행,188550404
5291006000,사하구6,20,중소기업은행,188550404
5200058200,58-2,56,대광고등학교,188570201
5200113000,113,67,대광고등학교,188570201
5200058200,58-2,57,동매교사거리,188570202
5200113000,113,68,동매교사거리,188570202
5200002000,2,39,당리중학교,188590201
5200011000,11,33,당리중학교,188590201
5200016000,16,19,당리중학교,188590201
5200113000,113,69,당리중학교,188590201
5200126000,126,52,당리중학교,188590201
5200138000,138,124,당리중학교,188590201
5200002F00,2-F,39,당리중학교,188590201
5200011000,11,83,사하구청.당리역,188590401
5200113000,113,41,사하구청.당리역,188590401
5200002000,2,76,사하구청.당리역,188590402
5200003000,3,24,사하구청.당리역,188590402
5200016000,16,81,사하구청.당리역,188590402
5200058200,58-2,58,사하구청.당리역,188590402
5200124000,124,66,사하구청.당리역,188590402
5200126000,126,87,사하구청.당리역,188590402
5200138000,138,14,사하구청.당리역,188590402
5200171000,171,101,사하구청.당리역,188590402
5201001000,1001,40,사하구청.당리역,188590402
5200002F00,2-F,96,사하구청.당리역,188590402
5291002000,사하구2,13,사동초등학교,188600101
5291002000,사하구2,35,푸르지오아파트,188600301
5200103000,103,52,신평시장,188610101
5200138000,138,133,신평시장,188610101
5200138100,138-1,148,신평시장,188610101
5200161000,161,29,신평시장,188610101
5200113000,113,56,동매역,188610201
5200124000,124,48,동매역,188610201
5200138100,138-1,8,동매역,188610201
5200161000,161,88,동매역,188610201
5200103000,103,68,신평시장,188620301
5200113000,113,55,신평시장,188620301
5200124000,124,47,신평시장,188620301
5200138000,138,3,신평시장,188620301
5200138100,138-1,7,신평시장,188620301
5200161000,161,87,신평시장,188620301
5200124000,124,63,신평시장,188620401
5200171000,171,98,신평시장,188620401
5203001000,3001,10,신평시장,188620401
5200003000,3,20,동매역,188640101
5200103000,103,69,동매역,188640101
5200138000,138,4,동매역,188640101
5200103000,103,51,동매역,188640201
5200124000,124,62,동매역,188640201
5200138000,138,132,동매역,188640201
5200138100,138-1,147,동매역,188640201
5200161000,161,28,동매역,188640201
5291009000,사하구9,29,사하소방서 사하우체국,188640301
5200003000,3,21,신평,188650101
5200103000,103,70,신평,188650101
5200113000,113,52,신평,188650101
5200138000,138,5,신평,188650101
5200003000,3,22,배고개,188650102
5200103000,103,71,배고개,188650102
5200113000,113,53,배고개,188650102
5200138000,138,6,배고개,188650102
5200113000,113,57,삼진냉장,188650401
5200124000,124,49,삼진냉장,188650401
5200138100,138-1,9,삼진냉장,188650401
5200161000,161,89,삼진냉장,188650401
5200113000,113,58,코오롱·무지개아파트,188650402
5200124000,124,50,코오롱·무지개아파트,188650402
5200138100,138-1,10,코오롱·무지개아파트,188650402
5200161000,161,90,코오롱·무지개아파트,188650402
5291009000,사하구9,30,롯데마트,188680301
5200109000,109,59,강서체육공원,188760301
5200307000,307,49,강서체육공원,188760301
5200109000,109,60,신덕삼거리,188760302
5200307000,307,50,신덕삼거리,188760302
5291411000,강서구11,43,강서체육공원복지회관,188760305
5291413000,강서구13,7,강서체육공원복지회관,188760305
5200123000,123,28,대저119안전센터,188770101
5200307000,307,69,대저119안전센터,188770101
5291411000,강서구11,30,대저119안전센터,188770102
5291413000,강서구13,68,대저119안전센터,188770102
5291419000,강서구19,36,대저119안전센터,188770102
5200123000,123,111,수로다리,188770301
5200127000,127,84,수로다리,188770301
5201004F00,1004-F,139,수로다리,188770301
5200109000,109,50,강서구청역,188780101
5291411000,강서구11,24,대저농협,188790201
5200109000,109,39,경전철덕두역,188790301
5200109000,109,64,경전철덕두역,188790301
5200307000,307,54,경전철덕두역,188790301
5291411000,강서구11,50,국제화물청사,188790302
5291413000,강서구13,13,국제화물청사,188790302
5291413000,강서구13,57,국제화물청사,188790302
5291411000,강서구11,49,공항파출소.덕두역,188790303
5291413000,강서구13,12,공항파출소.덕두역,188790303
5291413000,강서구13,56,공항파출소.덕두역,188790303
5200109000,109,44,경전철덕두역,188800101
5200109000,109,69,경전철덕두역,188800101
5200307000,307,63,경전철덕두역,188800101
5291413000,강서구13,18,덕두역,188800102
5291413000,강서구13,62,덕두역,188800102
5291407100,강서구7-1,34,신덕복지회관,188810101
5291407200,강서구7-2,42,신덕복지회관,188810101
5291415000,강서구15,74,신덕복지회관,188810101
5291407100,강서구7-1,35,딴치,188810102
5291407200,강서구7-2,43,딴치,188810102
5291415000,강서구15,75,딴치,188810102
5291407100,강서구7-1,36,핏대섬새동네,188810103
5291407200,강서구7-2,44,핏대섬새동네,188810103
5291415000,강서구15,76,핏대섬새동네,188810103
5291407100,강서구7-1,37,농협공판장,188810104
5291407200,강서구7-2,45,농협공판장,188810104
5291415000,강서구15,77,농협공판장,188810104
5291407100,강서구7-1,38,강동동행정복지센터,188810105
5291407200,강서구7-2,46,강동동행정복지센터,188810105
5291415000,강서구15,78,강동동행정복지센터,188810105
5291407100,강서구7-1,39,강동치안센터,188810106
5291407200,강서구7-2,47,강동치안센터,188810106
5291415000,강서구15,79,강동치안센터,188810106
5291407100,강서구7-1,79,강서해수랜드,188810301
5291407200,강서구7-2,74,강서해수랜드,188810301
5291415000,강서구15,14,강서해수랜드,188810301
5200109000,109,40,국제선청사,188830101
5200109000,109,65,국제선청사,188830101
5200307000,307,59,국제선청사,188830101
5203003000,3003,24,국제선청사,188830101
5200109000,109,77,명지시장,188880101
5200055000,55,71,성산,188900101
5203005000,3005,8,성산,188900101
5203007000,3007,13,성산,188900101
5291407000,강서구7,52,장락새동네,188900103
5291412000,강서구12,58,장락새동네,188900103
5291412100,강서구12-1,46,장락새동네,188900103
5291412000,강서구12,59,생곡삼거리,188900106
5291412100,강서구12-1,47,생곡삼거리,188900106
5291407000,강서구7,49,성산삼거리,188900107
5291409000,강서구9,15,성산삼거리,188900107
5291412000,강서구12,55,성산삼거리,188900107
5291412100,강서구12-1,43,성산삼거리,188900107
5291416000,강서구16,16,성산삼거리,188900107
5291407000,강서구7,50,성산,188900108
5291409000,강서구9,16,성산,188900108
5291412000,강서구12,56,성산,188900108
5291412100,강서구12-1,44,성산,188900108
5291416000,강서구16,17,성산,188900108
5291407000,강서구7,51,장락,188900109
5291412000,강서구12,57,장락,188900109
5291412100,강서구12-1,45,장락,188900109
5200058000,58,69,성산2구,188900301
5200161000,161,106,성산2구,188900301
5200058000,58,70,녹산중학교,188900302
5200161000,161,107,녹산중학교,188900302
5200058000,58,68,성산다리,188900303
5200161000,161,105,성산다리,188900303
5200058000,58,71,녹명초등학교,188900304
5200161000,161,108,녹명초등학교,188900304
5291409000,강서구9,21,본녹산녹명초등학교,188900305
5291409100,강서구9-1,54,본녹산녹명초등학교,188900305
5291416000,강서구16,22,본녹산녹명초등학교,188900305
5291409000,강서구9,20,녹산중학교,188900307
5291409100,강서구9-1,53,녹산중학교,188900307
5291416000,강서구16,21,녹산중학교,188900307
5291409000,강서구9,18,성산,188900308
5291409100,강서구9-1,51,성산,188900308
5291416000,강서구16,19,성산,188900308
5291409000,강서구9,19,성산2구,188900309
5291409100,강서구9-1,52,성산2구,188900309
5291416000,강서구16,20,성산2구,188900309
5200058100,58-1,67,명지시장,188940301
5200124000,124,71,명지시장,188940301
5200128100,128-1,84,명지시장,188940301
5200171000,171,106,명지시장,188940301
5291407000,강서구7,32,명지시장,188940302
5291407000,강서구7,40,명지시장,188940302
5291409100,강서구9-1,35,명지시장,188940302
5291409100,강서구9-1,43,명지시장,188940302
5291412000,강서구12,38,명지시장,188940302
5291412000,강서구12,46,명지시장,188940302
5291413000,강서구13,33,명지시장,188940302
5291413000,강서구13,41,명지시장,188940302
5291415000,강서구15,39,명지시장,188940302
5291415000,강서구15,47,명지시장,188940302
5291420000,강서구20,34,명지시장,188940302
5291421000,강서구21,19,명지시장,188940302
5291421000,강서구21,27,명지시장,188940302
5291422000,강서구22,52,명지시장,188940302
5200058100,58-1,68,명지새동네,188970201
5200124000,124,72,명지새동네,188970201
5200128100,128-1,85,명지새동네,188970201
5200171000,171,107,명지새동네,188970201
5202000000,2000,3,명지새동네,188970201
5291408100,강서구8-1,13,명지새동네,188970202
5291420000,강서구20,35,명지새동네,188970202
5291422000,강서구22,53,명지새동네,188970202
5203007000,3007,36,차량등록사업소,188990201
5291408000,강서구8,32,차량등록사업소,188990203
5200172000,172,128,명지신도시,188990301
5202000000,2000,4,명지신도시,188990301
5203006000,3006,25,명지신도시,188990301
5200058100,58-1,91,삼성전기기숙사,189050101
5200058100,58-1,37,삼성전기기숙사,189060301
5200055000,55,122,삼성전기후문,189070201
5200058100,58-1,125,삼성전기후문,189070201
5200124000,124,107,삼성전기후문,189070201
5291409100,강서구9-1,13,삼성전기후문,189070202
5291409100,강서구9-1,67,동아밸브,189070402
5291409100,강서구9-1,66,삼창기전,189070403
5200003000,3,62,르노자동차남문,189230101
5200058100,58-1,49,르노자동차남문,189230101
5200058200,58-2,31,르노자동차남문,189230101
5200109000,109,11,르노자동차남문,189230101
5200124000,124,17,르노자동차남문,189230101
5200128100,128-1,6,르노자동차남문,189230101
5200171000,171,11,르노자동차남문,189230101
5200172000,172,6,르노자동차남문,189230101
5200520000,520,46,르노자동차남문,189230101
5203006000,3006,33,르노자동차남문,189230101
5203007000,3007,5,르노자동차남문,189230101
5291409000,강서구9,4,르노자동차남문,189230102
5291420000,강서구20,11,르노자동차남문,189230102
5200128100,128-1,108,르노자동차정문,189230301
5200172000,172,130,르노자동차정문,189230301
5200520000,520,68,르노자동차정문,189230301
5202000000,2000,5,르노자동차정문,189230301
5203005000,3005,78,르노자동차정문,189230301
5203006000,3006,27,르노자동차정문,189230301
5291420000,강서구20,51,르노자동차정문,189230302
5291420000,강서구20,52,신호하수처리장,189230303
5291409000,강서구9,29,신호윌아파트105동,189230401
5200003000,3,53,윌아파트,189230402
5200058100,58-1,80,윌아파트,189230402
5200058200,58-2,83,윌아파트,189230402
5200109000,109,98,윌아파트,189230402
5200124000,124,94,윌아파트,189230402
5200171000,171,121,윌아파트,189230402
5203002000,3002,45,윌아파트,189230402
5200003000,3,52,르노자동차남문,189250301
5200058100,58-1,79,르노자동차남문,189250301
5200058200,58-2,82,르노자동차남문,189250301
5200109000,109,97,르노자동차남문,189250301
5200124000,124,93,르노자동차남문,189250301
5200128100,128-1,107,르노자동차남문,189250301
5200171000,171,120,르노자동차남문,189250301
5200172000,172,129,르노자동차남문,189250301
5200520000,520,67,르노자동차남문,189250301
5203006000,3006,26,르노자동차남문,189250301
5203007000,3007,39,르노자동차남문,189250301
5291409000,강서구9,28,르노자동차남문,189250302
5291420000,강서구20,50,르노자동차남문,189250302
5200058000,58,98,우진목재,189380101
5200109000,109,106,우진목재,189380101
5200124000,124,102,우진목재,189380101
5200128100,128-1,111,우진목재,189380101
5200171000,171,129,우진목재,189380101
5200172000,172,133,우진목재,189380101
5200058000,58,2,우진목재,189380301
5200109000,109,2,우진목재,189380301
5200124000,124,8,우진목재,189380301
5200128100,128-1,2,우진목재,189380301
5200171000,171,2,우진목재,189380301
5200172000,172,2,우진목재,189380301
5200058000,58,3,녹산하수처리장,189390301
5200058100,58-1,87,녹산하수처리장,189390301
5200058200,58-2,90,녹산하수처리장,189390301
5200520000,520,70,녹산하수처리장,189390301
5200058100,58-1,42,신호하수처리장,189400101
5200058200,58-2,24,신호하수처리장,189400101
5200109000,109,4,신호하수처리장,189400101
5200124000,124,10,신호하수처리장,189400101
5200128100,128-1,4,신호하수처리장,189400101
5200171000,171,4,신호하수처리장,189400101
5200172000,172,4,신호하수처리장,189400101
5200520000,520,44,신호하수처리장,189400101
5200058000,58,97,녹산하수처리장,189420101
5200109000,109,105,녹산하수처리장,189420101
5200124000,124,101,녹산하수처리장,189420101
5200128100,128-1,110,녹산하수처리장,189420101
5200171000,171,128,녹산하수처리장,189420101
5200172000,172,132,녹산하수처리장,189420101
5200058100,58-1,41,녹산하수처리장,189420201
5200058200,58-2,23,녹산하수처리장,189420201
5200109000,109,3,녹산하수처리장,189420201
5200124000,124,9,녹산하수처리장,189420201
5200128100,128-1,3,녹산하수처리장,189420201
5200171000,171,3,녹산하수처리장,189420201
5200172000,172,3,녹산하수처리장,189420201
5200520000,520,43,녹산하수처리장,189420201
5291409100,강서구9-1,18,사암입바위,189460101
5291409100,강서구9-1,16,삼성자동차출고사무소,189460102
5291409100,강서구9-1,17,화전마을입구,189460103
5291409100,강서구9-1,63,대한제강,189460401
5200058200,58-2,2,태광금속,189510401
5200124000,124,103,태광금속,189510401
5200520000,520,2,태광금속,189510401
5200058100,58-1,90,갑을녹산병원,189620101
5200058100,58-1,38,갑을녹산병원,189620201
5200058000,58,96,녹산염색공단,189680201
5200058100,58-1,40,녹산염색공단,189680201
5200058200,58-2,22,녹산염색공단,189680201
5200520000,520,42,녹산염색공단,189680201
5200058000,58,4,녹산염색공단,189690401
5200058100,58-1,88,녹산염색공단,189690401
5200058200,58-2,91,녹산염색공단,189690401
5200520000,520,71,녹산염색공단,189690401
5200058000,58,5,부산지방중소벤처기업청,189720401
5200058100,58-1,89,부산지방중소벤처기업청,189720401
5200058200,58-2,92,부산지방중소벤처기업청,189720401
5200520000,520,72,부산지방중소벤처기업청,189720401
5202000000,2000,6,부산지방중소벤처기업청,189720401
5203006000,3006,28,부산지방중소벤처기업청,189720401
5291420000,강서구20,53,강서소방서,189720402
5200058200,58-2,108,삼성전기,189810101
5200124000,124,4,삼성전기,189810101
5200520000,520,108,삼성전기,189810101
5200058000,58,95,부산지방중소벤처기업청,189850201
5200058100,58-1,39,부산지방중소벤처기업청,189850201
5200058200,58-2,21,부산지방중소벤처기업청,189850201
5200520000,520,41,부산지방중소벤처기업청,189850201
5202000000,2000,47,부산지방중소벤처기업청,189850201
5203006000,3006,31,부산지방중소벤처기업청,189850201
5291420000,강서구20,8,부산지방중소벤처기업청,189850202
5200058200,58-2,4,대흥공업사거리,189930401
5200124000,124,105,대흥공업사거리,189930401
5200520000,520,4,대흥공업사거리,189930401
5200058200,58-2,110,삼보목재,189940201
5200124000,124,6,삼보목재,189940201
5200520000,520,110,삼보목재,189940201
5200058200,58-2,111,태광금속,189940202
5200124000,124,7,태광금속,189940202
5200520000,520,111,태광금속,189940202
5200058200,58-2,3,삼보목재,189940401
5200124000,124,104,삼보목재,189940401
5200520000,520,3,삼보목재,189940401
5200058200,58-2,109,대흥공업사거리,189950101
5200124000,124,5,대흥공업사거리,189950101
5200520000,520,109,대흥공업사거리,189950101
5200058200,58-2,5,삼성전기,189950301
5200124000,124,106,삼성전기,189950301
5200520000,520,5,삼성전기,189950301
5291409100,강서구9-1,14,효성스틸,189980201
5200055000,55,3,삼성전기후문,189980301
5200058100,58-1,3,삼성전기후문,189980301
5200124000,124,3,삼성전기후문,189980301
5291409100,강서구9-1,65,삼성전기후문,189980302
5291409100,강서구9-1,64,효성스틸,189990401
5291409100,강서구9-1,15,대한제강,190000101
5200055000,55,2,대한제강,190000301
5200058100,58-1,2,대한제강,190000301
5200124000,124,2,대한제강,190000301
5200055000,55,119,화물터미널,190020101
5200058000,58,16,화물터미널,190020101
5200058100,58-1,122,화물터미널,190020101
5291409100,강서구9-1,7,화물터미널,190020102
5291409100,강서구9-1,71,화물터미널,190020301
5200055000,55,17,농심,190130101
5200058100,58-1,34,리노공업,190190201
5200058200,58-2,105,리노공업,190190201
5200520000,520,105,리노공업,190190201
5200058100,58-1,95,DSR,190190401
5200058200,58-2,9,DSR,190190401
5200520000,520,9,DSR,190190401
5200058100,58-1,36,해덕파워웨이,190280201
5200058200,58-2,107,해덕파워웨이,190280201
5200520000,520,107,해덕파워웨이,190280201
5200058100,58-1,93,동서열처리,190280401
5200058200,58-2,7,동서열처리,190280401
5200520000,520,7,동서열처리,190280401
5200058100,58-1,94,리노공업,190280402
5200058200,58-2,8,리노공업,190280402
5200520000,520,8,리노공업,190280402
5200058100,58-1,92,해덕파워웨이,190290401
5200058200,58-2,6,해덕파워웨이,190290401
5200520000,520,6,해덕파워웨이,190290401
5200058100,58-1,35,동서열처리,190300201
5200058200,58-2,106,동서열처리,190300201
5200520000,520,106,동서열처리,190300201
5200058100,58-1,33,DSR,190310201
5200058200,58-2,104,DSR,190310201
5200520000,520,104,DSR,190310201
5200058100,58-1,100,부산프라스틱공업,190310401
5200058200,58-2,10,부산프라스틱공업,190310401
5200520000,520,10,부산프라스틱공업,190310401
5200058100,58-1,28,부산프라스틱공업,190320201
5200058200,58-2,103,부산프라스틱공업,190320201
5200520000,520,103,부산프라스틱공업,190320201
5291409100,강서구9-1,10,두산정비,190340202
5291409100,강서구9-1,69,농심,190340402
5200055000,55,121,동아밸브,190350201
5200058100,58-1,124,동아밸브,190350201
5291409100,강서구9-1,11,동아밸브,190350202
5291409100,강서구9-1,12,삼창기전,190350203
5291409100,강서구9-1,68,두산정비,190350402
5291409100,강서구9-1,9,농심,190360202
5200055000,55,108,농심,190370301
5200055000,55,6,화물터미널,190370401
5200058000,58,84,화물터미널,190370401
5200058100,58-1,6,화물터미널,190370401
5291409100,강서구9-1,70,송정방근마을,190420401
5291416000,강서구16,32,송정방근마을,190420401
5200055000,55,18,(구)검문소,190430101
5200058000,58,17,(구)검문소,190430101
5291409100,강서구9-1,8,송정방근마을,190430201
5291416000,강서구16,3,송정방근마을,190430201
5200055000,55,113,용원,190440301
5200058000,58,10,용원,190440301
5200058200,58-2,97,용원,190440301
5200520000,520,97,용원,190440301
5200055000,55,118,태웅스틸,190480201
5200058000,58,15,태웅스틸,190480201
5200058100,58-1,121,태웅스틸,190480201
5291409100,강서구9-1,6,태웅스틸,190480202
5291409100,강서구9-1,73,국제휠타,190480402
5200055000,55,7,태웅스틸,190490301
5200058000,58,85,태웅스틸,190490301
5200058100,58-1,7,태웅스틸,190490301
5291409100,강서구9-1,72,태웅스틸,190490302
5200058100,58-1,101,송정다리,190500301
5200058200,58-2,11,송정다리,190500301
5200520000,520,11,송정다리,190500301
5291409100,강서구9-1,5,국제휠타,190510102
5200058100,58-1,26,(주)거보,190520201
5200058200,58-2,101,(주)거보,190520201
5200520000,520,101,(주)거보,190520201
5200055000,55,112,(주)태광본사,190540201
5200058000,58,8,(주)태광본사,190540201
5200058200,58-2,96,(주)태광본사,190540201
5200520000,520,96,(주)태광본사,190540201
5291409100,강서구9-1,4,해광테크,190580102
5291409100,강서구9-1,75,부광산업,190580302
5200058000,58,9,부광산업,190580303
5200058100,58-1,104,부광산업,190580303
5291409100,강서구9-1,74,해광테크,190590201
5200058000,58,91,부광산업,190600201
5200058100,58-1,24,부광산업,190600201
5291409100,강서구9-1,3,부광산업,190600202
5200055000,55,9,영남자동화기계,190650401
5200058000,58,87,영남자동화기계,190650401
5200058100,58-1,9,영남자동화기계,190650401
5200058200,58-2,13,영남자동화기계,190650401
5200520000,520,13,영남자동화기계,190650401
5200055000,55,116,영남자동화기계,190660201
5200058000,58,13,영남자동화기계,190660201
5200058100,58-1,119,영남자동화기계,190660201
5200058200,58-2,100,영남자동화기계,190660201
5200520000,520,100,영남자동화기계,190660201
5200055000,55,115,영도산업,190730201
5200058000,58,12,영도산업,190730201
5200058100,58-1,118,영도산업,190730201
5200058200,58-2,99,영도산업,190730201
5200520000,520,99,영도산업,190730201
5200055000,55,10,영도산업,190740401
5200058000,58,88,영도산업,190740401
5200058100,58-1,10,영도산업,190740401
5200058200,58-2,14,영도산업,190740401
5200520000,520,14,영도산업,190740401
5200058100,58-1,27,송정다리,190830201
5200058200,58-2,102,송정다리,190830201
5200520000,520,102,송정다리,190830201
5200058100,58-1,102,(주)거보,190830301
5200058200,58-2,12,(주)거보,190830301
5200520000,520,12,(주)거보,190830301
5200058000,58,83,송정,190870301
5200058000,58,18,송정,190880101
5200055000,55,107,(구)검문소,190900301
5200055000,55,109,풍영산업,190980201
5200058100,58-1,29,풍영산업,190980201
5200058100,58-1,96,풍영산업,190980201
5200055000,55,16,풍영산업,190980401
5200058100,58-1,32,풍영산업,190980401
5200058000,58,6,보람공원,191000401
5200058200,58-2,93,보람공원,191000401
5200520000,520,73,보람공원,191000401
5200055000,55,14,경제자유구역청,191070301
5200055000,55,110,경제자유구역청,191070301
5200058100,58-1,30,경제자유구역청,191070301
5200058100,58-1,97,경제자유구역청,191070301
5200058200,58-2,18,경제자유구역청,191070301
5200058200,58-2,94,경제자유구역청,191070301
5200520000,520,18,경제자유구역청,191070301
5200520000,520,74,경제자유구역청,191070301
5202000000,2000,7,경제자유구역청,191070301
5203006000,3006,29,경제자유구역청,191070301
5200055000,55,15,경제자유구역청,191150101
5200055000,55,111,경제자유구역청,191150101
5200058100,58-1,31,경제자유구역청,191150101
5200058100,58-1,98,경제자유구역청,191150101
5200058200,58-2,19,경제자유구역청,191150101
5200058200,58-2,95,경제자유구역청,191150101
5200520000,520,39,경제자유구역청,191150101
5200520000,520,95,경제자유구역청,191150101
5202000000,2000,46,경제자유구역청,191150101
5203006000,3006,30,경제자유구역청,191150101
5291420000,강서구20,7,경제자유구역청,191150102
5200058000,58,94,보람공원,191180201
5200058200,58-2,20,보람공원,191180201
5200520000,520,40,보람공원,191180201
5200058000,58,7,경제자유구역청사거리,191200401
5200058000,58,93,경제자유구역청사거리,191210101
5291405000,강서구5,62,평강농협,191270301
5200123000,123,117,대사리3구,191270401
5200127000,127,90,대사리3구,191270401
5201004000,1004,86,대사리3구,191270401
5201004F00,1004-F,145,대사리3구,191270401
5200123000,123,118,(구)국립농산물품질관리원,191270402
5200127000,127,91,(구)국립농산물품질관리원,191270402
5201004F00,1004-F,146,(구)국립농산물품질관리원,191270402
5291402000,강서구2,28,대사리3구,191270403
5291406000,강서구6,40,대사리3구,191270403
5291407100,강서구7-1,71,대사리3구,191270403
5291407200,강서구7-2,66,대사리3구,191270403
5291415000,강서구15,6,대사리3구,191270403
5291402000,강서구2,29,(구)국립농산물품질관리원,191270404
5291406000,강서구6,41,(구)국립농산물품질관리원,191270404
5291407100,강서구7-1,72,(구)국립농산물품질관리원,191270404
5291407200,강서구7-2,67,(구)국립농산물품질관리원,191270404
5291415000,강서구15,7,(구)국립농산물품질관리원,191270404
5200123000,123,21,(구)국립농산물품질관리원,191280101
5200127000,127,28,(구)국립농산물품질관리원,191280101
5201004F00,1004-F,22,(구)국립농산물품질관리원,191280101
5200123000,123,22,대사리3구,191280102
5200127000,127,29,대사리3구,191280102
5201004000,1004,21,대사리3구,191280102
5201004F00,1004-F,23,대사리3구,191280102
5291402000,강서구2,17,(구)국립농산물품질관리원,191280103
5291406000,강서구6,22,(구)국립농산물품질관리원,191280103
5291407100,강서구7-1,41,(구)국립농산물품질관리원,191280103
5291407200,강서구7-2,48,(구)국립농산물품질관리원,191280103
5291415000,강서구15,80,(구)국립농산물품질관리원,191280103
5291402000,강서구2,18,대사리3구,191280104
5291406000,강서구6,23,대사리3구,191280104
5291407100,강서구7-1,42,대사리3구,191280104
5291407200,강서구7-2,49,대사리3구,191280104
5291415000,강서구15,81,대사리3구,191280104
5291407100,강서구7-1,74,강동동행정복지센터,191280201
5291407200,강서구7-2,69,강동동행정복지센터,191280201
5291415000,강서구15,9,강동동행정복지센터,191280201
5291407100,강서구7-1,75,농협공판장,191280202
5291407200,강서구7-2,70,농협공판장,191280202
5291415000,강서구15,10,농협공판장,191280202
5291407100,강서구7-1,76,핏대섬새동네,191280203
5291407200,강서구7-2,71,핏대섬새동네,191280203
5291415000,강서구15,11,핏대섬새동네,191280203
5291407100,강서구7-1,77,딴치,191280204
5291407200,강서구7-2,72,딴치,191280204
5291415000,강서구15,12,딴치,191280204
5291407100,강서구7-1,78,신덕복지회관,191280205
5291407200,강서구7-2,73,신덕복지회관,191280205
5291415000,강서구15,13,신덕복지회관,191280205
5291407100,강서구7-1,73,강동치안센터,191280206
5291407200,강서구7-2,68,강동치안센터,191280206
5291415000,강서구15,8,강동치안센터,191280206
5200123000,123,119,대사역.대사리2구,191280301
5200127000,127,92,대사역.대사리2구,191280301
5201004000,1004,87,대사역.대사리2구,191280301
5201004F00,1004-F,147,대사역.대사리2구,191280301
5291402000,강서구2,30,대사역.대사리2구,191280302
5291406000,강서구6,42,대사역.대사리2구,191280302
5291406000,강서구6,43,대사리1구,191280303
5200123000,123,20,대사역.대사리2구,191290101
5200127000,127,27,대사역.대사리2구,191290101
5201004000,1004,20,대사역.대사리2구,191290101
5201004F00,1004-F,21,대사역.대사리2구,191290101
5291402000,강서구2,15,대사리1구,191290102
5291406000,강서구6,20,대사리1구,191290102
5291402000,강서구2,16,대사역.대사리2구,191290103
5291406000,강서구6,21,대사역.대사리2구,191290103
5291402000,강서구2,31,중덕마을,191290202
5200123000,123,120,대사리1구,191290301
5200127000,127,93,대사리1구,191290301
5201004F00,1004-F,148,대사리1구,191290301
5200123000,123,19,대사리1구,191300101
5200127000,127,26,대사리1구,191300101
5201004F00,1004-F,20,대사리1구,191300101
5200058000,58,81,산양마을,191320301
5200058000,58,82,성고개,191320302
5291409100,강서구9-1,59,산양마을입구,191320501
5200058000,58,19,성고개,191330101
5200058000,58,20,산양마을,191330102
5200058000,58,31,녹산중학교,191340101
5200161000,161,10,녹산중학교,191340101
5200058000,58,32,성산2구,191340102
5200161000,161,11,성산2구,191340102
5200058000,58,30,녹명초등학교,191340103
5200161000,161,9,녹명초등학교,191340103
5200058000,58,33,성산다리,191340104
5200161000,161,12,성산다리,191340104
5291409000,강서구9,12,본녹산녹명초등학교,191340105
5291409100,강서구9-1,24,본녹산녹명초등학교,191340105
5291416000,강서구16,13,본녹산녹명초등학교,191340105
5291409000,강서구9,13,녹산중학교,191340107
5291409100,강서구9-1,25,녹산중학교,191340107
5291416000,강서구16,14,녹산중학교,191340107
5291409100,강서구9-1,27,성산,191340108
5291409000,강서구9,14,성산2구,191340109
5291409100,강서구9-1,26,성산2구,191340109
5291416000,강서구16,15,성산2구,191340109
5291407000,강서구7,26,순아3구,191350101
5291409100,강서구9-1,29,순아3구,191350101
5291412000,강서구12,32,순아3구,191350101
5291412100,강서구12-1,24,순아3구,191350101
5291407000,강서구7,48,노적봉능엄사 입구,191350201
5291412000,강서구12,54,노적봉능엄사 입구,191350201
5291412100,강서구12-1,42,노적봉능엄사 입구,191350201
5200055000,55,68,사취등,191360301
5200058000,58,65,사취등,191360301
5200122000,122,46,사취등,191360301
5200161000,161,102,사취등,191360301
5291407000,강서구7,45,사취등,191360302
5291408000,강서구8,60,사취등,191360302
5291409100,강서구9-1,48,사취등,191360302
5291412000,강서구12,51,사취등,191360302
5291412100,강서구12-1,39,사취등,191360302
5291415000,강서구15,52,사취등,191360302
5200003000,3,33,협성휴포레,191360401
5200109000,109,82,협성휴포레,191360401
5200172000,172,121,협성휴포레,191360401
5200003000,3,84,진목,191370101
5200055000,55,59,진목,191370101
5200058000,58,38,진목,191370101
5200058200,58-2,50,진목,191370101
5200109000,109,30,진목,191370101
5200122000,122,37,진목,191370101
5200161000,161,17,진목,191370101
5200172000,172,18,진목,191370101
5200003000,3,83,경일고등학교입구,191370102
5200055000,55,58,경일고등학교입구,191370102
5200058000,58,37,경일고등학교입구,191370102
5200109000,109,29,경일고등학교입구,191370102
5200122000,122,36,경일고등학교입구,191370102
5200161000,161,16,경일고등학교입구,191370102
5200172000,172,17,경일고등학교입구,191370102
5203002000,3002,11,경일고등학교입구,191370102
5203007000,3007,33,경일고등학교입구,191370102
5291407000,강서구7,31,진목,191370103
5291408100,강서구8-1,12,진목,191370103
5291409100,강서구9-1,34,진목,191370103
5291412000,강서구12,37,진목,191370103
5291412100,강서구12-1,29,진목,191370103
5291415000,강서구15,38,진목,191370103
5291415100,강서구15-1,12,진목,191370103
5291421000,강서구21,18,진목,191370103
5291407000,강서구7,30,경일고등학교입구,191370104
5291408100,강서구8-1,11,경일고등학교입구,191370104
5291409100,강서구9-1,33,경일고등학교입구,191370104
5291412000,강서구12,36,경일고등학교입구,191370104
5291412100,강서구12-1,28,경일고등학교입구,191370104
5291415000,강서구15,37,경일고등학교입구,191370104
5291415100,강서구15-1,11,경일고등학교입구,191370104
5291408000,강서구8,13,경일고등학교,191370201
5291421000,강서구21,29,경일고등학교,191370201
5291408000,강서구8,15,중리새동네,191370202
5291421000,강서구21,31,중리새동네,191370202
5291408000,강서구8,14,명지농협,191370203
5291421000,강서구21,30,명지농협,191370203
5200055000,55,106,옥포마을,191380301
5291411000,강서구11,19,덕두새동네,191420501
5200307000,307,57,국내선,191430201
5203003000,3003,23,국내선,191430201
5200109000,109,41,국내선,191430401
5200109000,109,66,국내선,191430401
5200307000,307,60,국내선,191430401
5203003000,3003,25,국내선,191430401
5291411000,강서구11,21,국내선청사,191430402
5291411000,강서구11,52,국내선청사,191430402
5291413000,강서구13,15,국내선청사,191430402
5291413000,강서구13,59,국내선청사,191430402
5200307000,307,56,국제선청사,191460301
5203003000,3003,22,국제선청사,191460301
5291407000,강서구7,9,렛츠런파크입구,191470201
5291407100,강서구7-1,97,렛츠런파크입구,191470201
5291407200,강서구7-2,89,렛츠런파크입구,191470201
5291407100,강서구7-1,99,세산입구,191480202
5291407100,강서구7-1,100,녹산주민문화회관,191480203
5291407100,강서구7-1,12,녹산주민문화회관,191490102
5291407100,강서구7-1,13,세산입구,191490103
5200055000,55,49,세산사거리,191490201
5200055000,55,50,가달,191490202
5200055000,55,51,생곡마을,191490203
5203005000,3005,71,생곡마을,191490203
5203007000,3007,30,생곡마을,191490203
5291407000,강서구7,15,생곡입구,191490205
5291407100,강서구7-1,101,세산사거리,191490301
5291412100,강서구12-1,54,세산사거리,191490301
5200055000,55,76,세산사거리,191490302
5291402000,강서구2,38,가락농협,191510301
5291406000,강서구6,8,가락동행정복지센터,191510302
5291406000,강서구6,6,죽림삼거리,191510303
5291407100,강서구7-1,92,해포,191520101
5291407200,강서구7-2,84,해포,191520101
5291406000,강서구6,3,통전,191520401
5291407100,강서구7-1,24,통전,191520401
5291407200,강서구7-2,33,통전,191520401
5291407100,강서구7-1,21,해포,191530101
5291407200,강서구7-2,32,해포,191530101
5291409100,강서구9-1,60,사암입바위,191550301
5291409100,강서구9-1,62,삼성자동차출고사무소,191550302
5291409100,강서구9-1,61,화전마을입구,191550303
5200058100,58-1,69,동리,191560201
5200171000,171,108,동리,191560201
5200058100,58-1,70,진동,191560202
5200171000,171,109,진동,191560202
5291420000,강서구20,36,동리,191560204
5291420000,강서구20,37,진동,191560205
5200124000,124,73,명지초교.명지중학교,191560301
5200128100,128-1,86,명지초교.명지중학교,191560301
5200128100,128-1,87,명지국제신도시입구,191560302
5291408100,강서구8-1,14,명지초교.명지중학교,191560502
5291422000,강서구22,54,명지초교.명지중학교,191560502
5291408000,강서구8,16,강서구생활문화센터,191570201
5291421000,강서구21,32,강서구생활문화센터,191570201
5291408000,강서구8,56,중리새동네,191570301
5291421000,강서구21,15,중리새동네,191570301
5291408000,강서구8,57,명지농협,191570302
5291421000,강서구21,16,명지농협,191570302
5291408000,강서구8,58,경일고등학교,191570303
5291421000,강서구21,17,경일고등학교,191570303
5200058100,58-1,60,명지새동네,191580101
5200124000,124,39,명지새동네,191580101
5200128100,128-1,28,명지새동네,191580101
5200171000,171,24,명지새동네,191580101
5202000000,2000,50,명지새동네,191580101
5291407000,강서구7,33,명지새동네,191580102
5291407000,강서구7,41,명지새동네,191580102
5291408100,강서구8-1,40,명지새동네,191580102
5291409100,강서구9-1,36,명지새동네,191580102
5291409100,강서구9-1,44,명지새동네,191580102
5291412000,강서구12,39,명지새동네,191580102
5291412000,강서구12,47,명지새동네,191580102
5291413000,강서구13,34,명지새동네,191580102
5291413000,강서구13,42,명지새동네,191580102
5291415000,강서구15,40,명지새동네,191580102
5291415000,강서구15,48,명지새동네,191580102
5291420000,강서구20,27,명지새동네,191580102
5291421000,강서구21,20,명지새동네,191580102
5291421000,강서구21,28,명지새동네,191580102
5291422000,강서구22,10,명지새동네,191580102
5200109000,109,71,덕두시장,191590201
5291413000,강서구13,20,덕두,191590202
5291422000,강서구22,38,덕두,191590202
5291422000,강서구22,22,덕두시장,191590301
5291405000,강서구5,30,강서구청,191600201
5291411000,강서구11,31,강서구청,191600201
5291413000,강서구13,69,강서구청,191600201
5291419000,강서구19,37,강서구청,191600201
5291407100,강서구7-1,31,덕계,191610101
5291407200,강서구7-2,39,덕계,191610101
5291415000,강서구15,71,덕계,191610101
5291407100,강서구7-1,32,신덕신천마을,191610102
5291407200,강서구7-2,40,신덕신천마을,191610102
5291415000,강서구15,72,신덕신천마을,191610102
5291415000,강서구15,17,득천사거리,191610201
5291415000,강서구15,19,현대슈퍼,191610202
5291415000,강서구15,20,상곡정미소,191610203
5291415000,강서구15,18,득천,191610204
5291402000,강서구2,11,덕도초등학교,191620301
5291407100,강서구7-1,28,덕포마을,191630101
5291407200,강서구7-2,36,덕포마을,191630101
5200123000,123,112,낙동중학교,191650301
5200127000,127,85,낙동중학교,191650301
5201004F00,1004-F,140,낙동중학교,191650301
5200123000,123,24,중리입구,191660101
5200123000,123,25,강서복지회관.우편집중국,191660102
5200127000,127,31,대저역,191660201
5201004000,1004,23,대저역,191660201
5201004F00,1004-F,25,대저역,191660201
5200127000,127,32,체육공원역,191660202
5201004000,1004,24,체육공원역,191660202
5201004F00,1004-F,26,체육공원역,191660202
5291402000,강서구2,20,대저역,191660203
5291406000,강서구6,25,대저역,191660203
5291407100,강서구7-1,44,대저역,191660203
5291407200,강서구7-2,51,대저역,191660203
5291415000,강서구15,83,대저역,191660203
5291402000,강서구2,21,강서체육공원역,191660204
5291406000,강서구6,26,강서체육공원역,191660204
5291407100,강서구7-1,45,강서체육공원역,191660204
5291407200,강서구7-2,52,강서체육공원역,191660204
5291415000,강서구15,84,강서체육공원역,191660204
5200123000,123,115,부산교도소,191660301
5200127000,127,88,부산교도소,191660301
5201004F00,1004-F,143,부산교도소,191660301
5200123000,123,116,평강역,191660302
5200127000,127,89,평강역,191660302
5201004000,1004,85,평강역,191660302
5201004F00,1004-F,144,평강역,191660302
5291402000,강서구2,27,평강,191660303
5291406000,강서구6,39,평강,191660303
5291407100,강서구7-1,70,평강,191660303
5291407200,강서구7-2,65,평강,191660303
5291415000,강서구15,5,평강,191660303
5291402000,강서구2,26,부산교도소,191660304
5291406000,강서구6,38,부산교도소,191660304
5291407100,강서구7-1,69,부산교도소,191660304
5291407200,강서구7-2,64,부산교도소,191660304
5291415000,강서구15,4,부산교도소,191660304
5200123000,123,26,낙동중학교,191670201
5200123000,123,27,수로다리,191670202
5200123000,123,114,중리입구,191670301
5200127000,127,87,중리입구,191670301
5201004F00,1004-F,142,중리입구,191670301
5200123000,123,113,강서복지회관.우편집중국,191670302
5200127000,127,86,강서복지회관.우편집중국,191670302
5201004F00,1004-F,141,강서복지회관.우편집중국,191670302
5291406000,강서구6,15,시만,191680101
5291406000,강서구6,13,식만,191680102
5291406000,강서구6,10,용등,191680103
5291406000,강서구6,16,시만교,191680104
5291406000,강서구6,14,식만교,191680105
5291402000,강서구2,8,가락농협,191680201
5291406000,강서구6,56,가락파출소,191680202
5291406000,강서구6,57,죽림삼거리,191680203
5200109000,109,73,금호마을,191700202
5291413000,강서구13,24,금호마을,191700203
5291422000,강서구22,42,금호마을,191700203
5291413000,강서구13,21,동방,191700204
5291422000,강서구22,39,동방,191700204
5291413000,강서구13,51,금호마을,191710102
5291413000,강서구13,53,동방,191710103
5291422000,강서구22,21,동방,191710103
5200109000,109,35,금호마을,191720101
5291402000,강서구2,25,대저역,191780301
5291406000,강서구6,37,대저역,191780301
5291407100,강서구7-1,68,대저역,191780301
5291407200,강서구7-2,63,대저역,191780301
5291415000,강서구15,3,대저역,191780301
5291402000,강서구2,24,강서체육공원역,191780302
5291406000,강서구6,36,강서체육공원역,191780302
5291407100,강서구7-1,67,강서체육공원역,191780302
5291407200,강서구7-2,62,강서체육공원역,191780302
5291415000,강서구15,2,강서체육공원역,191780302
5291411000,강서구11,44,신덕삼거리,191790201
5291413000,강서구13,8,신덕삼거리,191790201
5200109000,109,48,신덕삼거리,191790301
5200307000,307,67,신덕삼거리,191790301
5200109000,109,49,강서체육공원,191790302
5200307000,307,68,강서체육공원,191790302
5291411000,강서구11,29,강서체육공원복지회관,191790303
5291413000,강서구13,67,강서체육공원복지회관,191790303
5291413000,강서구13,66,신덕삼거리,191790304
5200003000,3,29,진목,191810301
5200055000,55,66,진목,191810301
5200058000,58,63,진목,191810301
5200058200,58-2,63,진목,191810301
5200109000,109,78,진목,191810301
5200122000,122,44,진목,191810301
5200161000,161,100,진목,191810301
5200172000,172,117,진목,191810301
5200003000,3,30,경일고등학교입구,191810302
5200055000,55,67,경일고등학교입구,191810302
5200058000,58,64,경일고등학교입구,191810302
5200109000,109,79,경일고등학교입구,191810302
5200122000,122,45,경일고등학교입구,191810302
5200161000,161,101,경일고등학교입구,191810302
5200172000,172,118,경일고등학교입구,191810302
5203002000,3002,37,경일고등학교입구,191810302
5203007000,3007,11,경일고등학교입구,191810302
5291407000,강서구7,42,진목,191810303
5291408100,강서구8-1,41,진목,191810303
5291409100,강서구9-1,45,진목,191810303
5291412000,강서구12,48,진목,191810303
5291412100,강서구12-1,36,진목,191810303
5291415000,강서구15,49,진목,191810303
5291415100,강서구15-1,19,진목,191810303
5291407000,강서구7,43,경일고등학교입구,191810304
5291408100,강서구8-1,42,경일고등학교입구,191810304
5291409100,강서구9-1,46,경일고등학교입구,191810304
5291412000,강서구12,49,경일고등학교입구,191810304
5291412100,강서구12-1,37,경일고등학교입구,191810304
5291415000,강서구15,50,경일고등학교입구,191810304
5291415100,강서구15-1,20,경일고등학교입구,191810304
5291407000,강서구7,25,노적봉능엄사 입구,191840101
5291409100,강서구9-1,28,노적봉능엄사 입구,191840101
5291412000,강서구12,31,노적봉능엄사 입구,191840101
5291412100,강서구12-1,23,노적봉능엄사 입구,191840101
5200055000,55,20,구랑,191850102
5200109000,109,38,강서브라이트센터,191860301
5200109000,109,63,강서브라이트센터,191860301
5200307000,307,53,강서브라이트센터,191860301
5291413000,강서구13,11,강서브라이트센터,191860302
5291413000,강서구13,55,강서브라이트센터,191860302
5200109000,109,45,강서브라이트센터,191870201
5200109000,109,70,강서브라이트센터,191870201
5200307000,307,64,강서브라이트센터,191870201
5291413000,강서구13,19,강서브라이트센터,191870202
5291413000,강서구13,63,강서브라이트센터,191870202
5291407100,강서구7-1,103,마음,191880301
5291412100,강서구12-1,56,마음,191880301
5200055000,55,79,마음,191880303
5200055000,55,77,중곡,191880304
5203005000,3005,10,중곡,191880304
5291411000,강서구11,23,공항파출소,191930101
5200055000,55,54,성산,191940102
5203005000,3005,72,성산,191940102
5203007000,3007,31,성산,191940102
5291407000,강서구7,21,장락새동네,191940103
5291412000,강서구12,27,장락새동네,191940103
5291412100,강서구12-1,19,장락새동네,191940103
5291407000,강서구7,23,장락포,191940104
5291412000,강서구12,29,장락포,191940104
5291412100,강서구12-1,21,장락포,191940104
5291412000,강서구12,26,생곡삼거리,191940106
5291412100,강서구12-1,18,생곡삼거리,191940106
5291407000,강서구7,24,성산,191940108
5291409000,강서구9,17,성산,191940108
5291412000,강서구12,30,성산,191940108
5291412100,강서구12-1,22,성산,191940108
5291416000,강서구16,18,성산,191940108
5291407000,강서구7,22,장락,191940109
5291412000,강서구12,28,장락,191940109
5291412100,강서구12-1,20,장락,191940109
5291407000,강서구7,16,생곡삼거리,191940201
5291407000,강서구7,53,생곡삼거리,191940201
5291407000,강서구7,18,생곡,191940202
5291407000,강서구7,55,생곡,191940202
5200055000,55,73,용적사입구,191940301
5291411000,강서구11,28,신덕삼거리,191950101
5200109000,109,61,신덕마을,191950201
5200307000,307,51,신덕마을,191950201
5291411000,강서구11,46,등구마을,191950202
5291413000,강서구13,10,등구마을,191950202
5291411000,강서구11,45,신덕마을,191950203
5291413000,강서구13,9,신덕마을,191950203
5200109000,109,47,신덕마을,191960101
5200307000,307,66,신덕마을,191960101
5291411000,강서구11,26,등구마을,191960102
5291413000,강서구13,64,등구마을,191960102
5291411000,강서구11,27,신덕마을,191960103
5291413000,강서구13,65,신덕마을,191960103
5200109000,109,62,등구마을,191960201
5200307000,307,52,등구마을,191960201
5200109000,109,46,등구마을,192000102
5200307000,307,65,등구마을,192000102
5291407100,강서구7-1,20,둔치도,192060202
5291407200,강서구7-2,31,둔치도,192060202
5291407000,강서구7,5,조만포,192060301
5291407100,강서구7-1,94,조만포,192060301
5291407200,강서구7-2,86,조만포,192060301
5203005000,3005,42,둔치도입구,192060302
5200123000,123,108,강서구청역,192080201
5200127000,127,81,강서구청역,192080201
5200307000,307,46,강서구청역,192080201
5201004F00,1004-F,136,강서구청역,192080201
5200109000,109,58,강서구청역,192080301
5291402000,강서구2,23,강서구청역,192080302
5291405000,강서구5,31,강서구청역,192080302
5291411000,강서구11,32,강서구청역,192080302
5291413000,강서구13,70,강서구청역,192080302
5291415000,강서구15,1,강서구청역,192080302
5291419000,강서구19,1,강서구청역,192080302
5291402000,강서구2,22,강서구청역,192080701
5291405000,강서구5,39,강서구청역,192080701
5291411000,강서구11,40,강서구청역,192080701
5291413000,강서구13,4,강서구청역,192080701
5291415000,강서구15,85,강서구청역,192080701
5291405000,강서구5,9,부산교도소,192090101
5291405000,강서구5,10,중리1구꽃동네,192090102
5291405000,강서구5,8,평강,192090103
5291405000,강서구5,7,평강농협,192090104
5291422000,강서구22,30,평강농협,192090104
5200123000,123,23,평강역,192090201
5200127000,127,30,평강역,192090201
5201004000,1004,22,평강역,192090201
5201004F00,1004-F,24,평강역,192090201
5291402000,강서구2,19,평강,192090202
5291406000,강서구6,24,평강,192090202
5291407100,강서구7-1,43,평강,192090202
5291407200,강서구7-2,50,평강,192090202
5291415000,강서구15,82,평강,192090202
5291405000,강서구5,64,평강대리1구,192100401
5291405000,강서구5,63,평강대리,192100402
5291422000,강서구22,31,평강대리,192100402
5291407100,강서구7-1,33,강서해수랜드,192110101
5291407200,강서구7-2,41,강서해수랜드,192110101
5291415000,강서구15,73,강서해수랜드,192110101
5291407100,강서구7-1,81,덕계,192110301
5291407200,강서구7-2,76,덕계,192110301
5291415000,강서구15,16,덕계,192110301
5291407100,강서구7-1,80,신덕신천마을,192110302
5291407200,강서구7-2,75,신덕신천마을,192110302
5291415000,강서구15,15,신덕신천마을,192110302
5291405000,강서구5,3,공항상회,192120101
5291422000,강서구22,26,공항상회,192120101
5291405000,강서구5,2,칠점입구,192120102
5291422000,강서구22,25,칠점입구,192120102
5291405000,강서구5,4,평강사리마을입구,192120103
5291422000,강서구22,27,평강사리마을입구,192120103
5291405000,강서구5,69,울만신평 하리,192120401
5291406000,강서구6,48,시만,192170201
5291406000,강서구6,50,식만,192170202
5291406000,강서구6,53,용등,192170203
5291406000,강서구6,47,시만교,192170204
5291406000,강서구6,49,식만교,192170205
5291413000,강서구13,25,금호오리마을,192180202
5291422000,강서구22,43,금호오리마을,192180202
5291411000,강서구11,72,신평마을,192190101
5291411000,강서구11,69,성심정미소,192190102
5291411000,강서구11,70,입소마을회관,192190103
5291411000,강서구11,71,공항기숙사후문,192190104
5291411000,강서구11,73,신평마을회관,192190105
5291411000,강서구11,8,설만마을회관,192190201
5291411000,강서구11,6,동신에프에이,192190202
5291411000,강서구11,7,신진화이너스,192190203
5291415000,강서구15,67,상곡정미소,192200101
5291415000,강서구15,68,현대슈퍼,192200102
5291407100,강서구7-1,30,득천사거리,192200103
5291407200,강서구7-2,38,득천사거리,192200103
5291415000,강서구15,70,득천사거리,192200103
5291415000,강서구15,69,득천,192200104
5291415000,강서구15,21,강동119안전센터,192200301
5200055000,55,52,용적사입구,192220101
5200055000,55,75,가달,192220301
5200055000,55,74,생곡마을,192220302
5203005000,3005,9,생곡마을,192220302
5203007000,3007,14,생곡마을,192220302
5291407000,강서구7,58,생곡입구,192220304
5291407100,강서구7-1,93,둔치도입구,192230201
5291407200,강서구7-2,85,둔치도입구,192230201
5291407000,강서구7,20,생곡삼거리,192260101
5291407000,강서구7,57,생곡삼거리,192260101
5291407000,강서구7,67,사구,192500101
5291407100,강서구7-1,18,사구,192500101
5291407200,강서구7-2,29,사구,192500101
5291407000,강서구7,68,조만포,192500102
5291407100,강서구7-1,19,조만포,192500102
5291407200,강서구7-2,30,조만포,192500102
5203005000,3005,37,둔치도입구,192500103
5291407000,강서구7,7,범방주유소,192500202
5291407000,강서구7,6,사구,192500203
5291407100,강서구7-1,95,사구,192500203
5291407200,강서구7-2,87,사구,192500203
5200003000,3,77,중흥프라디움,192590401
5200128100,128-1,22,중흥프라디움,192590401
5200172000,172,11,중흥프라디움,192590401
5291408000,강서구8,27,한국토지주택공사,192590701
5291408100,강서구8-1,24,한국토지주택공사,192590701
5203005000,3005,25,지사산단입구,192630201
5291407100,강서구7-1,106,명동,192630301
5291407200,강서구7-2,103,명동,192630301
5291412000,강서구12,68,명동,192630301
5291412100,강서구12-1,59,명동,192630301
5200055000,55,22,명동,192630302
5200055000,55,81,명동,192630302
5203005000,3005,55,명동,192630302
5291407100,강서구7-1,7,동양메이져,192630401
5291407200,강서구7-2,13,동양메이져,192630401
5291412000,강서구12,18,동양메이져,192630401
5291412100,강서구12-1,7,동양메이져,192630401
5291407100,강서구7-1,6,명동,192640101
5291407200,강서구7-2,12,명동,192640101
5291412000,강서구12,17,명동,192640101
5291412100,강서구12-1,6,명동,192640101
5200055000,55,44,명동,192640102
5200055000,55,103,명동,192640102
5203005000,3005,68,명동,192640102
5291407200,강서구7-2,105,동화엔텍,192660302
5291407200,강서구7-2,10,동화엔텍,192670102
5291407200,강서구7-2,106,협성DS엘리시안,192680102
5291407200,강서구7-2,9,협성DS엘리시안,192690102
5291407100,강서구7-1,110,지사휴먼시아아파트,192690201
5291407200,강서구7-2,107,지사휴먼시아아파트,192690201
5291412000,강서구12,72,지사휴먼시아아파트,192690201
5291412100,강서구12-1,63,지사휴먼시아아파트,192690201
5200055000,55,26,지사휴먼시아아파트,192690202
5200055000,55,85,지사휴먼시아아파트,192690202
5203005000,3005,13,지사휴먼시아아파트,192690202
5203007000,3007,19,지사휴먼시아아파트,192690202
5200055000,55,40,지사휴먼시아아파트,192700101
5200055000,55,99,지사휴먼시아아파트,192700101
5203005000,3005,23,지사휴먼시아아파트,192700101
5203007000,3007,25,지사휴먼시아아파트,192700101
5291407100,강서구7-1,2,지사휴먼시아아파트,192710101
5291407200,강서구7-2,8,지사휴먼시아아파트,192710101
5291412000,강서구12,13,지사휴먼시아아파트,192710101
5291412100,강서구12-1,2,지사휴먼시아아파트,192710101
5200055000,55,27,지사문화회관,192710201
5200055000,55,86,지사문화회관,192710201
5203005000,3005,58,지사문화회관,192710201
5203007000,3007,20,지사문화회관,192710201
5200055000,55,39,지사문화회관,192720101
5200055000,55,98,지사문화회관,192720101
5203005000,3005,66,지사문화회관,192720101
5203007000,3007,24,지사문화회관,192720101
5203005000,3005,14,에스피엘,192720301
5203005000,3005,60,이원솔루텍,192750201
5203005000,3005,64,이원솔루텍,192750401
5291407200,강서구7-2,6,이원솔루텍,192750402
5200055000,55,28,이원솔루텍,192750501
5200055000,55,87,이원솔루텍,192750501
5291407200,강서구7-2,109,이원솔루텍,192750502
5291412000,강서구12,74,이원솔루텍,192750502
5203005000,3005,16,자동차부품복지관,192760201
5203005000,3005,20,자동차부품복지관,192770101
5203005000,3005,61,테크노파크입구,192770201
5291412000,강서구12,6,자동차부품복지관,192770202
5291412000,강서구12,7,테크노파크입구,192770203
5291412000,강서구12,10,자동차부품복지관,192780101
5203005000,3005,63,테크노파크입구,192790101
5291412000,강서구12,9,테크노파크입구,192790102
5291408000,강서구8,55,강서구생활문화센터,192800201
5291421000,강서구21,14,강서구생활문화센터,192800201
5291408000,강서구8,17,학생안전체험관,192830201
5291421000,강서구21,33,학생안전체험관,192830201
5291408000,강서구8,54,학생안전체험관,192860103
5291421000,강서구21,13,학생안전체험관,192860103
5291407100,강서구7-1,84,덕포마을,192870201
5291407200,강서구7-2,79,덕포마을,192870201
5291402000,강서구2,35,강동교회,192870301
5291402000,강서구2,36,상덕마을,192870302
5291402000,강서구2,34,덕도초등학교,192880101
5291402000,강서구2,12,덕계마을,192880201
5291402000,강서구2,33,덕계마을,192890201
5291402000,강서구2,32,북정마을,192900101
5291402000,강서구2,13,북정마을,192900201
5291402000,강서구2,14,중덕마을,192930101
5291402000,강서구2,10,강동교회,192940102
5291402000,강서구2,9,상덕마을,192940103
5291402000,강서구2,37,덕포마을,192960201
5291411000,강서구11,15,월포,193070201
5291411000,강서구11,2,신평마을,193110201
5291411000,강서구11,5,성심정미소,193110202
5291411000,강서구11,74,신평종점,193110203
5291411000,강서구11,4,입소마을회관,193110204
5291411000,강서구11,3,공항기숙사후문,193110205
5291411000,강서구11,1,신평마을회관,193110206
5291405000,강서구5,47,변덕마을,193130201
5291405000,강서구5,24,변덕초소,193130301
5291405000,강서구5,46,변덕초소,193150101
5291405000,강서구5,25,강서고교,193150201
5291405000,강서구5,45,강서고교,193160101
5291405000,강서구5,44,새날교회,193160301
5200055000,55,13,(주)태광본사,193260201
5200058000,58,92,(주)태광본사,193260201
5200058200,58-2,17,(주)태광본사,193260201
5200520000,520,17,(주)태광본사,193260201
5200172000,172,7,명지신도시,193270301
5202000000,2000,49,명지신도시,193270301
5203006000,3006,34,명지신도시,193270301
5200003000,3,63,신호대교,193300201
5200058100,58-1,50,신호대교,193300201
5200058200,58-2,32,신호대교,193300201
5200109000,109,12,신호대교,193300201
5200124000,124,18,신호대교,193300201
5200128100,128-1,7,신호대교,193300201
5200171000,171,12,신호대교,193300201
5203002000,3002,4,신호대교,193300201
5291420000,강서구20,12,명지오션시티,193300202
5200036000,36,78,경찰전직지원센터,193310101
5200086000,86,99,경찰전직지원센터,193310101
5200087000,87,105,경찰전직지원센터,193310101
5200099000,99,50,경찰전직지원센터,193310101
5200105000,105,11,경찰전직지원센터,193310101
5200110100,110-1,21,경찰전직지원센터,193310101
5200189100,189-1,52,경찰전직지원센터,193310101
5200036000,36,70,웰니스병원.연산농협,193310301
5200086000,86,13,웰니스병원.연산농협,193310301
5200087000,87,12,웰니스병원.연산농협,193310301
5200099000,99,19,웰니스병원.연산농협,193310301
5200105000,105,85,웰니스병원.연산농협,193310301
5200110100,110-1,54,웰니스병원.연산농협,193310301
5200036000,36,79,연안교,193320101
5200049000,49,76,연안교,193320101
5200057000,57,86,연안교,193320101
5200099000,99,51,연안교,193320101
5200100000,100,49,연안교,193320101
5200105000,105,12,연안교,193320101
5200110100,110-1,22,연안교,193320101
5200036000,36,69,경찰전직지원센터,193320301
5200086000,86,12,경찰전직지원센터,193320301
5200087000,87,11,경찰전직지원센터,193320301
5200099000,99,18,경찰전직지원센터,193320301
5200105000,105,84,경찰전직지원센터,193320301
5200110100,110-1,53,경찰전직지원센터,193320301
5200100100,100-1,71,연제자동차매매단지,193330301
5200010000,10,99,교대역,193350401
5200031000,31,115,교대역,193350401
5200043000,43,99,교대역,193350401
5200077000,77,37,교대역,193350401
5200100100,100-1,41,교대역,193350401
5200129100,129-1,92,교대역,193350401
5200189000,189,54,교대역,193350401
5200506000,506,45,교대역,193350401
5200036000,36,76,연산교차로,193360101
5200086000,86,97,연산교차로,193360101
5200087000,87,103,연산교차로,193360101
5200099000,99,48,연산교차로,193360101
5200105000,105,9,연산교차로,193360101
5200106000,106,65,연산교차로,193360101
5200110100,110-1,19,연산교차로,193360101
5200189100,189-1,50,연산교차로,193360101
5200054000,54,91,연산교차로,193360201
5200100100,100-1,73,연산교차로,193360201
5291302000,연제구2,24,연산역8번출구,193360202
5200051000,51,39,반도보라아파트,193360301
5200189000,189,48,반도보라아파트,193360301
5291302000,연제구2,43,반도보라아파트,193360302
5291302000,연제구2,42,연산역4번출구,193360303
5200036000,36,72,연산역,193360501
5200054000,54,29,연산역,193360501
5200105000,105,87,연산역,193360501
5291301000,연제구1,15,아람빌딩,193370201
5291302000,연제구2,19,아람빌딩,193370201
5291302000,연제구2,54,아람빌딩,193370201
5291306000,연제구6,24,아람빌딩,193370201
5291307000,연제구7,24,아람빌딩,193370201
5200020000,20,45,신리삼거리,193380101
5200051000,51,42,신리삼거리,193380101
5200057000,57,67,신리삼거리,193380101
5200062000,62,75,신리삼거리,193380101
5200131000,131,49,신리삼거리,193380101
5291302000,연제구2,60,신리삼거리,193380102
5291302000,연제구2,14,여동승내과,193380201
5291302000,연제구2,49,여동승내과,193380201
5200051000,51,89,신리삼거리,193380301
5200051000,51,90,연산시장.물만골역,193380302
5200051000,51,91,연산초등학교,193380303
5200189000,189,50,연산초등학교,193380303
5200051000,51,41,연산시장.물만골역,193390201
5291302000,연제구2,59,연산시장.물만골역,193390202
5200054000,54,23,부산경상대학교정문,193400301
5200100100,100-1,33,부산경상대학교정문,193400301
5200054000,54,24,부산경상대학교서문,193400302
5200100100,100-1,34,부산경상대학교서문,193400302
5200054000,54,25,현대아파트,193400303
5200100100,100-1,35,현대아파트,193400303
5200054000,54,94,현대아파트,193410101
5200100100,100-1,76,현대아파트,193410101
5200054000,54,95,부산경상대학교서문,193410102
5200100100,100-1,77,부산경상대학교서문,193410102
5200054000,54,96,부산경상대학교정문,193410103
5200100100,100-1,78,부산경상대학교정문,193410103
5200036000,36,75,연산역,193420201
5200054000,54,90,연산역,193420201
5200100100,100-1,72,연산역,193420201
5200105000,105,8,연산역,193420201
5200036000,36,73,거제역,193420401
5200054000,54,30,거제역,193420401
5200105000,105,88,거제역,193420401
5291303000,연제구3,20,시청공원등대앞,193430201
5200054000,54,26,연산중학교,193440201
5200100100,100-1,36,연산중학교,193440201
5200054000,54,93,연산중학교,193450201
5200100100,100-1,75,연산중학교,193450201
5200054000,54,27,연일시장,193450401
5200100100,100-1,37,연일시장,193450401
5200189100,189-1,48,연일시장,193450401
5291302000,연제구2,39,건치과의원,193450402
5291302000,연제구2,40,연일시장,193450403
5291302000,연제구2,28,연제구국민체육센터,193450501
5291302000,연제구2,29,한일유앤아이,193450502
5200042000,42,88,부산소방본부.교통정보서비스센터,193460101
5200049000,49,68,부산소방본부.교통정보서비스센터,193460101
5200054000,54,115,부산소방본부.교통정보서비스센터,193460101
5200057000,57,78,부산소방본부.교통정보서비스센터,193460101
5200087000,87,3,부산소방본부.교통정보서비스센터,193460101
5200100000,100,41,부산소방본부.교통정보서비스센터,193460101
5200115000,115,66,부산소방본부.교통정보서비스센터,193460101
5200210000,210,69,부산소방본부.교통정보서비스센터,193460101
5200307000,307,23,부산소방본부.교통정보서비스센터,193460101
5200042000,42,89,토곡사거리,193460102
5200049000,49,69,토곡사거리,193460102
5200054000,54,116,토곡사거리,193460102
5200057000,57,79,토곡사거리,193460102
5200087000,87,4,토곡사거리,193460102
5200100000,100,42,토곡사거리,193460102
5200115000,115,67,토곡사거리,193460102
5200210000,210,70,토곡사거리,193460102
5200307000,307,24,토곡사거리,193460102
5200054000,54,3,부산소방본부.교통정보서비스센터,193460201
5200100000,100,90,부산소방본부.교통정보서비스센터,193460201
5200100100,100-1,80,부산소방본부.교통정보서비스센터,193460201
5200115000,115,3,부산소방본부.교통정보서비스센터,193460201
5200307000,307,96,부산소방본부.교통정보서비스센터,193460201
5200042000,42,23,부산소방본부.교통정보서비스센터,193460301
5200049000,49,46,부산소방본부.교통정보서비스센터,193460301
5200054000,54,98,부산소방본부.교통정보서비스센터,193460301
5200057000,57,29,부산소방본부.교통정보서비스센터,193460301
5200087000,87,112,부산소방본부.교통정보서비스센터,193460301
5200210000,210,39,부산소방본부.교통정보서비스센터,193460301
5200054000,54,21,부산소방본부.교통정보서비스센터,193460401
5200100100,100-1,31,부산소방본부.교통정보서비스센터,193460401
5200054000,54,97,엘지아파트,193470101
5200100100,100-1,79,엘지아파트,193470101
5291307000,연제구7,1,엘지아파트,193470201
5291307000,연제구7,2,연제경찰서,193470202
5200054000,54,22,엘지아파트,193470301
5200100100,100-1,32,엘지아파트,193470301
5200010000,10,6,삼정그린아파트,193480101
5200033100,33-1,6,삼정그린아파트,193480101
5200054000,54,80,삼정그린아파트,193480101
5200057000,57,9,삼정그린아파트,193480101
5200057000,57,104,삼정그린아파트,193480101
5200083100,83-1,50,삼정그린아파트,193480101
5200111100,111-1,6,삼정그린아파트,193480101
5200210000,210,6,삼정그린아파트,193480101
5290517000,부산진구17,12,삼정그린코아아파트,193480102
5290517000,부산진구17,46,부산의료원,193480202
5200010000,10,5,부산의료원,193490101
5200033100,33-1,5,부산의료원,193490101
5200054000,54,79,부산의료원,193490101
5200057000,57,8,부산의료원,193490101
5200057000,57,103,부산의료원,193490101
5200083100,83-1,49,부산의료원,193490101
5200111100,111-1,5,부산의료원,193490101
5200210000,210,5,부산의료원,193490101
5290517000,부산진구17,11,대우그린타워아파트,193490102
5200010000,10,119,부산의료원,193490301
5200033100,33-1,95,부산의료원,193490301
5200054000,54,40,부산의료원,193490301
5200057000,57,6,부산의료원,193490301
5200057000,57,101,부산의료원,193490301
5200083100,83-1,65,부산의료원,193490301
5200111100,111-1,84,부산의료원,193490301
5200210000,210,106,부산의료원,193490301
5200010000,10,121,국가기록원 부산분원,193500301
5200033100,33-1,97,국가기록원 부산분원,193500301
5200054000,54,42,국가기록원 부산분원,193500301
5200083100,83-1,67,국가기록원 부산분원,193500301
5200111100,111-1,86,국가기록원 부산분원,193500301
5200210000,210,108,국가기록원 부산분원,193500301
5200033000,33,2,시민도서관,193500303
5200054000,54,44,시민도서관,193500303
5200081000,81,2,시민도서관,193500303
5200083100,83-1,69,시민도서관,193500303
5200103000,103,2,시민도서관,193500303
5200133100,133-1,2,시민도서관,193500303
5290517000,부산진구17,49,시민도서관,193500304
5290517000,부산진구17,50,초읍삼거리,193500305
5290517000,부산진구17,48,초읍고개,193500306
5290517000,부산진구17,47,국가기록원.역사기록관,193500307
5200029000,29,94,교대역,193510101
5200051000,51,95,교대역,193510101
5200052000,52,83,교대역,193510101
5200179000,179,69,교대역,193510101
5200010000,10,25,거제1치안센터,193510301
5200031000,31,42,거제1치안센터,193510301
5200043000,43,32,거제1치안센터,193510301
5200052000,52,21,거제1치안센터,193510301
5200077000,77,72,거제1치안센터,193510301
5200129100,129-1,30,거제1치안센터,193510301
5200506000,506,23,거제1치안센터,193510301
5200010000,10,98,거제1치안센터,193520101
5200031000,31,114,거제1치안센터,193520101
5200043000,43,98,거제1치안센터,193520101
5200052000,52,82,거제1치안센터,193520101
5200077000,77,36,거제1치안센터,193520101
5200129100,129-1,91,거제1치안센터,193520101
5200506000,506,44,거제1치안센터,193520101
5200010000,10,26,법원검찰청.거제역,193520201
5200031000,31,43,법원검찰청.거제역,193520201
5200043000,43,33,법원검찰청.거제역,193520201
5200052000,52,22,법원검찰청.거제역,193520201
5200077000,77,73,법원검찰청.거제역,193520201
5200129100,129-1,31,법원검찰청.거제역,193520201
5200506000,506,24,법원검찰청.거제역,193520201
5200010000,10,117,홈플러스,193530101
5200210000,210,104,홈플러스,193530101
5290517000,부산진구17,44,홈플러스,193530102
5200010000,10,7,사직실내수영장,193530201
5200210000,210,7,사직실내수영장,193530201
5290517000,부산진구17,14,사직실내수영장,193530202
5200054000,54,81,사직실내수영장,193530301
5200057000,57,10,사직실내수영장,193530301
5200083100,83-1,51,사직실내수영장,193530301
5200131000,131,116,사직실내수영장,193530301
5200010000,10,118,삼정그린아파트,193540201
5200033100,33-1,94,삼정그린아파트,193540201
5200054000,54,39,삼정그린아파트,193540201
5200057000,57,5,삼정그린아파트,193540201
5200057000,57,100,삼정그린아파트,193540201
5200083100,83-1,64,삼정그린아파트,193540201
5200111100,111-1,83,삼정그린아파트,193540201
5200210000,210,105,삼정그린아파트,193540201
5290517000,부산진구17,45,삼정그린코아아파트,193540202
5291301000,연제구1,11,화성가스,193550303
5291301000,연제구1,20,화성가스,193550303
5291302000,연제구2,15,화성가스,193550303
5291302000,연제구2,50,화성가스,193550303
5291306000,연제구6,20,화성가스,193550303
5291307000,연제구7,20,화성가스,193550303
5200005100,5-1,46,연제구청,193560301
5200020000,20,27,연제구청,193560301
5200057000,57,39,연제구청,193560301
5200062000,62,17,연제구청,193560301
5200063000,63,42,연제구청,193560301
5200131000,131,106,연제구청,193560301
5200141000,141,31,연제구청,193560301
5200141F00,141-F,32,연제구청,193560301
5291301000,연제구1,12,이마트연제점,193560302
5291302000,연제구2,16,이마트연제점,193560302
5291302000,연제구2,51,이마트연제점,193560302
5291306000,연제구6,21,이마트연제점,193560302
5291307000,연제구7,21,이마트연제점,193560302
5291303000,연제구3,18,거제청과시장,193570201
5291303000,연제구3,16,동해선거제해맞이역,193570202
5291303000,연제구3,17,거제3동새마을금고,193570203
5200010000,10,28,동해선거제해맞이역,193570301
5200031000,31,45,동해선거제해맞이역,193570301
5200043000,43,35,동해선거제해맞이역,193570301
5200044000,44,31,동해선거제해맞이역,193570301
5200052000,52,24,동해선거제해맞이역,193570301
5200077000,77,75,동해선거제해맞이역,193570301
5200080000,80,46,동해선거제해맞이역,193570301
5200111000,111,45,동해선거제해맞이역,193570301
5200129100,129-1,33,동해선거제해맞이역,193570301
5200131000,131,40,동해선거제해맞이역,193570301
5200506000,506,26,동해선거제해맞이역,193570301
5201002F00,1002-F,76,동해선거제해맞이역,193570301
5200010000,10,95,동해선거제해맞이역,193580102
5200031000,31,111,동해선거제해맞이역,193580102
5200043000,43,95,동해선거제해맞이역,193580102
5200044000,44,76,동해선거제해맞이역,193580102
5200052000,52,79,동해선거제해맞이역,193580102
5200077000,77,33,동해선거제해맞이역,193580102
5200080000,80,71,동해선거제해맞이역,193580102
5200111000,111,69,동해선거제해맞이역,193580102
5200129100,129-1,88,동해선거제해맞이역,193580102
5200131000,131,112,동해선거제해맞이역,193580102
5200506000,506,41,동해선거제해맞이역,193580102
5201002F00,1002-F,89,동해선거제해맞이역,193580102
5200086000,86,7,연산8치안센터,193620201
5200086000,86,6,연산교,193620202
5200042000,42,21,토곡한양아파트,193630301
5200189100,189-1,40,토곡한양아파트,193630301
5200210000,210,37,토곡한양아파트,193630301
5200307000,307,94,토곡한양아파트,193630301
5200010000,10,9,사직119안전센터,193640301
5200210000,210,9,사직119안전센터,193640301
5290517000,부산진구17,16,사직119안전센터,193640302
5200042000,42,87,망미주공아파트,193650101
5200049000,49,67,망미주공아파트,193650101
5200054000,54,20,망미주공아파트,193650101
5200057000,57,77,망미주공아파트,193650101
5200087000,87,2,망미주공아파트,193650101
5200210000,210,68,망미주공아파트,193650101
5200042000,42,25,오양아파트,193650302
5200049000,49,48,오양아파트,193650302
5200054000,54,100,오양아파트,193650302
5200057000,57,31,오양아파트,193650302
5200210000,210,41,오양아파트,193650302
5200005100,5-1,99,연제구청,193660101
5200020000,20,43,연제구청,193660101
5200057000,57,65,연제구청,193660101
5200062000,62,73,연제구청,193660101
5200063000,63,87,연제구청,193660101
5200131000,131,47,연제구청,193660101
5200141000,141,69,연제구청,193660101
5200141F00,141-F,57,연제구청,193660101
5290511000,부산진구11,47,이마트연제점,193660102
5200131000,131,107,부산지방노동청.국세청,193660301
5200141000,141,32,부산지방노동청.국세청,193660301
5291301000,연제구1,13,연제구청,193660302
5291302000,연제구2,17,연제구청,193660302
5291302000,연제구2,52,연제구청,193660302
5291306000,연제구6,22,연제구청,193660302
5291307000,연제구7,22,연제구청,193660302
5200189100,189-1,47,연산자이아파트114동앞,193690201
5200049000,49,41,연동시장,193700101
5200057000,57,24,연동시장,193700101
5200086000,86,101,연동시장,193700101
5200087000,87,107,연동시장,193700101
5200100000,100,85,연동시장,193700101
5200189100,189-1,54,연동시장,193700101
5200049000,49,42,부산경상대학입구,193700102
5200057000,57,25,부산경상대학입구,193700102
5200086000,86,102,부산경상대학입구,193700102
5200087000,87,108,부산경상대학입구,193700102
5200100000,100,86,부산경상대학입구,193700102
5200189100,189-1,55,부산경상대학입구,193700102
5200049000,49,74,연동시장,193700301
5200057000,57,84,연동시장,193700301
5200086000,86,10,연동시장,193700301
5200087000,87,9,연동시장,193700301
5200100000,100,47,연동시장,193700301
5200189100,189-1,45,연동시장,193700301
5200049000,49,75,경동아파트,193700302
5200057000,57,85,경동아파트,193700302
5200086000,86,11,경동아파트,193700302
5200087000,87,10,경동아파트,193700302
5200100000,100,48,경동아파트,193700302
5200049000,49,40,경동아파트,193710101
5200057000,57,23,경동아파트,193710101
5200086000,86,100,경동아파트,193710101
5200087000,87,106,경동아파트,193710101
5200100000,100,84,경동아파트,193710101
5200189100,189-1,53,경동아파트,193710101
5200189100,189-1,46,연산자이아파트104동앞,193710301
5200010000,10,20,대선주조,193720101
5200189000,189,42,대선주조,193720101
5290517000,부산진구17,22,부산교육대학교후문,193720102
5290517000,부산진구17,23,화신아파트,193720103
5200057000,57,2,법원어귀교차로,193720301
5200010000,10,102,여명중학교,193720302
5200057000,57,3,여명중학교,193720302
5200189000,189,57,여명중학교,193720302
5200057000,57,107,사직동,193720401
5200083100,83-1,57,사직동,193720401
5200105000,105,93,사직동,193720401
5200054000,54,92,연일시장,193730101
5200100100,100-1,74,연일시장,193730101
5291302000,연제구2,27,드림텔,193730102
5291302000,연제구2,25,연일시장,193730103
5200054000,54,28,연산교차로,193730201
5200100100,100-1,38,연산교차로,193730201
5200189100,189-1,49,연산교차로,193730201
5291302000,연제구2,41,연산역10번출구,193730202
5200036000,36,77,웰니스병원.연산농협,193750101
5200086000,86,98,웰니스병원.연산농협,193750101
5200087000,87,104,웰니스병원.연산농협,193750101
5200099000,99,49,웰니스병원.연산농협,193750101
5200105000,105,10,웰니스병원.연산농협,193750101
5200110100,110-1,20,웰니스병원.연산농협,193750101
5200189100,189-1,51,웰니스병원.연산농협,193750101
5200036000,36,71,연산교차로,193750201
5200086000,86,14,연산교차로,193750201
5200087000,87,13,연산교차로,193750201
5200099000,99,20,연산교차로,193750201
5200105000,105,86,연산교차로,193750201
5200106000,106,45,연산교차로,193750201
5200110100,110-1,55,연산교차로,193750201
5200042000,42,22,토곡사거리,193760201
5200049000,49,45,토곡사거리,193760201
5200054000,54,2,토곡사거리,193760201
5200057000,57,28,토곡사거리,193760201
5200087000,87,111,토곡사거리,193760201
5200100000,100,89,토곡사거리,193760201
5200115000,115,2,토곡사거리,193760201
5200210000,210,38,토곡사거리,193760201
5200307000,307,95,토곡사거리,193760201
5200049000,49,70,토곡한양아파트,193760301
5200057000,57,80,토곡한양아파트,193760301
5200087000,87,5,토곡한양아파트,193760301
5200100000,100,43,토곡한양아파트,193760301
5200189100,189-1,41,토곡한양아파트,193760301
5200042000,42,90,토곡한양아파트,193760401
5200086000,86,2,토곡한양아파트,193760401
5200189100,189-1,57,토곡한양아파트,193760401
5200210000,210,71,토곡한양아파트,193760401
5200307000,307,25,토곡한양아파트,193760401
5200049000,49,43,연산8치안센터,193770101
5200057000,57,26,연산8치안센터,193770101
5200086000,86,103,연산8치안센터,193770101
5200087000,87,109,연산8치안센터,193770101
5200100000,100,87,연산8치안센터,193770101
5200189100,189-1,56,연산8치안센터,193770101
5200049000,49,44,토곡한양아파트,193770102
5200057000,57,27,토곡한양아파트,193770102
5200086000,86,104,토곡한양아파트,193770102
5200087000,87,110,토곡한양아파트,193770102
5200100000,100,88,토곡한양아파트,193770102
5200049000,49,71,연산8치안센터,193770301
5200057000,57,81,연산8치안센터,193770301
5200087000,87,6,연산8치안센터,193770301
5200100000,100,44,연산8치안센터,193770301
5200189100,189-1,42,연산8치안센터,193770301
5200049000,49,73,연천시장,193780301
5200057000,57,83,연천시장,193780301
5200086000,86,9,연천시장,193780301
5200087000,87,8,연천시장,193780301
5200100000,100,46,연천시장,193780301
5200189100,189-1,44,연천시장,193780301
5200049000,49,72,파크시티아파트입구,193780302
5200057000,57,82,파크시티아파트입구,193780302
5200086000,86,8,파크시티아파트입구,193780302
5200087000,87,7,파크시티아파트입구,193780302
5200100000,100,45,파크시티아파트입구,193780302
5200189100,189-1,43,파크시티아파트입구,193780302
5200054000,54,83,현대쌍용아파트,193820101
5200105000,105,91,현대쌍용아파트,193820101
5200054000,54,84,남문초.연제우체국,193820102
5200105000,105,92,남문초.연제우체국,193820102
5290517000,부산진구17,19,현대쌍용아파트,193820103
5290517000,부산진구17,20,남문초.연제우체국,193820104
5200033100,33-1,93,창신초등학교,193820201
5200044000,44,27,창신초등학교,193820201
5200050000,50,54,창신초등학교,193820201
5200057000,57,4,창신초등학교,193820201
5200080000,80,42,창신초등학교,193820201
5200105000,105,4,창신초등학교,193820201
5200111000,111,41,창신초등학교,193820201
5200111100,111-1,82,창신초등학교,193820201
5201002F00,1002-F,72,창신초등학교,193820201
5200044000,44,28,거성교차로.종합운동장역,193830101
5200050000,50,55,거성교차로.종합운동장역,193830101
5200105000,105,5,거성교차로.종합운동장역,193830101
5200111000,111,42,거성교차로.종합운동장역,193830101
5200044000,44,29,법원검찰청,193830102
5200111000,111,43,법원검찰청,193830102
5200080000,80,43,거성교차로.종합운동장역,193830201
5200131000,131,37,거성교차로.종합운동장역,193830201
5201002F00,1002-F,73,거성교차로.종합운동장역,193830201
5290517000,부산진구17,13,종합운동장역,193830301
5200033100,33-1,7,창신초등학교.종합운동장역,193830401
5200044000,44,79,창신초등학교.종합운동장역,193830401
5200057000,57,105,창신초등학교.종합운동장역,193830401
5200080000,80,75,창신초등학교.종합운동장역,193830401
5200105000,105,90,창신초등학교.종합운동장역,193830401
5200111000,111,72,창신초등학교.종합운동장역,193830401
5200111100,111-1,7,창신초등학교.종합운동장역,193830401
5201002F00,1002-F,93,창신초등학교.종합운동장역,193830401
5200010000,10,97,법원검찰청.거제역,193840102
5200031000,31,113,법원검찰청.거제역,193840102
5200043000,43,97,법원검찰청.거제역,193840102
5200052000,52,81,법원검찰청.거제역,193840102
5200077000,77,35,법원검찰청.거제역,193840102
5200129100,129-1,90,법원검찰청.거제역,193840102
5200506000,506,43,법원검찰청.거제역,193840102
5200036000,36,74,거제역,193840201
5200054000,54,89,거제역,193840201
5200105000,105,7,거제역,193840201
5200010000,10,27,경남아파트,193840301
5200031000,31,44,경남아파트,193840301
5200043000,43,34,경남아파트,193840301
5200044000,44,30,경남아파트,193840301
5200052000,52,23,경남아파트,193840301
5200077000,77,74,경남아파트,193840301
5200111000,111,44,경남아파트,193840301
5200129100,129-1,32,경남아파트,193840301
5200506000,506,25,경남아파트,193840301
5200054000,54,31,동해선거제역,193840401
5200105000,105,89,동해선거제역,193840401
5200080000,80,44,거제리안동네,193850101
5200131000,131,38,거제리안동네,193850101
5201002F00,1002-F,74,거제리안동네,193850101
5200080000,80,45,거제교회,193850102
5200131000,131,39,거제교회,193850102
5201002F00,1002-F,75,거제교회,193850102
5291303000,연제구3,11,화랑아파트,193850103
5291303000,연제구3,12,쌍용더플래티넘거제아시아드,193850104
5291303000,연제구3,27,레이카운티2단지,193850201
5200080000,80,73,거제리안동네,193850301
5200131000,131,114,거제리안동네,193850301
5201002F00,1002-F,91,거제리안동네,193850301
5200080000,80,74,거성교차로,193850302
5200131000,131,115,거성교차로,193850302
5201002F00,1002-F,92,거성교차로,193850302
5200080000,80,72,거제교회,193860301
5200131000,131,113,거제교회,193860301
5201002F00,1002-F,90,거제교회,193860301
5291303000,연제구3,26,대우아파트,193860302
5200010000,10,96,경남아파트,193870101
5200044000,44,77,경남아파트,193870101
5200077000,77,34,경남아파트,193870101
5200111000,111,70,경남아파트,193870101
5200031000,31,112,경남아파트,193870102
5200043000,43,96,경남아파트,193870102
5200052000,52,80,경남아파트,193870102
5200129100,129-1,89,경남아파트,193870102
5200506000,506,42,경남아파트,193870102
5200054000,54,88,동해선거제역,193880201
5200105000,105,6,동해선거제역,193880201
5200044000,44,78,법원검찰청,193880301
5200111000,111,71,법원검찰청,193880301
5200005100,5-1,101,신리삼거리,193890101
5200063000,63,89,신리삼거리,193890101
5200141000,141,71,신리삼거리,193890101
5200141F00,141-F,59,신리삼거리,193890101
5200005100,5-1,45,신리삼거리,193890301
5200020000,20,26,신리삼거리,193890301
5200057000,57,38,신리삼거리,193890301
5200062000,62,16,신리삼거리,193890301
5200063000,63,41,신리삼거리,193890301
5200131000,131,105,신리삼거리,193890301
5200141000,141,30,신리삼거리,193890301
5200141F00,141-F,31,신리삼거리,193890301
5200042000,42,24,망미주공아파트,193900201
5200049000,49,47,망미주공아파트,193900201
5200054000,54,99,망미주공아파트,193900201
5200057000,57,30,망미주공아파트,193900201
5200210000,210,40,망미주공아파트,193900201
5200020000,20,47,배산역.만화도서관,193920201
5200051000,51,44,배산역.만화도서관,193920201
5200057000,57,69,배산역.만화도서관,193920201
5200062000,62,77,배산역.만화도서관,193920201
5200131000,131,51,배산역.만화도서관,193920201
5291306000,연제구6,36,연산3동새마을금고.연제만화도서관,193920202
5291307000,연제구7,36,연산3동새마을금고.연제만화도서관,193920202
5200005100,5-1,102,한독아파트,193930101
5200063000,63,90,한독아파트,193930101
5200141000,141,72,한독아파트,193930101
5200141F00,141-F,60,한독아파트,193930101
5200020000,20,46,한독아파트,193930102
5200051000,51,43,한독아파트,193930102
5200057000,57,68,한독아파트,193930102
5200062000,62,76,한독아파트,193930102
5200131000,131,50,한독아파트,193930102
5291302000,연제구2,63,연산종합사회복지관,193930201
5291302000,연제구2,64,힐스테이트2차상가앞,193930202
5291302000,연제구2,62,한독아파트,193930203
5200005100,5-1,44,한독아파트,193930301
5200020000,20,25,한독아파트,193930301
5200051000,51,88,한독아파트,193930301
5200057000,57,37,한독아파트,193930301
5200062000,62,15,한독아파트,193930301
5200063000,63,40,한독아파트,193930301
5200131000,131,104,한독아파트,193930301
5200141000,141,29,한독아파트,193930301
5200141F00,141-F,30,한독아파트,193930301
5291307000,연제구7,3,동서그린아파트,193950201
5291307000,연제구7,4,동암학교,193950202
5291307000,연제구7,50,엘지아파트,193960301
5291307000,연제구7,49,연제경찰서,193960302
5291303000,연제구3,21,시청역,193990203
5291301000,연제구1,14,시청역,194000101
5291302000,연제구2,18,시청역,194000101
5291302000,연제구2,53,시청역,194000101
5291306000,연제구6,23,시청역,194000101
5291307000,연제구7,23,시청역,194000101
5200131000,131,46,부산지방노동청.국세청,194000201
5200141000,141,68,부산지방노동청.국세청,194000201
5291303000,연제구3,22,부산경찰청,194000302
5291306000,연제구6,33,동명초등학교,194020102
5291307000,연제구7,33,동명초등학교,194020102
5291306000,연제구6,35,연미시장입구,194020103
5291307000,연제구7,35,연미시장입구,194020103
5291306000,연제구6,34,연제고등학교,194020104
5291307000,연제구7,34,연제고등학교,194020104
5291306000,연제구6,32,연제중학교,194020105
5291307000,연제구7,32,연제중학교,194020105
5291303000,연제구3,30,곰두리스포츠센터,194040101
5291303000,연제구3,29,레이카운티4단지,194040103
5291303000,연제구3,32,만수사,194040104
5291303000,연제구3,31,청구아파트,194040105
5291303000,연제구3,9,거제여중입구,194040302
5291303000,연제구3,10,레이카운티2단지,194050102
5291303000,연제구3,19,거제시장,194060101
5291303000,연제구3,24,거제청과시장,194060401
5291303000,연제구3,25,거제3동새마을금고,194060402
5291303000,연제구3,23,시청공원,194080401
5291301000,연제구1,8,연산전화국,194110101
5290511000,부산진구11,2,양정포레힐즈스위첸,194110201
5290511000,부산진구11,1,연산전화국,194110202
5291301000,연제구1,21,이마트연제점,194120301
5291301000,연제구1,26,연산더샵아파트정문앞,194140201
5291301000,연제구1,17,삼일아파트,194150201
5291301000,연제구1,16,연산2동행정복지센터,194150202
5291301000,연제구1,19,연산시장,194150203
5291301000,연제구1,18,연산초등학교후문,194150204
5291302000,연제구2,20,보성아파트,194150401
5291302000,연제구2,55,보성아파트,194150401
5291306000,연제구6,25,보성아파트,194150401
5291307000,연제구7,25,보성아파트,194150401
5291302000,연제구2,21,태경빌라,194150402
5291302000,연제구2,56,태경빌라,194150402
5291306000,연제구6,26,태경빌라,194150402
5291307000,연제구7,26,태경빌라,194150402
5200051000,51,40,연산초등학교,194160101
5200189000,189,49,연산초등학교,194160101
5291302000,연제구2,46,롯데데시앙정문,194160102
5291302000,연제구2,57,롯데데시앙정문,194160102
5291306000,연제구6,27,롯데데시앙정문,194160102
5291302000,연제구2,47,연산초등학교,194160103
5291302000,연제구2,58,연산초등학교,194160103
5291307000,연제구7,27,연산초등학교,194160103
5200051000,51,92,반도보라아파트,194160301
5200189000,189,51,반도보라아파트,194160301
5291302000,연제구2,23,반도보라아파트,194160302
5291302000,연제구2,22,케이티앤지부산본부,194160303
5291302000,연제구2,10,연산종합사회복지관,194170201
5291302000,연제구2,9,힐스테이트2차상가앞,194170202
5291302000,연제구2,11,한독아파트,194170203
5291302000,연제구2,65,회전교차로,194170301
5200050000,50,56,법원검찰청정문,194240101
5200054000,54,32,법원검찰청정문,194240101
5200054000,54,87,법원검찰청정문,194250301
5200050000,50,57,법원후문,194360301
5200054000,54,33,법원후문,194360301
5200050000,50,58,거제리대조연립,194360302
5200054000,54,34,거제리대조연립,194360302
5200054000,54,85,거제리대조연립,194370101
5200054000,54,86,법원후문,194370102
5200050000,50,59,남문초.연제우체국,194370201
5200054000,54,35,남문초.연제우체국,194370201
5200105000,105,2,남문초.연제우체국,194370201
5200050000,50,60,현대쌍용아파트,194370202
5200054000,54,36,현대쌍용아파트,194370202
5200105000,105,3,현대쌍용아파트,194370202
5290517000,부산진구17,37,남문초.연제우체국,194370203
5290517000,부산진구17,38,현대쌍용아파트,194370204
5200054000,54,4,수영강푸르지오아파트,194380101
5200100000,100,91,수영강푸르지오아파트,194380101
5200100100,100-1,81,수영강푸르지오아파트,194380101
5200115000,115,4,수영강푸르지오아파트,194380101
5200307000,307,97,수영강푸르지오아파트,194380101
5200054000,54,114,연제예식장,194380201
5200100000,100,40,연제예식장,194380201
5200100100,100-1,30,연제예식장,194380201
5200115000,115,65,연제예식장,194380201
5200307000,307,22,연제예식장,194380201
5200010000,10,116,사직실내수영장,194420101
5200210000,210,103,사직실내수영장,194420101
5290517000,부산진구17,43,사직실내수영장,194420102
5200010000,10,8,아시아드주경기장,194420201
5200210000,210,8,아시아드주경기장,194420201
5290517000,부산진구17,15,아시아드주경기장,194420202
5200008000,8,57,구학초등학교,194430101
5200015000,15,49,구학초등학교,194430101
5200067000,67,63,구학초등학교,194430101
5200161000,161,69,구학초등학교,194430101
5200168000,168,73,구학초등학교,194430101
5290510100,부산진구10-1,17,구학초등학교,194430201
5200008000,8,35,구덕고교,194430301
5200015000,15,72,구덕고교,194430301
5200067000,67,33,구덕고교,194430301
5200161000,161,50,구덕고교,194430301
5200168000,168,28,구덕고교,194430301
5200008000,8,36,여성문화회관,194430302
5200015000,15,73,여성문화회관,194430302
5200067000,67,34,여성문화회관,194430302
5200161000,161,51,여성문화회관,194430302
5200168000,168,29,여성문화회관,194430302
5203003000,3003,16,여성문화회관,194430302
5290510100,부산진구10-1,22,구덕고등학교,194430303
5290510100,부산진구10-1,21,구덕극동아파트,194430304
5290510100,부산진구10-1,23,축산물도매시장,194430305
5200008000,8,34,구학초등학교,194440201
5200015000,15,71,구학초등학교,194440201
5200067000,67,32,구학초등학교,194440201
5200161000,161,49,구학초등학교,194440201
5200168000,168,27,구학초등학교,194440201
5290510100,부산진구10-1,20,구학초등학교,194440202
5200068000,68,70,주례사거리,194450101
5200128100,128-1,49,주례사거리,194450101
5200168000,168,32,주례사거리,194450101
5290510100,부산진구10-1,28,주례사거리,194450102
5291503000,사상구3,16,주례사거리,194450102
5291503100,사상구3-1,15,주례사거리,194450102
5291505200,사상구5-2,1,주례사거리,194450102
5291503000,사상구3,8,신진정비공장,194450301
5200068000,68,36,다누림센터·부산구치소,194450401
5200128100,128-1,66,다누림센터·부산구치소,194450401
5200168000,168,69,다누림센터·부산구치소,194450401
5200068000,68,37,학장,194450402
5200128100,128-1,67,학장,194450402
5200168000,168,70,학장,194450402
5290510100,부산진구10-1,13,다누림센터.부산구치소,194450501
5291503100,사상구3-1,8,다누림센터.부산구치소,194450501
5290510100,부산진구10-1,14,학장,194450502
5200008000,8,37,학장교차로,194460101
5200015000,15,74,학장교차로,194460101
5200061000,61,133,학장교차로,194460101
5200161000,161,52,학장교차로,194460101
5200068000,68,68,동양아파트,194460201
5200128100,128-1,47,동양아파트,194460201
5200168000,168,30,동양아파트,194460201
5200068000,68,69,다누림센터·부산구치소,194460202
5200128100,128-1,48,다누림센터·부산구치소,194460202
5200168000,168,31,다누림센터·부산구치소,194460202
5200067000,67,35,학장교차로,194460401
5200068000,68,38,학장교차로,194460401
5200077000,77,2,학장교차로,194460401
5200110000,110,1,학장교차로,194460401
5200128100,128-1,68,학장교차로,194460401
5290510100,부산진구10-1,25,동양아파트,194460501
5291503100,사상구3-1,13,동양아파트,194460501
5290510100,부산진구10-1,24,학장교차로,194460502
5291503100,사상구3-1,12,학장교차로,194460502
5200126000,126,112,삼락동,194470101
5200126000,126,28,국제식품,194470301
5200077000,77,4,경북철강,194510101
5200110000,110,3,경북철강,194510101
5200338000,338,47,경북철강,194510101
5200061000,61,131,경북철강,194510301
5200338000,338,82,경북철강,194510301
5200061000,61,132,유유철강,194510302
5200338000,338,83,유유철강,194510302
5200138100,138-1,29,산업용품상가,194520101
5200128100,128-1,64,주감초등학교,194540201
5200129100,129-1,69,주감초등학교,194540201
5200133000,133,40,주감초등학교,194540201
5200169100,169-1,31,주감초등학교,194540201
5200128100,128-1,51,백양마을,194540301
5200129100,129-1,56,백양마을,194540301
5200133100,133-1,24,백양마을,194540301
5200169100,169-1,68,백양마을,194540301
5200128100,128-1,52,주감중학교,194540302
5200129100,129-1,57,주감중학교,194540302
5200133100,133-1,25,주감중학교,194540302
5200169100,169-1,69,주감중학교,194540302
5200128100,128-1,53,사상근린공원,194540303
5200129100,129-1,58,사상근린공원,194540303
5200133100,133-1,26,사상근린공원,194540303
5200169100,169-1,70,사상근린공원,194540303
5200128100,128-1,54,부산솔빛학교.능인사,194540304
5200129100,129-1,59,부산솔빛학교.능인사,194540304
5200133100,133-1,27,부산솔빛학교.능인사,194540304
5200169100,169-1,71,부산솔빛학교.능인사,194540304
5291502100,사상구2-1,10,주감중학교,194540305
5200015000,15,38,서부시외버스터미널.사상역,194550102
5200031000,31,90,서부시외버스터미널.사상역,194550102
5200033000,33,83,서부시외버스터미널.사상역,194550102
5200059000,59,28,서부시외버스터미널.사상역,194550102
5200062000,62,51,서부시외버스터미널.사상역,194550102
5200110000,110,90,서부시외버스터미널.사상역,194550102
5200123000,123,43,서부시외버스터미널.사상역,194550102
5200138100,138-1,36,서부시외버스터미널.사상역,194550102
5200160000,160,25,서부시외버스터미널.사상역,194550102
5200169000,169,92,서부시외버스터미널.사상역,194550102
5200338000,338,76,서부시외버스터미널.사상역,194550102
5201004F00,1004-F,42,서부시외버스터미널.사상역,194550102
5291501100,사상구1-1,47,서부시외버스터미널.사상역,194550103
5291507000,사상구7,45,서부시외버스터미널.사상역,194550103
5200015000,15,82,사상초등학교,194550301
5200031000,31,67,사상초등학교,194550301
5200033000,33,33,사상초등학교,194550301
5200059000,59,105,사상초등학교,194550301
5200062000,62,40,사상초등학교,194550301
5200110000,110,13,사상초등학교,194550301
5200123000,123,92,사상초등학교,194550301
5200160000,160,78,사상초등학교,194550301
5200169000,169,30,사상초등학교,194550301
5200338000,338,53,사상초등학교,194550301
5201004F00,1004-F,114,사상초등학교,194550301
5291501100,사상구1-1,5,사상초등학교,194550302
5200077000,77,100,괘법르네시떼역.르네시떼,194560301
5200110000,110,91,괘법르네시떼역.르네시떼,194560301
5200138100,138-1,124,괘법르네시떼역.르네시떼,194560301
5203003000,3003,21,괘법르네시떼역.르네시떼,194560301
5203005000,3005,41,괘법르네시떼역.르네시떼,194560301
5291501100,사상구1-1,1,괘법르네시떼역.르네시떼,194560302
5291501100,사상구1-1,48,괘법르네시떼역.르네시떼,194560302
5291507000,사상구7,1,괘법르네시떼역.르네시떼,194560302
5200031000,31,64,삼대한의원,194570301
5200033000,33,30,삼대한의원,194570301
5200061000,61,122,삼대한의원,194570301
5200062000,62,37,삼대한의원,194570301
5200138100,138-1,121,삼대한의원,194570301
5200160000,160,75,삼대한의원,194570301
5200161000,161,56,삼대한의원,194570301
5200169000,169,27,삼대한의원,194570301
5200186000,186,68,삼대한의원,194570301
5201004F00,1004-F,111,삼대한의원,194570301
5200031000,31,65,사상우체국,194570302
5200033000,33,31,사상우체국,194570302
5200061000,61,123,사상우체국,194570302
5200062000,62,38,사상우체국,194570302
5200138100,138-1,122,사상우체국,194570302
5200160000,160,76,사상우체국,194570302
5200161000,161,57,사상우체국,194570302
5200169000,169,28,사상우체국,194570302
5200186000,186,69,사상우체국,194570302
5201004F00,1004-F,112,사상우체국,194570302
5200077000,77,96,감전초등학교,194580301
5200077000,77,97,감전시장입구,194580302
5200067000,67,4,개금시장,194590201
5200167000,167,4,개금시장,194590201
5200067000,67,5,백병원입구,194590202
5200167000,167,5,백병원입구,194590202
5290510100,부산진구10-1,4,개금시장,194590203
5290510100,부산진구10-1,5,백병원입구,194590204
5200067000,67,92,주례여자고등학교,194590301
5200167000,167,96,주례여자고등학교,194590301
5290510100,부산진구10-1,37,개금현대아파트,194590302
5291505000,사상구5,8,개금현대아파트,194590302
5291505100,사상구5-1,3,개금현대아파트,194590302
5291505200,사상구5-2,12,개금현대아파트,194590302
5291503000,사상구3,9,주례지구대,194620201
5291502000,사상구2,23,동서대KIT생활관,194640201
5291502000,사상구2,24,동서대글로벌빌리지,194640202
5291502000,사상구2,22,동서대후문,194640203
5291503000,사상구3,15,주례지구대,194650301
5200129100,129-1,71,반도보라아파트,194670101
5200133000,133,42,반도보라아파트,194670101
5200169100,169-1,33,반도보라아파트,194670101
5291502200,사상구2-2,17,주양초등학교운동장,194670201
5200129100,129-1,54,보훈병원,194680301
5200133100,133-1,22,보훈병원,194680301
5200169100,169-1,66,보훈병원,194680301
5291502200,사상구2-2,18,부산보훈병원,194680401
5200016000,16,93,엄궁초등학교.동백맨션,194690101
5200067000,67,42,엄궁초등학교.동백맨션,194690101
5200108000,108,46,엄궁초등학교.동백맨션,194690101
5200123000,123,57,엄궁초등학교.동백맨션,194690101
5200016000,16,94,대림아파트,194690102
5200067000,67,43,대림아파트,194690102
5200108000,108,47,대림아파트,194690102
5200123000,123,58,대림아파트,194690102
5200016000,16,7,엄궁롯데캐슬,194690201
5200016000,16,5,대림아파트,194700101
5200123000,123,75,대림아파트,194700101
5200016000,16,6,동백맨션,194700102
5200123000,123,76,동백맨션,194700102
5200016000,16,96,코오롱아파트후문,194700201
5200067000,67,45,코오롱아파트후문,194700201
5200108000,108,49,코오롱아파트후문,194700201
5200123000,123,60,코오롱아파트후문,194700201
5200016000,16,97,쌍용스윗닷홈,194700202
5200067000,67,46,쌍용스윗닷홈,194700202
5200108000,108,50,쌍용스윗닷홈,194700202
5200123000,123,61,쌍용스윗닷홈,194700202
5200016000,16,95,코오롱아파트정문,194700203
5200067000,67,44,코오롱아파트정문,194700203
5200108000,108,48,코오롱아파트정문,194700203
5200123000,123,59,코오롱아파트정문,194700203
5200016000,16,98,대동아파트,194700204
5200067000,67,47,대동아파트,194700204
5200108000,108,51,대동아파트,194700204
5200123000,123,62,대동아파트,194700204
5200016000,16,8,엄궁초등학교,194710401
5200016000,16,9,(구)엄궁동부산은행,194710402
5200016000,16,99,한신아파트후문,194720301
5200067000,67,48,한신아파트후문,194720301
5200108000,108,52,한신아파트후문,194720301
5200123000,123,63,한신아파트후문,194720301
5200016000,16,100,엄궁(기점),194720302
5200067000,67,49,한신아파트정문,194720303
5200108000,108,53,한신아파트정문,194720303
5200123000,123,64,한신아파트정문,194720303
5200016000,16,88,엄궁한신1차아파트,194730101
5200067000,67,51,엄궁한신1차아파트,194730101
5200068000,68,58,엄궁한신1차아파트,194730101
5200108000,108,55,엄궁한신1차아파트,194730101
5200123000,123,66,엄궁한신1차아파트,194730101
5200126000,126,94,엄궁한신1차아파트,194730101
5200128100,128-1,37,엄궁한신1차아파트,194730101
5200138000,138,21,엄궁한신1차아파트,194730101
5200138100,138-1,20,엄궁한신1차아파트,194730101
5200338000,338,41,엄궁한신1차아파트,194730101
5200123000,123,69,한신아파트정문,194730201
5200123000,123,70,한신아파트후문,194730202
5200016000,16,12,하단SK뷰아파트앞,194730301
5200068000,68,47,하단SK뷰아파트앞,194730301
5200126000,126,46,하단SK뷰아파트앞,194730301
5200128100,128-1,77,하단SK뷰아파트앞,194730301
5200138000,138,118,하단SK뷰아파트앞,194730301
5200138100,138-1,135,하단SK뷰아파트앞,194730301
5200338000,338,89,하단SK뷰아파트앞,194730301
5200016000,16,2,쌍용스윗닷홈,194740101
5200123000,123,72,쌍용스윗닷홈,194740101
5200016000,16,1,대동아파트,194740102
5200123000,123,71,대동아파트,194740102
5200016000,16,3,코오롱아파트후문,194740103
5200123000,123,73,코오롱아파트후문,194740103
5200016000,16,4,코오롱아파트정문,194740104
5200123000,123,74,코오롱아파트정문,194740104
5200059000,59,35,사상전화국,194770201
5200077000,77,15,사상전화국,194770201
5200108000,108,66,사상전화국,194770201
5200138000,138,31,사상전화국,194770201
5200059000,59,36,부산구치소,194770202
5200077000,77,16,부산구치소,194770202
5200108000,108,67,부산구치소,194770202
5200138000,138,32,부산구치소,194770202
5200059000,59,37,주례교차로,194770203
5200077000,77,17,주례교차로,194770203
5200108000,108,68,주례교차로,194770203
5200138000,138,33,주례교차로,194770203
5200008000,8,53,사상전화국,194770401
5200015000,15,45,사상전화국,194770401
5200161000,161,65,사상전화국,194770401
5203003000,3003,29,사상전화국,194770401
5291507000,사상구7,30,롯데정비,194790201
5200126000,126,29,금강화학,194790301
5200126000,126,110,금강화학,194800101
5200126000,126,111,국제식품,194800102
5200126000,126,31,서부주유소,194800301
5200126000,126,30,(주)대정.성지,194800302
5200123000,123,67,엄궁농산물도매시장,194860201
5200016000,16,92,엄궁롯데캐슬,194900101
5200031000,31,95,주례우체국,194920102
5200033000,33,88,주례우체국,194920102
5200061000,61,13,주례우체국,194920102
5200062000,62,56,주례우체국,194920102
5200138100,138-1,41,주례우체국,194920102
5200160000,160,30,주례우체국,194920102
5200169000,169,97,주례우체국,194920102
5200186000,186,77,주례우체국,194920102
5201004F00,1004-F,47,주례우체국,194920102
5291502100,사상구2-1,19,주례새마을금고본점,194920103
5200031000,31,63,북부산세무서.감전역,194920301
5200033000,33,29,북부산세무서.감전역,194920301
5200061000,61,121,북부산세무서.감전역,194920301
5200062000,62,36,북부산세무서.감전역,194920301
5200138100,138-1,120,북부산세무서.감전역,194920301
5200160000,160,74,북부산세무서.감전역,194920301
5200169000,169,26,북부산세무서.감전역,194920301
5200186000,186,67,북부산세무서.감전역,194920301
5201004F00,1004-F,110,북부산세무서.감전역,194920301
5200126000,126,105,삼락생태공원,194940101
5200126000,126,34,삼락생태공원,194940301
5200008000,8,43,KEB하나은행,194950101
5200015000,15,80,KEB하나은행,194950101
5200059000,59,103,KEB하나은행,194950101
5200061000,61,6,KEB하나은행,194950101
5200077000,77,98,KEB하나은행,194950101
5200110000,110,11,KEB하나은행,194950101
5200123000,123,90,KEB하나은행,194950101
5200338000,338,51,KEB하나은행,194950101
5203003000,3003,19,KEB하나은행,194950101
5200077000,77,12,감전시장입구,194950201
5200077000,77,13,감전초등학교,194950202
5200008000,8,49,감전시장,194950301
5200015000,15,41,감전시장,194950301
5200059000,59,31,감전시장,194950301
5200061000,61,128,감전시장,194950301
5200110000,110,95,감전시장,194950301
5200123000,123,46,감전시장,194950301
5200338000,338,79,감전시장,194950301
5200077000,77,104,산업용품유통상가,194950401
5200077000,77,103,서감초등학교,194950402
5200077000,77,105,(구)대도운수종점,194960201
5200126000,126,35,괘법르네시떼역.르네시떼,194970301
5200033000,33,34,덕포시장,194980101
5200059000,59,106,덕포시장,194980101
5200110000,110,14,덕포시장,194980101
5200160000,160,79,덕포시장,194980101
5201004F00,1004-F,115,덕포시장,194980101
5200015000,15,83,덕포시장.덕포역,194980102
5200031000,31,68,덕포시장.덕포역,194980102
5200062000,62,41,덕포시장.덕포역,194980102
5200123000,123,93,덕포시장.덕포역,194980102
5200169000,169,31,덕포시장.덕포역,194980102
5200338000,338,54,덕포시장.덕포역,194980102
5291501100,사상구1-1,6,덕포시장,194980103
5291501100,사상구1-1,7,덕포역,194980104
5200008000,8,50,새벽시장,194990301
5200015000,15,42,새벽시장,194990301
5200059000,59,32,새벽시장,194990301
5200061000,61,129,새벽시장,194990301
5200077000,77,108,새벽시장,194990301
5200110000,110,96,새벽시장,194990301
5200123000,123,47,새벽시장,194990301
5200338000,338,80,새벽시장,194990301
5203003000,3003,28,새벽시장,194990301
5200077000,77,7,제일약국,194990401
5200110000,110,6,제일약국,194990401
5200077000,77,8,럭키슈퍼,195000301
5200110000,110,7,럭키슈퍼,195000301
5200126000,126,102,부산전문장례식장,195010101
5200138100,138-1,27,부산전문장례식장,195010101
5200123000,123,85,진흥스틸,195040401
5200077000,77,111,학장초등학교,195050201
5200110000,110,99,학장초등학교,195050201
5200077000,77,1,학장동 종점,195050202
5200077000,77,112,학장동 종점,195050202
5200108000,108,39,학장초등학교,195050301
5200123000,123,50,학장초등학교,195050301
5200108000,108,64,학장초등학교,195060101
5200123000,123,84,학장초등학교,195060101
5200067000,67,60,학장교차로,195060201
5200068000,68,67,학장교차로,195060201
5200128100,128-1,46,학장교차로,195060201
5200067000,67,36,학장교,195060301
5200068000,68,39,학장교,195060301
5200108000,108,40,학장교,195060301
5200123000,123,51,학장교,195060301
5200128100,128-1,69,학장교,195060301
5200067000,67,56,엄궁중학교,195080101
5200068000,68,63,엄궁중학교,195080101
5200108000,108,60,엄궁중학교,195080101
5200123000,123,80,엄궁중학교,195080101
5200128100,128-1,42,엄궁중학교,195080101
5200067000,67,57,반도보라아파트,195080102
5200068000,68,64,반도보라아파트,195080102
5200108000,108,61,반도보라아파트,195080102
5200123000,123,81,반도보라아파트,195080102
5200128100,128-1,43,반도보라아파트,195080102
5200067000,67,58,학장중학교,195080103
5200068000,68,65,학장중학교,195080103
5200108000,108,62,학장중학교,195080103
5200123000,123,82,학장중학교,195080103
5200128100,128-1,44,학장중학교,195080103
5200067000,67,40,엄궁럭키아파트,195080201
5200068000,68,43,엄궁럭키아파트,195080201
5200108000,108,44,엄궁럭키아파트,195080201
5200123000,123,55,엄궁럭키아파트,195080201
5200128100,128-1,73,엄궁럭키아파트,195080201
5200338000,338,44,경동스틸,195100101
5200338000,338,45,케스텍코리아,195100102
5200126000,126,98,엄궁정비,195100301
5200138000,138,24,엄궁정비,195100301
5200138100,138-1,23,엄궁정비,195100301
5200008000,8,52,학장입구,195110201
5200015000,15,44,학장입구,195110201
5200059000,59,34,학장입구,195110201
5200108000,108,65,학장입구,195110201
5200138000,138,30,학장입구,195110201
5203002000,3002,14,학장입구,195110201
5200077000,77,110,학장입구,195110301
5200108000,108,38,학장입구,195110301
5200110000,110,98,학장입구,195110301
5200123000,123,49,학장입구,195110301
5200008000,8,39,학장입구,195110401
5200015000,15,76,학장입구,195110401
5200059000,59,99,학장입구,195110401
5200061000,61,2,학장입구,195110401
5200138000,138,107,학장입구,195110401
5203002000,3002,34,학장입구,195110401
5200008000,8,38,사상전화국,195120101
5200015000,15,75,사상전화국,195120101
5200061000,61,1,사상전화국,195120101
5200161000,161,53,사상전화국,195120101
5203003000,3003,17,사상전화국,195120101
5200031000,31,93,북부산세무서.감전역,195130101
5200033000,33,86,북부산세무서.감전역,195130101
5200061000,61,11,북부산세무서.감전역,195130101
5200062000,62,54,북부산세무서.감전역,195130101
5200138100,138-1,39,북부산세무서.감전역,195130101
5200160000,160,28,북부산세무서.감전역,195130101
5200169000,169,95,북부산세무서.감전역,195130101
5200186000,186,75,북부산세무서.감전역,195130101
5201004F00,1004-F,45,북부산세무서.감전역,195130101
5200031000,31,94,온골마을입구,195130104
5200033000,33,87,온골마을입구,195130104
5200061000,61,12,온골마을입구,195130104
5200062000,62,55,온골마을입구,195130104
5200138100,138-1,40,온골마을입구,195130104
5200160000,160,29,온골마을입구,195130104
5200169000,169,96,온골마을입구,195130104
5200186000,186,76,온골마을입구,195130104
5201004F00,1004-F,46,온골마을입구,195130104
5200077000,77,14,북부산세무서.감전역,195130201
5200161000,161,63,북부산세무서.감전역,195130201
5200077000,77,95,북부산세무서.감전역,195140101
5200161000,161,55,북부산세무서.감전역,195140101
5200161000,161,64,사상구청,195140301
5291507000,사상구7,6,북부운전면허시험장,195150101
5291507000,사상구7,5,사상소방서,195150102
5291507000,사상구7,41,덕포시장.사상생활사박물관,195160301
5291507000,사상구7,42,삼락생태공원,195160302
5200126000,126,107,삼락동행정복지센터,195170301
5291507000,사상구7,39,북부운전면허시험장,195200301
5291507000,사상구7,40,사상소방서,195200302
5200008000,8,54,학장교차로,195230201
5200015000,15,46,학장교차로,195230201
5200161000,161,66,학장교차로,195230201
5200033100,33-1,50,덕포청구아파트,195240301
5200062000,62,46,덕포청구아파트,195240301
5200128100,128-1,58,덕포청구아파트,195240301
5200129100,129-1,63,덕포청구아파트,195240301
5200033100,33-1,48,한전북부산지점,195250101
5200062000,62,44,한전북부산지점,195250101
5200128100,128-1,56,한전북부산지점,195250101
5200129100,129-1,61,한전북부산지점,195250101
5291501100,사상구1-1,41,덕포청구아파트,195250202
5291501100,사상구1-1,12,덕포경동1차아파트,195250301
5291501100,사상구1-1,11,덕포경동2차아파트,195250302
5291501100,사상구1-1,10,덕포청구아파트,195250303
5291501100,사상구1-1,13,오양힐타운아파트,195250304
5200008000,8,42,감전시장,195260101
5200015000,15,79,감전시장,195260101
5200059000,59,102,감전시장,195260101
5200061000,61,5,감전시장,195260101
5200077000,77,11,감전시장,195260101
5200110000,110,10,감전시장,195260101
5200123000,123,89,감전시장,195260101
5200338000,338,50,감전시장,195260101
5200077000,77,94,사상구청,195270101
5200161000,161,54,사상구청,195270101
5200126000,126,38,감전동,195290301
5200138000,138,110,감전동,195290301
5200138100,138-1,127,감전동,195290301
5291502100,사상구2-1,4,주감초등학교,195310101
5291502200,사상구2-2,4,주감초등학교,195310101
5291502100,사상구2-1,16,주감초등학교,195310201
5291502200,사상구2-2,21,주감초등학교,195310201
5200128100,128-1,50,주감초등학교,195310301
5200129100,129-1,55,주감초등학교,195310301
5200133100,133-1,23,주감초등학교,195310301
5200169100,169-1,67,주감초등학교,195310301
5200129100,129-1,70,보훈병원,195320201
5200133000,133,41,보훈병원,195320201
5200169100,169-1,32,보훈병원,195320201
5291502100,사상구2-1,5,주례동일2차아파트,195330101
5291502100,사상구2-1,6,주례청구아파트후문,195340201
5291502100,사상구2-1,9,주례동일1차아파트,195350201
5200016000,16,11,엄궁한신1차아파트,195360401
5200068000,68,46,엄궁한신1차아파트,195360401
5200126000,126,45,엄궁한신1차아파트,195360401
5200128100,128-1,76,엄궁한신1차아파트,195360401
5200138000,138,117,엄궁한신1차아파트,195360401
5200138100,138-1,134,엄궁한신1차아파트,195360401
5200338000,338,88,엄궁한신1차아파트,195360401
5200123000,123,77,엄궁아파트,195410301
5200077000,77,10,서감초등학교,195460101
5200110000,110,9,서감초등학교,195460101
5291502200,사상구2-2,5,주례현대아파트,195470101
5291502200,사상구2-2,20,주례현대아파트,195470301
5291502200,사상구2-2,11,부산보훈병원,195480201
5291502200,사상구2-2,6,양지1공원,195500101
5291502200,사상구2-2,7,백운사,195510101
5291502200,사상구2-2,8,양지마을,195530101
5291502200,사상구2-2,9,창신주택,195560101
5291502200,사상구2-2,10,양지공원,195590301
5290509000,부산진구9,15,주례한일유앤아이아파트,195610101
5291502200,사상구2-2,16,주례한일유앤아이아파트,195610101
5291502000,사상구2,28,주례럭키아파트,195620201
5291502000,사상구2,3,동주초등학교,195630101
5291503000,사상구3,20,동주초등학교,195630101
5291503100,사상구3-1,19,동주초등학교,195630101
5291502000,사상구2,4,주례열린도서관,195640101
5291502000,사상구2,26,동주초등학교,195640301
5291503000,사상구3,4,동주초등학교,195640301
5291503100,사상구3-1,4,동주초등학교,195640301
5291502000,사상구2,25,주례열린도서관,195650201
5291502000,사상구2,6,동서대KIT생활관,195660101
5291502000,사상구2,5,동서대글로벌빌리지,195660102
5291502000,사상구2,7,동서대후문,195660103
5291502000,사상구2,8,경남정보대입구,195680201
5291502000,사상구2,21,경남정보대입구,195700101
5291502000,사상구2,9,주례2동행정복지센터,195700201
5291505100,사상구5-1,12,냉정역5번출구,195730101
5291505200,사상구5-2,4,냉정역5번출구,195730101
5291502000,사상구2,10,냉정역,195740102
5291505000,사상구5,6,냉정역,195740102
5291505100,사상구5-1,1,냉정역,195740102
5291505100,사상구5-1,18,냉정역,195740102
5291505200,사상구5-2,10,냉정역,195740102
5291506000,사상구6,2,냉정역,195740102
5291502000,사상구2,20,주례2동행정복지센터,195750301
5291505000,사상구5,5,트윈빌딩,195750401
5291505100,사상구5-1,9,트윈빌딩,195750401
5291505100,사상구5-1,17,트윈빌딩,195750401
5291505200,사상구5-2,9,트윈빌딩,195750401
5291505200,사상구5-2,20,트윈빌딩,195750401
5291505000,사상구5,7,태화주유소,195800103
5291505100,사상구5-1,2,태화주유소,195800103
5291505200,사상구5-2,11,태화주유소,195800103
5291506000,사상구6,3,태화주유소,195800103
5291502000,사상구2,11,냉정시장,195810201
5291502000,사상구2,19,냉정역,195810401
5291502000,사상구2,18,냉정시장,195820201
5291502000,사상구2,12,경남정보대학교,195830201
5291502000,사상구2,13,광우맨션,195850101
5291502000,사상구2,17,주례중학교,195850201
5291502000,사상구2,14,주례여자고등학교,195860101
5291502100,사상구2-1,7,주례청구아파트110동,195880201
5291502100,사상구2-1,8,주례청구아파트정문,195880202
5291503000,사상구3,12,일신주택,195900101
5291503000,사상구3,11,일신주택입구,195900102
5291503000,사상구3,10,주례벽산아파트,195900103
5291503000,사상구3,13,일신주택입구,195910101
5291503000,사상구3,14,주례벽산아파트,195910102
5291505200,사상구5-2,16,동서대입구,195930101
5291505000,사상구5,1,동서대학교,195930102
5291505100,사상구5-1,5,동서대학교,195930102
5291505200,사상구5-2,15,동서대학교,195930102
5291507000,사상구7,9,구)부산솔빛학교,195940101
5291507000,사상구7,8,조광페인트,195950101
5291507000,사상구7,38,사상중앙병원,195960201
5291507000,사상구7,7,사상중앙병원,195980101
5290510100,부산진구10-1,19,구학초등학교,196010101
5200031000,31,77,모라주공아파트,196040101
5200148000,148,57,모라주공아파트,196040101
5200338000,338,63,모라주공아파트,196040101
5200077000,77,106,럭키슈퍼,196060201
5200077000,77,107,감전동행정복지센터,196060202
5200031000,31,78,모라주공아파트,196070201
5200148000,148,58,모라주공아파트,196070201
5200338000,338,64,모라주공아파트,196070201
5291419000,강서구19,22,시내버스종점,196070202
5200077000,77,101,파라곤호텔,196080101
5200110000,110,92,파라곤호텔,196080101
5203003000,3003,26,파라곤호텔,196080101
5200037000,37,73,원자력의학원,196140201
5200182000,182,32,원자력의학원,196140201
5200187000,187,32,원자력의학원,196140201
5200188000,188,136,원자력의학원,196140201
5200302000,302,60,원자력의학원,196140201
5203008000,3008,7,원자력의학원,196140201
5203008F00,3008-F,7,원자력의학원,196140201
5200037000,37,45,원자력의학원,196140202
5200182000,182,94,원자력의학원,196140202
5200187000,187,78,원자력의학원,196140202
5200188000,188,35,원자력의학원,196140202
5200302000,302,61,원자력의학원,196140202
5203008000,3008,89,원자력의학원,196140202
5203008F00,3008-F,90,원자력의학원,196140202
5200037000,37,71,좌천삼거리,196170301
5200182000,182,29,좌천삼거리,196170301
5200187000,187,29,좌천삼거리,196170301
5200188000,188,134,좌천삼거리,196170301
5200302000,302,57,좌천삼거리,196170301
5203008000,3008,5,좌천삼거리,196170301
5203008F00,3008-F,5,좌천삼거리,196170301
5200037000,37,72,장안제일고등학교,196170302
5200182000,182,30,장안제일고등학교,196170302
5200187000,187,30,장안제일고등학교,196170302
5200188000,188,135,장안제일고등학교,196170302
5200302000,302,58,장안제일고등학교,196170302
5203008000,3008,6,장안제일고등학교,196170302
5203008F00,3008-F,6,장안제일고등학교,196170302
5291603000,기장군3,30,장안제일고등학교,196170303
5291603000,기장군3,64,장안제일고등학교,196170303
5291608000,기장군8,25,장안제일고등학교,196170303
5291657000,기장군57,3,장안제일고등학교,196170303
5291603000,기장군3,29,좌천삼거리,196170304
5291603000,기장군3,63,좌천삼거리,196170304
5291608000,기장군8,24,좌천삼거리,196170304
5291657000,기장군57,2,좌천삼거리,196170304
5291611000,기장군11,50,안평.고촌,196180102
5200036000,36,37,고촌주택단지,196180202
5200073000,73,56,고촌주택단지,196180202
5200183000,183,23,고촌주택단지,196180202
5200187000,187,108,고촌주택단지,196180202
5200183F00,183-F,23,고촌주택단지,196180202
5200036000,36,112,철마삼거리,196190101
5200183000,183,88,철마삼거리,196190101
5200187000,187,7,철마삼거리,196190101
5200188000,188,90,철마삼거리,196190101
5200183F00,183-F,92,철마삼거리,196190101
5200036000,36,111,안평차량기지,196190102
5200073000,73,65,안평차량기지,196190102
5200183000,183,87,안평차량기지,196190102
5200187000,187,6,안평차량기지,196190102
5200188000,188,89,안평차량기지,196190102
5200183F00,183-F,91,안평차량기지,196190102
5291611000,기장군11,52,철마삼거리,196190103
5291611000,기장군11,51,안평차량기지,196190104
5200036000,36,36,안평역.고촌마을,196190201
5200073000,73,55,안평역.고촌마을,196190201
5200183000,183,22,안평역.고촌마을,196190201
5200187000,187,107,안평역.고촌마을,196190201
5200188000,188,83,안평역.고촌마을,196190201
5200183F00,183-F,22,안평역.고촌마을,196190201
5291611000,기장군11,20,안평.고촌,196190202
5200036000,36,107,대진여객.고촌역,196200101
5200073000,73,61,대진여객.고촌역,196200101
5200183000,183,83,대진여객.고촌역,196200101
5200187000,187,2,대진여객.고촌역,196200101
5200183F00,183-F,87,대진여객.고촌역,196200101
5200036000,36,110,안평역.고촌마을,196200102
5200073000,73,64,안평역.고촌마을,196200102
5200183000,183,86,안평역.고촌마을,196200102
5200187000,187,5,안평역.고촌마을,196200102
5200188000,188,88,안평역.고촌마을,196200102
5200183F00,183-F,90,안평역.고촌마을,196200102
5200036000,36,109,고촌주택단지,196200103
5200073000,73,63,고촌주택단지,196200103
5200183000,183,85,고촌주택단지,196200103
5200187000,187,4,고촌주택단지,196200103
5200188000,188,85,고촌주택단지,196200103
5200188000,188,87,고촌주택단지,196200103
5200183F00,183-F,89,고촌주택단지,196200103
5200189000,189,1,고촌역.대진여객,196200201
5200189100,189-1,1,고촌역.대진여객,196200201
5200036000,36,39,대진여객.고촌역,196200301
5200073000,73,58,대진여객.고촌역,196200301
5200115100,115-1,1,대진여객.고촌역,196200301
5200129100,129-1,1,대진여객.고촌역,196200301
5200183000,183,25,대진여객.고촌역,196200301
5200187000,187,110,대진여객.고촌역,196200301
5200183F00,183-F,25,대진여객.고촌역,196200301
5291611000,기장군11,23,고촌역,196200303
5200073000,73,66,안평삼거리,196210101
5200036000,36,34,철마삼거리,196210301
5200183000,183,20,철마삼거리,196210301
5200187000,187,105,철마삼거리,196210301
5200188000,188,81,철마삼거리,196210301
5200183F00,183-F,20,철마삼거리,196210301
5291611000,기장군11,19,철마삼거리,196210302
5291611000,기장군11,15,만화리입구,196220301
5291611000,기장군11,16,만화리,196220302
5200036000,36,31,만화리입구,196230301
5200183000,183,17,만화리입구,196230301
5200187000,187,102,만화리입구,196230301
5200188000,188,78,만화리입구,196230301
5200183F00,183-F,17,만화리입구,196230301
5200036000,36,115,만화리입구,196240201
5200183000,183,91,만화리입구,196240201
5200187000,187,10,만화리입구,196240201
5200188000,188,93,만화리입구,196240201
5200183F00,183-F,95,만화리입구,196240201
5200036000,36,114,농업기술센터,196250101
5200183000,183,90,농업기술센터,196250101
5200187000,187,9,농업기술센터,196250101
5200188000,188,92,농업기술센터,196250101
5200183F00,183-F,94,농업기술센터,196250101
5291611000,기장군11,54,농업기술센터,196250102
5200036000,36,32,농업기술센터,196250301
5200183000,183,18,농업기술센터,196250301
5200187000,187,103,농업기술센터,196250301
5200188000,188,79,농업기술센터,196250301
5200183F00,183-F,18,농업기술센터,196250301
5200036000,36,33,만화리영락동산,196250302
5200183000,183,19,만화리영락동산,196250302
5200187000,187,104,만화리영락동산,196250302
5200188000,188,80,만화리영락동산,196250302
5200183F00,183-F,19,만화리영락동산,196250302
5291611000,기장군11,17,농업기술센터,196250303
5291611000,기장군11,18,만화리영락동산,196250304
5200036000,36,113,만화리영락동산,196260101
5200183000,183,89,만화리영락동산,196260101
5200187000,187,8,만화리영락동산,196260101
5200188000,188,91,만화리영락동산,196260101
5200183F00,183-F,93,만화리영락동산,196260101
5291611000,기장군11,53,만화리영락동산,196260102
5200139000,139,26,부산대청중학교,196280501
5200038000,38,2,연화교차로,196300201
5200039000,39,17,연화교차로,196300201
5200040000,40,2,연화교차로,196300201
5200063000,63,2,연화교차로,196300201
5200139000,139,29,연화교차로,196300201
5200185000,185,2,연화교차로,196300201
5200200000,200,2,연화교차로,196300201
5201003F00,1003-F,17,연화교차로,196300201
5200100000,100,2,연화교차로,196300401
5291606000,기장군6,24,기장군청,196310201
5291606000,기장군6,23,신천,196310202
5291606000,기장군6,14,기장실버타운,196320101
5291606000,기장군6,22,신앙촌,196320102
5291606000,기장군6,15,원죽1구,196320103
5291606000,기장군6,11,기장군청,196330101
5291606000,기장군6,12,신천,196330102
5291606000,기장군6,25,죽성사거리,196330201
5200037000,37,32,덕산마을,196430101
5200073000,73,5,덕산마을,196430101
5200073000,73,106,덕산마을,196430101
5200105000,105,50,덕산마을,196430101
5200107000,107,5,덕산마을,196430101
5200107000,107,102,덕산마을,196430101
5200182000,182,81,덕산마을,196430101
5200188000,188,22,덕산마을,196430101
5200302000,302,42,덕산마을,196430101
5203008000,3008,79,덕산마을,196430101
5203008F00,3008-F,80,덕산마을,196430101
5200037000,37,36,가화테라스1차,196440101
5200073000,73,110,가화테라스1차,196440101
5200105000,105,37,가화테라스1차,196440101
5200106000,106,28,가화테라스1차,196440101
5200107000,107,105,가화테라스1차,196440101
5200182000,182,85,가화테라스1차,196440101
5200184000,184,16,가화테라스1차,196440101
5200037000,37,37,강변마을,196450101
5200105000,105,55,강변마을,196450101
5200182000,182,86,강변마을,196450101
5200188000,188,27,강변마을,196450101
5200302000,302,47,강변마을,196450101
5203008000,3008,84,강변마을,196450101
5203008F00,3008-F,85,강변마을,196450101
5291657000,기장군57,58,강변마을,196450102
5200037000,37,83,가화테라스1차,196450201
5200073000,73,10,가화테라스1차,196450201
5200105000,105,60,가화테라스1차,196450201
5200106000,106,82,가화테라스1차,196450201
5200107000,107,10,가화테라스1차,196450201
5200182000,182,42,가화테라스1차,196450201
5200184000,184,63,가화테라스1차,196450201
5200302000,302,76,가화테라스1차,196450201
5200037000,37,38,독점마을,196460101
5200182000,182,87,독점마을,196460101
5200188000,188,28,독점마을,196460101
5200302000,302,48,독점마을,196460101
5200037000,37,82,강변마을,196460201
5200105000,105,42,강변마을,196460201
5200182000,182,41,강변마을,196460201
5200188000,188,145,강변마을,196460201
5200302000,302,75,강변마을,196460201
5203008000,3008,13,강변마을,196460201
5203008F00,3008-F,14,강변마을,196460201
5291657000,기장군57,13,강변마을,196460202
5200037000,37,39,서편마을,196470101
5200182000,182,88,서편마을,196470101
5200188000,188,29,서편마을,196470101
5200302000,302,49,서편마을,196470101
5203008000,3008,85,서편마을,196470101
5203008F00,3008-F,86,서편마을,196470101
5200037000,37,40,예림마을,196470102
5200182000,182,89,예림마을,196470102
5200188000,188,30,예림마을,196470102
5200302000,302,50,예림마을,196470102
5203008000,3008,86,예림마을,196470102
5203008F00,3008-F,87,예림마을,196470102
5291608000,기장군8,87,독점마을,196470103
5291657000,기장군57,59,독점마을,196470103
5291608000,기장군8,88,서편마을,196470104
5291608000,기장군8,89,예림마을,196470105
5200037000,37,81,독점마을,196470201
5200182000,182,40,독점마을,196470201
5200188000,188,144,독점마을,196470201
5200302000,302,74,독점마을,196470201
5291608000,기장군8,35,독점마을,196470202
5291657000,기장군57,12,독점마을,196470202
5200073000,73,16,신동아파밀리에후문,196480201
5200106000,106,8,신동아파밀리에후문,196480201
5200107000,107,15,신동아파밀리에후문,196480201
5200184000,184,4,신동아파밀리에후문,196480201
5200188000,188,4,신동아파밀리에후문,196480201
5203008000,3008,20,신동아파밀리에후문,196480201
5203008F00,3008-F,21,신동아파밀리에후문,196480201
5200037000,37,88,정관읍행정복지센터.기장소방서,196480202
5200073000,73,15,정관읍행정복지센터.기장소방서,196480202
5200073000,73,116,정관읍행정복지센터.기장소방서,196480202
5200106000,106,7,정관읍행정복지센터.기장소방서,196480202
5200106000,106,106,정관읍행정복지센터.기장소방서,196480202
5200107000,107,14,정관읍행정복지센터.기장소방서,196480202
5200107000,107,111,정관읍행정복지센터.기장소방서,196480202
5200182000,182,47,정관읍행정복지센터.기장소방서,196480202
5200302000,302,81,정관읍행정복지센터.기장소방서,196480202
5203008000,3008,19,정관읍행정복지센터.기장소방서,196480202
5203008F00,3008-F,20,정관읍행정복지센터.기장소방서,196480202
5200037000,37,96,평전마을,196480203
5200073000,73,17,평전마을,196480203
5200106000,106,9,평전마을,196480203
5200107000,107,16,평전마을,196480203
5200182000,182,55,평전마을,196480203
5200184000,184,5,평전마을,196480203
5200188000,188,5,평전마을,196480203
5203008000,3008,21,평전마을,196480203
5203008F00,3008-F,22,평전마을,196480203
5200037000,37,97,산막입구,196480204
5200073000,73,18,산막입구,196480204
5200106000,106,10,산막입구,196480204
5200107000,107,17,산막입구,196480204
5200182000,182,56,산막입구,196480204
5200184000,184,6,산막입구,196480204
5200188000,188,6,산막입구,196480204
5203008000,3008,22,산막입구,196480204
5203008F00,3008-F,23,산막입구,196480204
5291608000,기장군8,49,정관읍사무소.기장소방서,196480205
5291657000,기장군57,19,정관읍사무소.기장소방서,196480205
5200188000,188,151,정관읍행정복지센터.기장소방서,196480301
5291657000,기장군57,53,덕산마을,196490101
5200037000,37,98,정관신도시 롯데캐슬,196500201
5200182000,182,57,정관신도시 롯데캐슬,196500201
5200184000,184,7,정관신도시 롯데캐슬,196500201
5200037000,37,21,정관신도시 롯데캐슬,196510101
5200182000,182,70,정관신도시 롯데캐슬,196510101
5200184000,184,72,정관신도시 롯데캐슬,196510101
5200037000,37,28,한진해모로,196510201
5200073000,73,26,한진해모로,196510201
5200106000,106,23,한진해모로,196510201
5200107000,107,30,한진해모로,196510201
5200182000,182,77,한진해모로,196510201
5200184000,184,11,한진해모로,196510201
5200188000,188,19,한진해모로,196510201
5200302000,302,38,한진해모로,196510201
5203008000,3008,35,한진해모로,196510201
5203008F00,3008-F,36,한진해모로,196510201
5200037000,37,27,계룡리슈빌,196510202
5200073000,73,25,계룡리슈빌,196510202
5200106000,106,22,계룡리슈빌,196510202
5200107000,107,29,계룡리슈빌,196510202
5200182000,182,76,계룡리슈빌,196510202
5200184000,184,10,계룡리슈빌,196510202
5200188000,188,18,계룡리슈빌,196510202
5200302000,302,37,계룡리슈빌,196510202
5203008000,3008,34,계룡리슈빌,196510202
5203008F00,3008-F,35,계룡리슈빌,196510202
5200073000,73,23,휴먼시아1차,196510203
5200106000,106,20,휴먼시아1차,196510203
5200107000,107,27,휴먼시아1차,196510203
5200184000,184,8,휴먼시아1차,196510203
5200188000,188,16,휴먼시아1차,196510203
5200302000,302,35,휴먼시아1차,196510203
5203008000,3008,32,휴먼시아1차,196510203
5203008F00,3008-F,33,휴먼시아1차,196510203
5200037000,37,99,정원초등학교,196510301
5200073000,73,99,정원초등학교,196510301
5200106000,106,92,정원초등학교,196510301
5200107000,107,90,정원초등학교,196510301
5200182000,182,59,정원초등학교,196510301
5200188000,188,158,정원초등학교,196510301
5200302000,302,89,정원초등학교,196510301
5203008000,3008,67,정원초등학교,196510301
5203008F00,3008-F,68,정원초등학교,196510301
5200037000,37,101,모전마을,196510302
5200106000,106,94,모전마을,196510302
5200107000,107,92,모전마을,196510302
5200188000,188,160,모전마을,196510302
5200302000,302,91,모전마을,196510302
5203008000,3008,69,모전마을,196510302
5203008F00,3008-F,70,모전마을,196510302
5200073000,73,98,신정초등학교,196510303
5200106000,106,91,신정초등학교,196510303
5200107000,107,89,신정초등학교,196510303
5200182000,182,58,신정초등학교,196510303
5200188000,188,157,신정초등학교,196510303
5200302000,302,88,신정초등학교,196510303
5203008000,3008,66,신정초등학교,196510303
5203008F00,3008-F,67,신정초등학교,196510303
5291608000,기장군8,56,신정초등학교,196510304
5291657000,기장군57,26,신정초등학교,196510304
5291608000,기장군8,57,정원초등학교,196510305
5291657000,기장군57,27,정원초등학교,196510305
5200037000,37,18,모전마을,196520101
5200106000,106,16,모전마을,196520101
5200107000,107,23,모전마을,196520101
5200182000,182,65,모전마을,196520101
5200188000,188,12,모전마을,196520101
5200302000,302,31,모전마을,196520101
5203008000,3008,28,모전마을,196520101
5203008F00,3008-F,29,모전마을,196520101
5200037000,37,20,정원초등학교,196520102
5200073000,73,21,정원초등학교,196520102
5200106000,106,18,정원초등학교,196520102
5200107000,107,25,정원초등학교,196520102
5200182000,182,69,정원초등학교,196520102
5200188000,188,14,정원초등학교,196520102
5200302000,302,33,정원초등학교,196520102
5203008000,3008,30,정원초등학교,196520102
5203008F00,3008-F,31,정원초등학교,196520102
5200037000,37,19,솔마루공원,196520103
5200106000,106,17,솔마루공원,196520103
5200107000,107,24,솔마루공원,196520103
5200188000,188,13,솔마루공원,196520103
5200302000,302,32,솔마루공원,196520103
5203008000,3008,29,솔마루공원,196520103
5203008F00,3008-F,30,솔마루공원,196520103
5200037000,37,104,정관고개,196520202
5200302000,302,94,정관고개,196520202
5200037000,37,15,정관고개,196530101
5200302000,302,28,정관고개,196530101
5200037000,37,105,부산추모공원,196530201
5200302000,302,95,부산추모공원,196530201
5200037000,37,14,부산추모공원,196540101
5200302000,302,27,부산추모공원,196540101
5200037000,37,106,백운제1공원,196550201
5200302000,302,96,백운제1공원,196550201
5200037000,37,107,용천사,196550202
5200302000,302,97,용천사,196550202
5200037000,37,13,백운제1공원,196560102
5200302000,302,26,백운제1공원,196560102
5200037000,37,108,두명마을,196560201
5200302000,302,98,두명마을,196560201
5200037000,37,109,월평교차로,196560202
5200180000,180,17,이천,196630101
5200188000,188,119,이천,196630101
5291603000,기장군3,15,이천,196630102
5200180000,180,63,동부산농협,196630201
5200188000,188,54,동부산농협,196630201
5291603000,기장군3,84,동부산농협,196630202
5200180000,180,62,이천,196640201
5200188000,188,53,이천,196640201
5291603000,기장군3,83,이천,196640202
5200182000,182,23,삼덕입구,196650101
5200187000,187,23,삼덕입구,196650101
5291608000,기장군8,18,삼덕입구,196650103
5200180000,180,16,동부산농협,196650201
5200188000,188,118,동부산농협,196650201
5291603000,기장군3,14,동부산농협,196650202
5200036000,36,19,동해선일광역,196650301
5200036000,36,127,동해선일광역,196650301
5200180000,180,64,동해선일광역,196650301
5200181000,181,11,동해선일광역,196650301
5200181000,181,143,동해선일광역,196650301
5200182000,182,106,동해선일광역,196650301
5200187000,187,90,동해선일광역,196650301
5200188000,188,55,동해선일광역,196650301
5200036000,36,128,일광해수욕장입구,196650302
5200139000,139,85,일광해수욕장입구,196650302
5200180000,180,65,일광해수욕장입구,196650302
5200181000,181,144,일광해수욕장입구,196650302
5291602000,기장군2,24,일광해수욕장입구,196650304
5291603000,기장군3,86,일광해수욕장입구,196650304
5291602000,기장군2,13,동해선일광역,196650305
5291602000,기장군2,23,동해선일광역,196650305
5291603000,기장군3,85,동해선일광역,196650305
5291608000,기장군8,106,동해선일광역,196650305
5200180000,180,20,이동수산,196660101
5200188000,188,122,이동수산,196660101
5200180000,180,59,이동수산,196660201
5200188000,188,50,이동수산,196660201
5200180000,180,60,이동방파제,196660202
5200188000,188,51,이동방파제,196660202
5291603000,기장군3,81,이동방파제,196660203
5291603000,기장군3,80,이동수산,196660204
5200180000,180,21,부대앞,196670101
5200188000,188,123,부대앞,196670101
5200180000,180,22,온정,196670102
5200188000,188,124,온정,196670102
5291603000,기장군3,19,부대앞,196670103
5291603000,기장군3,20,온정,196670104
5200180000,180,19,이동방파제,196680101
5200188000,188,121,이동방파제,196680101
5291603000,기장군3,18,이동수산,196680102
5291603000,기장군3,17,이동방파제,196680103
5200180000,180,61,이동,196680201
5200188000,188,52,이동,196680201
5291603000,기장군3,82,이동,196680202
5200180000,180,25,신평,196690101
5200188000,188,127,신평,196690101
5200180000,180,26,칠암,196690102
5200188000,188,128,칠암,196690102
5291603000,기장군3,23,신평,196690103
5291603000,기장군3,24,칠암,196690104
5200180000,180,55,동백,196690201
5200188000,188,46,동백,196690201
5200180000,180,56,동백선착장,196690202
5200188000,188,47,동백선착장,196690202
5291603000,기장군3,76,동백,196690203
5291603000,기장군3,77,동백선착장,196690204
5200180000,180,53,칠암,196700101
5200188000,188,44,칠암,196700101
5200180000,180,54,신평,196700102
5200188000,188,45,신평,196700102
5291603000,기장군3,75,신평,196700103
5291603000,기장군3,74,칠암,196700104
5200180000,180,27,문중,196700201
5200188000,188,129,문중,196700201
5291603000,기장군3,25,문중,196700202
5200180000,180,57,온정,196710101
5200188000,188,48,온정,196710101
5200180000,180,58,부대앞,196710102
5200188000,188,49,부대앞,196710102
5291603000,기장군3,79,부대앞,196710103
5291603000,기장군3,78,온정,196710104
5200180000,180,23,동백선착장,196710201
5200188000,188,125,동백선착장,196710201
5200180000,180,24,동백,196710202
5200188000,188,126,동백,196710202
5291603000,기장군3,22,동백,196710203
5291603000,기장군3,21,동백선착장,196710204
5200180000,180,50,새끝,196720201
5200188000,188,41,새끝,196720201
5200180000,180,51,문동,196720202
5200188000,188,42,문동,196720202
5291603000,기장군3,72,문동,196720203
5291603000,기장군3,71,새끝,196720204
5200180000,180,29,새끝,196740101
5200188000,188,131,새끝,196740101
5200180000,180,28,문동,196740102
5200188000,188,130,문동,196740102
5291603000,기장군3,26,문동,196740103
5291603000,기장군3,27,새끝,196740104
5200180000,180,52,문중,196740201
5200188000,188,43,문중,196740201
5291603000,기장군3,73,문중,196740202
5200037000,37,52,기장문화예절학교,196750101
5200180000,180,32,기장문화예절학교,196750101
5291603000,기장군3,38,기장문화예절학교,196750102
5200037000,37,67,묘관음사입구,196750201
5200180000,180,47,묘관음사입구,196750201
5200037000,37,69,임랑삼거리,196750202
5200188000,188,132,임랑삼거리,196750202
5200037000,37,68,임랑마을,196750203
5200180000,180,48,임랑마을,196750203
5291603000,기장군3,60,묘관음사입구,196750204
5200037000,37,54,월내시장,196760101
5200180000,180,34,월내시장,196760101
5291603000,기장군3,39,동해선월내역.월내시장,196760102
5200037000,37,66,기장문화예절학교,196760301
5200180000,180,46,기장문화예절학교,196760301
5291603000,기장군3,59,기장문화예절학교,196760302
5200037000,37,50,임랑삼거리,196770101
5200180000,180,30,임랑삼거리,196770101
5200037000,37,51,묘관음사입구,196770102
5200180000,180,31,묘관음사입구,196770102
5291603000,기장군3,37,묘관음사입구,196770103
5291603000,기장군3,36,임랑삼거리,196770104
5200180000,180,49,임랑해수욕장입구,196770201
5200188000,188,40,임랑해수욕장입구,196770201
5291603000,기장군3,70,임랑해수욕장입구,196770202
5291603000,기장군3,28,임랑삼거리,196770301
5291603000,기장군3,62,임랑삼거리,196770301
5200180000,180,18,이동,196780101
5200188000,188,120,이동,196780101
5291603000,기장군3,16,이동,196780102
5291602300,기장군2-3,25,미동마을,196790202
5200073000,73,46,이곡,196810101
5200073000,73,74,이곡,196810101
5291602300,기장군2-3,26,웅천,196820201
5200073000,73,82,웅천,196830101
5200184000,184,57,웅천,196830101
5291602300,기장군2-3,21,장전리,196840101
5200073000,73,42,철마면행정복지센터,196850201
5200107000,107,82,철마면행정복지센터,196850201
5203008000,3008,59,철마면행정복지센터,196850201
5203008F00,3008-F,60,철마면행정복지센터,196850201
5200073000,73,43,구림마을,196850202
5291602300,기장군2-3,22,철마면사무소,196850203
5200184000,184,26,철마면행정복지센터,196850301
5291602300,기장군2-3,31,장전리,196850401
5291602300,기장군2-3,32,철마삼거리,196860201
5291602300,기장군2-3,17,철마삼거리,196880101
5200187000,187,61,대선주조정문,196900201
5200037000,37,41,기장구조대,196930101
5200182000,182,90,기장구조대,196930101
5200188000,188,31,기장구조대,196930101
5200302000,302,51,기장구조대,196930101
5203008000,3008,87,기장구조대,196930101
5203008F00,3008-F,88,기장구조대,196930101
5291608000,기장군8,90,기장구조대,196930102
5291657000,기장군57,62,기장구조대,196930102
5200037000,37,80,서편마을,196930201
5200182000,182,39,서편마을,196930201
5200188000,188,143,서편마을,196930201
5200302000,302,73,서편마을,196930201
5203008000,3008,12,서편마을,196930201
5203008F00,3008-F,13,서편마을,196930201
5200037000,37,79,예림마을,196930202
5200182000,182,38,예림마을,196930202
5200188000,188,142,예림마을,196930202
5200302000,302,72,예림마을,196930202
5203008000,3008,11,예림마을,196930202
5203008F00,3008-F,12,예림마을,196930202
5291608000,기장군8,34,서편마을,196930203
5291608000,기장군8,33,예림마을,196930204
5200037000,37,42,광명사입구,196940101
5200182000,182,91,광명사입구,196940101
5200188000,188,32,광명사입구,196940101
5200302000,302,52,광명사입구,196940101
5291608000,기장군8,91,광명사입구,196940102
5291657000,기장군57,63,광명사입구,196940102
5291608000,기장군8,92,내덕입구,196940103
5291657000,기장군57,64,내덕입구,196940103
5200037000,37,78,기장구조대,196940201
5200182000,182,37,기장구조대,196940201
5200188000,188,141,기장구조대,196940201
5200302000,302,71,기장구조대,196940201
5203008000,3008,10,기장구조대,196940201
5203008F00,3008-F,11,기장구조대,196940201
5291608000,기장군8,32,기장구조대,196940202
5291657000,기장군57,9,기장구조대,196940202
5200037000,37,43,내덕입구,196950101
5200182000,182,92,내덕입구,196950101
5200188000,188,33,내덕입구,196950101
5200302000,302,53,내덕입구,196950101
5200037000,37,44,부산장안고등학교,196950102
5200182000,182,93,부산장안고등학교,196950102
5200188000,188,34,부산장안고등학교,196950102
5200302000,302,54,부산장안고등학교,196950102
5203008000,3008,88,부산장안고등학교,196950102
5203008F00,3008-F,89,부산장안고등학교,196950102
5200037000,37,77,광명사입구,196950201
5200182000,182,36,광명사입구,196950201
5200188000,188,140,광명사입구,196950201
5200302000,302,70,광명사입구,196950201
5291608000,기장군8,31,광명사입구,196950202
5291657000,기장군57,8,광명사입구,196950202
5291608000,기장군8,30,내덕입구,196950203
5291657000,기장군57,7,내덕입구,196950203
5200182000,182,100,청광.아시아드컨트리클럽,196960201
5200187000,187,84,청광.아시아드컨트리클럽,196960201
5291608000,기장군8,100,청광.아시아드컨트리클럽,196970201
5200182000,182,26,청광.아시아드컨트리클럽,196980101
5200187000,187,26,청광.아시아드컨트리클럽,196980101
5291608000,기장군8,21,청광.아시아드컨트리클럽,196980102
5200037000,37,57,고원1차아파트,197040301
5200180000,180,37,고원1차아파트,197040301
5200073000,73,67,갈치고개,197060201
5200073000,73,53,안평삼거리,197070301
5200073000,73,68,상신리,197080201
5200073000,73,52,상신리,197090101
5200073000,73,69,구칠,197090201
5200073000,73,51,구칠,197100101
5200073000,73,70,점현,197100201
5200073000,73,50,점현,197110101
5200073000,73,71,갓안마을,197110201
5200073000,73,49,갓안마을,197120101
5200073000,73,44,보림,197130101
5200073000,73,72,보림,197130101
5200073000,73,45,마지회관,197130102
5200073000,73,73,마지회관,197130102
5291602300,기장군2-3,23,보림,197130103
5291602300,기장군2-3,24,마지마을,197130104
5200073000,73,77,구림마을,197130301
5200073000,73,78,철마면행정복지센터,197130302
5200107000,107,33,철마면행정복지센터,197130302
5203008000,3008,38,철마면행정복지센터,197130302
5203008F00,3008-F,39,철마면행정복지센터,197130302
5200100000,100,124,동암정문,197140101
5200181000,181,111,동암정문,197140101
5200100000,100,125,동암후문,197140102
5200181000,181,112,동암후문,197140102
5201001000,1001,87,동암후문,197140102
5200100000,100,9,오시리아관광단지,197140201
5200181000,181,45,오시리아관광단지,197140201
5200185000,185,8,오시리아관광단지,197140201
5200100000,100,8,용궁사.국립수산과학원,197140202
5200181000,181,44,용궁사.국립수산과학원,197140202
5201001000,1001,3,용궁사.국립수산과학원,197140202
5200100000,100,6,동암후문,197150101
5200181000,181,42,동암후문,197150101
5201001000,1001,2,동암후문,197150101
5200100000,100,7,동암정문,197150102
5200181000,181,43,동암정문,197150102
5200100000,100,126,해광사,197150201
5200181000,181,113,해광사,197150201
5200100000,100,127,기차여행,197150202
5200181000,181,114,기차여행,197150202
5200100000,100,128,서암입구,197150301
5200100000,100,122,오시리아관광단지,197160101
5200181000,181,109,오시리아관광단지,197160101
5200100000,100,123,용궁사.국립수산과학원,197160102
5200181000,181,110,용궁사.국립수산과학원,197160102
5201001000,1001,86,용궁사.국립수산과학원,197160102
5200100000,100,11,당사.공수마을,197160201
5200181000,181,47,당사.공수마을,197160201
5200185000,185,10,당사.공수마을,197160201
5200100000,100,12,공수.양경마을,197160202
5200181000,181,48,공수.양경마을,197160202
5200185000,185,11,공수.양경마을,197160202
5200100000,100,4,기차여행,197170101
5200181000,181,40,기차여행,197170101
5200100000,100,5,해광사,197170102
5200181000,181,41,해광사,197170102
5200181000,181,115,연서교회,197170201
5200181000,181,116,서암,197170202
5200181000,181,117,신암,197180101
5200181000,181,118,연화리,197180102
5200181000,181,38,서암,197180201
5200181000,181,39,연서교회,197180202
5200181000,181,37,신암,197190101
5200181000,181,36,연화리,197200201
5200181000,181,119,대변항입구,197200301
5200073000,73,39,석길,197270201
5200184000,184,23,석길,197270201
5291602300,기장군2-3,27,석길마을,197270202
5291602300,기장군2-3,28,백길마을,197270203
5200073000,73,81,석길,197280101
5200184000,184,56,석길,197280101
5200073000,73,40,백길,197280201
5200184000,184,24,백길,197280201
5200073000,73,80,백길,197290101
5200184000,184,55,백길,197290101
5200073000,73,41,와여마을,197290201
5200184000,184,25,와여마을,197290201
5291602300,기장군2-3,29,와여마을,197290202
5200073000,73,79,와여마을,197300101
5200184000,184,54,와여마을,197300101
5291602300,기장군2-3,30,철마면사무소,197300202
5200073000,73,84,연꽃공원앞,197310101
5200073000,73,37,연꽃공원입구,197310201
5200184000,184,21,연꽃공원입구,197310201
5200073000,73,36,연꽃공원앞,197320101
5200073000,73,85,소산마을,197320201
5200073000,73,38,웅천,197330101
5200184000,184,22,웅천,197330101
5200073000,73,83,연꽃공원입구,197330201
5200184000,184,58,연꽃공원입구,197330201
5200073000,73,89,한국폴리텍동부산캠퍼스,197340101
5200106000,106,78,한국폴리텍동부산캠퍼스,197340101
5200184000,184,59,한국폴리텍동부산캠퍼스,197340101
5200073000,73,32,매곡리,197340301
5200073000,73,92,구연동,197350101
5200105000,105,63,구연동,197350101
5200106000,106,85,구연동,197350101
5200184000,184,66,구연동,197350101
5200073000,73,31,한국폴리텍동부산캠퍼스,197350301
5200106000,106,32,한국폴리텍동부산캠퍼스,197350301
5200184000,184,20,한국폴리텍동부산캠퍼스,197350301
5200073000,73,88,매곡리,197360101
5200073000,73,33,아세아자동차전문,197380201
5200073000,73,34,곰내재,197410101
5200073000,73,87,기장실버홈,197410201
5200073000,73,86,곰내재,197420101
5200073000,73,35,소산마을,197430101
5200037000,37,56,월내초등학교,197470101
5200180000,180,36,월내초등학교,197470101
5291603000,기장군3,41,월내초등학교,197470102
5200037000,37,63,월내농협,197480301
5200180000,180,43,월내농협,197480301
5291603000,기장군3,57,월내농협,197480302
5200037000,37,55,월내농협,197500101
5200180000,180,35,월내농협,197500101
5291603000,기장군3,40,월내농협,197500102
5200037000,37,74,부산장안고등학교,197560401
5200182000,182,33,부산장안고등학교,197560401
5200188000,188,137,부산장안고등학교,197560401
5200302000,302,67,부산장안고등학교,197560401
5203008000,3008,8,부산장안고등학교,197560401
5203008F00,3008-F,9,부산장안고등학교,197560401
5291608000,기장군8,28,부산장안고등학교,197560402
5291657000,기장군57,5,부산장안고등학교,197560402
5200036000,36,130,메가마트기장점,197570201
5200139000,139,87,메가마트기장점,197570201
5200180000,180,67,메가마트기장점,197570201
5200181000,181,146,메가마트기장점,197570201
5291603000,기장군3,89,기장체육관,197570301
5291602000,기장군2,26,메가마트기장점,197570302
5291603000,기장군3,88,메가마트기장점,197570302
5200036000,36,30,이진아파트,197620301
5200183000,183,16,이진아파트,197620301
5200187000,187,101,이진아파트,197620301
5200188000,188,77,이진아파트,197620301
5200183F00,183-F,16,이진아파트,197620301
5291611000,기장군11,14,이진아파트,197620302
5291611000,기장군11,68,궁전아파트,197640101
5291611000,기장군11,4,기장고등학교,197640301
5291611000,기장군11,3,궁전아파트,197650301
5291602000,기장군2,1,차고지,197660101
5291603000,기장군3,1,차고지,197660101
5291608000,기장군8,1,차고지,197660101
5291611000,기장군11,1,차고지,197660101
5291602000,기장군2,32,차고지,197670301
5291603000,기장군3,97,차고지,197670301
5291608000,기장군8,122,차고지,197670301
5291611000,기장군11,70,차고지,197670301
5200183000,183,101,기장성당,197680201
5200183F00,183-F,105,기장성당,197680201
5291602000,기장군2,4,기장성당,197680202
5291603000,기장군3,95,기장성당,197680202
5291606000,기장군6,9,기장성당,197680202
5291608000,기장군8,120,기장성당,197680202
5291611000,기장군11,63,기장성당,197680202
5200183000,183,8,동해선기장역.기장중학교,197700101
5200188000,188,103,동해선기장역.기장중학교,197700101
5200183F00,183-F,8,동해선기장역.기장중학교,197700101
5291602000,기장군2,31,동해선기장역.기장중학교,197700102
5291603000,기장군3,4,동해선기장역.기장중학교,197700102
5291606000,기장군6,30,동해선기장역.기장중학교,197700102
5291608000,기장군8,4,동해선기장역.기장중학교,197700102
5291611000,기장군11,9,동해선기장역.기장중학교,197700102
5200039000,39,11,기장성당,197710201
5200180000,180,8,기장성당,197710201
5201003000,1003,11,기장성당,197710201
5201003F00,1003-F,11,기장성당,197710201
5200036000,36,8,기장전화국,197730101
5200039000,39,126,기장전화국,197730101
5200139000,139,68,기장전화국,197730101
5200181000,181,128,기장전화국,197730101
5200182000,182,7,기장전화국,197730101
5200188000,188,74,기장전화국,197730101
5201003000,1003,102,기장전화국,197730101
5201003F00,1003-F,118,기장전화국,197730101
5291602000,기장군2,2,기장전화국,197730102
5291603000,기장군3,2,기장전화국,197730102
5291606000,기장군6,28,기장전화국,197730102
5291608000,기장군8,2,기장전화국,197730102
5291611000,기장군11,7,기장전화국,197730102
5200039000,39,10,아름공원,197730201
5200180000,180,7,아름공원,197730201
5201003000,1003,10,아름공원,197730201
5201003F00,1003-F,10,아름공원,197730201
5200036000,36,11,기장지구대,197740101
5200039000,39,129,기장지구대,197740101
5200139000,139,71,기장지구대,197740101
5200181000,181,131,기장지구대,197740101
5200182000,182,10,기장지구대,197740101
5200183000,183,9,기장지구대,197740101
5200188000,188,104,기장지구대,197740101
5201003000,1003,105,기장지구대,197740101
5200183F00,183-F,9,기장지구대,197740101
5201003F00,1003-F,121,기장지구대,197740101
5200036000,36,12,한신아파트정문,197740102
5200039000,39,130,한신아파트정문,197740102
5200139000,139,72,한신아파트정문,197740102
5200181000,181,132,한신아파트정문,197740102
5200182000,182,11,한신아파트정문,197740102
5200183000,183,10,한신아파트정문,197740102
5200188000,188,105,한신아파트정문,197740102
5201003000,1003,106,한신아파트정문,197740102
5200183F00,183-F,10,한신아파트정문,197740102
5201003F00,1003-F,122,한신아파트정문,197740102
5291603000,기장군3,5,기장지구대,197740103
5291606000,기장군6,31,기장지구대,197740103
5291608000,기장군8,5,기장지구대,197740103
5291611000,기장군11,10,기장지구대,197740103
5291603000,기장군3,6,한신아파트,197740104
5291606000,기장군6,32,한신아파트,197740104
5291608000,기장군8,6,한신아파트,197740104
5291611000,기장군11,11,한신아파트,197740104
5200183000,183,100,동해선기장역.기장중학교,197740301
5200188000,188,69,동해선기장역.기장중학교,197740301
5200183F00,183-F,104,동해선기장역.기장중학교,197740301
5291603000,기장군3,94,동해선기장역.기장중학교,197740303
5291606000,기장군6,8,동해선기장역.기장중학교,197740303
5291608000,기장군8,119,동해선기장역.기장중학교,197740303
5291611000,기장군11,62,동해선기장역.기장중학교,197740303
5200036000,36,135,기장시장,197740401
5200039000,39,7,기장시장,197740401
5200139000,139,21,기장시장,197740401
5200181000,181,24,기장시장,197740401
5200182000,182,119,기장시장,197740401
5201003000,1003,7,기장시장,197740401
5201003F00,1003-F,7,기장시장,197740401
5200139000,139,66,기장종합사회복지관,197810101
5200139000,139,25,기장종합사회복지관,197850301
5200039000,39,13,청강사거리,197860201
5200181000,181,150,청강사거리,197860201
5200183000,183,103,청강사거리,197860201
5201003000,1003,13,청강사거리,197860201
5200183F00,183-F,107,청강사거리,197860201
5201003F00,1003-F,13,청강사거리,197860201
5200036000,36,140,청강사거리,197880201
5200180000,180,75,청강사거리,197880201
5200181000,181,29,청강사거리,197880201
5200182000,182,124,청강사거리,197880201
5200036000,36,13,기장도서관,198000101
5291603000,기장군3,7,기장도서관,198000102
5291606000,기장군6,33,기장도서관,198000102
5291608000,기장군8,7,기장도서관,198000102
5200039000,39,131,기장도서관,198000401
5200139000,139,73,기장도서관,198000401
5200181000,181,133,기장도서관,198000401
5200182000,182,12,기장도서관,198000401
5200183000,183,11,기장도서관,198000401
5200188000,188,106,기장도서관,198000401
5201003000,1003,107,기장도서관,198000401
5200183F00,183-F,11,기장도서관,198000401
5201003F00,1003-F,123,기장도서관,198000401
5291611000,기장군11,12,기장도서관,198000402
5200036000,36,132,기장도서관,198010201
5200039000,39,4,기장도서관,198010201
5200139000,139,18,기장도서관,198010201
5200181000,181,21,기장도서관,198010201
5200182000,182,116,기장도서관,198010201
5200183000,183,97,기장도서관,198010201
5200188000,188,66,기장도서관,198010201
5201003000,1003,4,기장도서관,198010201
5200183F00,183-F,101,기장도서관,198010201
5201003F00,1003-F,4,기장도서관,198010201
5291603000,기장군3,91,기장도서관,198010202
5291608000,기장군8,116,기장도서관,198010202
5291611000,기장군11,59,기장도서관,198010202
5291611000,기장군11,13,한신아파트후문,198010301
5200039000,39,132,교리,198010401
5200139000,139,74,교리,198010401
5200181000,181,134,교리,198010401
5200182000,182,13,교리,198010401
5200183000,183,12,교리,198010401
5200187000,187,12,교리,198010401
5200188000,188,107,교리,198010401
5201003000,1003,108,교리,198010401
5200183F00,183-F,12,교리,198010401
5201003F00,1003-F,124,교리,198010401
5200036000,36,133,한신아파트정문,198030301
5200039000,39,5,한신아파트정문,198030301
5200139000,139,19,한신아파트정문,198030301
5200181000,181,22,한신아파트정문,198030301
5200182000,182,117,한신아파트정문,198030301
5200183000,183,98,한신아파트정문,198030301
5200188000,188,67,한신아파트정문,198030301
5201003000,1003,5,한신아파트정문,198030301
5200183F00,183-F,102,한신아파트정문,198030301
5201003F00,1003-F,5,한신아파트정문,198030301
5200036000,36,134,기장지구대,198030302
5200039000,39,6,기장지구대,198030302
5200139000,139,20,기장지구대,198030302
5200181000,181,23,기장지구대,198030302
5200182000,182,118,기장지구대,198030302
5200183000,183,99,기장지구대,198030302
5200188000,188,68,기장지구대,198030302
5201003000,1003,6,기장지구대,198030302
5200183F00,183-F,103,기장지구대,198030302
5201003F00,1003-F,6,기장지구대,198030302
5291603000,기장군3,93,기장지구대,198030303
5291606000,기장군6,7,기장지구대,198030303
5291608000,기장군8,118,기장지구대,198030303
5291611000,기장군11,61,기장지구대,198030303
5291603000,기장군3,92,한신아파트,198030304
5291606000,기장군6,6,한신아파트,198030304
5291608000,기장군8,117,한신아파트,198030304
5291611000,기장군11,60,한신아파트,198030304
5200039000,39,123,죽성사거리,198070101
5200181000,181,5,죽성사거리,198070101
5200183000,183,6,죽성사거리,198070101
5200188000,188,101,죽성사거리,198070101
5201003000,1003,99,죽성사거리,198070101
5200183F00,183-F,6,죽성사거리,198070101
5201003F00,1003-F,115,죽성사거리,198070101
5200181000,181,120,대변,198080101
5200181000,181,35,대변항입구,198090201
5200036000,36,6,기장읍행정복지센터,198160301
5200180000,180,5,기장읍행정복지센터,198160301
5200181000,181,126,기장읍행정복지센터,198160301
5200182000,182,5,기장읍행정복지센터,198160301
5200188000,188,72,기장읍행정복지센터,198160301
5200036000,36,139,기장읍행정복지센터,198170101
5200180000,180,74,기장읍행정복지센터,198170101
5200181000,181,28,기장읍행정복지센터,198170101
5200182000,182,123,기장읍행정복지센터,198170101
5200188000,188,99,기장읍행정복지센터,198170101
5200037000,37,11,월평교차로,198180101
5200302000,302,24,월평교차로,198180101
5200037000,37,12,두명마을,198180102
5200302000,302,25,두명마을,198180102
5200050000,50,103,월평교차로,198190101
5200302000,302,99,월평교차로,198190101
5201002000,1002,81,월평교차로,198190101
5201002F00,1002-F,136,월평교차로,198190101
5291602300,기장군2-3,8,송정리,198200103
5291102200,금정구2-2,14,에스엔티모티브,198210303
5291602300,기장군2-3,40,에스엔티모티브,198210303
5291301000,연제구1,4,경동맨션입구,198230101
5291301000,연제구1,29,물만골,198230201
5291301000,연제구1,27,물만골마을입구,198230202
5291301000,연제구1,28,물만골중간마을,198230203
5291301000,연제구1,1,물만골,198240101
5291301000,연제구1,3,물만골마을입구,198240102
5291301000,연제구1,2,물만골중간마을,198240103
5291302000,연제구2,61,이완주정형외과,198350101
5291302000,연제구2,13,연산힐스테이트,198350301
5291306000,연제구6,19,연산힐스테이트,198350301
5291307000,연제구7,19,연산힐스테이트,198350301
5291302000,연제구2,8,회전교차로,198370101
5291302000,연제구2,66,힐스테이트207동앞,198370201
5291302000,연제구2,7,힐스테이트207동앞,198380101
5291302000,연제구2,68,하이자동차운전학원,198400201
5291302000,연제구2,67,현대홈타운,198400202
5291302000,연제구2,4,힐스테이트201동앞,198420101
5291302000,연제구2,1,마하사,198420102
5291302000,연제구2,2,관음사,198420103
5291302000,연제구2,3,법륜사,198420104
5291306000,연제구6,29,연제제일교회,198440101
5291307000,연제구7,29,연제제일교회,198440101
5291306000,연제구6,30,공동주차장,198450101
5291307000,연제구7,30,공동주차장,198450101
5291306000,연제구6,31,삼성타워,198450102
5291307000,연제구7,31,삼성타워,198450102
5291306000,연제구6,17,새싹공원,198460201
5291306000,연제구6,18,연미시장입구,198460202
5291306000,연제구6,16,상장빌라,198490301
5291306000,연제구6,15,호반뉴캐슬빌라,198510301
5291306000,연제구6,14,시원에이스빌,198540301
5291306000,연제구6,6,해연여자고등학교,198550101
5291306000,연제구6,44,부산종합사회복지관,198550201
5291306000,연제구6,43,현대아파트,198550202
5291306000,연제구6,42,보리암입구,198560101
5290517000,부산진구17,36,여명중학교,198580101
5290517000,부산진구17,21,여명중학교입구,198580301
5290511000,부산진구11,46,부산연산행복주택아파트,198630201
5200054000,54,1,삼성여객(종점),198660101
5200054000,54,117,삼성여객(종점),198660101
5200086000,86,1,삼성여객(종점),198660101
5200086000,86,105,삼성여객(종점),198660101
5200115000,115,1,삼성여객(종점),198660101
5200115000,115,68,삼성여객(종점),198660101
5200115000,115,60,수영성당,198680301
5200054000,54,111,수영강변e-편한세상,198690101
5200115000,115,62,수영강변e-편한세상,198690101
5200054000,54,7,수영강변1차e편한세상,198690201
5200115000,115,7,수영강변1차e편한세상,198690201
5200054000,54,6,수영강변3차e편한세상,198690202
5200115000,115,6,수영강변3차e편한세상,198690202
5200054000,54,8,성지기업,198690203
5200115000,115,8,성지기업,198690203
5291202000,수영구2,1,수영강변3차e편한세상,198690204
5291202000,수영구2,69,수영강변3차e편한세상,198690204
5200054000,54,112,월륜교차로,198700301
5200115000,115,63,월륜교차로,198700301
5200057000,57,72,망미역,198710101
5200005100,5-1,106,망미역,198710102
5200020000,20,50,망미역,198710102
5200051000,51,47,망미역,198710102
5200062000,62,80,망미역,198710102
5200063000,63,94,망미역,198710102
5200131000,131,54,망미역,198710102
5200141000,141,76,망미역,198710102
5200141F00,141-F,64,망미역,198710102
5200005100,5-1,41,부산울산지방병무청,198710301
5200020000,20,22,부산울산지방병무청,198710301
5200051000,51,85,부산울산지방병무청,198710301
5200057000,57,34,부산울산지방병무청,198710301
5200062000,62,12,부산울산지방병무청,198710301
5200063000,63,37,부산울산지방병무청,198710301
5200131000,131,101,부산울산지방병무청,198710301
5200141000,141,26,부산울산지방병무청,198710301
5200141F00,141-F,27,부산울산지방병무청,198710301
5200005100,5-1,42,망미1파출소,198710302
5200020000,20,23,망미1파출소,198710302
5200057000,57,35,망미1파출소,198710302
5200062000,62,13,망미1파출소,198710302
5200063000,63,38,망미1파출소,198710302
5200141000,141,27,망미1파출소,198710302
5200141F00,141-F,28,망미1파출소,198710302
5200051000,51,86,망미1파출소,198710303
5200131000,131,102,망미1파출소,198710303
5200005100,5-1,104,망미1파출소,198720201
5200063000,63,92,망미1파출소,198720201
5200141000,141,74,망미1파출소,198720201
5200141F00,141-F,62,망미1파출소,198720201
5200020000,20,48,망미1파출소,198720202
5200051000,51,45,망미1파출소,198720202
5200057000,57,70,망미1파출소,198720202
5200062000,62,78,망미1파출소,198720202
5200131000,131,52,망미1파출소,198720202
5200005100,5-1,105,부산울산지방병무청,198720203
5200020000,20,49,부산울산지방병무청,198720203
5200051000,51,46,부산울산지방병무청,198720203
5200057000,57,71,부산울산지방병무청,198720203
5200062000,62,79,부산울산지방병무청,198720203
5200063000,63,93,부산울산지방병무청,198720203
5200131000,131,53,부산울산지방병무청,198720203
5200141000,141,75,부산울산지방병무청,198720203
5200141F00,141-F,63,부산울산지방병무청,198720203
5200115000,115,9,수영성당,198730101
5291202000,수영구2,4,수영성당,198730102
5200115000,115,61,수영강변1차e편한세상,198730301
5200054000,54,9,망미2동,198740201
5200054000,54,108,망미2동,198750101
5291202000,수영구2,66,동림맨션,198750102
5200054000,54,10,수영구드림스타트센터,198750301
5200054000,54,11,태창아파트,198750302
5291202000,수영구2,8,망미초등학교,198750401
5291202000,수영구2,7,팔도시장후문,198750402
5200042000,42,26,망미중앙시장,198770201
5200049000,49,49,망미중앙시장,198770201
5200054000,54,101,망미중앙시장,198770201
5200057000,57,32,망미중앙시장,198770201
5200210000,210,42,망미중앙시장,198770201
5200042000,42,84,망미중앙시장,198770401
5200049000,49,64,망미중앙시장,198770401
5200054000,54,17,망미중앙시장,198770401
5200057000,57,74,망미중앙시장,198770401
5200210000,210,65,망미중앙시장,198770401
5200042000,42,85,망미우체국,198770402
5200049000,49,65,망미우체국,198770402
5200054000,54,18,망미우체국,198770402
5200057000,57,75,망미우체국,198770402
5200210000,210,66,망미우체국,198770402
5200042000,42,86,선경아파트,198770403
5200049000,49,66,선경아파트,198770403
5200054000,54,19,선경아파트,198770403
5200057000,57,76,선경아파트,198770403
5200210000,210,67,선경아파트,198770403
5200005100,5-1,107,수영경찰서.수영아파트,198790201
5200020000,20,51,수영경찰서.수영아파트,198790201
5200042000,42,27,수영경찰서.수영아파트,198790201
5200049000,49,50,수영경찰서.수영아파트,198790201
5200051000,51,48,수영경찰서.수영아파트,198790201
5200054000,54,102,수영경찰서.수영아파트,198790201
5200062000,62,81,수영경찰서.수영아파트,198790201
5200063000,63,95,수영경찰서.수영아파트,198790201
5200131000,131,55,수영경찰서.수영아파트,198790201
5200141000,141,77,수영경찰서.수영아파트,198790201
5200210000,210,43,수영경찰서.수영아파트,198790201
5200141F00,141-F,65,수영경찰서.수영아파트,198790201
5200005100,5-1,108,수영사적공원,198790202
5200049000,49,51,수영사적공원,198790202
5200054000,54,103,수영사적공원,198790202
5200063000,63,96,수영사적공원,198790202
5200141000,141,78,수영사적공원,198790202
5200210000,210,44,수영사적공원,198790202
5200141F00,141-F,66,수영사적공원,198790202
5200020000,20,52,수영사적공원,198790203
5200042000,42,28,수영사적공원,198790203
5200051000,51,49,수영사적공원,198790203
5200062000,62,82,수영사적공원,198790203
5200131000,131,56,수영사적공원,198790203
5200005100,5-1,40,망미역,198790401
5200020000,20,21,망미역,198790401
5200051000,51,84,망미역,198790401
5200057000,57,33,망미역,198790401
5200062000,62,11,망미역,198790401
5200063000,63,36,망미역,198790401
5200131000,131,100,망미역,198790401
5200141000,141,25,망미역,198790401
5200141F00,141-F,26,망미역,198790401
5200042000,42,83,금호주유소,198790501
5200049000,49,63,금호주유소,198790501
5200054000,54,16,금호주유소,198790501
5200057000,57,73,금호주유소,198790501
5200210000,210,64,금호주유소,198790501
5291202000,수영구2,62,금호주유소,198790502
5291202000,수영구2,5,금호빌라,198800201
5291202000,수영구2,6,수영구드림스타트센터,198800202
5290903000,해운대구3,14,협성르네상스,198810201
5290903000,해운대구3,21,협성르네상스,198820101
5200054000,54,12,미광운수,198820201
5290903000,해운대구3,15,미광운수,198820202
5200054000,54,106,태창아파트,198820301
5200054000,54,107,수영구드림스타트센터,198820302
5200210000,210,48,센텀비치푸르지오,198840201
5200210000,210,59,수영만아이파크,198850401
5200054000,54,105,미광운수,198860101
5290903000,해운대구3,20,미광운수,198860102
5200005100,5-1,110,수영현대아파트.민락역,198910201
5200039000,39,89,수영현대아파트.민락역,198910201
5200040000,40,113,수영현대아파트.민락역,198910201
5200063000,63,98,수영현대아파트.민락역,198910201
5200141000,141,80,수영현대아파트.민락역,198910201
5200155000,155,80,수영현대아파트.민락역,198910201
5200210000,210,46,수영현대아파트.민락역,198910201
5200141F00,141-F,68,수영현대아파트.민락역,198910201
5201003F00,1003-F,92,수영현대아파트.민락역,198910201
5200038000,38,32,민락교,198930301
5200041000,41,8,민락교,198930301
5200083100,83-1,8,민락교,198930301
5200005100,5-1,36,수영현대아파트.민락역,198940301
5200039000,39,45,수영현대아파트.민락역,198940301
5200040000,40,37,수영현대아파트.민락역,198940301
5200063000,63,32,수영현대아파트.민락역,198940301
5200141000,141,21,수영현대아파트.민락역,198940301
5200155000,155,45,수영현대아파트.민락역,198940301
5200210000,210,60,수영현대아파트.민락역,198940301
5200141F00,141-F,22,수영현대아파트.민락역,198940301
5201003F00,1003-F,36,수영현대아파트.민락역,198940301
5200210000,210,47,수영만아이파크,198950201
5200041000,41,74,센텀비치푸르지오,198970301
5200083100,83-1,103,센텀비치푸르지오,198970301
5200041000,41,75,롯데캐슬아파트,198980201
5200083100,83-1,104,롯데캐슬아파트,198980201
5200210000,210,49,롯데캐슬아파트,198980201
5200041000,41,7,센텀비치푸르지오,198980301
5200083100,83-1,7,센텀비치푸르지오,198980301
5200210000,210,58,센텀비치푸르지오,198980301
5200042000,42,81,수영사적공원,199020301
5200049000,49,61,수영사적공원,199020301
5200051000,51,82,수영사적공원,199020301
5200054000,54,14,수영사적공원,199020301
5200210000,210,62,수영사적공원,199020301
5200005100,5-1,38,수영사적공원,199020302
5200020000,20,19,수영사적공원,199020302
5200062000,62,9,수영사적공원,199020302
5200063000,63,34,수영사적공원,199020302
5200131000,131,98,수영사적공원,199020302
5200141000,141,23,수영사적공원,199020302
5200141F00,141-F,24,수영사적공원,199020302
5200042000,42,82,수영경찰서.수영아파트,199020303
5200049000,49,62,수영경찰서.수영아파트,199020303
5200051000,51,83,수영경찰서.수영아파트,199020303
5200054000,54,15,수영경찰서.수영아파트,199020303
5200210000,210,63,수영경찰서.수영아파트,199020303
5200005100,5-1,39,수영경찰서.수영아파트,199020304
5200020000,20,20,수영경찰서.수영아파트,199020304
5200062000,62,10,수영경찰서.수영아파트,199020304
5200063000,63,35,수영경찰서.수영아파트,199020304
5200131000,131,99,수영경찰서.수영아파트,199020304
5200141000,141,24,수영경찰서.수영아파트,199020304
5200141F00,141-F,25,수영경찰서.수영아파트,199020304
5200020000,20,53,수영교차로.수영역,199030201
5200042000,42,29,수영교차로.수영역,199030201
5200051000,51,50,수영교차로.수영역,199030201
5200062000,62,83,수영교차로.수영역,199030201
5200131000,131,57,수영교차로.수영역,199030201
5200020000,20,54,수영구보건소,199030202
5200039000,39,47,수영구보건소,199030202
5200040000,40,39,수영구보건소,199030202
5200042000,42,30,수영구보건소,199030202
5200051000,51,51,수영구보건소,199030202
5200062000,62,84,수영구보건소,199030202
5200131000,131,58,수영구보건소,199030202
5200155000,155,47,수영구보건소,199030202
5201003000,1003,33,수영구보건소,199030202
5201003F00,1003-F,38,수영구보건소,199030202
5290903000,해운대구3,17,센텀병원.수영역,199030301
5200020000,20,18,수영역,199040101
5200042000,42,80,수영역,199040101
5200049000,49,60,수영역,199040101
5200051000,51,81,수영역,199040101
5200062000,62,8,수영역,199040101
5200131000,131,97,수영역,199040101
5200039000,39,87,수영역,199040102
5200040000,40,111,수영역,199040102
5200155000,155,78,수영역,199040102
5201003000,1003,79,수영역,199040102
5201003F00,1003-F,90,수영역,199040102
5200020000,20,55,광안시장.광안역,199040301
5200039000,39,48,광안시장.광안역,199040301
5200042000,42,31,광안시장.광안역,199040301
5200051000,51,52,광안시장.광안역,199040301
5200062000,62,85,광안시장.광안역,199040301
5200131000,131,59,광안시장.광안역,199040301
5200155000,155,48,광안시장.광안역,199040301
5200020000,20,17,광안역,199050101
5200042000,42,79,광안역,199050101
5200049000,49,59,광안역,199050101
5200051000,51,80,광안역,199050101
5200062000,62,7,광안역,199050101
5200131000,131,96,광안역,199050101
5200039000,39,86,광안역,199050102
5200040000,40,110,광안역,199050102
5200155000,155,77,광안역,199050102
5201001000,1001,68,광안역,199050102
5201003000,1003,78,광안역,199050102
5201003F00,1003-F,89,광안역,199050102
5200038000,38,123,광안리입구,199050201
5200042000,42,32,광안리입구,199050201
5200062000,62,86,광안리입구,199050201
5200083000,83,47,광안리입구,199050201
5200083100,83-1,97,광안리입구,199050201
5200108000,108,97,광안리입구,199050201
5200049000,49,55,이화맨션,199060101
5200038000,38,125,동방시장,199070101
5200041000,41,70,동방시장,199070101
5200062000,62,88,동방시장,199070101
5200083000,83,49,동방시장,199070101
5200083100,83-1,99,동방시장,199070101
5200108000,108,99,동방시장,199070101
5200038000,38,126,민락동골목시장,199070102
5200041000,41,71,민락동골목시장,199070102
5200062000,62,89,민락동골목시장,199070102
5200083000,83,50,민락동골목시장,199070102
5200083100,83-1,100,민락동골목시장,199070102
5200108000,108,100,민락동골목시장,199070102
5200038000,38,35,광안농협앞,199070201
5200041000,41,11,광안농협앞,199070201
5200049000,49,56,광안농협앞,199070201
5200062000,62,4,광안농협앞,199070201
5200083000,83,3,광안농협앞,199070201
5200083100,83-1,11,광안농협앞,199070201
5200108000,108,4,광안농협앞,199070201
5200039000,39,46,수영교차로.수영역,199080301
5200040000,40,38,수영교차로.수영역,199080301
5200155000,155,46,수영교차로.수영역,199080301
5201001000,1001,20,수영교차로.수영역,199080301
5201003000,1003,32,수영교차로.수영역,199080301
5201003F00,1003-F,37,수영교차로.수영역,199080301
5200005100,5-1,37,수영교차로.수영역,199080302
5200054000,54,13,수영교차로.수영역,199080302
5200063000,63,33,수영교차로.수영역,199080302
5200141000,141,22,수영교차로.수영역,199080302
5200210000,210,61,수영교차로.수영역,199080302
5200141F00,141-F,23,수영교차로.수영역,199080302
5290903000,해운대구3,16,수영교차로.팔도시장,199080303
5200049000,49,53,민락아파트,199090201
5200049000,49,54,화목아파트,199090202
5200210000,210,52,진로비치아파트,199150201
5200041000,41,4,진로아파트2단지옆,199170201
5200083100,83-1,4,진로아파트2단지옆,199170201
5200210000,210,55,진로아파트2단지옆,199170201
5200041000,41,77,진로아파트2단지옆,199180301
5200083100,83-1,106,진로아파트2단지옆,199180301
5200210000,210,51,진로아파트2단지옆,199180301
5200041000,41,5,민락수변공원,199220101
5200083100,83-1,5,민락수변공원,199220101
5200210000,210,56,민락수변공원,199220101
5200041000,41,76,민락수변공원,199230301
5200083100,83-1,105,민락수변공원,199230301
5200210000,210,50,민락수변공원,199230301
5200041000,41,6,롯데캐슬아파트,199250301
5200083100,83-1,6,롯데캐슬아파트,199250301
5200210000,210,57,롯데캐슬아파트,199250301
5200020000,20,14,금련산청소년수련원,199270101
5200038000,38,119,금련산청소년수련원,199270101
5200039000,39,83,금련산청소년수련원,199270101
5200040000,40,107,금련산청소년수련원,199270101
5200051000,51,77,금련산청소년수련원,199270101
5200083000,83,43,금련산청소년수련원,199270101
5200083100,83-1,93,금련산청소년수련원,199270101
5200108000,108,93,금련산청소년수련원,199270101
5200131000,131,93,금련산청소년수련원,199270101
5200155000,155,74,금련산청소년수련원,199270101
5201003000,1003,77,금련산청소년수련원,199270101
5201003F00,1003-F,87,금련산청소년수련원,199270101
5291202000,수영구2,33,수영구청,199290201
5200041000,41,16,KBS방송국,199290301
5200042000,42,37,KBS방송국,199290301
5200041000,41,67,광일맨션,199300101
5200042000,42,75,광일맨션,199300101
5200041000,41,68,광안리카페거리입구,199300102
5200042000,42,76,광안리카페거리입구,199300102
5290708000,남구8,30,해변시장,199310401
5290708000,남구8,28,삼익유수풀장,199310402
5290708000,남구8,29,노인복지회관,199310403
5200041000,41,65,KBS방송국,199350201
5200042000,42,73,KBS방송국,199350201
5290708000,남구8,22,KBS방송국,199350202
5200038000,38,124,광안리해수욕장,199370101
5200041000,41,69,광안리해수욕장,199370101
5200062000,62,87,광안리해수욕장,199370101
5200083000,83,48,광안리해수욕장,199370101
5200083100,83-1,98,광안리해수욕장,199370101
5200108000,108,98,광안리해수욕장,199370101
5200041000,41,13,광안리카페거리입구,199370301
5200042000,42,34,광안리카페거리입구,199370301
5200041000,41,14,광일맨션,199370302
5200042000,42,35,광일맨션,199370302
5200041000,41,12,광안리해수욕장,199370303
5200042000,42,33,광안리해수욕장,199370303
5200038000,38,36,광안리해수욕장,199370401
5200042000,42,77,광안리해수욕장,199370401
5200049000,49,57,광안리해수욕장,199370401
5200062000,62,5,광안리해수욕장,199370401
5200083000,83,4,광안리해수욕장,199370401
5200083100,83-1,12,광안리해수욕장,199370401
5200108000,108,5,광안리해수욕장,199370401
5200038000,38,37,광안리입구,199370402
5200042000,42,78,광안리입구,199370402
5200049000,49,58,광안리입구,199370402
5200062000,62,6,광안리입구,199370402
5200083000,83,5,광안리입구,199370402
5200083100,83-1,13,광안리입구,199370402
5200108000,108,6,광안리입구,199370402
5290708000,남구8,25,삼익아파트A상가,199380101
5291202000,수영구2,37,삼익아파트A상가,199380101
5291202000,수영구2,36,남천자이.코오롱하늘채,199400101
5291202000,수영구2,40,광남초등학교,199410301
5291202000,수영구2,41,국민건강보험공단부산남부지사,199410302
5200020000,20,15,금련산역,199420101
5200051000,51,78,금련산역,199420101
5200131000,131,94,금련산역,199420101
5200038000,38,121,광안2동우편취급국,199420102
5200039000,39,84,광안2동우편취급국,199420102
5200040000,40,108,광안2동우편취급국,199420102
5200083000,83,45,광안2동우편취급국,199420102
5200083100,83-1,95,광안2동우편취급국,199420102
5200108000,108,95,광안2동우편취급국,199420102
5200155000,155,75,광안2동우편취급국,199420102
5201001000,1001,67,광안2동우편취급국,199420102
5201003F00,1003-F,88,광안2동우편취급국,199420102
5200038000,38,120,금련산역,199420103
5200083000,83,44,금련산역,199420103
5200083100,83-1,94,금련산역,199420103
5200108000,108,94,금련산역,199420103
5200020000,20,16,수영중학교,199420104
5200038000,38,122,수영중학교,199420104
5200039000,39,85,수영중학교,199420104
5200040000,40,109,수영중학교,199420104
5200051000,51,79,수영중학교,199420104
5200083000,83,46,수영중학교,199420104
5200083100,83-1,96,수영중학교,199420104
5200108000,108,96,수영중학교,199420104
5200131000,131,95,수영중학교,199420104
5200155000,155,76,수영중학교,199420104
5291202000,수영구2,44,수영구 스포츠문화타운,199420105
5200020000,20,58,금련산청소년수련원,199420301
5200038000,38,40,금련산청소년수련원,199420301
5200039000,39,51,금련산청소년수련원,199420301
5200040000,40,43,금련산청소년수련원,199420301
5200051000,51,55,금련산청소년수련원,199420301
5200083000,83,8,금련산청소년수련원,199420301
5200083100,83-1,16,금련산청소년수련원,199420301
5200108000,108,9,금련산청소년수련원,199420301
5200131000,131,62,금련산청소년수련원,199420301
5200155000,155,51,금련산청소년수련원,199420301
5201003000,1003,35,금련산청소년수련원,199420301
5201003F00,1003-F,41,금련산청소년수련원,199420301
5200038000,38,127,(구)MBC방송국,199440101
5200041000,41,2,(구)MBC방송국,199440101
5200041000,41,72,(구)MBC방송국,199440101
5200083000,83,51,(구)MBC방송국,199440101
5200083100,83-1,2,(구)MBC방송국,199440101
5200083100,83-1,101,(구)MBC방송국,199440101
5200038000,38,34,민락동골목시장,199440301
5200041000,41,10,민락동골목시장,199440301
5200062000,62,3,민락동골목시장,199440301
5200083000,83,2,민락동골목시장,199440301
5200083100,83-1,10,민락동골목시장,199440301
5200108000,108,3,민락동골목시장,199440301
5200020000,20,60,경성대.부경대역,199480301
5200039000,39,53,경성대.부경대역,199480301
5200040000,40,45,경성대.부경대역,199480301
5200041000,41,18,경성대.부경대역,199480301
5200042000,42,39,경성대.부경대역,199480301
5200051000,51,57,경성대.부경대역,199480301
5200083000,83,10,경성대.부경대역,199480301
5200083100,83-1,18,경성대.부경대역,199480301
5200108000,108,11,경성대.부경대역,199480301
5200131000,131,64,경성대.부경대역,199480301
5200155000,155,53,경성대.부경대역,199480301
5201001000,1001,24,경성대.부경대역,199480301
5201003000,1003,36,경성대.부경대역,199480301
5201003F00,1003-F,43,경성대.부경대역,199480301
5290701000,남구1,15,대연힐스테이트푸르지오정문,199480302
5200038000,38,117,대남교차로,199490101
5200583000,583,47,대남교차로,199490101
5200038000,38,42,동원보라아파트,199490201
5200583000,583,13,동원보라아파트,199490201
5200041000,41,66,수영구청,199500101
5200042000,42,74,수영구청,199500101
5200041000,41,15,수영구청,199500301
5200042000,42,36,수영구청,199500301
5291202000,수영구2,39,삼익비치303동,199520101
5291202000,수영구2,38,삼익비치308동,199520102
5200210000,210,54,진로아파트2단지 정문,199550301
5200041000,41,78,민락동차고지,199620301
5200083000,83,52,민락동차고지,199620301
5200083100,83-1,107,민락동차고지,199620301
5200041000,41,1,민락동차고지,199660201
5200083000,83,1,민락동차고지,199660201
5200083100,83-1,1,민락동차고지,199660201
5200054000,54,110,원정빌라,199670201
5291202000,수영구2,68,코스트코홀세일,199690201
5200054000,54,109,고려제강,199720201
5291202000,수영구2,67,산정아파트,199720202
5200583000,583,11,상수도남부사업소,199750301
5200583000,583,12,남천해변시장,199750302
5290708000,남구8,20,해변시장입구,199750303
5200020000,20,13,남천역,199790101
5200038000,38,118,남천역,199790101
5200039000,39,82,남천역,199790101
5200040000,40,106,남천역,199790101
5200041000,41,64,남천역,199790101
5200042000,42,72,남천역,199790101
5200051000,51,76,남천역,199790101
5200083000,83,42,남천역,199790101
5200083100,83-1,92,남천역,199790101
5200108000,108,92,남천역,199790101
5200131000,131,92,남천역,199790101
5200155000,155,73,남천역,199790101
5201001000,1001,66,남천역,199790101
5201003F00,1003-F,86,남천역,199790101
5290708000,남구8,21,남천역,199790103
5200020000,20,59,대남교차로.남천역,199790301
5200038000,38,41,대남교차로.남천역,199790301
5200039000,39,52,대남교차로.남천역,199790301
5200040000,40,44,대남교차로.남천역,199790301
5200041000,41,17,대남교차로.남천역,199790301
5200042000,42,38,대남교차로.남천역,199790301
5200051000,51,56,대남교차로.남천역,199790301
5200083000,83,9,대남교차로.남천역,199790301
5200083100,83-1,17,대남교차로.남천역,199790301
5200108000,108,10,대남교차로.남천역,199790301
5200131000,131,63,대남교차로.남천역,199790301
5200155000,155,52,대남교차로.남천역,199790301
5201001000,1001,23,대남교차로.남천역,199790301
5201003F00,1003-F,42,대남교차로.남천역,199790301
5291202000,수영구2,32,정원센텀뷰남천,199830301
5291202000,수영구2,42,금련산청소년수련원,199830401
5291202000,수영구2,31,좋은강안병원 건강검진센터,199870201
5200020000,20,56,수영중학교,199880201
5200038000,38,38,수영중학교,199880201
5200039000,39,49,수영중학교,199880201
5200040000,40,41,수영중학교,199880201
5200051000,51,53,수영중학교,199880201
5200083000,83,6,수영중학교,199880201
5200083100,83-1,14,수영중학교,199880201
5200108000,108,7,수영중학교,199880201
5200131000,131,60,수영중학교,199880201
5200155000,155,49,수영중학교,199880201
5200038000,38,39,금련산역,199880202
5200040000,40,42,금련산역,199880202
5201001000,1001,22,금련산역,199880202
5201003F00,1003-F,40,금련산역,199880202
5200020000,20,57,금련산역,199880203
5200039000,39,50,금련산역,199880203
5200051000,51,54,금련산역,199880203
5200083000,83,7,금련산역,199880203
5200083100,83-1,15,금련산역,199880203
5200108000,108,8,금련산역,199880203
5200131000,131,61,금련산역,199880203
5200155000,155,50,금련산역,199880203
5291202000,수영구2,28,광안역,199880204
5291202000,수영구2,47,수영중학교,199890301
5291202000,수영구2,27,수영중학교,199930301
5291202000,수영구2,48,광안에일린의뜰아파트,199960401
5291202000,수영구2,26,광안에일린의뜰아파트,199980301
5291202000,수영구2,49,동아중학교,199980401
5291202000,수영구2,50,장대골성지,200000301
5291202000,수영구2,25,동아중학교,200000401
5291202000,수영구2,51,광안어린이집,200040101
5291202000,수영구2,24,장대골성지,200040301
5291202000,수영구2,52,광원아파트,200050101
5291202000,수영구2,23,광안어린이집,200050201
5291202000,수영구2,53,비치그린아파트,200060101
5291202000,수영구2,22,광원아파트,200060201
5291202000,수영구2,21,비치그린아파트,200080301
5291202000,수영구2,54,상아아파트,200100101
5291202000,수영구2,20,상아아파트,200110201
5291202000,수영구2,55,강남사우나,200140301
5291202000,수영구2,56,사랑공원어린이놀이터,200170301
5291202000,수영구2,19,강남사우나,200170401
5291202000,수영구2,57,수영초등학교,200200301
5291202000,수영구2,18,사랑공원어린이놀이터,200200401
5291202000,수영구2,58,센텀종합병원,200230101
5291202000,수영구2,16,센텀종합병원,200240201
5291202000,수영구2,17,수영초등학교,200240202
5291202000,수영구2,59,청송카센터,200260201
5290903000,해운대구3,18,수영중앙새마을금고,200260301
5291202000,수영구2,60,영광교회,200290301
5291202000,수영구2,61,망미역,200330301
5291202000,수영구2,11,KT수영지점,200390101
5291202000,수영구2,12,해운아파트,200410101
5291202000,수영구2,13,브라운도트호텔,200460101
5291202000,수영구2,14,팔도시장입구,200490101
5291202000,수영구2,15,수영교차로.수영역,200510201
5200005100,5-1,109,수영교차로.수영역,200520101
5200039000,39,88,수영교차로.수영역,200520101
5200040000,40,112,수영교차로.수영역,200520101
5200049000,49,52,수영교차로.수영역,200520101
5200054000,54,104,수영교차로.수영역,200520101
5200063000,63,97,수영교차로.수영역,200520101
5200141000,141,79,수영교차로.수영역,200520101
5200155000,155,79,수영교차로.수영역,200520101
5200210000,210,45,수영교차로.수영역,200520101
5201001000,1001,69,수영교차로.수영역,200520101
5201003000,1003,80,수영교차로.수영역,200520101
5200141F00,141-F,67,수영교차로.수영역,200520101
5201003F00,1003-F,91,수영교차로.수영역,200520101
5290903000,해운대구3,19,수영교차로.팔도시장,200520102
5291306000,연제구6,13,망미중정문,200540401
5291307000,연제구7,17,산호맨션,200550201
5291306000,연제구6,11,산호맨션,200560101
5200005100,5-1,43,배산역.만화도서관,200570301
5200020000,20,24,배산역.만화도서관,200570301
5200051000,51,87,배산역.만화도서관,200570301
5200057000,57,36,배산역.만화도서관,200570301
5200062000,62,14,배산역.만화도서관,200570301
5200063000,63,39,배산역.만화도서관,200570301
5200131000,131,103,배산역.만화도서관,200570301
5200141000,141,28,배산역.만화도서관,200570301
5200141F00,141-F,29,배산역.만화도서관,200570301
5291307000,연제구7,18,배산역,200570302
5291306000,연제구6,8,섬강빌라,200600301
5291306000,연제구6,40,조은원룸,200610201
5291306000,연제구6,7,조은원룸,200620101
5291306000,연제구6,41,해연여자고등학교,200630201
5291306000,연제구6,45,흰돌실버타운,200640101
5291306000,연제구6,4,부산종합사회복지관,200640201
5291306000,연제구6,5,현대아파트,200640202
5291306000,연제구6,3,흰돌실버타운,200650201
5291306000,연제구6,46,화광빌,200670101
5291306000,연제구6,1,망미삼성아파트,200720101
5291307000,연제구7,38,함박어린이집,200790101
5291306000,연제구6,12,파라다이스빌라,200810201
5291307000,연제구7,16,파라다이스빌라,200810201
5291307000,연제구7,15,양지중앙교회,200830201
5291307000,연제구7,13,망미제일교회,200870201
5291307000,연제구7,40,아신빌라,200890301
5291307000,연제구7,14,수영SK뷰아파트,200950301
5291307000,연제구7,12,세탁소,200960101
5291307000,연제구7,41,망미오양아파트,200970201
5291307000,연제구7,10,망미오양아파트,200980101
5291307000,연제구7,42,남일고,200990301
5291307000,연제구7,43,로얄아파트상가,200990302
5291307000,연제구7,44,로얄아파트101동,200990303
5291306000,연제구6,2,화광빌,201040201
5291306000,연제구6,47,수협,201050101
5200038000,38,128,민락교,201090101
5200041000,41,3,민락교,201090101
5200041000,41,73,민락교,201090101
5200083100,83-1,3,민락교,201090101
5200083100,83-1,102,민락교,201090101
5200062000,62,90,기점,201090202
5200108000,108,101,기점,201090202
5200038000,38,33,(구)MBC방송국,201090301
5200041000,41,9,(구)MBC방송국,201090301
5200062000,62,2,(구)MBC방송국,201090301
5200083100,83-1,9,(구)MBC방송국,201090301
5200108000,108,2,(구)MBC방송국,201090301
5200062000,62,1,기점,201100101
5200108000,108,1,기점,201100101
5200033100,33-1,59,모라119안전센터,201200101
5200169000,169,40,모라119안전센터,201200101
5200169100,169-1,80,모라119안전센터,201200101
5201004000,1004,76,모라119안전센터,201200101
5201004F00,1004-F,124,모라119안전센터,201200101
5291419000,강서구19,28,모라119안전센터,201200102
5200031000,31,74,홈플러스,201210101
5200148000,148,54,홈플러스,201210101
5200338000,338,60,홈플러스,201210101
5200031000,31,75,모라주공1단지,201210102
5200148000,148,55,모라주공1단지,201210102
5200338000,338,61,모라주공1단지,201210102
5291419000,강서구19,16,모라주공1단지,201210103
5291507000,사상구7,18,모라주공1단지,201210103
5291419000,강서구19,15,홈플러스모라점,201210104
5291507000,사상구7,17,홈플러스모라점,201210104
5291501100,사상구1-1,31,동원아파트,201210401
5291507000,사상구7,26,모라1동행정복지센터,201210501
5200015000,15,90,모라1동행정복지센터,201210701
5200123000,123,100,모라1동행정복지센터,201210701
5200133100,133-1,34,모라1동행정복지센터,201210701
5200148000,148,63,모라1동행정복지센터,201210701
5201004F00,1004-F,34,모라1동행정복지센터,201210701
5200033100,33-1,57,모라농협,201210801
5200169000,169,38,모라농협,201210801
5200169100,169-1,78,모라농협,201210801
5201004000,1004,75,모라농협,201210801
5201004F00,1004-F,122,모라농협,201210801
5200033100,33-1,58,모라우성아파트,201210802
5200169000,169,39,모라우성아파트,201210802
5200169100,169-1,79,모라우성아파트,201210802
5201004F00,1004-F,123,모라우성아파트,201210802
5291419000,강서구19,26,모라농협,201210803
5291501100,사상구1-1,21,모라농협,201210803
5291419000,강서구19,27,모라우성아파트,201210804
5291501100,사상구1-1,22,모라우성아파트,201210804
5200015000,15,35,덕포초.부산도서관,201220201
5200031000,31,87,덕포초.부산도서관,201220201
5200062000,62,48,덕포초.부산도서관,201220201
5200123000,123,40,덕포초.부산도서관,201220201
5200169000,169,89,덕포초.부산도서관,201220201
5200338000,338,73,덕포초.부산도서관,201220201
5291501100,사상구1-1,43,덕포초.부산도서관,201220203
5200033000,33,35,덕포역.덕포2동행정복지센터,201230101
5200059000,59,107,덕포역.덕포2동행정복지센터,201230101
5200110000,110,15,덕포역.덕포2동행정복지센터,201230101
5200160000,160,80,덕포역.덕포2동행정복지센터,201230101
5201004F00,1004-F,116,덕포역.덕포2동행정복지센터,201230101
5200033000,33,36,북부면허시험장,201230102
5200059000,59,108,북부면허시험장,201230102
5200110000,110,16,북부면허시험장,201230102
5200160000,160,81,북부면허시험장,201230102
5201004F00,1004-F,117,북부면허시험장,201230102
5200033000,33,37,청소년지원센터.모덕역,201230103
5200059000,59,109,청소년지원센터.모덕역,201230103
5200110000,110,17,청소년지원센터.모덕역,201230103
5200160000,160,82,청소년지원센터.모덕역,201230103
5201004F00,1004-F,118,청소년지원센터.모덕역,201230103
5200015000,15,84,덕포초.부산도서관,201230201
5200031000,31,69,덕포초.부산도서관,201230201
5200062000,62,42,덕포초.부산도서관,201230201
5200123000,123,94,덕포초.부산도서관,201230201
5200169000,169,32,덕포초.부산도서관,201230201
5200338000,338,55,덕포초.부산도서관,201230201
5291501100,사상구1-1,8,덕포초.부산도서관,201230202
5200015000,15,36,덕포시장,201230302
5200031000,31,88,덕포시장,201230302
5200033000,33,81,덕포시장,201230302
5200059000,59,26,덕포시장,201230302
5200062000,62,49,덕포시장,201230302
5200110000,110,88,덕포시장,201230302
5200123000,123,41,덕포시장,201230302
5200160000,160,23,덕포시장,201230302
5200169000,169,90,덕포시장,201230302
5200338000,338,74,덕포시장,201230302
5201004F00,1004-F,40,덕포시장,201230302
5291501100,사상구1-1,45,덕포시장,201230303
5291501100,사상구1-1,44,덕포역,201230304
5200033000,33,38,부산은행모라동지점,201240101
5200059000,59,110,부산은행모라동지점,201240101
5200110000,110,18,부산은행모라동지점,201240101
5200160000,160,83,부산은행모라동지점,201240101
5201004F00,1004-F,119,부산은행모라동지점,201240101
5200033000,33,79,북부면허시험장,201240301
5200059000,59,24,북부면허시험장,201240301
5200110000,110,86,북부면허시험장,201240301
5200160000,160,21,북부면허시험장,201240301
5201004F00,1004-F,38,북부면허시험장,201240301
5200033000,33,80,덕포역.덕포2동행정복지센터,201240302
5200059000,59,25,덕포역.덕포2동행정복지센터,201240302
5200110000,110,87,덕포역.덕포2동행정복지센터,201240302
5200160000,160,22,덕포역.덕포2동행정복지센터,201240302
5201004F00,1004-F,39,덕포역.덕포2동행정복지센터,201240302
5200015000,15,30,신모라입구,201250301
5200123000,123,35,신모라입구,201250301
5200133000,133,29,신모라입구,201250301
5200148000,148,53,신모라입구,201250301
5201004000,1004,29,신모라입구,201250301
5201004F00,1004-F,121,신모라입구,201250301
5291419000,강서구19,14,모라1동행정복지센터,201250302
5291507000,사상구7,16,모라1동행정복지센터,201250302
5200015000,15,91,모라동새마을금고앞,201250601
5200123000,123,101,모라동새마을금고앞,201250601
5200133100,133-1,35,모라동새마을금고앞,201250601
5200148000,148,64,모라동새마을금고앞,201250601
5291507000,사상구7,27,모라역,201250602
5291419000,강서구19,17,모라주공34단지,201260102
5200015000,15,93,북부자동차학원,201270101
5200033000,33,41,북부자동차학원,201270101
5200059000,59,113,북부자동차학원,201270101
5200110000,110,21,북부자동차학원,201270101
5200123000,123,103,북부자동차학원,201270101
5200133100,133-1,37,북부자동차학원,201270101
5200148000,148,66,북부자동차학원,201270101
5200160000,160,86,북부자동차학원,201270101
5200015000,15,28,모라역,201270201
5200033000,33,75,모라역,201270201
5200059000,59,20,모라역,201270201
5200110000,110,82,모라역,201270201
5200123000,123,33,모라역,201270201
5200133000,133,27,모라역,201270201
5200148000,148,51,모라역,201270201
5200160000,160,17,모라역,201270201
5200031000,31,76,모라주공3.4단지,201320101
5200148000,148,56,모라주공3.4단지,201320101
5200338000,338,62,모라주공3.4단지,201320101
5200031000,31,80,모라주공3.4단지,201320201
5200148000,148,60,모라주공3.4단지,201320201
5200338000,338,66,모라주공3.4단지,201320201
5201004000,1004,74,모라주공3.4단지,201320201
5291507000,사상구7,33,농심부산공장,201340301
5291507000,사상구7,32,보성정비,201340302
5291507000,사상구7,31,부산벤처타워,201340303
5291507000,사상구7,29,국제식품,201340401
5200015000,15,92,모라역,201350101
5200033000,33,40,모라역,201350101
5200059000,59,112,모라역,201350101
5200110000,110,20,모라역,201350101
5200123000,123,102,모라역,201350101
5200133100,133-1,36,모라역,201350101
5200148000,148,65,모라역,201350101
5200160000,160,85,모라역,201350101
5200015000,15,29,모라동새마을금고앞,201350201
5200123000,123,34,모라동새마을금고앞,201350201
5200133000,133,28,모라동새마을금고앞,201350201
5200148000,148,52,모라동새마을금고앞,201350201
5200033000,33,76,모라전통시장,201350301
5200059000,59,21,모라전통시장,201350301
5200110000,110,83,모라전통시장,201350301
5200160000,160,18,모라전통시장,201350301
5201004F00,1004-F,35,모라전통시장,201350301
5291507000,사상구7,28,모라초등학교,201350401
5200033000,33,39,모라전통시장,201360101
5200059000,59,111,모라전통시장,201360101
5200110000,110,19,모라전통시장,201360101
5200160000,160,84,모라전통시장,201360101
5201004F00,1004-F,120,모라전통시장,201360101
5200033000,33,77,부산은행모라동지점,201380201
5200059000,59,22,부산은행모라동지점,201380201
5200110000,110,84,부산은행모라동지점,201380201
5200160000,160,19,부산은행모라동지점,201380201
5201004F00,1004-F,36,부산은행모라동지점,201380201
5200033000,33,78,청소년지원센터.모덕역,201380202
5200059000,59,23,청소년지원센터.모덕역,201380202
5200110000,110,85,청소년지원센터.모덕역,201380202
5200160000,160,20,청소년지원센터.모덕역,201380202
5201004F00,1004-F,37,청소년지원센터.모덕역,201380202
5291507000,사상구7,23,모라3동행정복지센터,201390201
5291507000,사상구7,19,모라3동행정복지센터,201400201
5291507000,사상구7,20,모라종합사회복지관,201400202
5200031000,31,81,모라주공1단지,201400301
5200148000,148,61,모라주공1단지,201400301
5200338000,338,67,모라주공1단지,201400301
5200031000,31,82,홈플러스,201400302
5200148000,148,62,홈플러스,201400302
5200338000,338,68,홈플러스,201400302
5291419000,강서구19,24,모라주공1단지,201400303
5291507000,사상구7,24,모라주공1단지,201400303
5291419000,강서구19,25,홈플러스모라점,201400304
5291507000,사상구7,25,홈플러스모라점,201400304
5200015000,15,86,부산북부고용노동지청,201410101
5200031000,31,71,부산북부고용노동지청,201410101
5200033100,33-1,53,부산북부고용노동지청,201410101
5200123000,123,96,부산북부고용노동지청,201410101
5200133100,133-1,30,부산북부고용노동지청,201410101
5200169000,169,34,부산북부고용노동지청,201410101
5200169100,169-1,74,부산북부고용노동지청,201410101
5200338000,338,57,부산북부고용노동지청,201410101
5200015000,15,87,자유아파트,201410102
5200031000,31,72,자유아파트,201410102
5200033100,33-1,54,자유아파트,201410102
5200123000,123,97,자유아파트,201410102
5200133100,133-1,31,자유아파트,201410102
5200169000,169,35,자유아파트,201410102
5200169100,169-1,75,자유아파트,201410102
5200338000,338,58,자유아파트,201410102
5200015000,15,34,부산항공고등학교,201410301
5200031000,31,86,부산항공고등학교,201410301
5200033100,33-1,46,부산항공고등학교,201410301
5200123000,123,39,부산항공고등학교,201410301
5200133000,133,33,부산항공고등학교,201410301
5200169000,169,88,부산항공고등학교,201410301
5200169100,169-1,24,부산항공고등학교,201410301
5200338000,338,72,부산항공고등학교,201410301
5200015000,15,33,부산북부고용노동지청,201410302
5200031000,31,85,부산북부고용노동지청,201410302
5200033100,33-1,45,부산북부고용노동지청,201410302
5200123000,123,38,부산북부고용노동지청,201410302
5200133000,133,32,부산북부고용노동지청,201410302
5200169000,169,87,부산북부고용노동지청,201410302
5200169100,169-1,23,부산북부고용노동지청,201410302
5200338000,338,71,부산북부고용노동지청,201410302
5200015000,15,85,부산항공고등학교,201420101
5200031000,31,70,부산항공고등학교,201420101
5200033100,33-1,52,부산항공고등학교,201420101
5200123000,123,95,부산항공고등학교,201420101
5200133100,133-1,29,부산항공고등학교,201420101
5200169000,169,33,부산항공고등학교,201420101
5200169100,169-1,73,부산항공고등학교,201420101
5200338000,338,56,부산항공고등학교,201420101
5200033100,33-1,47,남영아파트,201420301
5200062000,62,43,남영아파트,201420301
5200133000,133,34,남영아파트,201420301
5200169100,169-1,25,남영아파트,201420301
5291501100,사상구1-1,9,남영아파트,201420302
5291501100,사상구1-1,33,자유아파트,201430101
5291501100,사상구1-1,20,우신모라아파트,201440101
5291501100,사상구1-1,32,사상구청소년센터,201440201
5200015000,15,31,동원아파트,201440301
5200031000,31,83,동원아파트,201440301
5200033100,33-1,43,동원아파트,201440301
5200123000,123,36,동원아파트,201440301
5200133000,133,30,동원아파트,201440301
5200169000,169,85,동원아파트,201440301
5200169100,169-1,21,동원아파트,201440301
5200338000,338,69,동원아파트,201440301
5200015000,15,88,동원아파트,201450101
5200031000,31,73,동원아파트,201450101
5200033100,33-1,55,동원아파트,201450101
5200123000,123,98,동원아파트,201450101
5200133100,133-1,32,동원아파트,201450101
5200169000,169,36,동원아파트,201450101
5200169100,169-1,76,동원아파트,201450101
5200338000,338,59,동원아파트,201450101
5200015000,15,32,자유아파트,201460301
5200031000,31,84,자유아파트,201460301
5200033100,33-1,44,자유아파트,201460301
5200123000,123,37,자유아파트,201460301
5200133000,133,31,자유아파트,201460301
5200169000,169,86,자유아파트,201460301
5200169100,169-1,22,자유아파트,201460301
5200338000,338,70,자유아파트,201460301
5291507000,사상구7,34,선일정공,201470301
5291507000,사상구7,35,부산조리고등학교,201470302
5200126000,126,108,서부주유소,201490101
5200126000,126,109,(주)대정.성지,201490102
5200126000,126,32,삼락동행정복지센터,201490301
5291507000,사상구7,36,구)부산솔빛학교,201510401
5291502100,사상구2-1,20,농협주례동지점,201530102
5291502200,사상구2-2,24,농협주례동지점,201530102
5291503000,사상구3,17,럭키아파트.주례역,201530103
5291503100,사상구3-1,16,럭키아파트.주례역,201530103
5200068000,68,35,주례사거리,201530201
5200128100,128-1,65,주례사거리,201530201
5200168000,168,68,주례사거리,201530201
5290510100,부산진구10-1,12,주례사거리,201530202
5291503000,사상구3,7,주례사거리,201530202
5291503100,사상구3-1,7,주례사거리,201530202
5291505200,사상구5-2,23,주례사거리,201530202
5200059000,59,98,사상전화국,201530302
5200077000,77,93,사상전화국,201530302
5200108000,108,36,사상전화국,201530302
5200138000,138,106,사상전화국,201530302
5291502100,사상구2-1,18,주례교차로,201530304
5291502200,사상구2-2,23,주례교차로,201530304
5200031000,31,61,주례우체국,201530402
5200033000,33,27,주례우체국,201530402
5200061000,61,119,주례우체국,201530402
5200062000,62,34,주례우체국,201530402
5200138100,138-1,118,주례우체국,201530402
5200160000,160,72,주례우체국,201530402
5200169000,169,24,주례우체국,201530402
5200186000,186,65,주례우체국,201530402
5201004F00,1004-F,108,주례우체국,201530402
5200031000,31,62,온골마을입구,201530403
5200033000,33,28,온골마을입구,201530403
5200061000,61,120,온골마을입구,201530403
5200062000,62,35,온골마을입구,201530403
5200138100,138-1,119,온골마을입구,201530403
5200160000,160,73,온골마을입구,201530403
5200169000,169,25,온골마을입구,201530403
5200186000,186,66,온골마을입구,201530403
5201004F00,1004-F,109,온골마을입구,201530403
5291502100,사상구2-1,17,주례역6번출구,201540302
5291502200,사상구2-2,22,주례역6번출구,201540302
5291502000,사상구2,1,주례럭키아파트.주례역,201550102
5291502000,사상구2,29,주례역,201550103
5291502100,사상구2-1,1,주례역,201550103
5291502200,사상구2-2,1,주례역,201550103
5291502200,사상구2-2,25,주례역,201550103
5291503000,사상구3,18,주례역,201550103
5291503100,사상구3-1,17,주례역,201550103
5291505200,사상구5-2,2,주례역,201550103
5291505100,사상구5-1,11,좋은삼선병원,201560102
5291505200,사상구5-2,3,좋은삼선병원,201560102
5291506000,사상구6,1,좋은삼선병원,201560102
5291502100,사상구2-1,3,주례역2번출구,201560304
5291502200,사상구2-2,3,주례역2번출구,201560304
5291502000,사상구2,27,주례아파트,201570401
5291503000,사상구3,5,주례아파트,201570401
5291503100,사상구3-1,5,주례아파트,201570401
5200129100,129-1,72,신주례엘지아파트,201580101
5200133000,133,43,신주례엘지아파트,201580101
5200169100,169-1,34,신주례엘지아파트,201580101
5290509000,부산진구9,16,신주례LG아파트,201580102
5200129100,129-1,53,반도보라아파트,201580201
5200133100,133-1,21,반도보라아파트,201580201
5200169100,169-1,65,반도보라아파트,201580201
5291502200,사상구2-2,15,반도보라아파트,201580202
5290509000,부산진구9,12,신주례LG1차아파트상가,201580301
5291502200,사상구2-2,12,신주례LG1차아파트상가,201580301
5290509000,부산진구9,14,신주례LG2차아파트,201590101
5291502200,사상구2-2,14,신주례LG2차아파트,201590101
5290509000,부산진구9,13,주례한효아파트,201590102
5291502200,사상구2-2,13,주례한효아파트,201590102
5200128100,128-1,60,부산솔빛학교.능인사,201600101
5200129100,129-1,65,부산솔빛학교.능인사,201600101
5200133000,133,36,부산솔빛학교.능인사,201600101
5200169100,169-1,27,부산솔빛학교.능인사,201600101
5200128100,128-1,61,사상근린공원,201600102
5200129100,129-1,66,사상근린공원,201600102
5200133000,133,37,사상근린공원,201600102
5200169100,169-1,28,사상근린공원,201600102
5200128100,128-1,62,사상종합복지관,201600103
5200129100,129-1,67,사상종합복지관,201600103
5200133000,133,38,사상종합복지관,201600103
5200169100,169-1,29,사상종합복지관,201600103
5200128100,128-1,63,백양마을,201600104
5200129100,129-1,68,백양마을,201600104
5200133000,133,39,백양마을,201600104
5200169100,169-1,30,백양마을,201600104
5200128100,128-1,55,신라대학교입구,201600301
5200129100,129-1,60,신라대학교입구,201600301
5200033100,33-1,51,신라대학교입구,201610101
5200062000,62,47,신라대학교입구,201610101
5200133100,133-1,28,신라대학교입구,201610101
5200169100,169-1,72,신라대학교입구,201610101
5200128100,128-1,59,신라대학교입구,201610301
5200129100,129-1,64,신라대학교입구,201610301
5200133000,133,35,신라대학교입구,201610301
5200169100,169-1,26,신라대학교입구,201610301
5200008000,8,45,코레일사상역,201620101
5200061000,61,7,코레일사상역,201620101
5200061000,61,124,코레일사상역,201620101
5200161000,161,59,코레일사상역,201620101
5200186000,186,71,코레일사상역,201620101
5203005000,3005,39,코레일사상역,201620101
5200031000,31,92,삼대한의원,201620201
5200033000,33,85,삼대한의원,201620201
5200061000,61,10,삼대한의원,201620201
5200062000,62,53,삼대한의원,201620201
5200138100,138-1,38,삼대한의원,201620201
5200160000,160,27,삼대한의원,201620201
5200161000,161,62,삼대한의원,201620201
5200169000,169,94,삼대한의원,201620201
5200186000,186,74,삼대한의원,201620201
5201004F00,1004-F,44,삼대한의원,201620201
5200031000,31,91,사상우체국,201620202
5200033000,33,84,사상우체국,201620202
5200061000,61,9,사상우체국,201620202
5200062000,62,52,사상우체국,201620202
5200138100,138-1,37,사상우체국,201620202
5200160000,160,26,사상우체국,201620202
5200161000,161,61,사상우체국,201620202
5200169000,169,93,사상우체국,201620202
5200186000,186,73,사상우체국,201620202
5201004F00,1004-F,43,사상우체국,201620202
5200008000,8,47,신한은행,201620301
5200015000,15,39,신한은행,201620301
5200059000,59,29,신한은행,201620301
5200061000,61,126,신한은행,201620301
5200077000,77,102,신한은행,201620301
5200110000,110,93,신한은행,201620301
5200123000,123,44,신한은행,201620301
5200338000,338,77,신한은행,201620301
5200008000,8,48,감전교회,201620302
5200015000,15,40,감전교회,201620302
5200059000,59,30,감전교회,201620302
5200061000,61,127,감전교회,201620302
5200110000,110,94,감전교회,201620302
5200123000,123,45,감전교회,201620302
5200338000,338,78,감전교회,201620302
5203003000,3003,27,감전교회,201620302
5200077000,77,99,서부시외버스터미널.사상역,201620401
5203003000,3003,20,서부시외버스터미널.사상역,201620401
5200033000,33,32,서부시외버스터미널.사상역,201620501
5200059000,59,104,서부시외버스터미널.사상역,201620501
5200110000,110,12,서부시외버스터미널.사상역,201620501
5200160000,160,77,서부시외버스터미널.사상역,201620501
5200015000,15,81,서부시외버스터미널.사상역,201620502
5200031000,31,66,서부시외버스터미널.사상역,201620502
5200062000,62,39,서부시외버스터미널.사상역,201620502
5200123000,123,91,서부시외버스터미널.사상역,201620502
5200169000,169,29,서부시외버스터미널.사상역,201620502
5200338000,338,52,서부시외버스터미널.사상역,201620502
5201004F00,1004-F,113,서부시외버스터미널.사상역,201620502
5291501100,사상구1-1,4,서부시외버스터미널.사상역,201620503
5200008000,8,46,서부시외버스터미널.사상역,201630101
5200061000,61,8,서부시외버스터미널.사상역,201630101
5200061000,61,125,서부시외버스터미널.사상역,201630101
5200138100,138-1,123,서부시외버스터미널.사상역,201630101
5200161000,161,60,서부시외버스터미널.사상역,201630101
5200186000,186,72,서부시외버스터미널.사상역,201630101
5291501100,사상구1-1,3,코레일사상역,201630103
5200067000,67,59,학장교,201640101
5200068000,68,66,학장교,201640101
5200108000,108,63,학장교,201640101
5200123000,123,83,학장교,201640101
5200128100,128-1,45,학장교,201640101
5200067000,67,37,학장중학교,201640301
5200068000,68,40,학장중학교,201640301
5200108000,108,41,학장중학교,201640301
5200123000,123,52,학장중학교,201640301
5200128100,128-1,70,학장중학교,201640301
5200067000,67,38,반도보라아파트,201640302
5200068000,68,41,반도보라아파트,201640302
5200108000,108,42,반도보라아파트,201640302
5200123000,123,53,반도보라아파트,201640302
5200128100,128-1,71,반도보라아파트,201640302
5200067000,67,39,엄궁중학교,201640303
5200068000,68,42,엄궁중학교,201640303
5200108000,108,43,엄궁중학교,201640303
5200123000,123,54,엄궁중학교,201640303
5200128100,128-1,72,엄궁중학교,201640303
5200008000,8,55,여성문화회관,201650101
5200015000,15,47,여성문화회관,201650101
5200067000,67,61,여성문화회관,201650101
5200161000,161,67,여성문화회관,201650101
5200168000,168,71,여성문화회관,201650101
5203003000,3003,30,여성문화회관,201650101
5200008000,8,56,구덕고교,201650103
5200015000,15,48,구덕고교,201650103
5200067000,67,62,구덕고교,201650103
5200161000,161,68,구덕고교,201650103
5200168000,168,72,구덕고교,201650103
5290510100,부산진구10-1,16,구덕고등학교,201650104
5290510100,부산진구10-1,15,여성문화회관,201650105
5200138000,138,28,낙동대교입구,201680101
5200138000,138,109,낙동대교입구,201690101
5200138000,138,29,주물공단입구,201690201
5200126000,126,104,괘법르네시떼역.르네시떼,201700101
5200138100,138-1,30,괘법르네시떼역.르네시떼,201710101
5200138000,138,108,주물공단입구,201720401
5200008000,8,40,대풍주유소,201730101
5200015000,15,77,대풍주유소,201730101
5200059000,59,100,대풍주유소,201730101
5200061000,61,3,대풍주유소,201730101
5200077000,77,5,대풍주유소,201730101
5200110000,110,4,대풍주유소,201730101
5200123000,123,87,대풍주유소,201730101
5200338000,338,48,대풍주유소,201730101
5200008000,8,41,새벽시장,201730102
5200015000,15,78,새벽시장,201730102
5200059000,59,101,새벽시장,201730102
5200061000,61,4,새벽시장,201730102
5200077000,77,6,새벽시장,201730102
5200110000,110,5,새벽시장,201730102
5200123000,123,88,새벽시장,201730102
5200338000,338,49,새벽시장,201730102
5203003000,3003,18,새벽시장,201730102
5200008000,8,51,대풍주유소,201730301
5200015000,15,43,대풍주유소,201730301
5200059000,59,33,대풍주유소,201730301
5200061000,61,130,대풍주유소,201730301
5200077000,77,109,대풍주유소,201730301
5200110000,110,97,대풍주유소,201730301
5200123000,123,48,대풍주유소,201730301
5200338000,338,81,대풍주유소,201730301
5200123000,123,86,명성레이저,201740101
5200126000,126,36,부산낙동강정원,201750301
5200138100,138-1,125,부산낙동강정원,201750301
5200126000,126,103,부산낙동강정원,201770101
5200138100,138-1,28,부산낙동강정원,201770101
5200126000,126,37,부산전문장례식장,201770301
5200138100,138-1,126,부산전문장례식장,201770301
5200126000,126,101,감전동,201790101
5200138000,138,27,감전동,201790101
5200138100,138-1,26,감전동,201790101
5200126000,126,39,감전교차로,201800301
5200138000,138,111,감전교차로,201800301
5200138100,138-1,128,감전교차로,201800301
5200126000,126,100,감전교차로,201860301
5200138000,138,26,감전교차로,201860301
5200138100,138-1,25,감전교차로,201860301
5200126000,126,40,부산은행사상공단지점,201890201
5200138000,138,112,부산은행사상공단지점,201890201
5200138100,138-1,129,부산은행사상공단지점,201890201
5200126000,126,99,부산은행사상공단지점,201890401
5200138000,138,25,부산은행사상공단지점,201890401
5200138100,138-1,24,부산은행사상공단지점,201890401
5200126000,126,41,엄궁정비,201910101
5200138000,138,113,엄궁정비,201910101
5200138100,138-1,130,엄궁정비,201910101
5200126000,126,42,중고차매매시장,201910102
5200138000,138,114,중고차매매시장,201910102
5200138100,138-1,131,중고차매매시장,201910102
5200067000,67,41,엄궁아파트,201920101
5200108000,108,45,엄궁아파트,201920101
5200123000,123,56,엄궁아파트,201920101
5200126000,126,97,엄궁삼거리,201930101
5200138000,138,23,엄궁삼거리,201930101
5200138100,138-1,22,엄궁삼거리,201930101
5200338000,338,43,엄궁삼거리,201930101
5200067000,67,54,엄궁사거리,201930201
5200068000,68,61,엄궁사거리,201930201
5200108000,108,58,엄궁사거리,201930201
5200123000,123,78,엄궁사거리,201930201
5200128100,128-1,40,엄궁사거리,201930201
5200067000,67,55,엄궁럭키아파트,201930202
5200068000,68,62,엄궁럭키아파트,201930202
5200108000,108,59,엄궁럭키아파트,201930202
5200123000,123,79,엄궁럭키아파트,201930202
5200128100,128-1,41,엄궁럭키아파트,201930202
5200068000,68,44,엄궁삼거리,201930401
5200126000,126,43,엄궁삼거리,201930401
5200128100,128-1,74,엄궁삼거리,201930401
5200138000,138,115,엄궁삼거리,201930401
5200138100,138-1,132,엄궁삼거리,201930401
5200338000,338,86,엄궁삼거리,201930401
5200016000,16,89,엄궁동행정복지센터,201940101
5200067000,67,52,엄궁동행정복지센터,201940101
5200068000,68,59,엄궁동행정복지센터,201940101
5200108000,108,56,엄궁동행정복지센터,201940101
5200126000,126,95,엄궁동행정복지센터,201940101
5200128100,128-1,38,엄궁동행정복지센터,201940101
5200138000,138,22,엄궁동행정복지센터,201940101
5200138100,138-1,21,엄궁동행정복지센터,201940101
5200338000,338,42,엄궁동행정복지센터,201940101
5200067000,67,53,엄궁시장,201950102
5200068000,68,60,엄궁시장,201950102
5200108000,108,57,엄궁시장,201950102
5200126000,126,96,엄궁시장,201950102
5200128100,128-1,39,엄궁시장,201950102
5200016000,16,90,(구)엄궁동부산은행,201950201
5200016000,16,91,엄궁초등학교,201950202
5200016000,16,10,엄궁동행정복지센터,201950301
5200068000,68,45,엄궁동행정복지센터,201950301
5200126000,126,44,엄궁동행정복지센터,201950301
5200128100,128-1,75,엄궁동행정복지센터,201950301
5200138000,138,116,엄궁동행정복지센터,201950301
5200138100,138-1,133,엄궁동행정복지센터,201950301
5200338000,338,87,엄궁동행정복지센터,201950301
5200138100,138-1,32,삼락생태공원,201990101
5291507000,사상구7,43,사상강변동원아파트,201990201
5200138100,138-1,31,동원아파트앞,202000101
5291507000,사상구7,2,사상강변동원아파트,202000102
5291501100,사상구1-1,2,창진초등학교,202000201
5291507000,사상구7,4,덕포시장.사상생활사박물관,202010101
5291507000,사상구7,3,동양한신아파트,202010102
5200138100,138-1,34,한신아파트 1차,202010201
5200138100,138-1,33,한신아파트 2차,202010202
5200015000,15,37,사상초등학교,202020101
5200031000,31,89,사상초등학교,202020101
5200033000,33,82,사상초등학교,202020101
5200059000,59,27,사상초등학교,202020101
5200062000,62,50,사상초등학교,202020101
5200110000,110,89,사상초등학교,202020101
5200123000,123,42,사상초등학교,202020101
5200138100,138-1,35,사상초등학교,202020101
5200160000,160,24,사상초등학교,202020101
5200169000,169,91,사상초등학교,202020101
5200338000,338,75,사상초등학교,202020101
5201004F00,1004-F,41,사상초등학교,202020101
5291501100,사상구1-1,46,사상초등학교,202020102
5291507000,사상구7,44,사상초등학교,202020102
5200077000,77,3,유유철강,202040101
5200110000,110,2,유유철강,202040101
5200338000,338,46,유유철강,202040101
5200338000,338,84,케스텍코리아,202040301
5200338000,338,85,경동스틸,202040302
5200036000,36,131,교리입구,202050401
5200139000,139,88,교리입구,202050401
5200036000,36,14,교리입구,202060101
5200139000,139,2,교리입구,202060101
5291603000,기장군3,8,교리입구,202060102
5291603000,기장군3,90,교리입구,202060201
5291606000,기장군6,34,우정공원,202060301
5291608000,기장군8,8,우정공원,202060301
5291611000,기장군11,47,대진여객.고촌역,202080102
5291611000,기장군11,24,윗반송역,202080203
5200038000,38,5,내리,202090201
5200039000,39,20,내리,202090201
5200040000,40,5,내리,202090201
5200063000,63,5,내리,202090201
5200139000,139,32,내리,202090201
5200185000,185,5,내리,202090201
5200200000,200,5,내리,202090201
5200038000,38,6,당사입구,202090202
5200039000,39,21,당사입구,202090202
5200040000,40,6,당사입구,202090202
5200063000,63,6,당사입구,202090202
5200139000,139,33,당사입구,202090202
5200200000,200,6,당사입구,202090202
5201003F00,1003-F,19,당사입구,202090202
5200038000,38,4,내리초등학교,202090203
5200039000,39,19,내리초등학교,202090203
5200040000,40,4,내리초등학교,202090203
5200063000,63,4,내리초등학교,202090203
5200139000,139,31,내리초등학교,202090203
5200185000,185,4,내리초등학교,202090203
5200200000,200,4,내리초등학교,202090203
5201003000,1003,17,내리초등학교,202090203
5203006000,3006,2,내리초등학교,202090203
5201003F00,1003-F,18,내리초등학교,202090203
5200038000,38,158,연화교차로,202100101
5200039000,39,118,연화교차로,202100101
5200040000,40,147,연화교차로,202100101
5200063000,63,128,연화교차로,202100101
5200185000,185,73,연화교차로,202100101
5200200000,200,128,연화교차로,202100101
5201003F00,1003-F,110,연화교차로,202100101
5200038000,38,3,오신,202110301
5200039000,39,18,오신,202110301
5200040000,40,3,오신,202110301
5200063000,63,3,오신,202110301
5200139000,139,30,오신,202110301
5200185000,185,3,오신,202110301
5200200000,200,3,오신,202110301
5200036000,36,142,무곡,202120201
5200039000,39,15,무곡,202120201
5200180000,180,77,무곡,202120201
5200181000,181,152,무곡,202120201
5200182000,182,126,무곡,202120201
5200183000,183,105,무곡,202120201
5201003000,1003,15,무곡,202120201
5200183F00,183-F,109,무곡,202120201
5201003F00,1003-F,15,무곡,202120201
5200036000,36,3,무곡,202130101
5200039000,39,120,무곡,202130101
5200180000,180,2,무곡,202130101
5200181000,181,2,무곡,202130101
5200182000,182,2,무곡,202130101
5200183000,183,3,무곡,202130101
5201003000,1003,96,무곡,202130101
5200183F00,183-F,3,무곡,202130101
5201003F00,1003-F,112,무곡,202130101
5200036000,36,2,청강리공영차고지입구,202130102
5200039000,39,119,청강리공영차고지입구,202130102
5200183000,183,2,청강리공영차고지입구,202130102
5201003000,1003,95,청강리공영차고지입구,202130102
5200183F00,183-F,2,청강리공영차고지입구,202130102
5201003F00,1003-F,111,청강리공영차고지입구,202130102
5200039000,39,16,청강리공영차고지입구,202130201
5201003000,1003,16,청강리공영차고지입구,202130201
5201003F00,1003-F,16,청강리공영차고지입구,202130201
5200036000,36,143,청강리공영차고지,202130401
5200038000,38,159,청강리공영차고지,202130401
5200040000,40,148,청강리공영차고지,202130401
5200063000,63,129,청강리공영차고지,202130401
5200100000,100,130,청강리공영차고지,202130401
5200180000,180,78,청강리공영차고지,202130401
5200181000,181,153,청강리공영차고지,202130401
5200182000,182,127,청강리공영차고지,202130401
5200183000,183,106,청강리공영차고지,202130401
5200185000,185,74,청강리공영차고지,202130401
5200200000,200,129,청강리공영차고지,202130401
5201001000,1001,88,청강리공영차고지,202130401
5203006000,3006,58,청강리공영차고지,202130401
5200183F00,183-F,110,청강리공영차고지,202130401
5200036000,36,15,기장체육관,202140101
5200139000,139,3,기장체육관,202140101
5200180000,180,11,기장체육관,202140101
5200181000,181,7,기장체육관,202140101
5200036000,36,16,기장경찰서,202140102
5200139000,139,4,기장경찰서,202140102
5200180000,180,12,기장경찰서,202140102
5200181000,181,8,기장경찰서,202140102
5291602000,기장군2,8,기장경찰서,202140103
5291603000,기장군3,10,기장경찰서,202140103
5291602000,기장군2,7,기장체육관,202140104
5291603000,기장군3,9,기장체육관,202140104
5200180000,180,68,기장체육관,202140201
5200181000,181,147,기장체육관,202140201
5200180000,180,69,기장군청,202140202
5200181000,181,148,기장군청,202140202
5200180000,180,70,죽성사거리,202140203
5200180000,180,9,죽성사거리,202150101
5200180000,180,10,기장군청,202150102
5200181000,181,6,기장군청,202150102
5291606000,기장군6,10,죽성사거리,202150201
5200039000,39,12,죽성사거리,202150401
5200181000,181,149,죽성사거리,202150401
5200183000,183,102,죽성사거리,202150401
5200188000,188,70,죽성사거리,202150401
5201003000,1003,12,죽성사거리,202150401
5200183F00,183-F,106,죽성사거리,202150401
5201003F00,1003-F,12,죽성사거리,202150401
5291602000,기장군2,30,기장성당,202150501
5291606000,기장군6,26,기장성당,202150501
5200036000,36,18,일광해수욕장입구,202160101
5200139000,139,6,일광해수욕장입구,202160101
5200180000,180,14,일광해수욕장입구,202160101
5200181000,181,10,일광해수욕장입구,202160101
5200180000,180,15,동해선일광역,202160102
5200182000,182,22,동해선일광역,202160102
5200187000,187,22,동해선일광역,202160102
5200188000,188,117,동해선일광역,202160102
5291602000,기장군2,11,동해선일광역,202160104
5291602000,기장군2,21,동해선일광역,202160104
5291603000,기장군3,13,동해선일광역,202160104
5291608000,기장군8,17,동해선일광역,202160104
5291602000,기장군2,10,일광해수욕장입구,202160105
5291603000,기장군3,12,일광해수욕장입구,202160105
5200182000,182,25,화전마을.부산예빛학교,202170301
5200187000,187,25,화전마을.부산예빛학교,202170301
5291608000,기장군8,20,화전마을.부산예빛학교,202170302
5200036000,36,9,기장초등학교,202200101
5200039000,39,127,기장초등학교,202200101
5200139000,139,69,기장초등학교,202200101
5200181000,181,129,기장초등학교,202200101
5200182000,182,8,기장초등학교,202200101
5200188000,188,75,기장초등학교,202200101
5201003000,1003,103,기장초등학교,202200101
5201003F00,1003-F,119,기장초등학교,202200101
5291602000,기장군2,3,기장시장.농협,202200202
5291603000,기장군3,3,기장시장.농협,202200202
5291606000,기장군6,29,기장시장.농협,202200202
5291608000,기장군8,3,기장시장.농협,202200202
5291611000,기장군11,8,기장시장.농협,202200202
5200036000,36,137,기장전화국,202200301
5200039000,39,9,기장전화국,202200301
5200139000,139,23,기장전화국,202200301
5200181000,181,26,기장전화국,202200301
5200182000,182,121,기장전화국,202200301
5200188000,188,97,기장전화국,202200301
5201003000,1003,9,기장전화국,202200301
5201003F00,1003-F,9,기장전화국,202200301
5291606000,기장군6,3,교리초교,202260201
5200039000,39,2,교리초등학교,202260301
5200139000,139,16,교리초등학교,202260301
5200181000,181,19,교리초등학교,202260301
5200182000,182,114,교리초등학교,202260301
5200187000,187,99,교리초등학교,202260301
5200188000,188,64,교리초등학교,202260301
5201003000,1003,2,교리초등학교,202260301
5201003F00,1003-F,2,교리초등학교,202260301
5200039000,39,133,교리초등학교,202280201
5200139000,139,75,교리초등학교,202280201
5200181000,181,135,교리초등학교,202280201
5200182000,182,14,교리초등학교,202280201
5200187000,187,13,교리초등학교,202280201
5200188000,188,108,교리초등학교,202280201
5201003000,1003,109,교리초등학교,202280201
5201003F00,1003-F,125,교리초등학교,202280201
5200036000,36,28,기장교리아파트,202280401
5200183000,183,14,기장교리아파트,202280401
5200183F00,183-F,14,기장교리아파트,202280401
5200036000,36,27,교리초등학교,202280402
5200183000,183,13,교리초등학교,202280402
5200183F00,183-F,13,교리초등학교,202280402
5200039000,39,3,교리,202290301
5200139000,139,17,교리,202290301
5200181000,181,20,교리,202290301
5200182000,182,115,교리,202290301
5200183000,183,96,교리,202290301
5200187000,187,100,교리,202290301
5200188000,188,65,교리,202290301
5201003000,1003,3,교리,202290301
5200183F00,183-F,100,교리,202290301
5201003F00,1003-F,3,교리,202290301
5200036000,36,10,기장시장,202300101
5200039000,39,128,기장시장,202300101
5200139000,139,70,기장시장,202300101
5200181000,181,130,기장시장,202300101
5200182000,182,9,기장시장,202300101
5201003000,1003,104,기장시장,202300101
5201003F00,1003-F,120,기장시장,202300101
5200188000,188,76,대진로얄타운,202310101
5200181000,181,30,기장2주공,202320201
5200181000,181,32,대변고개,202320202
5200107000,107,35,대곡마을,202330101
5200184000,184,28,대곡마을,202330101
5203008000,3008,40,대곡마을,202330101
5203008F00,3008-F,41,대곡마을,202330101
5200182000,182,24,횡계,202360101
5200187000,187,24,횡계,202360101
5291608000,기장군8,19,횡계,202360102
5200182000,182,104,삼덕입구,202360201
5200187000,187,88,삼덕입구,202360201
5291608000,기장군8,104,삼덕입구,202360203
5200182000,182,105,동해선일광역입구,202360204
5200187000,187,89,동해선일광역입구,202360204
5200037000,37,64,월내시장,202380301
5200180000,180,44,월내시장,202380301
5291603000,기장군3,58,동해선월내역.월내시장,202380302
5291603000,기장군3,43,봉수대입구,202420101
5200036000,36,17,후동입구,202430101
5200139000,139,5,후동입구,202430101
5200180000,180,13,후동입구,202430101
5200181000,181,9,후동입구,202430101
5291602000,기장군2,9,후동입구,202430102
5291603000,기장군3,11,후동입구,202430102
5200036000,36,129,후동입구,202430201
5200139000,139,86,후동입구,202430201
5200180000,180,66,후동입구,202430201
5200181000,181,145,후동입구,202430201
5291602000,기장군2,25,후동입구,202430202
5291603000,기장군3,87,후동입구,202430202
5291606000,기장군6,4,우정공원,202450301
5291608000,기장군8,115,우정공원,202450301
5200038000,38,157,오신,202460101
5200039000,39,117,오신,202460101
5200040000,40,146,오신,202460101
5200063000,63,127,오신,202460101
5200139000,139,62,오신,202460101
5200185000,185,72,오신,202460101
5200200000,200,127,오신,202460101
5291603000,기장군3,42,고리스포츠문화센터,202510101
5291611000,기장군11,5,대라아파트,202560101
5200100000,100,119,공수.양경마을,202590101
5200181000,181,106,공수.양경마을,202590101
5200185000,185,64,공수.양경마을,202590101
5200100000,100,120,공수.당사마을,202590102
5200181000,181,107,공수.당사마을,202590102
5200185000,185,65,공수.당사마을,202590102
5200187000,187,33,용소삼거리,202610301
5200187000,187,34,장안초등학교,202610302
5200187000,187,77,용소삼거리,202610303
5200187000,187,76,장안초등학교,202610304
5200037000,37,62,월내초등학교,202650301
5200180000,180,42,월내초등학교,202650301
5291603000,기장군3,56,월내초등학교,202650302
5200182000,182,99,좌천초등학교,202690201
5200187000,187,83,좌천초등학교,202690201
5200302000,302,66,좌천초등학교,202690201
5203008000,3008,94,좌천초등학교,202690201
5203008F00,3008-F,95,좌천초등학교,202690201
5291608000,기장군8,99,좌천초등학교,202690202
5200037000,37,46,좌동리교차로,202710102
5200182000,182,95,좌동리교차로,202710102
5200187000,187,79,좌동리교차로,202710102
5200188000,188,36,좌동리교차로,202710102
5200302000,302,62,좌동리교차로,202710102
5203008000,3008,90,좌동리교차로,202710102
5203008F00,3008-F,91,좌동리교차로,202710102
5200037000,37,47,장안제일고등학교,202710103
5200182000,182,96,장안제일고등학교,202710103
5200187000,187,80,장안제일고등학교,202710103
5200188000,188,37,장안제일고등학교,202710103
5200302000,302,63,장안제일고등학교,202710103
5203008000,3008,91,장안제일고등학교,202710103
5203008F00,3008-F,92,장안제일고등학교,202710103
5291603000,기장군3,34,장안제일고등학교,202710104
5291603000,기장군3,68,장안제일고등학교,202710104
5291608000,기장군8,96,장안제일고등학교,202710104
5291657000,기장군57,66,장안제일고등학교,202710104
5291603000,기장군3,33,좌동리교차로,202710105
5291603000,기장군3,67,좌동리교차로,202710105
5291608000,기장군8,95,좌동리교차로,202710105
5203008F00,3008-F,8,좌동리교차로,202710201
5291657000,기장군57,4,좌동삼거리,202710202
5200182000,182,103,횡계,202740201
5200187000,187,87,횡계,202740201
5291608000,기장군8,103,횡계,202740202
5200188000,188,95,대진로얄타운,202800301
5200039000,39,124,기장성당,202810201
5200180000,180,71,기장성당,202810201
5201003000,1003,100,기장성당,202810201
5201003F00,1003-F,116,기장성당,202810201
5200183000,183,7,기장성당,202810301
5200188000,188,102,기장성당,202810301
5200183F00,183-F,7,기장성당,202810301
5200036000,36,116,이진아파트,202820201
5200183000,183,92,이진아파트,202820201
5200187000,187,11,이진아파트,202820201
5200188000,188,94,이진아파트,202820201
5200183F00,183-F,96,이진아파트,202820201
5200036000,36,136,기장초등학교,202830301
5200039000,39,8,기장초등학교,202830301
5200139000,139,22,기장초등학교,202830301
5200181000,181,25,기장초등학교,202830301
5200182000,182,120,기장초등학교,202830301
5200188000,188,96,기장초등학교,202830301
5201003000,1003,8,기장초등학교,202830301
5201003F00,1003-F,8,기장초등학교,202830301
5200039000,39,122,청강사거리,202880101
5200181000,181,4,청강사거리,202880101
5200183000,183,5,청강사거리,202880101
5200188000,188,100,청강사거리,202880101
5201003000,1003,98,청강사거리,202880101
5200183F00,183-F,5,청강사거리,202880101
5201003F00,1003-F,114,청강사거리,202880101
5200036000,36,141,기장2주공,202880301
5200039000,39,14,기장2주공,202880301
5200180000,180,76,기장2주공,202880301
5200181000,181,151,기장2주공,202880301
5200182000,182,125,기장2주공,202880301
5200183000,183,104,기장2주공,202880301
5201003000,1003,14,기장2주공,202880301
5200183F00,183-F,108,기장2주공,202880301
5201003F00,1003-F,14,기장2주공,202880301
5200036000,36,5,청강사거리,202880401
5200180000,180,4,청강사거리,202880401
5200181000,181,125,청강사거리,202880401
5200182000,182,4,청강사거리,202880401
5200188000,188,71,청강사거리,202880401
5200036000,36,7,대라리사거리,202890101
5200139000,139,67,대라리사거리,202890101
5200180000,180,6,대라리사거리,202890101
5200181000,181,127,대라리사거리,202890101
5200182000,182,6,대라리사거리,202890101
5200188000,188,73,대라리사거리,202890101
5291611000,기장군11,6,대라리사거리,202890102
5291611000,기장군11,66,대라아파트,202890401
5200036000,36,4,기장2주공,202900101
5200039000,39,121,기장2주공,202900101
5200180000,180,3,기장2주공,202900101
5200181000,181,3,기장2주공,202900101
5200182000,182,3,기장2주공,202900101
5200183000,183,4,기장2주공,202900101
5201003000,1003,97,기장2주공,202900101
5200183F00,183-F,4,기장2주공,202900101
5201003F00,1003-F,113,기장2주공,202900101
5200181000,181,33,무양,202920101
5200181000,181,122,대변고개,202920301
5200181000,181,124,기장2주공,202920302
5200181000,181,121,무양,202930101
5200181000,181,34,대변,202930301
5200050000,50,14,월평교차로,202990301
5201002000,1002,27,월평교차로,202990301
5201002F00,1002-F,27,월평교차로,202990301
5200037000,37,110,임곡,203010201
5200050000,50,15,임곡,203010201
5201002F00,1002-F,28,임곡,203010201
5200037000,37,10,임곡,203020101
5200050000,50,102,임곡,203020101
5201002F00,1002-F,135,임곡,203020101
5200037000,37,111,개곡마을,203020201
5200050000,50,16,개곡마을,203020201
5201002F00,1002-F,29,개곡마을,203020201
5200184000,184,53,철마면행정복지센터,203030201
5291606000,기장군6,5,기장도서관,203090201
5200039000,39,125,아름공원,203130301
5200180000,180,72,아름공원,203130301
5201003000,1003,101,아름공원,203130301
5201003F00,1003-F,117,아름공원,203130301
5291603000,기장군3,96,아름공원,203130302
5291606000,기장군6,27,아름공원,203130302
5291608000,기장군8,121,아름공원,203130302
5291611000,기장군11,64,아름공원,203130302
5200039000,39,134,차고지,203200301
5200139000,139,89,차고지,203200301
5201003000,1003,110,차고지,203200301
5201003F00,1003-F,126,차고지,203200301
5200039000,39,1,차고지,203220101
5200139000,139,1,차고지,203220101
5201003000,1003,1,차고지,203220101
5201003F00,1003-F,1,차고지,203220101
5200055000,55,114,용원중앙병원,203310101
5200058000,58,11,용원중앙병원,203310101
5200058200,58-2,98,용원중앙병원,203310101
5200520000,520,98,용원중앙병원,203310101
5200055000,55,12,용원,203310201
5200058000,58,90,용원,203310201
5200058200,58-2,16,용원,203310201
5200520000,520,16,용원,203310201
5200058100,58-1,105,용원사거리,203310301
5291401000,강서구1,54,용원사거리,203310302
5291401100,강서구1-1,47,용원사거리,203310302
5291409100,강서구9-1,76,용원사거리,203310303
5200055000,55,11,용원중앙병원,203330301
5200058000,58,89,용원중앙병원,203330301
5200058200,58-2,15,용원중앙병원,203330301
5200520000,520,15,용원중앙병원,203330301
5200050000,50,104,월평고개,203390101
5200302000,302,100,월평고개,203390101
5201002000,1002,82,월평고개,203390101
5201002F00,1002-F,137,월평고개,203390101
5200058100,58-1,23,용원사거리,204820201
5291409100,강서구9-1,2,용원사거리,204820203
5200058100,58-1,114,해인로즈빌아파트,204830101
5200058100,58-1,14,해인로즈빌아파트,204840201
5200058100,58-1,111,코아루아파트,204880301
5200058100,58-1,112,안골포초등학교,204880302
5200058100,58-1,16,안골포초등학교,204900201
5200058100,58-1,17,코아루아파트,204900202
5200058100,58-1,113,부영2차아파트,204900301
5200058100,58-1,18,안청초등학교,204910101
5200058100,58-1,110,안청초등학교,204920201
5200058100,58-1,19,웅동농협하나로마트,204930101
5200058100,58-1,20,용원복지회관,204950101
5200058100,58-1,108,용원복지회관,204950201
5200058100,58-1,109,웅동농협하나로마트,204950202
5200058100,58-1,21,반짓골 웅동2동행정복지센터,204970101
5200058100,58-1,107,반짓골 웅동2동행정복지센터,204980201
5200058100,58-1,22,용원초등학교,204990101
5200058100,58-1,106,용원초등학교,205000301
5291406000,강서구6,17,분도입구,205140101
5291406000,강서구6,18,분도,205150101
5291406000,강서구6,46,분도입구,205150201
5291406000,강서구6,45,분도,205160201
5291406000,강서구6,19,불암역,205190101
5200123000,123,18,불암역,205200101
5200127000,127,25,불암역,205200101
5201004000,1004,19,불암역,205200101
5201004F00,1004-F,19,불암역,205200101
5291406000,강서구6,44,불암동주민센터,205200201
5200123000,123,122,양장골,205210201
5200127000,127,95,양장골,205210201
5201004000,1004,89,양장골,205210201
5201004F00,1004-F,150,양장골,205210201
5200123000,123,17,양장골,205220101
5200127000,127,24,양장골,205220101
5201004000,1004,18,양장골,205220101
5201004F00,1004-F,18,양장골,205220101
5200123000,123,123,지내역,205230201
5200127000,127,96,지내역,205230201
5201004000,1004,90,지내역,205230201
5201004F00,1004-F,151,지내역,205230201
5200123000,123,16,지내역,205240101
5200127000,127,23,지내역,205240101
5201004000,1004,17,지내역,205240101
5201004F00,1004-F,17,지내역,205240101
5200123000,123,124,지내동원아파트,205240201
5200127000,127,97,지내동원아파트,205240201
5201004000,1004,91,지내동원아파트,205240201
5201004F00,1004-F,152,지내동원아파트,205240201
5200123000,123,125,경남은행,205280201
5200127000,127,98,경남은행,205280201
5201004000,1004,92,경남은행,205280201
5201004F00,1004-F,153,경남은행,205280201
5200123000,123,15,경남은행,205290101
5200127000,127,22,경남은행,205290101
5201004000,1004,16,경남은행,205290101
5201004F00,1004-F,16,경남은행,205290101
5200123000,123,126,김해대학역,205290201
5200127000,127,99,김해대학역,205290201
5201004000,1004,93,김해대학역,205290201
5201004F00,1004-F,154,김해대학역,205290201
5200123000,123,14,김해대학역,205310101
5200127000,127,21,김해대학역,205310101
5201004000,1004,15,김해대학역,205310101
5201004F00,1004-F,15,김해대학역,205310101
5200123000,123,13,초선대,205330101
5200127000,127,20,초선대,205330101
5201004000,1004,14,초선대,205330101
5201004F00,1004-F,14,초선대,205330101
5200123000,123,127,초선대,205340201
5200127000,127,100,초선대,205340201
5201004000,1004,94,초선대,205340201
5201004F00,1004-F,155,초선대,205340201
5200123000,123,128,인제대역,205410201
5200127000,127,101,인제대역,205410201
5201004000,1004,95,인제대역,205410201
5201004F00,1004-F,156,인제대역,205410201
5200123000,123,12,인제대역,205420101
5200127000,127,19,인제대역,205420101
5201004000,1004,13,인제대역,205420101
5201004F00,1004-F,13,인제대역,205420101
5200123000,123,129,성모병원,205430201
5200127000,127,102,성모병원,205430201
5201004000,1004,96,성모병원,205430201
5201004F00,1004-F,157,성모병원,205430201
5200123000,123,11,성모병원,205440101
5200127000,127,18,성모병원,205440101
5201004000,1004,12,성모병원,205440101
5201004F00,1004-F,12,성모병원,205440101
5200123000,123,10,복음병원입구,205480101
5200127000,127,17,복음병원입구,205480101
5201004000,1004,11,복음병원입구,205480101
5201004F00,1004-F,11,복음병원입구,205480101
5200123000,123,130,복음병원입구,205480201
5200127000,127,103,복음병원입구,205480201
5201004000,1004,97,복음병원입구,205480201
5201004F00,1004-F,158,복음병원입구,205480201
5200123000,123,131,김해시청,205510201
5200127000,127,104,김해시청,205510201
5201004000,1004,98,김해시청,205510201
5201004F00,1004-F,159,김해시청,205510201
5200123000,123,9,김해시청,205520101
5200127000,127,16,김해시청,205520101
5201004000,1004,10,김해시청,205520101
5201004F00,1004-F,10,김해시청,205520101
5200123000,123,132,한솔병원,205520201
5200127000,127,105,한솔병원,205520201
5201004000,1004,99,한솔병원,205520201
5201004F00,1004-F,160,한솔병원,205520201
5200127000,127,106,부원역,205540201
5200127000,127,15,부원역,205550101
5200123000,123,8,금강병원,205570101
5201004000,1004,9,금강병원,205570101
5201004F00,1004-F,9,금강병원,205570101
5200123000,123,133,금강병원,205570201
5201004000,1004,100,금강병원,205570201
5201004F00,1004-F,161,금강병원,205570201
5200123000,123,7,중앙지구대,205600101
5201004000,1004,8,중앙지구대,205600101
5201004F00,1004-F,8,중앙지구대,205600101
5200123000,123,134,중앙지구대,205600201
5201004000,1004,101,중앙지구대,205600201
5201004F00,1004-F,162,중앙지구대,205600201
5200123000,123,6,신한은행,205620101
5201004000,1004,7,신한은행,205620101
5201004F00,1004-F,7,신한은행,205620101
5200123000,123,135,신한은행,205620201
5201004000,1004,102,신한은행,205620201
5201004F00,1004-F,163,신한은행,205620201
5200123000,123,5,국민은행,205640101
5201004000,1004,6,국민은행,205640101
5201004F00,1004-F,6,국민은행,205640101
5200123000,123,136,농협김해시지부,205650201
5201004000,1004,103,농협김해시지부,205650201
5201004F00,1004-F,164,농협김해시지부,205650201
5200123000,123,4,농협김해시지부,205660101
5201004000,1004,5,농협김해시지부,205660101
5201004F00,1004-F,5,농협김해시지부,205660101
5200122000,122,11,김해여고,205690101
5200123000,123,3,김해여고,205690101
5201004000,1004,4,김해여고,205690101
5201004F00,1004-F,4,김해여고,205690101
5200122000,122,71,김해여고,205690201
5200123000,123,137,김해여고,205690201
5201004000,1004,104,김해여고,205690201
5201004F00,1004-F,165,김해여고,205690201
5200122000,122,72,김해시청소년센터,205710201
5200123000,123,138,김해시청소년센터,205710201
5201004000,1004,105,김해시청소년센터,205710201
5201004F00,1004-F,166,김해시청소년센터,205710201
5200122000,122,10,김해시청소년센터,205720101
5200123000,123,2,김해시청소년센터,205720101
5201004000,1004,3,김해시청소년센터,205720101
5201004F00,1004-F,3,김해시청소년센터,205720101
5200122000,122,73,광남백조아파트,205740201
5200123000,123,139,광남백조아파트,205740201
5201004000,1004,106,광남백조아파트,205740201
5201004F00,1004-F,167,광남백조아파트,205740201
5200122000,122,9,광남백조아파트,205750101
5200123000,123,1,광남백조아파트,205750101
5201004000,1004,2,광남백조아파트,205750101
5201004F00,1004-F,2,광남백조아파트,205750101
5201004000,1004,107,구산동,205760201
5201004F00,1004-F,168,구산동,205760201
5201004000,1004,1,구산동,205770201
5201004F00,1004-F,1,구산동,205770201
5200127000,127,1,현대병원,205770301
5200122000,122,6,구지마을,205770501
5200122000,122,7,매정마을,205770502
5200122000,122,8,구산신주공아파트,205770503
5200127000,127,120,현대병원,205880101
5200127000,127,119,연지공원,205910101
5200127000,127,2,연지공원,205920201
5200127000,127,3,법원등기소입구,205960201
5200127000,127,118,법원등기소입구,205980101
5200127000,127,4,내동사거리,206000201
5200127000,127,117,내동사거리,206010101
5200127000,127,5,서김해새마을금고,206050201
5200127000,127,116,서김해새마을금고,206060101
5200127000,127,6,내외문화의집,206120201
5200127000,127,115,내외문화의집,206130101
5200127000,127,7,김해생명과학고,206130201
5200127000,127,114,김해생명과학고,206140101
5200127000,127,8,외동축협,206140201
5200127000,127,113,외동축협,206170201
5200127000,127,9,외동초등학교,206190101
5200127000,127,112,외동초등학교,206200201
5200127000,127,10,한국2차아파트,206220101
5200127000,127,111,대동아파트,206240201
5200127000,127,11,무접마을,206260201
5200127000,127,110,한국1차아파트,206270201
5200127000,127,12,무접,206300101
5200127000,127,109,무접,206300201
5200127000,127,13,동아그린아파트,206330101
5200127000,127,108,동아그린앞,206350201
5200127000,127,14,김해중부경찰서,206380101
5200127000,127,107,김해중부경찰서,206390201
5200122000,122,15,김해세무서,206420101
5200122000,122,67,김해세무서,206420201
5200122000,122,68,김해천주교회,206480101
5200122000,122,14,김해천주교회,206490101
5200122000,122,13,김해동상시장,206520101
5200122000,122,69,김해동상시장,206520201
5200122000,122,70,김해향교,206560201
5200122000,122,12,김해향교,206570101
5200037000,37,114,영천초등학교,207690401
5200050000,50,19,영천초등학교,207690401
5201002F00,1002-F,32,영천초등학교,207690401
5200037000,37,5,동면우체국,207700101
5200050000,50,97,동면우체국,207700101
5201002F00,1002-F,130,동면우체국,207700101
5291602300,기장군2-3,7,영천사거리,207700201
5200037000,37,115,동면우체국,207700301
5200050000,50,20,동면우체국,207700301
5201002F00,1002-F,33,동면우체국,207700301
5291602300,기장군2-3,41,영천사거리,207700302
5200037000,37,9,개곡마을,207710101
5200050000,50,101,개곡마을,207710101
5201002F00,1002-F,134,개곡마을,207710101
5200037000,37,112,창기마을,207740201
5200050000,50,17,창기마을,207740201
5201002000,1002,28,창기마을,207740201
5201002F00,1002-F,30,창기마을,207740201
5200037000,37,7,임기마을,207750101
5200050000,50,99,임기마을,207750101
5201002F00,1002-F,132,임기마을,207750101
5200037000,37,8,창기마을,207750102
5200050000,50,100,창기마을,207750102
5201002000,1002,80,창기마을,207750102
5201002F00,1002-F,133,창기마을,207750102
5200037000,37,113,임기마을,207750201
5200050000,50,18,임기마을,207750201
5201002F00,1002-F,31,임기마을,207750201
5200050000,50,13,월평고개,207760201
5200302000,302,23,월평고개,207760201
5201002000,1002,26,월평고개,207760201
5201002F00,1002-F,26,월평고개,207760201
5200050000,50,12,덕계상설시장,207780201
5200302000,302,22,덕계상설시장,207780201
5201002000,1002,25,덕계상설시장,207780201
5201002F00,1002-F,25,덕계상설시장,207780201
5200050000,50,105,덕계상설시장,207790101
5200302000,302,101,덕계상설시장,207790101
5201002000,1002,83,덕계상설시장,207790101
5201002F00,1002-F,138,덕계상설시장,207790101
5200050000,50,106,동일2차아파트,207800101
5200302000,302,102,동일2차아파트,207800101
5201002000,1002,84,동일2차아파트,207800101
5201002F00,1002-F,139,동일2차아파트,207800101
5200050000,50,11,동일2차아파트,207800201
5200302000,302,21,동일2차아파트,207800201
5201002000,1002,24,동일2차아파트,207800201
5201002F00,1002-F,24,동일2차아파트,207800201
5200050000,50,107,덕계메가마트,207820101
5200302000,302,103,덕계메가마트,207820101
5201002000,1002,85,덕계메가마트,207820101
5201002F00,1002-F,140,덕계메가마트,207820101
5200050000,50,108,덕계사거리,207830101
5200302000,302,104,덕계사거리,207830101
5201002000,1002,86,덕계사거리,207830101
5201002F00,1002-F,141,덕계사거리,207830101
5200050000,50,10,덕계메가마트,207830201
5200302000,302,20,덕계메가마트,207830201
5201002000,1002,23,덕계메가마트,207830201
5201002F00,1002-F,23,덕계메가마트,207830201
5200050000,50,109,덕계마을.덕계다리,207850101
5200302000,302,105,덕계마을.덕계다리,207850101
5201002000,1002,87,덕계마을.덕계다리,207850101
5201002F00,1002-F,142,덕계마을.덕계다리,207850101
5200050000,50,9,덕계사거리,207850201
5200302000,302,19,덕계사거리,207850201
5201002000,1002,22,덕계사거리,207850201
5201002F00,1002-F,22,덕계사거리,207850201
5201002000,1002,101,신원아침도시,207860102
5201002F00,1002-F,166,신원아침도시,207860102
5201002000,1002,8,양산영어도서관,207860201
5201002F00,1002-F,8,양산영어도서관,207860201
5201002000,1002,9,소남마을,207860202
5201002F00,1002-F,9,소남마을,207860202
5201002000,1002,99,소남마을,207870101
5201002F00,1002-F,164,소남마을,207870101
5201002000,1002,100,양산영어도서관,207870102
5201002F00,1002-F,165,양산영어도서관,207870102
5201002000,1002,11,천성리버타운후문,207870301
5201002F00,1002-F,11,천성리버타운후문,207870301
5201002000,1002,10,소남다리.아이존빌,207870302
5201002F00,1002-F,10,소남다리.아이존빌,207870302
5201002000,1002,12,천성리버타운정문,207870303
5201002F00,1002-F,12,천성리버타운정문,207870303
5200302000,302,115,새웅상요양병원,207880101
5200302000,302,9,그랜드볼링장,207880301
5200302000,302,10,양산성모병원,207880302
5200302000,302,113,양산성모병원,207890101
5200302000,302,114,그랜드볼링장,207890102
5200302000,302,11,명동마을,207890201
5201002000,1002,14,명동마을,207890201
5201002F00,1002-F,14,명동마을,207890201
5200302000,302,12,웅상문화체육센터입구,207890202
5201002000,1002,15,웅상문화체육센터입구,207890202
5201002F00,1002-F,15,웅상문화체육센터입구,207890202
5200302000,302,14,주진마을,207890203
5201002000,1002,17,주진마을,207890203
5201002F00,1002-F,17,주진마을,207890203
5200302000,302,15,웅상도서관,207890204
5201002000,1002,18,웅상도서관,207890204
5201002F00,1002-F,18,웅상도서관,207890204
5200302000,302,16,혜인병원,207890205
5201002000,1002,19,혜인병원,207890205
5201002F00,1002-F,19,혜인병원,207890205
5200302000,302,17,신명마을,207890206
5201002000,1002,20,신명마을,207890206
5201002F00,1002-F,20,신명마을,207890206
5200302000,302,117,농협중앙회웅상지점,207900101
5201002000,1002,103,농협중앙회웅상지점,207900101
5201002F00,1002-F,168,농협중앙회웅상지점,207900101
5200302000,302,118,서창동주민센터,207900102
5201002000,1002,104,서창동주민센터,207900102
5201002F00,1002-F,169,서창동주민센터,207900102
5200302000,302,6,농협중앙회웅상지점,207900201
5201002000,1002,6,농협중앙회웅상지점,207900201
5201002F00,1002-F,6,농협중앙회웅상지점,207900201
5201002000,1002,96,천성리버타운정문,207910101
5201002F00,1002-F,161,천성리버타운정문,207910101
5201002000,1002,97,천성리버타운후문,207910102
5201002F00,1002-F,162,천성리버타운후문,207910102
5201002000,1002,98,소남다리.아이존빌,207910103
5201002F00,1002-F,163,소남다리.아이존빌,207910103
5201002000,1002,7,신원아침도시,207920202
5201002F00,1002-F,7,신원아침도시,207920202
5201002000,1002,102,롯데마트,207930301
5201002F00,1002-F,167,롯데마트,207930301
5201002000,1002,13,성모병원앞 교차로,207950201
5201002F00,1002-F,13,성모병원앞 교차로,207950201
5201002000,1002,95,성모병원앞 교차로,207950301
5201002F00,1002-F,160,성모병원앞 교차로,207950301
5200302000,302,107,혜인병원,207960101
5201002000,1002,89,혜인병원,207960101
5201002F00,1002-F,154,혜인병원,207960101
5200302000,302,108,웅상도서관,207960102
5201002000,1002,90,웅상도서관,207960102
5201002F00,1002-F,155,웅상도서관,207960102
5200302000,302,109,주진마을,207960103
5201002000,1002,91,주진마을,207960103
5201002F00,1002-F,156,주진마을,207960103
5200302000,302,106,신명마을,207960104
5201002000,1002,88,신명마을,207960104
5201002F00,1002-F,153,신명마을,207960104
5200302000,302,112,명동마을,207960105
5201002000,1002,94,명동마을,207960105
5201002F00,1002-F,159,명동마을,207960105
5200302000,302,111,웅상문화체육센터입구,207960106
5201002000,1002,93,웅상문화체육센터입구,207960106
5201002F00,1002-F,158,웅상문화체육센터입구,207960106
5200050000,50,8,덕계마을.덕계다리,207960201
5200302000,302,18,덕계마을.덕계다리,207960201
5201002000,1002,21,덕계마을.덕계다리,207960201
5201002F00,1002-F,21,덕계마을.덕계다리,207960201
5200050000,50,110,신명마을,207960301
5201002F00,1002-F,143,신명마을,207960301
5200302000,302,119,북부마을,207970101
5201002000,1002,105,북부마을,207970101
5201002F00,1002-F,170,북부마을,207970101
5200302000,302,5,서창동주민센터,207970301
5201002000,1002,5,서창동주민센터,207970301
5201002F00,1002-F,5,서창동주민센터,207970301
5200050000,50,5,새진흥7차 입구,207990101
5201002F00,1002-F,151,새진흥7차 입구,207990101
5200050000,50,113,태원아파트후문,207990201
5201002F00,1002-F,146,태원아파트후문,207990201
5200050000,50,115,봉우아파트,207990202
5201002F00,1002-F,147,봉우아파트,207990202
5200050000,50,114,태원아파트정문,207990204
5200050000,50,6,평산농협,208020101
5201002F00,1002-F,152,평산농협,208020101
5200050000,50,112,새진흥7차 입구,208020201
5201002F00,1002-F,145,새진흥7차 입구,208020201
5200050000,50,7,신명마을,208030101
5200050000,50,111,평산농협,208030201
5201002F00,1002-F,144,평산농협,208030201
5200302000,302,4,삼용부락,208040301
5201002000,1002,4,삼용부락,208040301
5201002F00,1002-F,4,삼용부락,208040301
5200302000,302,3,북부마을,208040302
5201002000,1002,3,북부마을,208040302
5201002F00,1002-F,3,북부마을,208040302
5200050000,50,2,봉우아파트,208080201
5201002F00,1002-F,148,봉우아파트,208080201
5200050000,50,3,태원아파트정문,208080202
5201002F00,1002-F,149,태원아파트정문,208080202
5200050000,50,4,태원아파트후문,208080203
5201002F00,1002-F,150,태원아파트후문,208080203
5200050000,50,116,기점,208080301
5200050000,50,1,기점,208090101
5200022000,22,39,동구노인종합복지관.덕림아파트,208120101
5200038000,38,89,동구노인종합복지관.덕림아파트,208120101
5200038100,38-1,37,동구노인종합복지관.덕림아파트,208120101
5200086000,86,76,동구노인종합복지관.덕림아파트,208120101
5200186000,186,40,동구노인종합복지관.덕림아파트,208120101
5200022000,22,40,수정아파트,208120102
5200038000,38,90,수정아파트,208120102
5200038100,38-1,38,수정아파트,208120102
5200086000,86,77,수정아파트,208120102
5200186000,186,41,수정아파트,208120102
5291611000,기장군11,57,이진아파트,208130101
5200182000,182,27,좌천초등학교,208140101
5200187000,187,27,좌천초등학교,208140101
5200302000,302,55,좌천초등학교,208140101
5203008000,3008,3,좌천초등학교,208140101
5203008F00,3008-F,3,좌천초등학교,208140101
5291608000,기장군8,22,좌천초등학교,208140102
5200073000,73,47,마지회관,208160201
5200073000,73,75,마지회관,208160201
5200073000,73,48,보림,208160202
5200073000,73,76,보림,208160202
5291407000,강서구7,66,범방주유소,208180102
5291407100,강서구7-1,17,범방주유소,208180102
5291407200,강서구7-2,28,범방주유소,208180102
5291407000,강서구7,65,녹산동행정복지센터,208180103
5291407100,강서구7-1,16,녹산동행정복지센터,208180103
5291407200,강서구7-2,27,녹산동행정복지센터,208180103
5291407000,강서구7,8,녹산동행정복지센터,208180202
5291407100,강서구7-1,96,녹산동행정복지센터,208180202
5291407200,강서구7-2,88,녹산동행정복지센터,208180202
5200005100,5-1,128,반여동부산은행,208220101
5200043000,43,110,반여동부산은행,208220101
5200107000,107,67,반여동부산은행,208220101
5200155000,155,20,반여동부산은행,208220101
5291106000,금정구6,9,왕자아파트.반여동부산은행,208220102
5291106000,금정구6,86,영원프라자,208220301
5200036000,36,86,무정삼거리,208230101
5200115000,115,38,무정삼거리,208230101
5291106000,금정구6,87,드파인센텀.센텀스위첸,208230102
5291106000,금정구6,88,무정삼거리,208230103
5200108000,108,37,중고차매매시장,208250101
5200087000,87,1,망미주공아파트종점,208260201
5200087000,87,113,망미주공아파트종점,208260201
5200061000,61,69,아름다운교회,208270201
5200087000,87,59,아름다운교회,208270201
5200061000,61,70,까치새길입구,208270202
5200087000,87,60,까치새길입구,208270202
5291014000,사하구14,35,금화맨션삼거리,208270302
5291014000,사하구14,33,까치고개 87번종점,208270303
5291014000,사하구14,36,동보하이츠아파트(사하구치매안심센터),208270304
5291014000,사하구14,34,아미까치공영주차장,208270305
5200038000,38,12,대우2차아파트,208280201
5200040000,40,12,대우2차아파트,208280201
5200307000,307,3,대우2차아파트,208280201
5200054000,54,113,수영강푸르지오아파트,208630201
5200100000,100,39,수영강푸르지오아파트,208630201
5200100100,100-1,29,수영강푸르지오아파트,208630201
5200115000,115,64,수영강푸르지오아파트,208630201
5200307000,307,21,수영강푸르지오아파트,208630201
5200096100,96-1,5,롯데캐슬215동앞,208780101
5200096100,96-1,97,롯데캐슬215동앞,208780101
5200338000,338,5,롯데캐슬215동앞,208780101
5200338000,338,125,롯데캐슬215동앞,208780101
5200096100,96-1,4,롯데캐슬211동앞,208780102
5200096100,96-1,96,롯데캐슬211동앞,208780102
5200338000,338,4,롯데캐슬211동앞,208780102
5200338000,338,124,롯데캐슬211동앞,208780102
5291003100,사하구3-1,1,롯데캐슬211동,208780103
5291003100,사하구3-1,68,롯데캐슬211동,208780103
5291005000,사하구5,2,롯데캐슬211동,208780103
5291015000,사하구15,1,롯데캐슬211동,208780103
5291015000,사하구15,76,롯데캐슬211동,208780103
5291003100,사하구3-1,2,롯데캐슬215동,208780104
5291005000,사하구5,3,롯데캐슬215동,208780104
5291015000,사하구15,2,롯데캐슬215동,208780104
5291005000,사하구5,79,롯데캐슬201동,208780201
5200096100,96-1,3,롯데캐슬201동앞,208800101
5200096100,96-1,95,롯데캐슬201동앞,208800101
5200338000,338,3,롯데캐슬201동앞,208800101
5200338000,338,123,롯데캐슬201동앞,208800101
5291003100,사하구3-1,67,롯데캐슬201동,208800102
5291005000,사하구5,1,롯데캐슬201동,208800102
5291015000,사하구15,75,롯데캐슬201동,208800102
5291005000,사하구5,76,롯데캐슬상가,208800301
5200096100,96-1,6,롯데캐슬상가앞,208810101
5200096100,96-1,98,롯데캐슬상가앞,208810101
5200338000,338,6,롯데캐슬상가앞,208810101
5200338000,338,126,롯데캐슬상가앞,208810101
5291005000,사하구5,78,롯데캐슬211동,208810301
5291005000,사하구5,77,롯데캐슬215동,208810302
5200038000,38,79,중앙공원.민주공원,208830101
5200043000,43,66,중앙공원.민주공원,208830101
5200070000,70,60,중앙공원.민주공원,208830101
5200508000,508,42,중앙공원.민주공원,208830101
5200009000,9,64,감천119안전센터,208850101
5290202200,서구2-2,2,감천초등학교,208850102
5290202200,서구2-2,1,대한수산,208850103
5290202200,서구2-2,3,원스탑마트,208850104
5200009000,9,44,한일냉장,208850201
5200009000,9,45,동양레미콘,208850202
5200009000,9,46,인성글로벌냉장,208850203
5200009000,9,43,감천항동편부두,208850204
5200005100,5-1,135,풍산금속,208880201
5200036000,36,94,풍산금속,208880201
5200043000,43,117,풍산금속,208880201
5200107000,107,74,풍산금속,208880201
5200115100,115-1,107,풍산금속,208880201
5200189100,189-1,74,풍산금속,208880201
5200029000,29,74,안창마을입구,208910101
5290301000,동구1,3,보각사,208910102
5290301100,동구1-1,3,보각사,208910102
5290301000,동구1,4,안창삼거리,208910103
5290301100,동구1-1,4,안창삼거리,208910103
5290301000,동구1,25,안창마을,208910201
5290301100,동구1-1,43,안창마을,208910201
5200007000,7,41,휴게소,208920101
5200030000,30,39,휴게소,208920101
5200071000,71,41,휴게소,208920101
5200007000,7,42,암남공원,208920102
5200030000,30,40,암남공원,208920102
5200071000,71,42,암남공원,208920102
5200007000,7,57,현대아파트,208920201
5200030000,30,55,현대아파트,208920201
5200071000,71,57,현대아파트,208920201
5200007000,7,58,혜성아파트,208920202
5200071000,71,58,혜성아파트,208920202
5200081000,81,38,서부교육청,208930101
5200081000,81,39,경성전자고등학교,208930102
5290201000,서구1,5,경성전자고등학교,208930103
5290203100,서구3-1,55,경성전자고등학교,208930103
5290201000,서구1,3,금호아파트,208930104
5290203100,서구3-1,53,금호아파트,208930104
5290201000,서구1,4,남성한빛.대신더샵,208930105
5290203100,서구3-1,54,남성한빛.대신더샵,208930105
5200008000,8,1,차고지,208940102
5200017000,17,1,차고지,208940102
5200030000,30,1,차고지,208940102
5200088000,88,1,차고지,208940102
5200101000,101,1,차고지,208940102
5200186000,186,1,차고지,208940102
5203003000,3003,1,차고지,208940102
5200126000,126,113,북구청,208950101
5200307000,307,72,북구청,208950101
5200126000,126,27,삼락동,208950201
5200033100,33-1,49,신라대학교,208960201
5200062000,62,45,신라대학교,208960201
5200128100,128-1,57,신라대학교,208960201
5200129100,129-1,62,신라대학교,208960201
5200096000,96,21,구평화신아파트,208980101
5200096100,96-1,32,구평화신아파트,208980101
5200161000,161,35,구평화신아파트,208980101
5200172000,172,40,구평화신아파트,208980101
5200096000,96,22,구평고개,208980102
5200096100,96-1,33,구평고개,208980102
5200161000,161,36,구평고개,208980102
5200172000,172,41,구평고개,208980102
5200096100,96-1,34,감천삼거리,208980103
5200172000,172,42,감천삼거리,208980103
5200096000,96,23,유림아파트,208980104
5200161000,161,37,유림아파트,208980104
5291005000,사하구5,35,구평고개,208980105
5291008000,사하구8,21,구평고개,208980105
5291014000,사하구14,18,구평고개,208980105
5291015000,사하구15,35,구평고개,208980105
5291005000,사하구5,34,구평화신아파트,208980106
5291008000,사하구8,20,구평화신아파트,208980106
5291014000,사하구14,17,구평화신아파트,208980106
5291015000,사하구15,34,구평화신아파트,208980106
5291005000,사하구5,36,유림아파트,208980107
5291014000,사하구14,19,유림아파트,208980107
5291015000,사하구15,36,유림아파트,208980107
5200096000,96,86,구평초등학교,208980301
5200096100,96-1,70,구평초등학교,208980301
5200161000,161,82,구평초등학교,208980301
5200172000,172,96,구평초등학교,208980301
5291005000,사하구5,48,구평초등학교,208980302
5291008000,사하구8,34,구평초등학교,208980302
5291014000,사하구14,47,구평초등학교,208980302
5291015000,사하구15,48,구평초등학교,208980302
5200029000,29,2,부산종합터미널.노포역,209010201
5200049000,49,2,부산종합터미널.노포역,209010201
5200050000,50,23,부산종합터미널.노포역,209010201
5200051000,51,2,부산종합터미널.노포역,209010201
5200080000,80,2,부산종합터미널.노포역,209010201
5200131000,131,2,부산종합터미널.노포역,209010201
5200148000,148,2,부산종합터미널.노포역,209010201
5200300000,300,2,부산종합터미널.노포역,209010201
5200301000,301,2,부산종합터미널.노포역,209010201
5201002000,1002,29,부산종합터미널.노포역,209010201
5201002F00,1002-F,36,부산종합터미널.노포역,209010201
5291102200,금정구2-2,35,부산종합터미널.노포역,209010202
5291602300,기장군2-3,44,부산종합터미널.노포역,209010202
5200010000,10,29,유림아시아드아파트.거제초교,209020201
5200031000,31,46,유림아시아드아파트.거제초교,209020201
5200033000,33,103,유림아시아드아파트.거제초교,209020201
5200043000,43,36,유림아시아드아파트.거제초교,209020201
5200044000,44,32,유림아시아드아파트.거제초교,209020201
5200052000,52,25,유림아시아드아파트.거제초교,209020201
5200077000,77,76,유림아시아드아파트.거제초교,209020201
5200080000,80,47,유림아시아드아파트.거제초교,209020201
5200111000,111,46,유림아시아드아파트.거제초교,209020201
5200129100,129-1,34,유림아시아드아파트.거제초교,209020201
5200131000,131,41,유림아시아드아파트.거제초교,209020201
5200506000,506,27,유림아시아드아파트.거제초교,209020201
5200003000,3,87,하단역환승센터,209030101
5200055000,55,62,하단역환승센터,209030101
5200058000,58,41,하단역환승센터,209030101
5200058100,58-1,63,하단역환승센터,209030101
5200058200,58-2,53,하단역환승센터,209030101
5200068000,68,52,하단역환승센터,209030101
5200122000,122,40,하단역환승센터,209030101
5200124000,124,42,하단역환승센터,209030101
5200128100,128-1,31,하단역환승센터,209030101
5200161000,161,20,하단역환승센터,209030101
5200171000,171,27,하단역환승센터,209030101
5200172000,172,21,하단역환승센터,209030101
5202000000,2000,52,하단역환승센터,209030101
5203007000,3007,34,하단역환승센터,209030101
5291407000,강서구7,36,하단역,209030102
5291409100,강서구9-1,39,하단역,209030102
5291412000,강서구12,42,하단역,209030102
5291412100,강서구12-1,32,하단역,209030102
5291413000,강서구13,37,하단역,209030102
5291415000,강서구15,43,하단역,209030102
5291415100,강서구15-1,15,하단역,209030102
5291420000,강서구20,30,하단역,209030102
5291421000,강서구21,23,하단역,209030102
5291010000,사하구10,1,하단역,209030103
5200077000,77,9,(구)대도운수종점,209040201
5200110000,110,8,(구)대도운수종점,209040201
5200033000,33,3,초읍초등학교,209050101
5200044000,44,66,초읍초등학교,209050101
5200063000,63,75,초읍초등학교,209050101
5200083100,83-1,70,초읍초등학교,209050101
5200103000,103,3,초읍초등학교,209050101
5290515000,부산진구15,36,시민도서관,209050102
5200073000,73,60,윗반송역,209060101
5200187000,187,1,윗반송역,209060101
5200036000,36,106,윗반송역,209060102
5200115100,115-1,120,윗반송역,209060102
5200129100,129-1,118,윗반송역,209060102
5200183000,183,82,윗반송역,209060102
5200183F00,183-F,86,윗반송역,209060102
5200036000,36,40,윗반송역,209060202
5200073000,73,59,윗반송역,209060202
5200115100,115-1,2,윗반송역,209060202
5200129100,129-1,2,윗반송역,209060202
5200183000,183,26,윗반송역,209060202
5200183F00,183-F,26,윗반송역,209060202
5200036000,36,41,반송본동,209060203
5200115100,115-1,3,반송본동,209060203
5200129100,129-1,3,반송본동,209060203
5200183000,183,27,반송본동,209060203
5200183F00,183-F,27,반송본동,209060203
5291611000,기장군11,25,반송본동,209060204
5200302000,302,7,효암고.개운중학교,209210301
5200037000,37,33,중앙중학교,209230201
5200073000,73,107,중앙중학교,209230201
5200182000,182,82,중앙중학교,209230201
5200037000,37,87,덕산마을,209230301
5200073000,73,14,덕산마을,209230301
5200073000,73,115,덕산마을,209230301
5200105000,105,47,덕산마을,209230301
5200107000,107,13,덕산마을,209230301
5200107000,107,110,덕산마을,209230301
5200182000,182,46,덕산마을,209230301
5200188000,188,150,덕산마을,209230301
5200302000,302,80,덕산마을,209230301
5203008000,3008,18,덕산마을,209230301
5203008F00,3008-F,19,덕산마을,209230301
5200037000,37,86,중앙중학교,209240101
5200073000,73,13,중앙중학교,209240101
5200182000,182,45,중앙중학교,209240101
5200302000,302,79,중앙중학교,209240101
5200073000,73,28,구연동,209260301
5200105000,105,34,구연동,209260301
5200106000,106,25,구연동,209260301
5200184000,184,13,구연동,209260301
5200037000,37,35,달산초등학교,209270201
5200073000,73,109,달산초등학교,209270201
5200105000,105,36,달산초등학교,209270201
5200106000,106,27,달산초등학교,209270201
5200107000,107,104,달산초등학교,209270201
5200182000,182,84,달산초등학교,209270201
5200184000,184,15,달산초등학교,209270201
5291657000,기장군57,56,달산초등학교,209270202
5200073000,73,30,정관산업단지,209270401
5200037000,37,85,구연마을,209270501
5200073000,73,12,구연마을,209270501
5200107000,107,12,구연마을,209270501
5200182000,182,44,구연마을,209270501
5200302000,302,78,구연마을,209270501
5291608000,기장군8,76,구연마을,209270502
5291657000,기장군57,16,구연마을,209270502
5291608000,기장군8,77,중앙중학교,209270503
5291657000,기장군57,17,중앙중학교,209270503
5200073000,73,91,정관센트럴파크아파트,209270601
5200105000,105,62,정관센트럴파크아파트,209270601
5200106000,106,84,정관센트럴파크아파트,209270601
5200184000,184,65,정관센트럴파크아파트,209270601
5200037000,37,58,금관빌라드앞,209360101
5200180000,180,38,금관빌라드앞,209360101
5200037000,37,61,고원1차아파트,209360201
5200180000,180,41,고원1차아파트,209360201
5200037000,37,60,금관빌라드앞,209380201
5200180000,180,40,금관빌라드앞,209380201
5200037000,37,59,고원3차아파트,209380301
5200180000,180,39,고원3차아파트,209380301
5200302000,302,116,효암고.개운중학교,209400101
5200302000,302,8,새웅상요양병원,209400301
5200058100,58-1,54,호산나교회.엘크루4단지,209420101
5200058200,58-2,36,호산나교회.엘크루4단지,209420101
5203007000,3007,8,차량등록사업소,209420401
5200058100,58-1,57,낙동강철새도래지,209430101
5200171000,171,21,낙동강철새도래지,209430101
5291420000,강서구20,23,낙동강철새도래지,209430103
5291420000,강서구20,24,전등,209430104
5200003000,3,44,행복마을,209430201
5200058100,58-1,72,행복마을,209430201
5200058200,58-2,75,행복마을,209430201
5200109000,109,89,행복마을,209430201
5200124000,124,82,행복마을,209430201
5200128100,128-1,98,행복마을,209430201
5200171000,171,111,행복마을,209430201
5200520000,520,60,행복마을,209430201
5291420000,강서구20,39,행복마을,209430202
5200003000,3,70,행복마을,209440101
5200058100,58-1,56,행복마을,209440101
5200058200,58-2,38,행복마을,209440101
5200109000,109,19,행복마을,209440101
5200124000,124,28,행복마을,209440101
5200128100,128-1,15,행복마을,209440101
5200171000,171,20,행복마을,209440101
5200520000,520,53,행복마을,209440101
5291420000,강서구20,22,행복마을,209440102
5200058100,58-1,74,호산나교회.삼정그린코아,209440301
5200058200,58-2,77,호산나교회.삼정그린코아,209440301
5200058100,58-1,73,남명초등학교,209440302
5200058200,58-2,76,남명초등학교,209440302
5200109000,109,91,남명초등학교,209440302
5203002000,3002,42,남명초등학교,209440302
5291420000,강서구20,41,호산나교회,209440303
5291420000,강서구20,40,남명초등학교,209440304
5200128100,128-1,5,르노자동차정문,209460101
5200172000,172,5,르노자동차정문,209460101
5200520000,520,45,르노자동차정문,209460101
5202000000,2000,48,르노자동차정문,209460101
5203005000,3005,2,르노자동차정문,209460101
5203006000,3006,32,르노자동차정문,209460101
5291420000,강서구20,9,신호하수처리장,209460103
5291420000,강서구20,10,르노자동차정문,209460104
5200058100,58-1,86,신호하수처리장,209460301
5200058200,58-2,89,신호하수처리장,209460301
5200109000,109,104,신호하수처리장,209460301
5200124000,124,100,신호하수처리장,209460301
5200128100,128-1,109,신호하수처리장,209460301
5200171000,171,127,신호하수처리장,209460301
5200172000,172,131,신호하수처리장,209460301
5200520000,520,69,신호하수처리장,209460301
5200058100,58-1,43,부영2차아파트,209470301
5200058200,58-2,25,부영2차아파트,209470301
5200109000,109,5,부영2차아파트,209470301
5200124000,124,11,부영2차아파트,209470301
5200171000,171,5,부영2차아파트,209470301
5203007000,3007,2,부영2차아파트,209470301
5200058100,58-1,85,부영2차아파트,209480101
5200058200,58-2,88,부영2차아파트,209480101
5200109000,109,103,부영2차아파트,209480101
5200124000,124,99,부영2차아파트,209480101
5200171000,171,126,부영2차아파트,209480101
5203007000,3007,42,부영2차아파트,209480101
5200058100,58-1,44,부경신항수협,209480301
5200058200,58-2,26,부경신항수협,209480301
5200109000,109,6,부경신항수협,209480301
5200124000,124,12,부경신항수협,209480301
5200171000,171,6,부경신항수협,209480301
5200058100,58-1,84,부경신항수협,209500101
5200058200,58-2,87,부경신항수협,209500101
5200109000,109,102,부경신항수협,209500101
5200124000,124,98,부경신항수협,209500101
5200171000,171,125,부경신항수협,209500101
5291409000,강서구9,1,의창수협,209500102
5200003000,3,57,강서평생학습관,209500501
5200058100,58-1,52,극동스타클래스아파트,209510101
5200058200,58-2,34,극동스타클래스아파트,209510101
5200109000,109,15,극동스타클래스아파트,209510101
5291408000,강서구8,38,극동스타클래스109동,209510102
5291420000,강서구20,18,극동스타클래스109동,209510102
5200003000,3,66,두산위브,209510201
5200128100,128-1,10,두산위브,209510201
5200171000,171,15,두산위브,209510201
5200520000,520,48,두산위브,209510201
5291408000,강서구8,34,두산위브아파트,209510202
5291420000,강서구20,15,두산위브아파트,209510202
5291420000,강서구20,47,명호초등학교,209510401
5200003000,3,49,명호초등학교,209510402
5200109000,109,94,명호초등학교,209510402
5200128100,128-1,104,명호초등학교,209510402
5200171000,171,117,명호초등학교,209510402
5200520000,520,66,명호초등학교,209510402
5203002000,3002,43,명호초등학교,209510402
5203005000,3005,77,명호초등학교,209510402
5203007000,3007,38,명호초등학교,209510402
5291420000,강서구20,45,명호중고등학교,209520301
5200082000,82,43,화신아파트(종점),209530101
5200058000,58,77,서번산업,209540401
5291409100,강서구9-1,20,녹산농협,209550102
5291416000,강서구16,9,녹산농협,209550102
5291409100,강서구9-1,58,녹산농협,209550301
5291416000,강서구16,26,녹산농협,209550301
5290405000,영도구5,5,동삼삼거리,209570202
5200008000,8,12,동삼주공,209570301
5200030000,30,12,동삼주공,209570301
5200088000,88,11,동삼주공,209570301
5200101000,101,12,동삼주공,209570301
5200113000,113,8,동삼주공,209570301
5200186000,186,12,동삼주공,209570301
5200190000,190,12,동삼주공,209570301
5200008000,8,11,동삼삼거리,209580301
5200030000,30,11,동삼삼거리,209580301
5200088000,88,10,동삼삼거리,209580301
5200101000,101,11,동삼삼거리,209580301
5200113000,113,7,동삼삼거리,209580301
5200190000,190,11,동삼삼거리,209580301
5290405000,영도구5,108,동삼삼거리,209580302
5200186000,186,135,동삼삼거리,209590101
5291103200,금정구3-2,11,선경3차아파트312동,209620101
5200049000,49,9,남산초등학교,209650301
5200131000,131,9,남산초등학교,209650301
5200301000,301,14,남산초등학교,209650301
5201002F00,1002-F,43,남산초등학교,209650301
5200029000,29,11,남산성당,209660201
5200051000,51,11,남산성당,209660201
5200080000,80,11,남산성당,209660201
5200300000,300,12,남산성당,209660201
5291103200,금정구3-2,15,부산외국어대학교정문,209660401
5200050000,50,90,남산역,209670101
5200148000,148,110,남산역,209670101
5201002000,1002,77,남산역,209670101
5200050000,50,28,남산프라자,209670201
5200148000,148,7,남산프라자,209670201
5200029000,29,117,부곡시장,209680101
5200049000,49,89,부곡시장,209680101
5200050000,50,81,부곡시장,209680101
5200148000,148,101,부곡시장,209680101
5201002000,1002,71,부곡시장,209680101
5200008000,8,82,동삼시장,209710201
5200030000,30,85,동삼시장,209710201
5200088000,88,109,동삼시장,209710201
5200101000,101,102,동삼시장,209710201
5200113000,113,108,동삼시장,209710201
5200190000,190,134,동삼시장,209710201
5290405000,영도구5,102,동삼시장,209710301
5290405000,영도구5,103,동삼중앙어린이집,209710302
5200008000,8,9,동삼시장,209710401
5200030000,30,9,동삼시장,209710401
5200088000,88,8,동삼시장,209710401
5200101000,101,9,동삼시장,209710401
5200113000,113,5,동삼시장,209710401
5200190000,190,9,동삼시장,209710401
5200008000,8,10,일동미라주아파트,209710402
5200030000,30,10,일동미라주아파트,209710402
5200088000,88,9,일동미라주아파트,209710402
5200101000,101,10,일동미라주아파트,209710402
5200113000,113,6,일동미라주아파트,209710402
5200190000,190,10,일동미라주아파트,209710402
5290402000,영도구2,10,영선동윗로터리,209790301
5290405000,영도구5,51,영선동윗로터리,209790301
5290702000,남구2,59,분포중학교,209810201
5290702000,남구2,18,분포고등학교,209810301
5290702000,남구2,19,LG메트로시티133동상가앞,209810302
5290702000,남구2,57,LG메트로시티133동상가앞,209820201
5290702000,남구2,58,분포고등학교,209820202
5200046000,46,10,구포교회,209870101
5291419000,강서구19,6,구포교회,209870102
5291419000,강서구19,35,구포교회,209870102
5291419000,강서구19,5,새생명교회,209870103
5200160000,160,10,(구)고려당제과점,209880101
5200169100,169-1,10,(구)고려당제과점,209880101
5290806000,북구6,28,고려당제과점,209880102
5200046000,46,75,구포대진아파트,209880201
5200160000,160,94,구포대진아파트,209880201
5200169100,169-1,89,구포대진아파트,209880201
5200046000,46,76,태양탕,209880202
5200160000,160,95,태양탕,209880202
5200169100,169-1,90,태양탕,209880202
5290806000,북구6,9,구포대진아파트,209880203
5290806000,북구6,10,태양탕,209880204
5291407100,강서구7-1,9,마음,209900101
5291412100,강서구12-1,9,마음,209900101
5291407100,강서구7-1,11,중곡,209900102
5291412100,강서구12-1,11,중곡,209900102
5200055000,55,46,마음,209900103
5200055000,55,48,중곡,209900104
5203005000,3005,70,중곡,209900104
5200055000,55,105,구랑,209900202
5200055000,55,21,지사산단입구,209900301
5200055000,55,80,지사산단입구,209900301
5203005000,3005,11,지사산단입구,209900301
5203005000,3005,54,지사산단입구,209900301
5203007000,3007,16,지사산단입구,209900301
5200007000,7,39,혜성아파트,209910101
5200030000,30,37,혜성아파트,209910101
5200071000,71,39,혜성아파트,209910101
5200007000,7,40,현대아파트,209910102
5200030000,30,38,현대아파트,209910102
5200071000,71,40,현대아파트,209910102
5200026000,26,35,송도혜성아파트·풍림아이원아파트,209910201
5200030000,30,56,송도혜성아파트·풍림아이원아파트,209910201
5200096000,96,54,송도혜성아파트·풍림아이원아파트,209910201
5200007000,7,59,송도공영주차장,209910202
5200026000,26,36,송도공영주차장,209910202
5200030000,30,57,송도공영주차장,209910202
5200071000,71,59,송도공영주차장,209910202
5200096000,96,55,송도공영주차장,209910202
5200007000,7,60,송도해수욕장,209910203
5200026000,26,37,송도해수욕장,209910203
5200030000,30,58,송도해수욕장,209910203
5200071000,71,60,송도해수욕장,209910203
5200096000,96,56,송도해수욕장,209910203
5200007000,7,61,송도초등학교,209910204
5200026000,26,38,송도초등학교,209910204
5200030000,30,59,송도초등학교,209910204
5200071000,71,61,송도초등학교,209910204
5200096000,96,57,송도초등학교,209910204
5200007000,7,62,송도교차로,209910206
5291401000,강서구1,45,부산신항,209930102
5291401100,강서구1-1,38,부산신항,209930102
5291401000,강서구1,59,다목적터미널,209930404
5291401100,강서구1-1,52,다목적터미널,209930404
5291401000,강서구1,60,현대상선,209930405
5291401100,강서구1-1,53,현대상선,209930405
5290903000,해운대구3,25,해운대구문화복합센터,209940101
5200181000,181,77,센텀초등학교,209940201
5201002000,1002,56,센텀초등학교,209940201
5200181000,181,78,센텀파크,209940202
5201002000,1002,57,센텀파크,209940202
5290903000,해운대구3,11,센텀초등학교,209940203
5290903200,해운대구3-2,20,센텀초등학교,209940203
5290903000,해운대구3,12,센텀파크.부산은행,209940204
5290903200,해운대구3-2,21,센텀파크.부산은행,209940204
5290903000,해운대구3,13,센텀파크112동,209940205
5290903200,해운대구3-2,22,센텀파크112동,209940205
5290903000,해운대구3,10,해운대구문화복합센터,209950201
5290903200,해운대구3-2,19,해운대구문화복합센터,209950201
5200051000,51,103,온천장,209960101
5200100000,100,60,온천장,209960101
5200110100,110-1,33,온천장,209960101
5200203000,203,17,온천장,209960101
5200015000,15,56,보수사거리,209980201
5200040000,40,79,보수사거리,209980201
5200081000,81,48,보수사거리,209980201
5200126000,126,66,보수사거리,209980201
5200008000,8,28,보수초등학교,210000301
5200011000,11,70,보수초등학교,210000301
5200096000,96,68,보수초등학교,210000301
5200103000,103,35,보수초등학교,210000301
5200113000,113,24,보수초등학교,210000301
5200126000,126,75,보수초등학교,210000301
5200002F00,2-F,79,보수초등학교,210000301
5291003000,사하구3,32,언양식당,210010201
5291003000,사하구3,31,청도식당,210010202
5291003000,사하구3,34,구평고물상,210020101
5291003000,사하구3,25,구평농협,210020201
5291003000,사하구3,26,언양식당,210030101
5291003000,사하구3,28,진해식당,210030102
5291003000,사하구3,27,청도식당,210030103
5291003000,사하구3,33,구평농협,210030201
5291003000,사하구3,30,진해식당,210040201
5291003000,사하구3,29,천우슈퍼,210040202
5200022000,22,45,좌천할인마트.서린엘마르더뷰,210050101
5200038100,38-1,43,좌천할인마트.서린엘마르더뷰,210050101
5200086000,86,82,좌천할인마트.서린엘마르더뷰,210050101
5200087000,87,83,좌천할인마트.서린엘마르더뷰,210050101
5200186000,186,46,좌천할인마트.서린엘마르더뷰,210050101
5290302000,동구2,32,성북고개,210050102
5290302000,동구2,31,"좌천할인마트,서린엘마르더뷰",210050103
5200022000,22,46,성북고개,210060101
5200038100,38-1,44,성북고개,210060101
5200086000,86,83,성북고개,210060101
5200087000,87,84,성북고개,210060101
5200186000,186,47,성북고개,210060101
5200022000,22,47,범일초등학교,210060102
5200038100,38-1,45,범일초등학교,210060102
5200086000,86,84,범일초등학교,210060102
5200186000,186,48,범일초등학교,210060102
5200038100,38-1,9,좌천할인마트.서린엘마르더뷰,210060201
5200086000,86,30,좌천할인마트.서린엘마르더뷰,210060201
5200087000,87,34,좌천할인마트.서린엘마르더뷰,210060201
5200186000,186,98,좌천할인마트.서린엘마르더뷰,210060201
5290302000,동구2,34,수동경로당,210060301
5290302000,동구2,33,수정동부교회,210060302
5290302000,동구2,17,렉슬빌라,210070201
5290302000,동구2,45,대화주택,210070301
5290302000,동구2,44,덕암빌라,210070302
5290302000,동구2,42,수정산체육공원,210070303
5290302000,동구2,40,동여자중학교,210070304
5290302000,동구2,39,동여자중학교후문,210070305
5290302000,동구2,38,동원빌라,210070306
5290302000,동구2,46,부산종합사회복지관,210070307
5290302000,동구2,36,수성아파트,210070308
5290302000,동구2,47,수정4동,210070309
5290402000,영도구2,2,복지회관,210080101
5290402000,영도구2,3,복천사,210080102
5290402000,영도구2,1,체육공원,210080103
5290515000,부산진구15,1,원당골,210130101
5290515000,부산진구15,2,초읍대우아파트,210130102
5290515000,부산진구15,3,초읍중학교,210130103
5200010000,10,107,사직2동행정복지센터,210140301
5200046000,46,56,사직2동행정복지센터,210140301
5200210000,210,94,사직2동행정복지센터,210140301
5290605000,동래구5,42,사직2동행정복지센터,210140302
5290605000,동래구5,10,사직동교회,210150101
5290605000,동래구5,11,사직시장,210150102
5290605000,동래구5,40,삼익아파트정문,210150201
5290701000,남구1,2,동천고등학교,210160101
5290702000,남구2,33,산성교회,210170301
5290709000,남구9,16,산성교회,210170301
5200031000,31,139,해운대시장,210190201
5200039000,39,98,해운대시장,210190201
5200100000,100,104,해운대시장,210190201
5200115100,115-1,61,해운대시장,210190201
5200141000,141,89,해운대시장,210190201
5200200000,200,104,해운대시장,210190201
5200141F00,141-F,77,해운대시장,210190201
5200307000,307,99,해운대구문화복합센터,210210201
5201002000,1002,55,해운대구문화복합센터,210210201
5200100000,100,38,과정교,210210301
5200100100,100-1,28,과정교,210210301
5290702000,남구2,8,용호동벽산아파트,210250201
5290708000,남구8,1,용호동벽산아파트,210250201
5200182000,182,102,화전마을.부산예빛학교,210280201
5200187000,187,86,화전마을.부산예빛학교,210280201
5291608000,기장군8,102,화전마을.부산예빛학교,210280202
5291411000,강서구11,59,월포,210350101
5291405000,강서구5,48,수문할매집,210390102
5291405000,강서구5,23,변덕마을,210390301
5200003000,3,45,엘크루블루오션4단지,210400301
5200124000,124,84,엘크루블루오션4단지,210400301
5200128100,128-1,100,엘크루블루오션4단지,210400301
5200171000,171,113,엘크루블루오션4단지,210400301
5200520000,520,62,엘크루블루오션4단지,210400301
5200003000,3,69,엘크루블루오션6단지,210410101
5200124000,124,26,엘크루블루오션6단지,210410101
5200128100,128-1,13,엘크루블루오션6단지,210410101
5200171000,171,18,엘크루블루오션6단지,210410101
5200520000,520,51,엘크루블루오션6단지,210410101
5200003000,3,46,롯데캐슬아파트,210410201
5200128100,128-1,101,롯데캐슬아파트,210410201
5200171000,171,114,롯데캐슬아파트,210410201
5200520000,520,63,롯데캐슬아파트,210410201
5200055000,55,56,강서경찰서,210430101
5200058000,58,35,강서경찰서,210430101
5200161000,161,14,강서경찰서,210430101
5203005000,3005,73,강서경찰서,210430101
5203007000,3007,32,강서경찰서,210430101
5291407000,강서구7,27,강서경찰서,210430102
5291409100,강서구9-1,30,강서경찰서,210430102
5291412000,강서구12,33,강서경찰서,210430102
5291412100,강서구12-1,25,강서경찰서,210430102
5200055000,55,70,순아3구,210430201
5200058000,58,67,순아3구,210430201
5200161000,161,104,순아3구,210430201
5200055000,55,55,순아3구,210440101
5200058000,58,34,순아3구,210440101
5200161000,161,13,순아3구,210440101
5291407000,강서구7,47,순아3구,210440201
5291409100,강서구9-1,50,순아3구,210440201
5291412000,강서구12,53,순아3구,210440201
5291412100,강서구12-1,41,순아3구,210440201
5290511000,부산진구11,44,양정포레힐즈스위첸,210460101
5290511000,부산진구11,45,연산전화국,210460102
5290511000,부산진구11,3,양정자이더샵SK뷰,210460201
5200005100,5-1,47,세정고·양정119안전센터,210470301
5200020000,20,28,세정고·양정119안전센터,210470301
5200057000,57,40,세정고·양정119안전센터,210470301
5200062000,62,18,세정고·양정119안전센터,210470301
5200063000,63,43,세정고·양정119안전센터,210470301
5200141F00,141-F,33,세정고·양정119안전센터,210470301
5291303000,연제구3,2,유림스토아,210480101
5291303000,연제구3,3,유림아파트113동,210480102
5291303000,연제구3,35,유림아파트112동,210480201
5291307000,연제구7,48,동서그린아파트,210490101
5291307000,연제구7,47,동암학교,210490102
5291307000,연제구7,5,정수사,210500101
5291307000,연제구7,45,로얄아파트,210510101
5291307000,연제구7,46,정수사,210510102
5291307000,연제구7,9,남일고,210510201
5291307000,연제구7,8,로얄아파트상가,210510202
5291307000,연제구7,6,로얄아파트,210510203
5291307000,연제구7,7,로얄아파트101동,210510204
5291202000,수영구2,64,망미초등학교,210520203
5291202000,수영구2,65,팔도시장후문,210520204
5291202000,수영구2,9,수영경찰서,210520301
5291202000,수영구2,10,망미역,210520302
5291411000,강서구11,54,덕두새동네,210540102
5291413000,강서구13,17,공항입구,210540103
5291413000,강서구13,61,공항입구,210540103
5291202000,수영구2,34,수영세무서,210540201
5291503000,사상구3,21,동서대글로벌빌리지,210560201
5291503100,사상구3-1,20,동서대글로벌빌리지,210560201
5291503000,사상구3,23,현대무지개아파트,210560202
5291503100,사상구3-1,22,현대무지개아파트,210560202
5291503000,사상구3,22,현대무지개아파트관리사무소,210560203
5291503100,사상구3-1,21,현대무지개아파트관리사무소,210560203
5291202000,수영구2,35,남천1동 행정복지센터,210570201
5291503000,사상구3,3,동서대글로벌빌리지,210580101
5291503100,사상구3-1,3,동서대글로벌빌리지,210580101
5291503000,사상구3,1,현대무지개아파트,210580102
5291503100,사상구3-1,1,현대무지개아파트,210580102
5291503000,사상구3,2,현대무지개아파트관리사무소,210580103
5291503100,사상구3-1,2,현대무지개아파트관리사무소,210580103
5291507000,사상구7,22,모라종합사회복지관,210590201
5291507000,사상구7,21,모라1단지종점,210590202
5291507000,사상구7,10,캐슬스포츠센터,210600101
5291507000,사상구7,37,조광페인트,210600201
5291603000,기장군3,44,한수원인재개발원입구,210630101
5291603000,기장군3,54,한수원인재개발원입구,210630201
5291606000,기장군6,13,신앙촌,210670202
5291411000,강서구11,25,덕두,210680101
5291411000,강서구11,48,대저농협앞,210680301
5291411000,강서구11,47,덕두,210680601
5200109000,109,37,덕두시장,210700301
5291413000,강서구13,54,덕두,210700302
5200134000,134,47,천마마을,210740201
5200029000,29,142,부산종합터미널.노포역,210760101
5200049000,49,110,부산종합터미널.노포역,210760101
5200050000,50,94,부산종합터미널.노포역,210760101
5200051000,51,129,부산종합터미널.노포역,210760101
5200080000,80,112,부산종합터미널.노포역,210760101
5200090000,90,19,부산종합터미널.노포역,210760101
5200131000,131,148,부산종합터미널.노포역,210760101
5200148000,148,114,부산종합터미널.노포역,210760101
5200300000,300,72,부산종합터미널.노포역,210760101
5200301000,301,71,부산종합터미널.노포역,210760101
5201002000,1002,79,부산종합터미널.노포역,210760101
5201002F00,1002-F,127,부산종합터미널.노포역,210760101
5291102200,금정구2-2,3,부산종합터미널.노포역,210760102
5291602300,기장군2-3,3,부산종합터미널.노포역,210760102
5200037000,37,2,부산종합터미널.노포역,210760201
5200037000,37,118,부산종합터미널.노포역,210760201
5200090000,90,6,부산종합터미널.노포역,210760201
5200029000,29,3,노포삼거리,210760301
5200049000,49,3,노포삼거리,210760301
5200050000,50,24,노포삼거리,210760301
5200051000,51,3,노포삼거리,210760301
5200080000,80,3,노포삼거리,210760301
5200090000,90,7,노포삼거리,210760301
5200131000,131,3,노포삼거리,210760301
5200148000,148,3,노포삼거리,210760301
5200300000,300,3,노포삼거리,210760301
5200301000,301,3,노포삼거리,210760301
5201002F00,1002-F,37,노포삼거리,210760301
5200008000,8,75,청학시장,210810101
5200030000,30,78,청학시장,210810101
5200088000,88,102,청학시장,210810101
5200088100,88-1,26,청학시장,210810101
5200101000,101,95,청학시장,210810101
5200113000,113,101,청학시장,210810101
5200186000,186,130,청학시장,210810101
5200190000,190,127,청학시장,210810101
5291009000,사하구9,31,장림시장번영1길,210830301
5291611000,기장군11,67,기장고등학교,210890101
5200036000,36,138,대라리사거리,210900201
5200139000,139,24,대라리사거리,210900201
5200180000,180,73,대라리사거리,210900201
5200181000,181,27,대라리사거리,210900201
5200182000,182,122,대라리사거리,210900201
5200188000,188,98,대라리사거리,210900201
5291611000,기장군11,65,대라리사거리,210900202
5290401000,영도구1,15,부산보건고등학교,210920201
5290405000,영도구5,66,부산보건고등학교,210920201
5200006000,6,91,부산보건고,210930201
5200007000,7,80,부산보건고,210930201
5200009000,9,87,부산보건고,210930201
5200070000,70,93,부산보건고,210930201
5200071000,71,78,부산보건고,210930201
5200082000,82,72,부산보건고,210930201
5200085000,85,75,부산보건고,210930201
5200508000,508,66,부산보건고,210930201
5200082000,82,16,영선2동행정복지센터,210960101
5200085000,85,13,영선2동행정복지센터,210960101
5203003000,3003,8,영선2동행정복지센터,210960101
5203006000,3006,41,영선2동행정복지센터,210960101
5290402000,영도구2,12,강남병원,210970101
5290402000,영도구2,11,탑마트,210970102
5290405000,영도구5,52,탑마트,210970102
5290401000,영도구1,13,성모신협,210970201
5200009000,9,59,인성글로벌냉장,210980301
5200009000,9,60,동양레미콘,210980302
5200009000,9,61,한일냉장,210980303
5200009000,9,62,감천항동편부두,210980304
5200009000,9,47,감천1.2.3부두,210990101
5200006000,6,77,대림아파트,211000101
5200026000,26,41,대림아파트,211000101
5200030000,30,62,대림아파트,211000101
5200071000,71,64,대림아파트,211000101
5200096000,96,60,대림아파트,211000101
5200096100,96-1,44,대림아파트,211000101
5200006000,6,78,등대시장,211000102
5200026000,26,42,등대시장,211000102
5200030000,30,63,등대시장,211000102
5200071000,71,65,등대시장,211000102
5200096000,96,61,등대시장,211000102
5200096100,96-1,45,등대시장,211000102
5200006000,6,79,대진아파트,211000103
5200026000,26,43,대진아파트,211000103
5200030000,30,64,대진아파트,211000103
5200071000,71,66,대진아파트,211000103
5200096000,96,62,대진아파트,211000103
5200096100,96-1,46,대진아파트,211000103
5200006000,6,80,공동어시장,211000104
5200026000,26,44,공동어시장,211000104
5200030000,30,65,공동어시장,211000104
5200071000,71,67,공동어시장,211000104
5200096000,96,63,공동어시장,211000104
5200096100,96-1,47,공동어시장,211000104
5200006000,6,81,충무쇼핑.충무동새벽시장,211000105
5200026000,26,45,충무쇼핑.충무동새벽시장,211000105
5200030000,30,66,충무쇼핑.충무동새벽시장,211000105
5200071000,71,68,충무쇼핑.충무동새벽시장,211000105
5200096000,96,64,충무쇼핑.충무동새벽시장,211000105
5200096100,96-1,48,충무쇼핑.충무동새벽시장,211000105
5200006000,6,82,자갈치역.충무동해안시장,211000106
5200026000,26,46,자갈치역.충무동해안시장,211000106
5200030000,30,67,자갈치역.충무동해안시장,211000106
5200071000,71,69,자갈치역.충무동해안시장,211000106
5200096000,96,65,자갈치역.충무동해안시장,211000106
5200096100,96-1,49,자갈치역.충무동해안시장,211000106
5200006000,6,49,암남동행정복지센터,211000201
5200026000,26,31,암남동행정복지센터,211000201
5200030000,30,32,암남동행정복지센터,211000201
5200071000,71,35,암남동행정복지센터,211000201
5200096000,96,50,암남동행정복지센터,211000201
5200096100,96-1,57,암남동행정복지센터,211000201
5203006000,3006,19,암남동행정복지센터,211000201
5200006000,6,68,삼성여고,211010101
5200016000,16,26,삼성여고,211010101
5200096100,96-1,35,삼성여고,211010101
5200172000,172,43,삼성여고,211010101
5291001000,사하구1,15,삼성여고,211010102
5291001100,사하구1-1,8,삼성여고,211010102
5291001000,사하구1,37,괴정동교차로,211020101
5291001100,사하구1-1,55,괴정동교차로,211020101
5291005000,사하구5,38,괴정동교차로,211020101
5291008000,사하구8,23,괴정동교차로,211020101
5291014000,사하구14,21,괴정동교차로,211020101
5291015000,사하구15,38,괴정동교차로,211020101
5200006000,6,67,감천삼거리,211030201
5200016000,16,25,감천삼거리,211030201
5291001000,사하구1,14,감천삼거리,211030202
5291001100,사하구1-1,7,감천삼거리,211030202
5200088100,88-1,22,홈플러스,211040101
5290401000,영도구1,2,미광아파트,211040301
5200006000,6,87,깡깡이예술마을,211060201
5200008000,8,81,일동미라주아파트,211100201
5200030000,30,84,일동미라주아파트,211100201
5200088000,88,108,일동미라주아파트,211100201
5200101000,101,101,일동미라주아파트,211100201
5200113000,113,107,일동미라주아파트,211100201
5200190000,190,133,일동미라주아파트,211100201
5290405000,영도구5,6,천리교,211110301
5290405000,영도구5,106,동삼주공아파트1단지,211120101
5290405000,영도구5,8,태종파크맨션,211120301
5290405000,영도구5,9,동삼슈퍼,211130101
5290405000,영도구5,105,태종파크맨션,211130301
5200008000,8,77,청학주유소,211150101
5200030000,30,80,청학주유소,211150101
5200088000,88,104,청학주유소,211150101
5200088100,88-1,28,청학주유소,211150101
5200101000,101,97,청학주유소,211150101
5200113000,113,103,청학주유소,211150101
5200186000,186,132,청학주유소,211150101
5200190000,190,129,청학주유소,211150101
5290407000,영도구7,4,대영약국,211150103
5290407000,영도구7,6,부영슈퍼,211150104
5290407000,영도구7,5,청학주유소,211150105
5200006000,6,30,남도여중,211160301
5200006000,6,104,남도여중,211160301
5200009000,9,14,남도여중,211160301
5200082000,82,10,남도여중,211160301
5200085000,85,7,남도여중,211160301
5200006000,6,19,신선중학교,211170101
5200006000,6,93,신선중학교,211170101
5200009000,9,89,신선중학교,211170101
5200082000,82,74,신선중학교,211170101
5200085000,85,77,신선중학교,211170101
5290401000,영도구1,17,신선중학교,211170102
5290405000,영도구5,68,신선중학교,211170102
5200006000,6,32,신선중학교,211200301
5200006000,6,106,신선중학교,211200301
5200009000,9,16,신선중학교,211200301
5200082000,82,12,신선중학교,211200301
5200085000,85,9,신선중학교,211200301
5200006000,6,33,흰여울문화마을,211210201
5200009000,9,17,흰여울문화마을,211210201
5200082000,82,13,흰여울문화마을,211210201
5200085000,85,10,흰여울문화마을,211210201
5290402000,영도구2,6,흰여울문화마을,211210202
5290405000,영도구5,48,흰여울문화마을,211210202
5290405000,영도구5,54,영도초등학교,211230101
5290405000,영도구5,63,강남병원,211230201
5290401000,영도구1,36,외환은행,211240101
5200082000,82,69,남항시장,211240301
5200085000,85,72,남항시장,211240301
5200017000,17,118,동삼초등학교,211300201
5290405000,영도구5,10,동삼중앙어린이집,211320102
5290405000,영도구5,104,동삼슈퍼,211320301
5200017000,17,113,해동종합,211380101
5200017000,17,114,아르떼뮤지엄·미창석유,211380102
5200017000,17,14,(주)거청,211380301
5200017000,17,15,(구)대선조선,211380302
5200017000,17,16,청학수변공원,211380303
5200017000,17,17,부산조선,211380304
5200017000,17,112,(주)거청,211390101
5200017000,17,111,(구)대선조선,211390102
5200017000,17,110,청학수변공원,211390103
5200017000,17,109,부산조선,211390104
5200008000,8,16,SK부산저유소,211390301
5200017000,17,18,SK부산저유소,211390301
5200030000,30,16,SK부산저유소,211390301
5200088000,88,15,SK부산저유소,211390301
5200088100,88-1,8,SK부산저유소,211390301
5200101000,101,16,SK부산저유소,211390301
5200113000,113,12,SK부산저유소,211390301
5200186000,186,16,SK부산저유소,211390301
5200190000,190,16,SK부산저유소,211390301
5200017000,17,19,HJ중공업,211390302
5200088000,88,16,HJ중공업,211390302
5200088100,88-1,9,HJ중공업,211390302
5200101000,101,17,HJ중공업,211390302
5200186000,186,17,HJ중공업,211390302
5200190000,190,17,HJ중공업,211390302
5203001000,3001,34,HJ중공업,211390302
5203006000,3006,16,HJ중공업,211390302
5200008000,8,17,HJ중공업,211390303
5200030000,30,17,HJ중공업,211390303
5200113000,113,13,HJ중공업,211390303
5200040000,40,40,광안역,211460301
5201001000,1001,21,광안역,211460301
5201003000,1003,34,광안역,211460301
5201003F00,1003-F,39,광안역,211460301
5290402000,영도구2,23,대평화장품,211480201
5200007000,7,23,대교사거리,211500101
5200009000,9,22,대교사거리,211500101
5200011000,11,63,대교사거리,211500101
5200070000,70,32,대교사거리,211500101
5200071000,71,24,대교사거리,211500101
5200508000,508,24,대교사거리,211500101
5200007000,7,77,남항동,211500301
5200009000,9,84,남항동,211500301
5200011000,11,58,남항동,211500301
5200070000,70,90,남항동,211500301
5200071000,71,75,남항동,211500301
5200508000,508,63,남항동,211500301
5290401000,영도구1,7,제일은행,211500302
5200006000,6,108,영선아파트,211520201
5200007000,7,82,영선아파트,211520201
5200070000,70,95,영선아파트,211520201
5200071000,71,80,영선아파트,211520201
5200508000,508,68,영선아파트,211520201
5200007000,7,18,흰여울문화마을,211520301
5200070000,70,27,흰여울문화마을,211520301
5200071000,71,19,흰여울문화마을,211520301
5200508000,508,19,흰여울문화마을,211520301
5203003000,3003,7,흰여울문화마을,211520301
5290402000,영도구2,9,남항초등학교,211550101
5290405000,영도구5,50,남항초등학교,211550101
5290402000,영도구2,24,대동대교맨션,211620201
5290402000,영도구2,25,토토볼링장,211620202
5290402000,영도구2,19,대평화장품,211620401
5290402000,영도구2,20,진주슈퍼,211650301
5291416000,강서구16,2,옥포,211720101
5200055000,55,19,옥포마을,211730101
5291416000,강서구16,33,옥포마을입구,211730301
5203005000,3005,22,에스피엘,211740101
5203005000,3005,36,렛츠런파크입구,211750101
5291407000,강서구7,64,렛츠런파크입구,211750102
5291407100,강서구7-1,15,렛츠런파크입구,211750102
5291407200,강서구7-2,26,렛츠런파크입구,211750102
5203005000,3005,43,렛츠런파크입구,211750201
5200123000,123,121,불암역,211770301
5200127000,127,94,불암역,211770301
5201004000,1004,88,불암역,211770301
5201004F00,1004-F,149,불암역,211770301
5291411000,강서구11,66,설만마을회관,211790101
5291411000,강서구11,68,동신에프에이,211790102
5291411000,강서구11,67,신진화이너스,211790103
5291411000,강서구11,9,정관도새집,211790401
5291405000,강서구5,67,공항상회,211800301
5291422000,강서구22,34,공항상회,211800301
5291405000,강서구5,65,평강사리마을입구,211800302
5291422000,강서구22,32,평강사리마을입구,211800302
5291405000,강서구5,68,칠점입구,211800303
5291422000,강서구22,35,칠점입구,211800303
5291405000,강서구5,66,평강사리,211800304
5291422000,강서구22,33,평강사리,211800304
5200123000,123,29,강서구청,211810201
5200307000,307,70,강서구청,211810201
5200123000,123,110,대저119안전센터,211810301
5200127000,127,83,대저119안전센터,211810301
5200307000,307,48,대저119안전센터,211810301
5201004F00,1004-F,138,대저119안전센터,211810301
5291411000,강서구11,42,대저119안전센터,211810302
5291413000,강서구13,6,대저119안전센터,211810303
5291405000,강서구5,26,새날교회,211820101
5291405000,강서구5,27,대상초등학교,211820301
5200006000,6,23,영도배수지,211830101
5200006000,6,97,영도배수지,211830101
5200009000,9,93,영도배수지,211830101
5200082000,82,78,영도배수지,211830101
5200085000,85,81,영도배수지,211830101
5200006000,6,24,삼거리이용원,211830102
5200006000,6,98,삼거리이용원,211830102
5200009000,9,94,삼거리이용원,211830102
5200082000,82,79,삼거리이용원,211830102
5200085000,85,82,삼거리이용원,211830102
5290402000,영도구2,43,영도배수지입구,211830201
5200070000,70,36,부산항만공사,211850401
5200088100,88-1,13,부산항만공사,211850401
5200101000,101,21,부산항만공사,211850401
5291502200,사상구2-2,19,양지공원,211880301
5291501100,사상구1-1,19,모덕초등학교,211920101
5291501100,사상구1-1,18,자유아파트,211920102
5291501100,사상구1-1,34,사상도서관,211920401
5291501100,사상구1-1,24,모라화인아파트,211940401
5291501100,사상구1-1,27,협성아파트,211950301
5291501100,사상구1-1,25,모라벽산아파트,211960201
5200033100,33-1,60,구포현대아파트,211970101
5200169000,169,41,구포현대아파트,211970101
5200169100,169-1,81,구포현대아파트,211970101
5201004000,1004,77,구포현대아파트,211970101
5201004F00,1004-F,125,구포현대아파트,211970101
5291419000,강서구19,29,구포현대아파트,211970102
5200033100,33-1,40,모라119안전센터,211970301
5200169000,169,82,모라119안전센터,211970301
5200169100,169-1,18,모라119안전센터,211970301
5201004000,1004,27,모라119안전센터,211970301
5201004F00,1004-F,31,모라119안전센터,211970301
5291419000,강서구19,11,모라119안전센터,211970302
5291501100,사상구1-1,28,모라119안전센터,211970302
5291501100,사상구1-1,23,삼정그린코아아파트,211980201
5200033100,33-1,42,모라농협,211980301
5200169000,169,84,모라농협,211980301
5200169100,169-1,20,모라농협,211980301
5201004000,1004,28,모라농협,211980301
5201004F00,1004-F,33,모라농협,211980301
5200033100,33-1,41,모라우성아파트,211980302
5200169000,169,83,모라우성아파트,211980302
5200169100,169-1,19,모라우성아파트,211980302
5201004F00,1004-F,32,모라우성아파트,211980302
5291419000,강서구19,13,모라농협,211980303
5291501100,사상구1-1,30,모라농협,211980303
5291419000,강서구19,12,모라우성아파트,211980304
5291501100,사상구1-1,29,모라우성아파트,211980304
5290802000,북구2,24,만덕동일아파트,212020101
5290802000,북구2,25,옥천사입구,212020102
5200015000,15,100,구룡사,212040101
5200059000,59,120,구룡사,212040101
5200111000,111,90,구룡사,212040101
5200121000,121,73,구룡사,212040101
5200300000,300,41,구룡사,212040101
5200015000,15,99,북구문화빙상센터,212040102
5200059000,59,119,북구문화빙상센터,212040102
5200111000,111,89,북구문화빙상센터,212040102
5200121000,121,72,북구문화빙상센터,212040102
5200300000,300,40,북구문화빙상센터,212040102
5200015000,15,101,수정강변타운후문,212040103
5200059000,59,121,수정강변타운후문,212040103
5200111000,111,91,수정강변타운후문,212040103
5200121000,121,74,수정강변타운후문,212040103
5200300000,300,42,수정강변타운후문,212040103
5290803000,북구3,29,구룡사,212040104
5290807000,북구7,15,구룡사,212040104
5291101000,금정구1,31,구룡사,212040104
5290803000,북구3,30,수정강변타운후문,212040105
5290807000,북구7,16,수정강변타운후문,212040105
5291101000,금정구1,32,수정강변타운후문,212040105
5200015000,15,23,덕천교차로,212040301
5200059000,59,15,덕천교차로,212040301
5200111000,111,23,덕천교차로,212040301
5200121000,121,23,덕천교차로,212040301
5200300000,300,37,덕천교차로,212040301
5290803000,북구3,26,덕천교차로,212040302
5290807000,북구7,12,덕천교차로,212040302
5291101000,금정구1,28,덕천교차로,212040302
5291603000,기장군3,50,서생농협,212050101
5291603000,기장군3,51,신암,212060101
5291603000,기장군3,48,신리마을,212070101
5291603000,기장군3,47,원자력후문,212070102
5291603000,기장군3,49,해수탕,212070103
5291603000,기장군3,52,신리삼거리,212080101
5291603000,기장군3,53,신리입구,212080102
5291603000,기장군3,55,봉수대입구,212090201
5291603000,기장군3,46,신리삼거리,212100301
5291603000,기장군3,45,신리입구,212100302
5290903200,해운대구3-2,13,센텀피오레1차,212120101
5290903200,해운대구3-2,17,동해선재송역,212130102
5200031000,31,126,동해선재송역,212130103
5200107000,107,50,동해선재송역,212130103
5200144000,144,51,동해선재송역,212130103
5200200000,200,91,동해선재송역,212130103
5290901000,해운대구1,24,동해선재송역,212130301
5290903000,해운대구3,29,동해선재송역,212130301
5290903200,해운대구3-2,14,센텀리슈빌아파트,212140101
5290903200,해운대구3-2,15,센텀E편한세상,212140102
5290903200,해운대구3-2,16,송수초교,212140103
5290601000,동래구1,28,삼한아파트,212150101
5290601000,동래구1,29,성지아파트,212150102
5200036000,36,117,한신아파트,212220101
5200183000,183,93,한신아파트,212220101
5200183F00,183-F,97,한신아파트,212220101
5200036000,36,29,한신아파트,212220201
5200183000,183,15,한신아파트,212220201
5200183F00,183-F,15,한신아파트,212220201
5200036000,36,118,기장교리아파트,212240101
5200183000,183,94,기장교리아파트,212240101
5200183F00,183-F,98,기장교리아파트,212240101
5200036000,36,119,교리초등학교,212240102
5200183000,183,95,교리초등학교,212240102
5200183F00,183-F,99,교리초등학교,212240102
5291611000,기장군11,55,만화리,212260101
5291611000,기장군11,56,만화리입구,212260102
5291608000,기장군8,93,부산장안고등학교,212290101
5291657000,기장군57,65,부산장안고등학교,212290101
5200037000,37,76,내덕입구,212290301
5200182000,182,35,내덕입구,212290301
5200188000,188,139,내덕입구,212290301
5200302000,302,69,내덕입구,212290301
5200037000,37,75,부산프리미엄아울렛,212290303
5200182000,182,34,부산프리미엄아울렛,212290303
5200188000,188,138,부산프리미엄아울렛,212290303
5200302000,302,68,부산프리미엄아울렛,212290303
5203008000,3008,9,부산프리미엄아울렛,212290303
5203008F00,3008-F,10,부산프리미엄아울렛,212290303
5291608000,기장군8,29,부산프리미엄아울렛,212290304
5291657000,기장군57,6,부산프리미엄아울렛,212290304
5200037000,37,48,좌천삼거리,212340101
5200182000,182,97,좌천삼거리,212340101
5200187000,187,81,좌천삼거리,212340101
5200188000,188,38,좌천삼거리,212340101
5200302000,302,64,좌천삼거리,212340101
5203008000,3008,92,좌천삼거리,212340101
5203008F00,3008-F,93,좌천삼거리,212340101
5291603000,기장군3,35,좌천삼거리,212340102
5291603000,기장군3,69,좌천삼거리,212340102
5291608000,기장군8,97,좌천삼거리,212340102
5291657000,기장군57,67,좌천삼거리,212340102
5200182000,182,31,좌동리교차로,212340301
5200187000,187,31,좌동리교차로,212340301
5200302000,302,59,좌동리교차로,212340301
5200037000,37,23,평전마을,212400101
5200073000,73,103,평전마을,212400101
5200106000,106,101,평전마을,212400101
5200107000,107,99,평전마을,212400101
5200182000,182,72,평전마을,212400101
5200184000,184,74,평전마을,212400101
5200188000,188,167,평전마을,212400101
5203008000,3008,76,평전마을,212400101
5203008F00,3008-F,77,평전마을,212400101
5200037000,37,22,산막입구,212400102
5200073000,73,102,산막입구,212400102
5200106000,106,100,산막입구,212400102
5200107000,107,98,산막입구,212400102
5200182000,182,71,산막입구,212400102
5200184000,184,73,산막입구,212400102
5200188000,188,166,산막입구,212400102
5203008000,3008,75,산막입구,212400102
5203008F00,3008-F,76,산막입구,212400102
5200073000,73,104,신동아파밀리에후문,212400103
5200106000,106,102,신동아파밀리에후문,212400103
5200107000,107,100,신동아파밀리에후문,212400103
5200184000,184,75,신동아파밀리에후문,212400103
5200188000,188,168,신동아파밀리에후문,212400103
5203008000,3008,77,신동아파밀리에후문,212400103
5203008F00,3008-F,78,신동아파밀리에후문,212400103
5200037000,37,31,정관읍행정복지센터.기장소방서,212400104
5200073000,73,4,정관읍행정복지센터.기장소방서,212400104
5200073000,73,105,정관읍행정복지센터.기장소방서,212400104
5200106000,106,4,정관읍행정복지센터.기장소방서,212400104
5200106000,106,103,정관읍행정복지센터.기장소방서,212400104
5200107000,107,4,정관읍행정복지센터.기장소방서,212400104
5200107000,107,101,정관읍행정복지센터.기장소방서,212400104
5200182000,182,80,정관읍행정복지센터.기장소방서,212400104
5200302000,302,41,정관읍행정복지센터.기장소방서,212400104
5203008000,3008,78,정관읍행정복지센터.기장소방서,212400104
5203008F00,3008-F,79,정관읍행정복지센터.기장소방서,212400104
5291103100,금정구3-1,42,선동상현마을,212490201
5291103100,금정구3-1,18,회동수원지입구,212490202
5291103100,금정구3-1,40,회동수원지입구,212490202
5291103100,금정구3-1,19,상현마을입구,212490203
5291103100,금정구3-1,41,상현마을입구,212490203
5291106000,금정구6,47,동래구.금정구선거관리위원회,212500301
5200042000,42,105,동일고무벨트,212530101
5200099000,99,64,동일고무벨트,212530101
5200105000,105,25,동일고무벨트,212530101
5200179000,179,90,동일고무벨트,212530101
5200042000,42,106,부산예원고등학교,212530102
5200099000,99,65,부산예원고등학교,212530102
5200105000,105,26,부산예원고등학교,212530102
5200179000,179,91,부산예원고등학교,212530102
5200005100,5-1,142,욱성화학(주),212530103
5200042000,42,107,욱성화학(주),212530103
5200043000,43,124,욱성화학(주),212530103
5200099000,99,66,욱성화학(주),212530103
5200105000,105,27,욱성화학(주),212530103
5200179000,179,92,욱성화학(주),212530103
5200184000,184,45,욱성화학(주),212530103
5291107000,금정구7,20,법학관.수학관,212540101
5291107000,금정구7,8,법학관.수학관,212540201
5291107000,금정구7,9,중앙도서관.화학관,212540202
5291107000,금정구7,16,미술관.제2사범관,212550101
5291107000,금정구7,15,부산대음악관,212550102
5291107000,금정구7,12,미술관.제2사범관,212560101
5291107000,금정구7,13,부산대음악관,212560102
5291107000,금정구7,17,부산대예술관,212560201
5291303000,연제구3,1,유림아파트112동,212580101
5291306000,연제구6,9,경인문구,212590101
5291306000,연제구6,38,경인문구,212590201
5291306000,연제구6,39,섬강빌라,212590202
5290703000,남구3,41,뉴서울아파트,212600101
5290703000,남구3,42,우암자유아파트,212600102
5200023000,23,62,우암자유아파트,212600201
5200026000,26,66,우암자유아파트,212600201
5200051000,51,66,우암자유아파트,212600201
5200068000,68,93,우암자유아파트,212600201
5200134000,134,89,우암자유아파트,212600201
5200168000,168,90,우암자유아파트,212600201
5290702000,남구2,38,우암자유3차아파트,212600202
5200005100,5-1,103,배산역.만화도서관,212610101
5200063000,63,91,배산역.만화도서관,212610101
5200141000,141,73,배산역.만화도서관,212610101
5200141F00,141-F,61,배산역.만화도서관,212610101
5291306000,연제구6,10,배산역.연제만화도서관,212610102
5291307000,연제구7,37,배산역.연제만화도서관,212610102
5291306000,연제구6,37,배산역,212610201
5200138100,138-1,69,성지고등학교,212620101
5200138100,138-1,70,대연푸르지오클라센트·동림리라,212620102
5200138100,138-1,71,부산공고,212620103
5290703000,남구3,46,부산공업고등학교후문건널목,212620104
5290703000,남구3,47,부산공업고등학교후문,212620105
5290703000,남구3,43,성지고등학교,212620106
5290703000,남구3,44,대승아파트,212620107
5290703000,남구3,45,대연푸르지오클라센트·동림리라,212620108
5290703000,남구3,8,우암자유아파트,212620201
5290703000,남구3,9,뉴서울아파트,212620202
5200051000,51,65,우암뉴서울아파트,212620301
5200138100,138-1,90,우암뉴서울아파트,212620301
5290702000,남구2,37,일신보라아파트,212620302
5290705000,남구5,7,일신보라아파트,212620302
5290705000,남구5,8,뉴서울아파트,212620303
5200007000,7,50,부산국제수산물도매시장,212650101
5200009000,9,54,부산국제수산물도매시장,212650101
5200030000,30,48,부산국제수산물도매시장,212650101
5200071000,71,50,부산국제수산물도매시장,212650101
5200007000,7,47,수산가공선진화단지입구,212650201
5200009000,9,51,수산가공선진화단지입구,212650201
5200030000,30,45,수산가공선진화단지입구,212650201
5200071000,71,47,수산가공선진화단지입구,212650201
5200037000,37,89,신동아파밀리에정문,212690101
5200182000,182,48,신동아파밀리에정문,212690101
5200302000,302,82,신동아파밀리에정문,212690101
5291608000,기장군8,50,신동아파밀리에정문,212690102
5291657000,기장군57,20,신동아파밀리에정문,212690102
5291608000,기장군8,73,정관읍사무소.기장소방서,212690302
5291657000,기장군57,52,정관읍사무소.기장소방서,212690302
5200073000,73,118,가동마을,212690401
5200106000,106,108,가동마을,212690401
5200107000,107,113,가동마을,212690401
5200184000,184,77,가동마을,212690401
5200188000,188,170,가동마을,212690401
5200073000,73,117,정관양우내안애,212690402
5200106000,106,107,정관양우내안애,212690402
5200107000,107,112,정관양우내안애,212690402
5200184000,184,76,정관양우내안애,212690402
5200188000,188,169,정관양우내안애,212690402
5291608000,기장군8,45,중앙중학교,212700202
5291657000,기장군57,54,중앙중학교,212700202
5291657000,기장군57,18,덕산마을,212700302
5200073000,73,6,소두방공원,212700701
5200105000,105,51,소두방공원,212700701
5200107000,107,6,소두방공원,212700701
5200188000,188,23,소두방공원,212700701
5200302000,302,43,소두방공원,212700701
5203008000,3008,80,소두방공원,212700701
5203008F00,3008-F,81,소두방공원,212700701
5200105000,105,59,LH4단지,212710101
5200106000,106,81,LH4단지,212710101
5200184000,184,62,LH4단지,212710101
5200105000,105,39,동원로얄듀크1차아파트,212710301
5200106000,106,30,동원로얄듀크1차아파트,212710301
5200184000,184,18,동원로얄듀크1차아파트,212710301
5200106000,106,31,정관산단입구,212710302
5200184000,184,19,정관산단입구,212710302
5200105000,105,38,LH4단지,212720101
5200106000,106,29,LH4단지,212720101
5200184000,184,17,LH4단지,212720101
5291657000,기장군57,14,달산마을,212720202
5200073000,73,111,달산마을,212720401
5200105000,105,43,달산마을,212720401
5200107000,107,106,달산마을,212720401
5200188000,188,146,달산마을,212720401
5203008000,3008,14,달산마을,212720401
5203008F00,3008-F,15,달산마을,212720401
5200073000,73,112,옛터어린이공원입구,212720402
5200105000,105,44,옛터어린이공원입구,212720402
5200107000,107,107,옛터어린이공원입구,212720402
5200188000,188,147,옛터어린이공원입구,212720402
5203008000,3008,15,옛터어린이공원입구,212720402
5203008F00,3008-F,16,옛터어린이공원입구,212720402
5291657000,기장군57,57,달산마을,212730102
5200073000,73,90,정관산업단지,212760201
5200105000,105,58,동원로얄듀크1차아파트,212760401
5200106000,106,80,동원로얄듀크1차아파트,212760401
5200184000,184,61,동원로얄듀크1차아파트,212760401
5200106000,106,79,정관산단입구,212760402
5200184000,184,60,정관산단입구,212760402
5200037000,37,30,신동아파밀리에정문,212770101
5200182000,182,79,신동아파밀리에정문,212770101
5200302000,302,40,신동아파밀리에정문,212770101
5291608000,기장군8,72,신동아파밀리에정문,212770102
5291657000,기장군57,51,신동아파밀리에정문,212770102
5200037000,37,29,정관홈플러스,212780101
5200182000,182,78,정관홈플러스,212780101
5200302000,302,39,정관홈플러스,212780101
5200037000,37,90,정관홈플러스,212780201
5200182000,182,49,정관홈플러스,212780201
5200302000,302,83,정관홈플러스,212780201
5291608000,기장군8,51,정관홈플러스,212780202
5291657000,기장군57,21,정관홈플러스,212780202
5291608000,기장군8,71,정관홈플러스,212790101
5291657000,기장군57,50,정관홈플러스,212790101
5200037000,37,91,한진해모로,212800201
5200073000,73,94,한진해모로,212800201
5200106000,106,87,한진해모로,212800201
5200107000,107,85,한진해모로,212800201
5200182000,182,50,한진해모로,212800201
5200184000,184,68,한진해모로,212800201
5200188000,188,153,한진해모로,212800201
5200302000,302,84,한진해모로,212800201
5203008000,3008,62,한진해모로,212800201
5203008F00,3008-F,63,한진해모로,212800201
5200037000,37,92,계룡리슈빌,212800202
5200073000,73,95,계룡리슈빌,212800202
5200106000,106,88,계룡리슈빌,212800202
5200107000,107,86,계룡리슈빌,212800202
5200182000,182,51,계룡리슈빌,212800202
5200184000,184,69,계룡리슈빌,212800202
5200188000,188,154,계룡리슈빌,212800202
5200302000,302,85,계룡리슈빌,212800202
5203008000,3008,63,계룡리슈빌,212800202
5203008F00,3008-F,64,계룡리슈빌,212800202
5200073000,73,97,롯데캐슬,212800203
5200106000,106,90,롯데캐슬,212800203
5200107000,107,88,롯데캐슬,212800203
5200184000,184,71,롯데캐슬,212800203
5200188000,188,156,롯데캐슬,212800203
5200302000,302,87,롯데캐슬,212800203
5203008000,3008,65,롯데캐슬,212800203
5203008F00,3008-F,66,롯데캐슬,212800203
5200037000,37,93,정관주민자치회관,212800204
5200073000,73,96,정관주민자치회관,212800204
5200106000,106,89,정관주민자치회관,212800204
5200107000,107,87,정관주민자치회관,212800204
5200182000,182,52,정관주민자치회관,212800204
5200184000,184,70,정관주민자치회관,212800204
5200188000,188,155,정관주민자치회관,212800204
5200302000,302,86,정관주민자치회관,212800204
5203008000,3008,64,정관주민자치회관,212800204
5203008F00,3008-F,65,정관주민자치회관,212800204
5291608000,기장군8,53,계룡리슈빌,212800205
5291657000,기장군57,23,계룡리슈빌,212800205
5291608000,기장군8,54,정관주민자치회관,212800206
5291657000,기장군57,24,정관주민자치회관,212800206
5291608000,기장군8,52,한진해모로,212800207
5291657000,기장군57,22,한진해모로,212800207
5200073000,73,20,현진에버빌,212820201
5200182000,182,68,현진에버빌,212820201
5200106000,106,14,이지더원1차아파트정문,212820401
5200107000,107,21,이지더원1차아파트정문,212820401
5200182000,182,63,이지더원1차아파트정문,212820401
5200188000,188,10,이지더원1차아파트정문,212820401
5203008000,3008,26,이지더원1차아파트정문,212820401
5203008F00,3008-F,27,이지더원1차아파트정문,212820401
5200106000,106,12,현진에버빌후문사거리,212820402
5200107000,107,19,현진에버빌후문사거리,212820402
5200182000,182,61,현진에버빌후문사거리,212820402
5200188000,188,8,현진에버빌후문사거리,212820402
5203008000,3008,24,현진에버빌후문사거리,212820402
5203008F00,3008-F,25,현진에버빌후문사거리,212820402
5200073000,73,100,현진에버빌,212830101
5200182000,182,60,현진에버빌,212830101
5200037000,37,100,솔마루공원,212830201
5200106000,106,93,솔마루공원,212830201
5200107000,107,91,솔마루공원,212830201
5200188000,188,159,솔마루공원,212830201
5200302000,302,90,솔마루공원,212830201
5203008000,3008,68,솔마루공원,212830201
5203008F00,3008-F,69,솔마루공원,212830201
5200073000,73,22,신정초등학교,212830301
5200106000,106,19,신정초등학교,212830301
5200107000,107,26,신정초등학교,212830301
5200188000,188,15,신정초등학교,212830301
5200302000,302,34,신정초등학교,212830301
5203008000,3008,31,신정초등학교,212830301
5203008F00,3008-F,32,신정초등학교,212830301
5291608000,기장군8,66,신정초등학교,212830303
5291657000,기장군57,45,신정초등학교,212830303
5291608000,기장군8,65,정원초등학교,212830304
5291657000,기장군57,44,정원초등학교,212830304
5291608000,기장군8,58,솔마루공원,212830502
5291657000,기장군57,28,솔마루공원,212830502
5200037000,37,34,구연마을,212840101
5200073000,73,108,구연마을,212840101
5200107000,107,103,구연마을,212840101
5200182000,182,83,구연마을,212840101
5291657000,기장군57,55,구연마을,212840102
5200105000,105,33,동원로얄듀크2차아파트,212910301
5200107000,107,83,동원로얄듀크2차아파트,212910301
5203008000,3008,60,동원로얄듀크2차아파트,212910301
5203008F00,3008-F,61,동원로얄듀크2차아파트,212910301
5200073000,73,29,정관센트럴파크아파트,212950401
5200105000,105,35,정관센트럴파크아파트,212950401
5200106000,106,26,정관센트럴파크아파트,212950401
5200184000,184,14,정관센트럴파크아파트,212950401
5291502100,사상구2-1,12,감전LH아파트,213000103
5291502100,사상구2-1,11,사상근린공원,213000104
5291502100,사상구2-1,15,백양마을,213000105
5291502100,사상구2-1,14,벽산신화아파트,213000106
5291502100,사상구2-1,13,사상구종합사회복지관,213000107
5291202000,수영구2,29,수영구 스포츠문화타운,213010203
5200054000,54,5,월륜교차로,213020201
5200115000,115,5,월륜교차로,213020201
5291202000,수영구2,2,수영강변1차e편한세상,213040103
5291202000,수영구2,3,수영주택,213040104
5291306000,연제구6,28,물만골역,213050201
5291307000,연제구7,28,물만골역,213050201
5291401000,강서구1,57,동방물류센터,213060301
5291401100,강서구1-1,50,동방물류센터,213060301
5200058100,58-1,53,롯데캐슬아파트,213100201
5200058200,58-2,35,롯데캐슬아파트,213100201
5200109000,109,16,롯데캐슬아파트,213100201
5291420000,강서구20,19,롯데캐슬아파트,213100203
5200058100,58-1,75,롯데캐슬아파트,213110101
5200058200,58-2,78,롯데캐슬아파트,213110101
5200109000,109,92,롯데캐슬아파트,213110101
5291420000,강서구20,42,롯데캐슬아파트,213110103
5200058100,58-1,55,남명초등학교,213110201
5200058200,58-2,37,남명초등학교,213110201
5200109000,109,17,남명초등학교,213110201
5203002000,3002,6,남명초등학교,213110201
5291420000,강서구20,21,남명초등학교,213110202
5291420000,강서구20,20,호산나교회,213110203
5291106000,금정구6,24,동일고무벨트,213120201
5291106000,금정구6,67,동일고무벨트,213120201
5291106000,금정구6,25,금성타운,213120202
5291106000,금정구6,68,금성타운,213120202
5200005100,5-1,137,반여농산물시장역,213160301
5200036000,36,96,반여농산물시장역,213160301
5200043000,43,119,반여농산물시장역,213160301
5200107000,107,76,반여농산물시장역,213160301
5291106000,금정구6,84,장산중학교.꿈에그린아파트,213210102
5291106000,금정구6,11,반여1동행정복지센터,213210202
5291106000,금정구6,12,반여동탑마트,213210203
5290606000,동래구6,60,우방아파트,213220202
5290606100,동래구6-1,52,우방아파트,213220202
5290606000,동래구6,9,센텀SK뷰아파트115동,213220301
5290606100,동래구6-1,10,센텀SK뷰아파트115동,213220301
5290607000,동래구7,27,센텀SK뷰아파트115동,213220301
5290606000,동래구6,59,센텀SK뷰아파트113동,213230201
5290606100,동래구6-1,51,센텀SK뷰아파트113동,213230201
5290607000,동래구7,26,센텀SK뷰아파트113동,213230201
5290601000,동래구1,49,롯데백화점동래점,213270101
5290603000,동래구3,13,롯데백화점동래점,213270101
5290513000,부산진구13,25,화인아파트102동,213280501
5200009000,9,96,삼신아파트,213300103
5290405000,영도구5,80,시영아파트후문,213300104
5290405000,영도구5,81,청학동공영주차장,213300105
5290405000,영도구5,37,시영아파트정문,213300301
5200024000,24,6,오륙도SK뷰정문,213310101
5200024000,24,60,오륙도SK뷰정문,213310101
5200027000,27,6,오륙도SK뷰정문,213310101
5200027000,27,78,오륙도SK뷰정문,213310101
5200131000,131,79,오륙도SK뷰정문,213310101
5200024000,24,7,오륙도초중학교,213310102
5200024000,24,61,오륙도초중학교,213310102
5200027000,27,7,오륙도초중학교,213310102
5200027000,27,79,오륙도초중학교,213310102
5200131000,131,80,오륙도초중학교,213310102
5290702000,남구2,3,오륙도SK뷰정문,213310103
5290702000,남구2,4,오륙도초중학교,213310104
5200024000,24,4,오륙도스카이워크,213310201
5200024000,24,58,오륙도스카이워크,213310201
5200027000,27,4,오륙도스카이워크,213310201
5200027000,27,76,오륙도스카이워크,213310201
5200131000,131,77,오륙도스카이워크,213310201
5200024000,24,2,오륙도초중학교,213320101
5200024000,24,56,오륙도초중학교,213320101
5200027000,27,2,오륙도초중학교,213320101
5200027000,27,74,오륙도초중학교,213320101
5200131000,131,75,오륙도초중학교,213320101
5200024000,24,3,오륙도SK뷰정문,213320102
5200024000,24,57,오륙도SK뷰정문,213320102
5200027000,27,3,오륙도SK뷰정문,213320102
5200027000,27,75,오륙도SK뷰정문,213320102
5200131000,131,76,오륙도SK뷰정문,213320102
5290702000,남구2,73,오륙도초중학교,213320103
5290702000,남구2,74,오륙도SK뷰정문,213320104
5290702000,남구2,75,오륙도스카이워크,213320105
5290702000,남구2,5,부산해군회관,213320301
5200024000,24,5,오륙도스카이워크,213330101
5200024000,24,59,오륙도스카이워크,213330101
5200027000,27,5,오륙도스카이워크,213330101
5200027000,27,77,오륙도스카이워크,213330101
5200131000,131,78,오륙도스카이워크,213330101
5290702000,남구2,2,오륙도스카이워크,213330103
5290512000,부산진구12,8,대동아파트,213370103
5290512100,부산진구12-1,8,대동아파트,213370103
5290502000,부산진구2,9,서면자동차학원,213370201
5290502000,부산진구2,8,화신아파트,213370202
5290511000,부산진구11,15,감로사,213370301
5290511000,부산진구11,35,감로사,213370301
5290512000,부산진구12,41,감로사,213370301
5290512100,부산진구12-1,29,감로사,213370301
5290511000,부산진구11,14,대동아파트,213370303
5290511000,부산진구11,34,대동아파트,213370303
5290502000,부산진구2,14,대동아파트,213370401
5290512000,부산진구12,40,대동아파트,213370401
5290512100,부산진구12-1,28,대동아파트,213370401
5200188000,188,20,정관농협기업지점,213380401
5200037000,37,84,달산초등학교,213390101
5200073000,73,11,달산초등학교,213390101
5200105000,105,61,달산초등학교,213390101
5200106000,106,83,달산초등학교,213390101
5200107000,107,11,달산초등학교,213390101
5200182000,182,43,달산초등학교,213390101
5200184000,184,64,달산초등학교,213390101
5200302000,302,77,달산초등학교,213390101
5291657000,기장군57,15,달산초등학교,213390102
5291102200,금정구2-2,15,송정리,213400101
5291102200,금정구2-2,17,입석,213400102
5291102200,금정구2-2,18,선돌,213400103
5291102200,금정구2-2,16,대우아파트후문,213400104
5291102200,금정구2-2,24,에스엔티모티브,213400201
5291602300,기장군2-3,9,에스엔티모티브,213400201
5291102200,금정구2-2,23,송정리,213410101
5291102200,금정구2-2,21,입석,213410102
5291102200,금정구2-2,20,선돌,213410103
5291102200,금정구2-2,22,대우아파트후문,213410104
5291102200,금정구2-2,19,임기,213410201
5291502000,사상구2,2,주례아파트,213450201
5291503000,사상구3,19,주례아파트,213450201
5291503100,사상구3-1,18,주례아파트,213450201
5291505000,사상구5,4,냉정시장,213460101
5291505100,사상구5-1,8,냉정시장,213460101
5291505200,사상구5-2,19,냉정시장,213460101
5291502000,사상구2,16,경남정보대50주년기념관,213470101
5291202000,수영구2,63,수영경찰서,213490101
5291202000,수영구2,45,광안자모병원후문,213500101
5291202000,수영구2,46,광안4동새마을금고,213510101
5291302000,연제구2,69,힐스테이트201동앞,213520201
5291302000,연제구2,72,마하사,213520202
5291302000,연제구2,71,관음사,213520203
5291302000,연제구2,70,법륜사,213520204
5291302000,연제구2,5,하이자동차운전학원,213530201
5291302000,연제구2,6,현대홈타운,213530202
5291303000,연제구3,6,거성중,213560201
5291303000,연제구3,7,곰두리스포츠센터,213560202
5291303000,연제구3,8,레이카운티3단지,213560204
5291303000,연제구3,4,만수사,213560205
5291303000,연제구3,5,청구아파트,213560206
5291303000,연제구3,34,유림스토아,213570101
5291303000,연제구3,33,유림아파트113동,213570102
5291103100,금정구3-1,11,로얄팰리스아파트,213590101
5291103100,금정구3-1,10,경동아파트,213590102
5291103100,금정구3-1,9,로얄팰리스아파트,213600101
5291106000,금정구6,32,금샘고등학교,213640201
5291106000,금정구6,33,금사중학교,213640202
5291106000,금정구6,34,서동교회,213640203
5291106000,금정구6,31,부산경호고등학교,213640204
5291009000,사하구9,24,서원유통,213680101
5291002000,사하구2,38,우림아파트,213690101
5291002100,사하구2-1,13,우림아파트,213690101
5291002000,사하구2,40,에덴빌라,213690201
5291002100,사하구2-1,15,에덴빌라,213690201
5291002000,사하구2,39,반도보라아파트,213700101
5291002100,사하구2-1,14,반도보라아파트,213700101
5291002000,사하구2,3,에덴빌라,213710101
5291002100,사하구2-1,5,에덴빌라,213710101
5291002000,사하구2,2,혜성아파트,213710102
5291002100,사하구2-1,4,혜성아파트,213710102
5291002000,사하구2,43,동원1차아파트,213710201
5291002100,사하구2-1,18,동원1차아파트,213710201
5290708000,남구8,16,한국산업인력공단남부산지사,213800202
5290602000,동래구2,15,동래구보훈회관,213830201
5290602000,동래구2,17,삼성가든아파트,213830202
5290602000,동래구2,16,새동래3차아파트,213830203
5290601000,동래구1,1,명륜역,213890101
5290601000,동래구1,40,동래교육청정문,213910101
5290601000,동래구1,41,내성초등학교,213920101
5291502000,사상구2,15,유림빌라,213960101
5290511000,부산진구11,41,부산진여자상업고등학교,213970201
5290507000,부산진구7,12,성모여자고등학교,213970301
5290511000,부산진구11,8,성모여자고등학교,213970301
5290507000,부산진구7,11,부산여자대학교정문,213970302
5290511000,부산진구11,7,부산여자대학교정문,213970302
5290512000,부산진구12,2,부산여자대학교정문,213970302
5290512100,부산진구12-1,2,부산여자대학교정문,213970302
5290512000,부산진구12,47,부산여자대학교도서관,213970401
5290512100,부산진구12-1,35,부산여자대학교도서관,213970401
5290512000,부산진구12,1,부산여자대학교도서관,213980101
5290512100,부산진구12-1,1,부산여자대학교도서관,213980101
5290502000,부산진구2,2,전포초등학교,213990101
5290502000,부산진구2,18,부전역,213990201
5290502000,부산진구2,11,일산아파트,214000101
5290502000,부산진구2,10,대산아파트,214010101
5290511000,부산진구11,13,감로사,214020101
5290511000,부산진구11,33,감로사,214020101
5290512000,부산진구12,7,감로사,214020101
5290512100,부산진구12-1,7,감로사,214020101
5290511000,부산진구11,12,전포고개,214020102
5290511000,부산진구11,32,전포고개,214020102
5290512000,부산진구12,42,정우빌라,214030201
5290512100,부산진구12-1,30,정우빌라,214030201
5290511000,부산진구11,16,규경빌라,214030202
5290511000,부산진구11,36,규경빌라,214030202
5290511000,부산진구11,11,정우빌라,214040101
5290511000,부산진구11,31,정우빌라,214040101
5290512000,부산진구12,6,정우빌라,214040101
5290512100,부산진구12-1,6,정우빌라,214040101
5290511000,부산진구11,10,동의과학대학교,214060101
5290512000,부산진구12,5,동의과학대학교,214060101
5290512100,부산진구12-1,5,동의과학대학교,214060101
5290512000,부산진구12,45,동의과학대사거리,214060301
5290512100,부산진구12-1,33,동의과학대사거리,214060301
5290511000,부산진구11,37,동의과학대학교,214060302
5290512000,부산진구12,43,동의과학대학교,214060302
5290512100,부산진구12-1,31,동의과학대학교,214060302
5290511000,부산진구11,38,양정하이츠아파트,214060303
5290512000,부산진구12,44,양정하이츠아파트,214060303
5290512100,부산진구12-1,32,양정하이츠아파트,214060303
5290513000,부산진구13,2,부산은행,214080101
5290405000,영도구5,107,천리교,214090101
5290405000,영도구5,7,동삼주공아파트1단지,214090201
5290405000,영도구5,31,롯데낙천대아파트정문,214100201
5290302000,동구2,6,대화주택,214110201
5290302000,동구2,7,덕암빌라,214110202
5290302000,동구2,9,수정산체육공원,214110203
5290302000,동구2,11,동여자중학교,214110204
5290302000,동구2,12,동여자중학교후문,214110205
5290302000,동구2,13,동원빌라,214110206
5290302000,동구2,5,부산종합사회복지관,214110207
5290302000,동구2,15,수성아파트,214110208
5290302000,동구2,4,수정4동,214110209
5290302000,동구2,50,수정아파트5동,214110301
5290302000,동구2,49,수정아파트중간계단,214110302
5290202200,서구2-2,44,대성사,214130101
5290202200,서구2-2,13,세신빌라,214130201
5290101000,중구1,54,보수우체국,214140101
5200037000,37,25,롯데캐슬,214160201
5200182000,182,74,롯데캐슬,214160201
5200037000,37,94,계룡리슈빌후문,214170101
5200182000,182,53,계룡리슈빌후문,214170101
5200037000,37,26,동일스위트1차,214170203
5200073000,73,24,동일스위트1차,214170203
5200106000,106,21,동일스위트1차,214170203
5200107000,107,28,동일스위트1차,214170203
5200182000,182,75,동일스위트1차,214170203
5200184000,184,9,동일스위트1차,214170203
5200188000,188,17,동일스위트1차,214170203
5200302000,302,36,동일스위트1차,214170203
5203008000,3008,33,동일스위트1차,214170203
5203008F00,3008-F,34,동일스위트1차,214170203
5291608000,기장군8,69,계룡리슈빌,214170204
5291657000,기장군57,48,계룡리슈빌,214170204
5291608000,기장군8,68,동일스위트1차,214170205
5291657000,기장군57,47,동일스위트1차,214170205
5291608000,기장군8,70,한진해모로,214170206
5291657000,기장군57,49,한진해모로,214170206
5200010000,10,63,신선대CNG충전소,214180101
5200138000,138,69,신선대CNG충전소,214180101
5200138100,138-1,79,신선대CNG충전소,214180101
5200168000,168,96,신선대CNG충전소,214180101
5291401100,강서구1-1,12,동율리,214210201
5291401100,강서구1-1,14,장항,214210202
5291401100,강서구1-1,13,서율리,214210203
5291401000,강서구1,58,부산신항,214220202
5291401100,강서구1-1,51,부산신항,214220202
5200003000,3,50,퀸덤1.2단지,214260101
5200058100,58-1,77,퀸덤1.2단지,214260101
5200058200,58-2,80,퀸덤1.2단지,214260101
5200109000,109,95,퀸덤1.2단지,214260101
5200128100,128-1,105,퀸덤1.2단지,214260101
5200171000,171,118,퀸덤1.2단지,214260101
5291420000,강서구20,48,퀸덤아파트1.2단지,214260102
5291420000,강서구20,14,명호초등학교,214260201
5200003000,3,65,명호초등학교,214260202
5200109000,109,14,명호초등학교,214260202
5200128100,128-1,9,명호초등학교,214260202
5200171000,171,14,명호초등학교,214260202
5200520000,520,47,명호초등학교,214260202
5203002000,3002,5,명호초등학교,214260202
5203005000,3005,3,명호초등학교,214260202
5203007000,3007,6,명호초등학교,214260202
5200003000,3,64,퀸덤1.2단지,214270101
5200058100,58-1,51,퀸덤1.2단지,214270101
5200058200,58-2,33,퀸덤1.2단지,214270101
5200109000,109,13,퀸덤1.2단지,214270101
5200128100,128-1,8,퀸덤1.2단지,214270101
5200171000,171,13,퀸덤1.2단지,214270101
5291420000,강서구20,13,퀸덤아파트1.2단지,214270102
5200003000,3,51,신호대교,214270201
5200058100,58-1,78,신호대교,214270201
5200058200,58-2,81,신호대교,214270201
5200109000,109,96,신호대교,214270201
5200124000,124,92,신호대교,214270201
5200128100,128-1,106,신호대교,214270201
5200171000,171,119,신호대교,214270201
5203002000,3002,44,신호대교,214270201
5291420000,강서구20,49,명지오션시티,214270202
5200058100,58-1,76,퀸덤3단지,214280101
5200058200,58-2,79,퀸덤3단지,214280101
5200109000,109,93,퀸덤3단지,214280101
5291408000,강서구8,33,극동스타클래스109동,214280102
5291420000,강서구20,43,극동스타클래스109동,214280102
5200107000,107,80,대곡마을,214300101
5200184000,184,51,대곡마을,214300101
5203008000,3008,57,대곡마을,214300101
5203008F00,3008-F,58,대곡마을,214300101
5200105000,105,64,동원로얄듀크2차아파트,214380201
5200107000,107,32,동원로얄듀크2차아파트,214380201
5203008000,3008,37,동원로얄듀크2차아파트,214380201
5203008F00,3008-F,38,동원로얄듀크2차아파트,214380201
5291405000,강서구5,6,평강대리1구,214430201
5291422000,강서구22,29,평강대리1구,214430201
5291405000,강서구5,5,평강대리,214430202
5291422000,강서구22,28,평강대리,214430202
5291407200,강서구7-2,2,우진정기,214440201
5291412000,강서구12,2,우진정기,214440201
5291407200,강서구7-2,1,매일정기,214450101
5291407200,강서구7-2,113,매일정기,214450101
5291412000,강서구12,1,매일정기,214450101
5200055000,55,33,YMP지사단지기점,214450102
5200055000,55,92,YMP지사단지기점,214450102
5203007000,3007,22,YMP지사단지기점,214450102
5200055000,55,34,매일정기,214460101
5200055000,55,93,매일정기,214460101
5291407200,강서구7-2,112,우진정기,214460102
5291412000,강서구12,77,우진정기,214460102
5200055000,55,32,매일정기,214460103
5200055000,55,91,매일정기,214460103
5200055000,55,35,우진정기,214460201
5200055000,55,94,우진정기,214460201
5291407200,강서구7-2,3,삼영MT,214460202
5291412000,강서구12,3,삼영MT,214460202
5291407200,강서구7-2,4,이득텍,214460203
5291412000,강서구12,4,이득텍,214460203
5200055000,55,36,삼영MT,214460204
5200055000,55,95,삼영MT,214460204
5203005000,3005,59,삼영MT,214460204
5200055000,55,37,자동차부품멀티관,214460205
5200055000,55,96,자동차부품멀티관,214460205
5203005000,3005,15,자동차부품멀티관,214460205
5203007000,3007,23,자동차부품멀티관,214460205
5200055000,55,31,우진정기,214470101
5200055000,55,90,우진정기,214470101
5200055000,55,29,자동차부품멀티관,214470102
5200055000,55,88,자동차부품멀티관,214470102
5203005000,3005,21,자동차부품멀티관,214470102
5203007000,3007,21,자동차부품멀티관,214470102
5291407200,강서구7-2,111,삼영MT,214470103
5291412000,강서구12,76,삼영MT,214470103
5291407200,강서구7-2,110,이든텍,214470104
5291412000,강서구12,75,이든텍,214470104
5200055000,55,30,삼영MT,214470105
5200055000,55,89,삼영MT,214470105
5203005000,3005,65,삼영MT,214470105
5291407200,강서구7-2,5,한성정밀,214470301
5291412000,강서구12,5,한성정밀,214470301
5291407200,강서구7-2,108,자동차부품단지,214480101
5291407200,강서구7-2,7,자동차부품단지,214480301
5291409000,강서구9,3,신호윌아파트105동,214490101
5200003000,3,61,윌아파트,214490102
5200058100,58-1,48,윌아파트,214490102
5200058200,58-2,30,윌아파트,214490102
5200109000,109,10,윌아파트,214490102
5200124000,124,16,윌아파트,214490102
5200171000,171,10,윌아파트,214490102
5203002000,3002,3,윌아파트,214490102
5200003000,3,54,신호농협,214490301
5200058100,58-1,81,신호농협,214490301
5200058200,58-2,84,신호농협,214490301
5200109000,109,99,신호농협,214490301
5200124000,124,95,신호농협,214490301
5200171000,171,122,신호농협,214490301
5203007000,3007,40,신호농협,214490301
5291409000,강서구9,30,녹산농협신호지소,214490302
5200003000,3,60,신호농협,214520201
5200058100,58-1,47,신호농협,214520201
5200058200,58-2,29,신호농협,214520201
5200109000,109,9,신호농협,214520201
5200124000,124,15,신호농협,214520201
5200171000,171,9,신호농협,214520201
5203007000,3007,4,신호농협,214520201
5291409000,강서구9,2,녹산농협신호지소,214520202
5200022000,22,1,남구국민체육센터,214640101
5200022000,22,100,남구국민체육센터,214640101
5200039000,39,67,남구국민체육센터,214640101
5200022000,22,3,백운포체육공원,214640201
5200039000,39,69,백운포체육공원,214640201
5200022000,22,98,백운포체육공원,214650101
5200039000,39,65,백운포체육공원,214650101
5291408000,강서구8,39,차량등록사업소,214820202
5291401000,강서구1,23,고개마루,214840201
5291401000,강서구1,90,고개마루,214840201
5291401000,강서구1,22,옛천성분교,214840202
5291401000,강서구1,89,옛천성분교,214840202
5291401000,강서구1,15,서중교,214840301
5291401000,강서구1,82,서중교,214840301
5291401000,강서구1,16,중앙상회,214840302
5291401000,강서구1,83,중앙상회,214840302
5291401000,강서구1,13,고개마루,214850101
5291401000,강서구1,80,고개마루,214850101
5291401000,강서구1,14,옛천성분교,214850102
5291401000,강서구1,81,옛천성분교,214850102
5291401000,강서구1,26,두문해변,214850201
5291401000,강서구1,73,두문해변,214850201
5291401000,강서구1,24,두문방파제,214850202
5291401000,강서구1,71,두문방파제,214850202
5291401000,강서구1,25,두문,214850205
5291401000,강서구1,72,두문,214850205
5291401000,강서구1,27,두문이주단지,214850206
5291401000,강서구1,74,두문이주단지,214850206
5291401000,강서구1,30,두문해변,214860101
5291401000,강서구1,77,두문해변,214860101
5291401000,강서구1,32,두문방파제,214860102
5291401000,강서구1,79,두문방파제,214860102
5291401000,강서구1,31,두문,214860105
5291401000,강서구1,78,두문,214860105
5291401000,강서구1,29,두문이주단지,214860106
5291401000,강서구1,76,두문이주단지,214860106
5291401100,강서구1-1,11,선창,214860201
5291401100,강서구1-1,18,선창,214860202
5291401100,강서구1-1,35,선창,214860202
5291401100,강서구1-1,54,선창,214860202
5291420000,강서구20,1,선창,214860202
5291401100,강서구1-1,17,동율리,214860203
5291401100,강서구1-1,15,장항,214860204
5291401100,강서구1-1,16,서율리,214860205
5291411000,강서구11,22,상방마을입구,214900301
5291411000,강서구11,53,상방마을입구,214900301
5291413000,강서구13,16,상방마을입구,214900301
5291413000,강서구13,60,상방마을입구,214900301
5200520000,520,24,가덕천성동,214910101
5200520000,520,32,가덕천성동,214910101
5200520000,520,80,가덕천성동,214910101
5200520000,520,88,가덕천성동,214910101
5200520000,520,23,두문입구,214910102
5200520000,520,31,두문입구,214910102
5200520000,520,79,두문입구,214910102
5200520000,520,87,두문입구,214910102
5200520000,520,22,서중마을,214910103
5200520000,520,30,서중마을,214910103
5200520000,520,78,서중마을,214910103
5200520000,520,86,서중마을,214910103
5200520000,520,25,두문입구,214920101
5200520000,520,33,두문입구,214920101
5200520000,520,81,두문입구,214920101
5200520000,520,89,두문입구,214920101
5200520000,520,35,천성.동중마을,214920102
5200520000,520,91,천성.동중마을,214920102
5202000000,2000,44,천성.동중마을,214920102
5202000000,2000,45,성북,214930202
5200520000,520,19,성북마을,214930301
5200520000,520,36,성북마을,214930301
5200520000,520,75,성북마을,214930301
5200520000,520,92,성북마을,214930301
5202000000,2000,8,성북,214940102
5200058000,58,80,강림씨에스피,214950301
5200161000,161,3,강림씨에스피,214950301
5200058000,58,22,(주)태광,214950401
5200058000,58,21,강림씨에스피,214960101
5200161000,161,114,강림씨에스피,214960101
5291409100,강서구9-1,19,산양마을입구,214960201
5200058000,58,74,세주정공,214980101
5291409000,강서구9,24,세주정공,214980102
5200058000,58,24,서번산업,214990101
5200058000,58,79,(주)태광,214990201
5200058000,58,23,화연공원,214990401
5200058000,58,26,부산은행화전공단지점,214990402
5291409000,강서구9,8,부산은행화전공단지점,214990403
5291409000,강서구9,7,우리은행화전공단지점,214990404
5200058000,58,76,조달청비축기지,215000101
5200058000,58,78,화연공원,215000201
5200058000,58,75,부산은행화전공단지점,215000202
5291409000,강서구9,25,부산은행화전공단지점,215000203
5291409000,강서구9,26,우리은행화전공단지점,215000204
5200058000,58,27,세주정공,215000301
5291409000,강서구9,9,세주정공,215000302
5200203000,203,16,온천장역,215010101
5290205000,서구5,9,동아대학교병원,215020201
5291411000,강서구11,20,국제선청사,215030202
5291411000,강서구11,51,국제선청사,215030202
5291413000,강서구13,14,국제선청사,215030202
5291413000,강서구13,58,국제선청사,215030202
5291401000,강서구1,44,다목적터미널,215050204
5291401100,강서구1-1,37,다목적터미널,215050204
5291401000,강서구1,43,현대상선,215050205
5291401100,강서구1-1,36,현대상선,215050205
5290605000,동래구5,28,다이소동래역점,215070201
5290608000,동래구8,27,다이소동래역점,215070201
5291657000,기장군57,42,모전마을,215080102
5200037000,37,102,모전초등학교,215080201
5200106000,106,95,모전초등학교,215080201
5200107000,107,93,모전초등학교,215080201
5200188000,188,161,모전초등학교,215080201
5200302000,302,92,모전초등학교,215080201
5203008000,3008,70,모전초등학교,215080201
5203008F00,3008-F,71,모전초등학교,215080201
5200037000,37,17,모전초등학교,215090101
5200106000,106,15,모전초등학교,215090101
5200107000,107,22,모전초등학교,215090101
5200182000,182,64,모전초등학교,215090101
5200188000,188,11,모전초등학교,215090101
5200302000,302,30,모전초등학교,215090101
5203008000,3008,27,모전초등학교,215090101
5203008F00,3008-F,28,모전초등학교,215090101
5291657000,기장군57,41,이지더원아파트,215090102
5200106000,106,96,이지더원1차아파트정문,215090401
5200107000,107,94,이지더원1차아파트정문,215090401
5200188000,188,162,이지더원1차아파트정문,215090401
5203008000,3008,71,이지더원1차아파트정문,215090401
5203008F00,3008-F,72,이지더원1차아파트정문,215090401
5200106000,106,98,현진에버빌후문사거리,215090402
5200107000,107,96,현진에버빌후문사거리,215090402
5200182000,182,67,현진에버빌후문사거리,215090402
5200188000,188,164,현진에버빌후문사거리,215090402
5203008000,3008,73,현진에버빌후문사거리,215090402
5203008F00,3008-F,74,현진에버빌후문사거리,215090402
5200106000,106,97,동일스위트3차,215090403
5200107000,107,95,동일스위트3차,215090403
5200188000,188,163,동일스위트3차,215090403
5203008000,3008,72,동일스위트3차,215090403
5203008F00,3008-F,73,동일스위트3차,215090403
5200073000,73,114,소두방공원,215130101
5200105000,105,46,소두방공원,215130101
5200107000,107,109,소두방공원,215130101
5200188000,188,149,소두방공원,215130101
5203008000,3008,17,소두방공원,215130101
5203008F00,3008-F,18,소두방공원,215130101
5200073000,73,7,서희스타힐스,215130301
5200105000,105,52,서희스타힐스,215130301
5200107000,107,7,서희스타힐스,215130301
5200188000,188,24,서희스타힐스,215130301
5200302000,302,44,서희스타힐스,215130301
5203008000,3008,81,서희스타힐스,215130301
5203008F00,3008-F,82,서희스타힐스,215130301
5200073000,73,113,서희스타힐스,215160101
5200105000,105,45,서희스타힐스,215160101
5200107000,107,108,서희스타힐스,215160101
5200188000,188,148,서희스타힐스,215160101
5203008000,3008,16,서희스타힐스,215160101
5203008F00,3008-F,17,서희스타힐스,215160101
5200073000,73,8,옛터어린이공원입구,215160201
5200105000,105,53,옛터어린이공원입구,215160201
5200107000,107,8,옛터어린이공원입구,215160201
5200188000,188,25,옛터어린이공원입구,215160201
5200302000,302,45,옛터어린이공원입구,215160201
5203008000,3008,82,옛터어린이공원입구,215160201
5203008F00,3008-F,83,옛터어린이공원입구,215160201
5200036000,36,108,고촌마을입구,215170101
5200073000,73,62,고촌마을입구,215170101
5200183000,183,84,고촌마을입구,215170101
5200187000,187,3,고촌마을입구,215170101
5200188000,188,84,고촌마을입구,215170101
5200188000,188,86,고촌마을입구,215170101
5200183F00,183-F,88,고촌마을입구,215170101
5291611000,기장군11,48,고촌마을입구,215170102
5291611000,기장군11,21,고촌휴먼시아아파트,215180202
5200036000,36,38,고촌마을입구,215190101
5200073000,73,57,고촌마을입구,215190101
5200183000,183,24,고촌마을입구,215190101
5200187000,187,109,고촌마을입구,215190101
5200183F00,183-F,24,고촌마을입구,215190101
5291611000,기장군11,22,고촌마을입구,215190102
5291611000,기장군11,49,고촌휴먼시아아파트,215190302
5200101000,101,55,동항초등학교,215200201
5200168000,168,93,동항초등학교,215200201
5291406000,강서구6,58,부산소프트웨어마이스터고,215210101
5291407100,강서구7-1,86,부산소프트웨어마이스터고,215210101
5291407200,강서구7-2,80,부산소프트웨어마이스터고,215210101
5291402000,강서구2,39,부산소프트웨어마이스터고,215210301
5291406000,강서구6,5,부산소프트웨어마이스터고,215220201
5291407100,강서구7-1,26,부산소프트웨어마이스터고,215220201
5291407200,강서구7-2,35,부산소프트웨어마이스터고,215220201
5291406000,강서구6,4,봉림양수장,215220202
5291407100,강서구7-1,25,봉림양수장,215220202
5291407200,강서구7-2,34,봉림양수장,215220202
5291406000,강서구6,59,봉림양수장,215220301
5291407100,강서구7-1,87,봉림양수장,215220301
5291407200,강서구7-2,81,봉림양수장,215220301
5291408000,강서구8,35,명호중고등학교,215240101
5291420000,강서구20,16,명호중고등학교,215240101
5291420000,강서구20,44,부산한솔학교,215240201
5291408000,강서구8,37,극동스타클래스,215240301
5291420000,강서구20,46,극동스타클래스,215240301
5200003000,3,48,두산위브,215240302
5200128100,128-1,103,두산위브,215240302
5200171000,171,116,두산위브,215240302
5200520000,520,65,두산위브,215240302
5200003000,3,67,한신휴플러스아파트,215240401
5200128100,128-1,11,한신휴플러스아파트,215240401
5200171000,171,16,한신휴플러스아파트,215240401
5200520000,520,49,한신휴플러스아파트,215240401
5203005000,3005,4,한신휴플러스아파트,215240401
5203007000,3007,7,한신휴플러스아파트,215240401
5291409000,강서구9,32,신호부영5차아파트,215250301
5200003000,3,56,신호중학교,215250302
5200109000,109,101,신호중학교,215250302
5200124000,124,97,신호중학교,215250302
5200171000,171,124,신호중학교,215250302
5203007000,3007,41,신호중학교,215250302
5291411000,강서구11,65,정관도새집,215310101
5291411000,강서구11,10,정관도마을,215310201
5291411000,강서구11,12,정관도마을회관,215310202
5291411000,강서구11,13,정관도삼거리,215310203
5291406000,강서구6,60,통전,215320101
5291407100,강서구7-1,88,통전,215320101
5291407200,강서구7-2,82,통전,215320101
5291406000,강서구6,61,봉림교차로,215320102
5291407100,강서구7-1,89,봉림교차로,215320102
5291407200,강서구7-2,83,봉림교차로,215320102
5291401000,강서구1,19,남중,215330101
5291401000,강서구1,86,남중,215330101
5291401000,강서구1,21,서중교,215340101
5291401000,강서구1,88,서중교,215340101
5291401000,강서구1,20,중앙상회,215340102
5291401000,강서구1,87,중앙상회,215340102
5291401000,강서구1,17,남중,215340201
5291401000,강서구1,84,남중,215340201
5291419000,강서구19,18,백양종합사회복지관,215370101
5291419000,강서구19,19,307동 308동,215380101
5200055000,55,38,이원솔루텍,215390101
5200055000,55,97,이원솔루텍,215390101
5291401000,강서구1,38,가덕동행정복지센터,215400102
5291401000,강서구1,67,가덕동행정복지센터,215400102
5291401100,강서구1-1,7,가덕동행정복지센터,215400102
5200520000,520,21,성북마을,215410101
5200520000,520,38,성북마을,215410101
5200520000,520,77,성북마을,215410101
5200520000,520,94,성북마을,215410101
5291401000,강서구1,36,가덕동행정복지센터,215410201
5291401000,강서구1,65,가덕동행정복지센터,215410201
5291401100,강서구1-1,74,가덕동행정복지센터,215410201
5291401000,강서구1,39,성북새동네,215410301
5291401100,강서구1-1,8,성북새동네,215410301
5291420000,강서구20,56,성북새동네,215410301
5291401000,강서구1,42,천가농협,215410302
5291401100,강서구1-1,10,천가농협,215410302
5291420000,강서구20,59,천가농협,215410302
5291401000,강서구1,40,천가동우체국,215410303
5291401100,강서구1-1,9,천가동우체국,215410303
5291420000,강서구20,57,천가동우체국,215410303
5291401000,강서구1,41,한전,215410304
5291420000,강서구20,58,한전,215410304
5291401000,강서구1,11,서중,215420102
5291401000,강서구1,69,서중,215420102
5202000000,2000,9,천성,215420201
5291401000,강서구1,93,천성IC 동중,215420301
5200520000,520,26,서중마을,215430201
5200520000,520,34,서중마을,215430201
5200520000,520,82,서중마을,215430201
5200520000,520,90,서중마을,215430201
5291401000,강서구1,34,서중,215430202
5291401000,강서구1,92,서중,215430202
5200036000,36,1,청강리공영차고지,215440101
5200180000,180,1,청강리공영차고지,215440101
5200181000,181,1,청강리공영차고지,215440101
5200183000,183,1,청강리공영차고지,215440101
5200183F00,183-F,1,청강리공영차고지,215440101
5200017000,17,10,국립해양박물관,215470104
5200017000,17,116,국립해양박물관,215470104
5200186000,186,8,국립해양박물관,215470104
5200186000,186,138,국립해양박물관,215470104
5200017000,17,117,국제크루즈터미널입구,215480301
5200122000,122,80,가야대역,215550401
5200122000,122,76,구지마을,215580101
5200122000,122,75,매정마을,215580102
5200122000,122,74,구산신주공아파트,215580103
5200122000,122,5,삼계푸르지오2차,215580301
5200122000,122,2,가야대역,215710101
5200122000,122,79,북부동 행정복지센터,215710201
5200122000,122,3,북부동 행정복지센터,215720101
5200122000,122,78,장신대역,215720201
5200122000,122,4,장신대역,215740101
5200122000,122,77,삼계푸르지오2차,215740201
5290608000,동래구8,1,사직여자중학교,215810102
5290608000,동래구8,2,삼정그린코아아파트,215810103
5290608000,동래구8,3,사직중학교,215820103
5290608000,동래구8,4,사직초등학교,215820105
5290608000,동래구8,50,사직여자고등학교,215820203
5290608000,동래구8,51,사직여자중학교,215820204
5200058000,58,25,조달청비축기지,215830101
5200073000,73,2,가동마을,215840101
5200106000,106,2,가동마을,215840101
5200107000,107,2,가동마을,215840101
5200184000,184,2,가동마을,215840101
5200188000,188,2,가동마을,215840101
5200073000,73,3,정관양우내안애,215840102
5200106000,106,3,정관양우내안애,215840102
5200107000,107,3,정관양우내안애,215840102
5200184000,184,3,정관양우내안애,215840102
5200188000,188,3,정관양우내안애,215840102
5200188000,188,152,정관농협기업지점,215850101
5200188000,188,21,정관읍행정복지센터.기장소방서,215850201
5290202200,서구2-2,50,감천2동,215880103
5291001000,사하구1,31,감천2동,215880103
5291001100,사하구1-1,49,감천2동,215880103
5290202200,서구2-2,52,감천사거리,215880104
5290202200,서구2-2,51,수협,215880105
5291001000,사하구1,32,수협,215880105
5291001100,사하구1-1,50,수협,215880105
5290202200,서구2-2,8,감천2동삼거리,215880201
5291001000,사하구1,21,감천2동삼거리,215880201
5291001100,사하구1-1,14,감천2동삼거리,215880201
5290202200,서구2-2,7,감천2동새마을금고,215880202
5291001000,사하구1,20,감천2동새마을금고,215880202
5291001100,사하구1-1,13,감천2동새마을금고,215880202
5290202200,서구2-2,9,감천2동행정복지센터,215880203
5291001000,사하구1,22,감천2동행정복지센터,215880203
5291001100,사하구1-1,15,감천2동행정복지센터,215880203
5291003100,사하구3-1,56,다대문화체육센터,215890103
5291005000,사하구5,5,다대문화체육센터,215890103
5291005000,사하구5,73,다대문화체육센터,215890103
5200096100,96-1,2,다대문화체육센터,215890201
5200096100,96-1,94,다대문화체육센터,215890201
5200338000,338,2,다대문화체육센터,215890201
5200338000,338,122,다대문화체육센터,215890201
5200139000,139,65,부산대청중학교,215910101
5200109000,109,72,서부산유통지구역,215920101
5291411000,강서구11,55,서부산유통지구역,215920102
5291413000,강서구13,23,서부산유통지구역,215920102
5291422000,강서구22,41,서부산유통지구역,215920102
5200109000,109,36,서부산유통지구역,215930101
5200007000,7,48,수산가공선진화단지,215970101
5200009000,9,52,수산가공선진화단지,215970101
5200030000,30,46,수산가공선진화단지,215970101
5200071000,71,48,수산가공선진화단지,215970101
5200007000,7,49,수산가공선진화단지입구,215980101
5200009000,9,53,수산가공선진화단지입구,215980101
5200030000,30,47,수산가공선진화단지입구,215980101
5200071000,71,49,수산가공선진화단지입구,215980101
5291413000,강서구13,22,서부산유통1단지,215990301
5291413000,강서구13,52,서부산유통1단지,215990301
5291422000,강서구22,20,서부산유통1단지,215990301
5291422000,강서구22,40,서부산유통1단지,215990301
5200038000,38,17,동해선신해운대역,216000101
5200038000,38,143,동해선신해운대역,216000101
5200100100,100-1,6,동해선신해운대역,216000101
5200100100,100-1,104,동해선신해운대역,216000101
5200139000,139,45,동해선신해운대역,216000101
5200003000,3,47,극동스타클래스,216010101
5200128100,128-1,102,극동스타클래스,216010101
5200171000,171,115,극동스타클래스,216010101
5200520000,520,64,극동스타클래스,216010101
5203005000,3005,76,극동스타클래스,216010101
5203007000,3007,37,극동스타클래스,216010101
5200003000,3,68,엘크루블루오션,216020101
5200128100,128-1,12,엘크루블루오션,216020101
5200171000,171,17,엘크루블루오션,216020101
5200520000,520,50,엘크루블루오션,216020101
5200520000,520,27,지양곡,216030201
5200520000,520,83,지양곡,216030201
5291401000,강서구1,94,지양곡,216030202
5291401000,강서구1,10,천성IC 동중,216030301
5202000000,2000,42,대금교차로,216050101
5202000000,2000,13,흥남,216060101
5202000000,2000,40,흥남,216070101
5202000000,2000,10,관포,216080101
5202000000,2000,14,외포,216090101
5202000000,2000,15,소계,216100101
5202000000,2000,38,소계,216110101
5202000000,2000,43,관포,216120101
5202000000,2000,29,연사,216130101
5202000000,2000,24,연사,216140101
5202000000,2000,25,임전,216150101
5202000000,2000,39,외포,216160101
5202000000,2000,18,덕포,216170101
5202000000,2000,35,덕포,216180101
5202000000,2000,19,옥포중학교,216190101
5202000000,2000,34,종합사회복지관,216200101
5202000000,2000,20,옥포중앙사거리,216210101
5202000000,2000,33,옥포국제시장,216220101
5202000000,2000,21,거제소방서,216220201
5202000000,2000,32,거제소방서,216240101
5202000000,2000,22,하 송정,216250101
5202000000,2000,31,송정,216260101
5202000000,2000,23,연초면사무소,216270101
5202000000,2000,30,연초삼거리,216280101
5202000000,2000,11,대금교차로,216290101
5202000000,2000,28,맑은샘병원,216300101
5200302000,302,13,양산롯데캐슬,216350102
5201002000,1002,16,양산롯데캐슬,216350102
5201002F00,1002-F,16,양산롯데캐슬,216350102
5200302000,302,110,양산롯데캐슬,216360103
5201002000,1002,92,양산롯데캐슬,216360103
5201002F00,1002-F,157,양산롯데캐슬,216360103
5200185000,185,67,오시리아관광단지,216420101
5201001000,1001,4,오시리아관광단지,216420101
5200185000,185,68,롯데월드어드벤처부산,216420102
5200185000,185,69,오시리아역.국립부산과학관입구,216420303
5201001000,1001,5,오시리아역.국립부산과학관입구,216420303
5201001000,1001,85,오시리아관광단지,216420403
5200185000,185,7,롯데월드어드벤처부산,216430101
5200003000,3,59,신호초등학교사거리,216450101
5200058100,58-1,46,신호초등학교사거리,216450101
5200058200,58-2,28,신호초등학교사거리,216450101
5200109000,109,8,신호초등학교사거리,216450101
5200124000,124,14,신호초등학교사거리,216450101
5200171000,171,8,신호초등학교사거리,216450101
5200003000,3,55,신호초등학교사거리,216460101
5200058100,58-1,82,신호초등학교사거리,216460101
5200058200,58-2,85,신호초등학교사거리,216460101
5200109000,109,100,신호초등학교사거리,216460101
5200124000,124,96,신호초등학교사거리,216460101
5200171000,171,123,신호초등학교사거리,216460101
5291409000,강서구9,31,신호초등학교사거리,216460102
5200182000,182,66,동일스위트3차정문,216490101
5291608000,기장군8,64,솔마루공원,216490202
5291657000,기장군57,43,솔마루공원,216490202
5291608000,기장군8,59,모전마을,216490302
5291657000,기장군57,29,모전마을,216490302
5200106000,106,13,LH7단지,216500101
5200107000,107,20,LH7단지,216500101
5200182000,182,62,LH7단지,216500101
5200188000,188,9,LH7단지,216500101
5203008000,3008,25,LH7단지,216500101
5203008F00,3008-F,26,LH7단지,216500101
5203005000,3005,26,조선해양기자재회관,216510201
5203005000,3005,28,DSK,216520101
5203005000,3005,51,DSK,216530101
5203005000,3005,32,탑동,216540101
5203005000,3005,47,탑동,216550101
5203005000,3005,52,강진산업,216560101
5203005000,3005,27,강진산업,216570101
5203005000,3005,53,조선해양기자재회관,216570201
5203005000,3005,46,렛츠런파크관람대,216580101
5203005000,3005,33,렛츠런파크관람대,216590101
5203005000,3005,34,렛츠런파크에코랜드,216600101
5203005000,3005,35,렛츠런파크정문,216600102
5203005000,3005,45,렛츠런파크에코랜드,216610101
5203005000,3005,44,렛츠런파크정문,216610102
5291407100,강서구7-1,104,지사산단입구,216620102
5291407200,강서구7-2,101,지사산단입구,216620102
5291412000,강서구12,66,지사산단입구,216620102
5291412100,강서구12-1,57,지사산단입구,216620102
5291407100,강서구7-1,8,지사산단입구,216620301
5291412100,강서구12-1,8,지사산단입구,216620301
5200302000,302,121,용당공영차고지,216640101
5201002000,1002,107,용당공영차고지,216640101
5201002F00,1002-F,172,용당공영차고지,216640101
5200302000,302,2,편들마을,216640201
5201002000,1002,2,편들마을,216640201
5201002F00,1002-F,2,편들마을,216640201
5200302000,302,1,용당공영차고지,216650101
5201002000,1002,1,용당공영차고지,216650101
5201002F00,1002-F,1,용당공영차고지,216650101
5200302000,302,120,편들마을,216660101
5201002000,1002,106,편들마을,216660101
5201002F00,1002-F,171,편들마을,216660101
5200058200,58-2,69,금강펜테리움아파트,216670101
5200124000,124,38,명지초교.명지중학교,216670201
5200128100,128-1,27,명지초교.명지중학교,216670201
5200128100,128-1,26,명지국제신도시입구,216670202
5200058200,58-2,68,"금강펜테리움2차아파트, 호반써밋명지국제아파트",216670301
5200058200,58-2,44,에일린의뜰아파트,216680101
5200058200,58-2,70,호반베르디움아파트,216680301
5291408000,강서구8,50,국민은행명지국제신도시지점,216680601
5291408100,강서구8-1,36,국민은행명지국제신도시지점,216680601
5291421000,강서구21,9,국민은행명지국제신도시지점,216680601
5200036000,36,90,장산성당,216690101
5200115100,115-1,103,장산성당,216690101
5200155000,155,97,장산성당,216690101
5200189100,189-1,70,장산성당,216690101
5291106000,금정구6,2,영진종합사회복지관,216690201
5291106000,금정구6,93,신동아아파트,216690301
5200036000,36,91,신촌입구,216700101
5200115100,115-1,104,신촌입구,216700101
5200155000,155,98,신촌입구,216700101
5200189100,189-1,71,신촌입구,216700101
5291408100,강서구8-1,35,더스퀘어,216720101
5200003000,3,36,중흥프라디움,216720201
5200128100,128-1,91,중흥프라디움,216720201
5200172000,172,124,중흥프라디움,216720201
5200005100,5-1,81,부산항국제여객터미널,216730101
5200042000,42,54,부산항국제여객터미널,216730101
5200172000,172,66,부산항국제여객터미널,216730101
5201004000,1004,51,부산항국제여객터미널,216730101
5200005100,5-1,65,부산항국제여객터미널입구,216740101
5200172000,172,67,부산항국제여객터미널입구,216740101
5201004000,1004,52,부산항국제여객터미널입구,216740101
5200506000,506,30,부산시민공원남문,216760101
5200506000,506,31,부산진중학교,216760102
5200005100,5-1,4,우성,216770101
5200043000,43,4,우성,216770101
5200184000,184,34,우성,216770101
5291106000,금정구6,26,회동동(온천장 방면),216770301
5200005100,5-1,141,삼한전자,216780101
5200043000,43,123,삼한전자,216780101
5200184000,184,44,삼한전자,216780101
5200005100,5-1,5,동영테크윈,216790101
5200043000,43,5,동영테크윈,216790101
5200184000,184,35,동영테크윈,216790101
5200005100,5-1,6,(주)오토닉스,216810101
5200043000,43,6,(주)오토닉스,216810101
5200184000,184,36,(주)오토닉스,216810101
5200005100,5-1,140,삼원에프에이,216810201
5200043000,43,122,삼원에프에이,216810201
5200184000,184,43,삼원에프에이,216810201
5200005100,5-1,139,(주)오토닉스,216820101
5200043000,43,121,(주)오토닉스,216820101
5200184000,184,42,(주)오토닉스,216820101
5200187000,187,35,장안산업단지입구,216830101
5200187000,187,62,장안산업단지입구,216830101
5200187000,187,36,신성전기,216840101
5200187000,187,63,신성전기,216840101
5200187000,187,48,장안산업단지입구,216840201
5200187000,187,75,장안산업단지입구,216840201
5200187000,187,47,신성전기,216850101
5200187000,187,74,신성전기,216850101
5200187000,187,43,삼풍공업,216870101
5200187000,187,70,삼풍공업,216870101
5200187000,187,44,한국산업단지공단동부산사무소,216890101
5200187000,187,71,한국산업단지공단동부산사무소,216890101
5200187000,187,45,아산이노텍,216900101
5200187000,187,72,아산이노텍,216900101
5200187000,187,46,한라정공,216920101
5200187000,187,73,한라정공,216920101
5200187000,187,50,명례산업단지입구,216940101
5200187000,187,60,명례산업단지입구,216950101
5200187000,187,51,강림인슈,216960101
5200187000,187,52,에이앤티시스템,216970101
5200187000,187,59,강림인슈,216980101
5200187000,187,58,에이앤티시스템,216990101
5200187000,187,53,에스아이시스템,217000101
5200187000,187,54,도야마을,217010101
5200187000,187,57,에스아이시스템,217010201
5200185000,185,6,오시리아역,217020202
5201001000,1001,84,오시리아역,217020202
5200185000,185,16,광어골,217040101
5200185000,185,58,광어골,217040101
5203005000,3005,17,조광요턴,217060101
5291412000,강서구12,8,조광요턴,217060102
5203005000,3005,19,조광요턴,217070101
5203005000,3005,62,(주)신영,217070201
5200068000,68,104,용당동,217100401
5200134000,134,100,용당동,217100401
5200583000,583,58,용당동,217100401
5200100000,100,129,연화교차로,217110101
5200100000,100,3,서암입구,217120101
5200520000,520,20,동선마을,217140101
5200520000,520,37,동선마을,217140101
5200520000,520,76,동선마을,217140101
5200520000,520,93,동선마을,217140101
5291401000,강서구1,37,동선이주단지,217140102
5291401000,강서구1,66,동선이주단지,217140102
5291401100,강서구1-1,6,동선이주단지,217140102
5200520000,520,29,전망대,217150101
5200520000,520,85,전망대,217150101
5291401000,강서구1,8,새바지입구,217160102
5291401000,강서구1,100,새바지입구,217160102
5291401000,강서구1,4,대항,217160201
5291401000,강서구1,96,대항,217160201
5291401000,강서구1,5,대항방파제,217160202
5291401000,강서구1,97,대항방파제,217160202
5200520000,520,28,대항마을,217170101
5200520000,520,84,대항마을,217170101
5291401000,강서구1,3,새바지입구,217170102
5291401000,강서구1,95,새바지입구,217170102
5291401000,강서구1,9,지양곡,217180101
5200029000,29,143,금정공영차고지,217200101
5200037000,37,119,금정공영차고지,217200101
5200049000,49,111,금정공영차고지,217200101
5200051000,51,130,금정공영차고지,217200101
5200080000,80,113,금정공영차고지,217200101
5200090000,90,24,금정공영차고지,217200101
5200131000,131,149,금정공영차고지,217200101
5200148000,148,115,금정공영차고지,217200101
5200300000,300,73,금정공영차고지,217200101
5200301000,301,72,금정공영차고지,217200101
5200029000,29,1,금정공영차고지,217210101
5200037000,37,1,금정공영차고지,217210101
5200049000,49,1,금정공영차고지,217210101
5200051000,51,1,금정공영차고지,217210101
5200080000,80,1,금정공영차고지,217210101
5200090000,90,1,금정공영차고지,217210101
5200131000,131,1,금정공영차고지,217210101
5200148000,148,1,금정공영차고지,217210101
5200300000,300,1,금정공영차고지,217210101
5200301000,301,1,금정공영차고지,217210101
5291003100,사하구3-1,66,롯데캐슬상가,217220102
5291005000,사하구5,4,롯데캐슬상가,217220102
5291015000,사하구15,74,롯데캐슬상가,217220102
5291003100,사하구3-1,3,몰운대초등학교,217220201
5291015000,사하구15,3,몰운대초등학교,217220201
5200058200,58-2,43,대방노블랜드아파트,217250101
5291422000,강서구22,4,신명초등학교,217250301
5200070000,70,11,한국해양대.부산해사고,217270101
5200070000,70,106,한국해양대.부산해사고,217270101
5200088000,88,112,한국해양대.부산해사고,217270101
5200186000,186,142,한국해양대.부산해사고,217270101
5203003000,3003,43,한국해양대.부산해사고,217270101
5200186000,186,6,국립수산물품질관리원,217270201
5200186000,186,5,한국해양수산연수원,217270202
5200186000,186,140,국립수산물품질관리원,217280101
5200186000,186,141,한국해양수산연수원,217280102
5200203000,203,1,죽전마을,217290101
5291101000,금정구1,51,마을회관,217290103
5291101000,금정구1,6,포구나무집,217290201
5291101000,금정구1,7,연수암,217290202
5290702000,남구2,76,오륙도선착장,217340101
5290301100,동구1-1,21,(주)대호,217360101
5291107000,금정구7,24,부산대본관,217370101
5290301100,동구1-1,22,범일5동행정복지센터,217380101
5290606000,동래구6,4,센텀강변현대아파트,217390101
5291106000,금정구6,80,센텀강변현대아파트,217390101
5290606000,동래구6,5,벽산한솔타운아파트,217390102
5291106000,금정구6,81,벽산한솔타운아파트,217390102
5291106000,금정구6,14,센텀강변현대아파트,217390201
5291106000,금정구6,15,센텀SD아파트정문,217390202
5291106000,금정구6,16,센텀SD아파트후문,217390203
5291106000,금정구6,17,우신아파트,217390204
5291106000,금정구6,19,금사역,217400101
5291106000,금정구6,76,대우아파트,217400201
5291106000,금정구6,18,대우아파트,217410101
5291106000,금정구6,77,우신아파트,217410201
5291106000,금정구6,79,센텀SD아파트정문,217410202
5291106000,금정구6,78,센텀SD아파트후문,217410203
5290517000,부산진구17,3,대림아파트,217420101
5291106000,금정구6,1,신동아아파트,217430101
5290702000,남구2,1,오륙도선착장,217440101
5291105000,금정구5,1,장전역4번출구,217460201
5291105100,금정구5-1,5,장전역4번출구,217460201
5290517000,부산진구17,1,초읍대진아파트,217470101
5290517000,부산진구17,55,초읍대진아파트,217480101
5290517000,부산진구17,2,대진세탁소,217480201
5290517000,부산진구17,54,대진세탁소,217490101
5291103000,금정구3,1,부산외대건학관,217510101
5291103000,금정구3,8,부산외대건학관,217510101
5291103200,금정구3-2,14,부산외대건학관,217510101
5290601000,동래구1,35,명장초등학교,217520101
5290606000,동래구6,23,명장초등학교,217520101
5290606100,동래구6-1,18,명장초등학교,217520101
5290607000,동래구7,14,조양삼거리,217520201
5290607000,동래구7,33,유림아파트,217520301
5290301100,동구1-1,20,수남경로당,217530101
5290517000,부산진구17,10,부산의료원,217540101
5291107000,금정구7,14,부산대경암체육관,217560101
5291103200,금정구3-2,16,부산과학고등학교,217570101
5291103000,금정구3,7,부산외국어대학교정문,217570201
5291103200,금정구3-2,13,부산외국어대학교정문,217570201
5200187000,187,49,기룡교차로,217640101
5291505100,사상구5-1,13,경남정보대분수대,217720201
5291505200,사상구5-2,5,경남정보대분수대,217720201
5291505100,사상구5-1,16,경남정보대분수대,217730101
5291505200,사상구5-2,8,경남정보대분수대,217730101
5291408000,강서구8,36,두산위브112동,217750201
5291420000,강서구20,17,두산위브112동,217750201
5291611000,기장군11,38,모던홈마트,217850101
5291611000,기장군11,33,느티나무요양원,217850201
5291611000,기장군11,37,느티나무요양원,217860101
5291611000,기장군11,34,경찰특공대입구,217860201
5291611000,기장군11,36,경찰특공대입구,217870101
5291611000,기장군11,35,보경사,217890101
5200073000,73,9,달산마을,217900201
5200105000,105,54,달산마을,217900201
5200107000,107,9,달산마을,217900201
5200188000,188,26,달산마을,217900201
5200302000,302,46,달산마을,217900201
5203008000,3008,83,달산마을,217900201
5203008F00,3008-F,84,달산마을,217900201
5291003100,사하구3-1,42,사하구민 장례식장,218500101
5291005000,사하구5,59,사하구민 장례식장,218500101
5290401000,영도구1,1,홈플러스,218510101
5291401000,강서구1,64,성북새동네,218530201
5291401100,강서구1-1,73,성북새동네,218530201
5291420000,강서구20,5,성북새동네,218530201
5291401000,강서구1,61,천가농협,218530202
5291401100,강서구1-1,71,천가농협,218530202
5291420000,강서구20,2,천가농협,218530202
5291401000,강서구1,63,천가동우체국,218530203
5291401100,강서구1-1,72,천가동우체국,218530203
5291420000,강서구20,4,천가동우체국,218530203
5291401000,강서구1,62,한전,218530204
5291420000,강서구20,3,한전,218530204
5291003100,사하구3-1,14,명보기업,218590301
5291005000,사하구5,9,명보기업,218590301
5291419000,강서구19,21,4단지관리사무소,218610101
5291419000,강서구19,20,약수터,218610102
5290802000,북구2,11,폴리텍대학부산캠퍼스,218620101
5290802000,북구2,10,일동파크맨션,218630101
5291003100,사하구3-1,55,명보기업,218640101
5291005000,사하구5,72,명보기업,218640101
5290607000,동래구7,8,동래문화회관,218730201
5290607000,동래구7,7,명륜2차아이파크1단지,218730202
5291501100,사상구1-1,37,덕포신익.벽산하나로아파트,218740101
5291501100,사상구1-1,38,오양힐타운아파트,218740102
5291501100,사상구1-1,16,모덕교회,218740201
5291501100,사상구1-1,15,덕상초등학교,218740202
5291501100,사상구1-1,35,모덕교회,218750101
5291501100,사상구1-1,36,덕상초등학교,218750102
5291501100,사상구1-1,17,사상도서관,218750201
5291407000,강서구7,69,둔치도입구,218780201
5291407000,강서구7,70,둔치도,218790201
5291407000,강서구7,3,둔치도,218800101
5291407000,강서구7,71,죽전가,218800201
5291407000,강서구7,2,죽전가,218810101
5291407000,강서구7,1,둔치도종점,218820101
5291407000,강서구7,72,둔치도종점,218820101
5290706000,남구6,7,동항초등학교,218890101
5291014000,사하구14,1,구평방파제,218910101
5291014000,사하구14,2,대일조선,218910102
5291505100,사상구5-1,14,동서대스튜던트프라자,219040101
5291505200,사상구5-2,6,동서대스튜던트프라자,219040101
5291505100,사상구5-1,15,경남정보대미래관,219040201
5291505200,사상구5-2,7,경남정보대미래관,219040201
5290513000,부산진구13,7,현대아파트113동,219090201
5290513000,부산진구13,9,현대아파트209동,219100101
5290513000,부산진구13,19,현대아파트207동,219100201
5290513000,부산진구13,20,현대아파트113동,219110101
5290513000,부산진구13,8,현대아파트205동,219110201
5200031000,31,25,동부지청어귀교차로,219150102
5200100000,100,37,동부지청어귀교차로,219150102
5200100100,100-1,27,동부지청어귀교차로,219150102
5200107000,107,63,동부지청어귀교차로,219150102
5200155000,155,87,동부지청어귀교차로,219150102
5200200000,200,36,동부지청어귀교차로,219150102
5200005100,5-1,30,동해선센텀역,219150202
5200031000,31,129,동해선센텀역,219150202
5200100000,100,94,동해선센텀역,219150202
5200100100,100-1,84,동해선센텀역,219150202
5200107000,107,53,동해선센텀역,219150202
5200115000,115,52,동해선센텀역,219150202
5200155000,155,39,동해선센텀역,219150202
5200200000,200,94,동해선센텀역,219150202
5201002000,1002,47,동해선센텀역,219150202
5290205000,서구5,1,동아대학교구덕캠퍼스,219160101
5290705000,남구5,32,이마트문현점,219200201
5291506000,사상구6,35,문현시장,219210101
5200003000,3,34,"호반써밋명지국제,금강펜테리움2차",219230201
5200109000,109,83,"호반써밋명지국제,금강펜테리움2차",219230201
5200128100,128-1,89,"호반써밋명지국제,금강펜테리움2차",219230201
5200172000,172,122,"호반써밋명지국제,금강펜테리움2차",219230201
5203002000,3002,39,"호반써밋명지국제,금강펜테리움2차",219230201
5200003000,3,80,협성휴포레,219230301
5200109000,109,26,협성휴포레,219230301
5200172000,172,14,협성휴포레,219230301
5290607000,동래구7,41,온천장역,219270101
5291501100,사상구1-1,14,덕포신익.벽산하나로아파트,219290101
5291501100,사상구1-1,39,덕포경동1차아파트,219290201
5291501100,사상구1-1,40,덕포경동2차아파트,219290202
5291405000,강서구5,43,대상초등학교,219310101
5291405000,강서구5,28,대저소방서 대저1동주민센터,219310201
5291405000,강서구5,42,대저소방서 대저1동주민센터,219320101
5291405000,강서구5,29,부산은행대저지점,219320201
5290203100,서구3-1,9,남성한빛.대신더샵,219350101
5290203100,서구3-1,10,대신롯데캐슬아파트,219350102
5290706000,남구6,6,솔개다리,219370101
5291503100,사상구3-1,9,동양아파트13동,219380101
5291503100,사상구3-1,10,동양아파트16동,219380102
5291503100,사상구3-1,11,학장동행정복지센터,219380103
5290606000,동래구6,26,복천박물관,219450101
5290606000,동래구6,45,학산여자고등학교,219450202
5291401000,강서구1,18,미소락펜션,219470101
5291401000,강서구1,85,미소락펜션,219470101
5291407100,강서구7-1,105,동양메이져,219480201
5291407200,강서구7-2,102,동양메이져,219480201
5291412000,강서구12,67,동양메이져,219480201
5291412100,강서구12-1,58,동양메이져,219480201
5200003000,3,72,명지환승센터,219490301
5200058200,58-2,40,명지환승센터,219490301
5200109000,109,21,명지환승센터,219490301
5200124000,124,30,명지환승센터,219490301
5200128100,128-1,17,명지환승센터,219490301
5200172000,172,9,명지환승센터,219490301
5200520000,520,55,명지환승센터,219490301
5203002000,3002,7,명지환승센터,219490301
5203005000,3005,5,명지환승센터,219490301
5291009000,사하구9,23,한신아파트,219500101
5290510100,부산진구10-1,18,구덕대림아파트,219540101
5290606000,동래구6,27,무량사,219570101
5290606000,동래구6,43,복천박물관,219570201
5291506000,사상구6,62,부경대용당캠퍼스,219580101
5291302000,연제구2,35,서전기아타운,219610101
5291302000,연제구2,30,한일레포츠,219620101
5291302000,연제구2,38,연제구국민체육센터,219620201
5291302000,연제구2,37,한일유앤아이,219620202
5291302000,연제구2,31,서전기아타운,219630101
5291302000,연제구2,36,한일레포츠,219630201
5290513000,부산진구13,26,화인아파트104동,219660101
5290513000,부산진구13,1,하나로교회,219670101
5290203000,서구3,10,수도암입구,219690101
5290203000,서구3,11,신풍빌라,219690102
5290203000,서구3,12,협성르네상스후문,219690103
5290203100,서구3-1,52,민방위교육장,219690201
5290203100,서구3-1,51,효목빌라,219690202
5290607000,동래구7,9,명륜2차아이파크2단지,219700101
5290607000,동래구7,38,동래문화회관,219700201
5290607000,동래구7,39,명륜2차아이파크1단지,219700202
5290607000,동래구7,40,온천장입구,219700203
5291506000,사상구6,122,개금3동행복문화센터,219750201
5291508100,사상구8-1,3,개금3동행복문화센터,219750201
5290510100,부산진구10-1,26,다누림센터.부산구치소,219770201
5291503100,사상구3-1,14,다누림센터.부산구치소,219770201
5290510100,부산진구10-1,27,주남교,219770202
5200003000,3,79,"호반써밋명지국제,금강펜테리움2차",219790101
5200109000,109,25,"호반써밋명지국제,금강펜테리움2차",219790101
5200128100,128-1,24,"호반써밋명지국제,금강펜테리움2차",219790101
5200172000,172,13,"호반써밋명지국제,금강펜테리움2차",219790101
5203002000,3002,9,"호반써밋명지국제,금강펜테리움2차",219790101
5200058200,58-2,45,금강펜테리움2차아파트,219800301
5291408000,강서구8,52,명지초등학교,219810201
5291408100,강서구8-1,38,명지초등학교,219810201
5291421000,강서구21,11,명지초등학교,219810201
5291422000,강서구22,7,명지초등학교,219810201
5291408000,강서구8,20,에일린의뜰아파트112동,219810301
5291408100,강서구8-1,17,에일린의뜰아파트112동,219810301
5291421000,강서구21,35,에일린의뜰아파트112동,219810301
5291422000,강서구22,57,에일린의뜰아파트112동,219810301
5291408000,강서구8,19,명지초등학교,219820101
5291408100,강서구8-1,16,명지초등학교,219820101
5291421000,강서구21,34,명지초등학교,219820101
5291422000,강서구22,56,명지초등학교,219820101
5291408000,강서구8,53,국제신도시교차로,219820201
5291421000,강서구21,12,국제신도시교차로,219820201
5291422000,강서구22,8,국제신도시교차로,219820201
5291408000,강서구8,18,국제신도시교차로,219830101
5291408100,강서구8-1,15,국제신도시교차로,219830101
5291422000,강서구22,55,국제신도시교차로,219830101
5291419000,강서구19,4,유림노르웨이숲,219890101
5291419000,강서구19,34,유림노르웨이숲,219890101
5291401000,강서구1,7,대항,219940101
5291401000,강서구1,99,대항,219940101
5291401000,강서구1,6,대항방파제,219940102
5291401000,강서구1,98,대항방파제,219940102
5290607000,동래구7,34,농심가슈퍼,219990101
5290607000,동래구7,35,대명여자고등학교,219990102
5290607000,동래구7,13,유림아파트,219990201
5290607000,동래구7,12,농심가슈퍼,220000201
5290607000,동래구7,37,명륜2차아이파크2단지,220010101
5290607000,동래구7,36,용인고등학교,220010102
5290607000,동래구7,11,대명여자고등학교,220010201
5290607000,동래구7,10,용인고등학교,220010202
5290706000,남구6,49,동항초등학교,220020301
5291302000,연제구2,34,수녀원,220040101
5291302000,연제구2,33,대진그린타워,220040201
5290513000,부산진구13,4,그린하노이,220090201
5290513000,부산진구13,6,현대아파트101동,220090202
5290513000,부산진구13,5,현대아파트106동,220090203
5290513000,부산진구13,21,현대아파트101동,220100101
5290513000,부산진구13,23,그린하노이,220110201
5290513000,부산진구13,22,현대아파트106동,220110202
5290401000,영도구1,28,유림아파트,220120101
5290401000,영도구1,29,봉래지구대,220130101
5290405000,영도구5,79,시영아파트정문,220130201
5291009000,사하구9,2,동원로얄듀크101동앞,220140101
5291009000,사하구9,1,동원로얄듀크아파트종점,220140102
5290605000,동래구5,2,삼정그린코아아파트,220150201
5290605000,동래구5,47,삼정그린코아아파트,220150201
5291405000,강서구5,1,울만신평 하리,220170101
5200090000,90,3,스포원파크,220240101
5200090000,90,21,스포원파크,220240101
5291606000,기장군6,1,문화그린맨션,220250101
5291606000,기장군6,36,문화그린맨션,220250101
5200090000,90,4,금정체육공원,220280101
5200090000,90,22,금정체육공원,220280101
5290808000,북구8,9,만덕성당,220320101
5290808200,북구8-2,12,만덕성당,220320101
5290809000,북구9,8,만덕성당,220320101
5290808200,북구8-2,13,만덕역,220320102
5290809000,북구9,4,백양디이스트204동,220360201
5290809000,북구9,5,백양초등학교,220360202
5200063000,63,67,부산진구청정문,220370101
5200081000,81,70,부산진구청정문,220370101
5200168000,168,46,부산진구청정문,220370101
5200068000,68,1,용당동,220380101
5200134000,134,1,용당동,220380101
5200168000,168,1,용당동,220380101
5200583000,583,1,용당동,220380101
5291010000,사하구10,8,산학협력관,220390101
5291010000,사하구10,7,생활관,220410101
5291014000,사하구14,51,사하e편한세상아파트101동,220460101
5291014000,사하구14,50,사하e편한세상아파트입구,220460102
5200096100,96-1,73,구평동행정복지센터,220460103
5200138100,138-1,153,구평동행정복지센터,220460103
5200171000,171,38,구평동행정복지센터,220460103
5291014000,사하구14,12,사하e편한세상아파트101동,220470101
5291014000,사하구14,13,사하e편한세상아파트입구,220470102
5200096100,96-1,28,구평동행정복지센터,220470103
5200138100,138-1,2,구평동행정복지센터,220470103
5200171000,171,92,구평동행정복지센터,220470103
5200096100,96-1,75,구평동,220480103
5200096100,96-1,74,구평삼거리,220480104
5200096100,96-1,29,구평e편한세상입구,220490102
5200138100,138-1,3,구평e편한세상입구,220490102
5200171000,171,93,구평e편한세상입구,220490102
5200058200,58-2,71,중흥1차.더힐시그니처동문,220590201
5200109000,109,85,중흥1차.더힐시그니처동문,220590201
5200124000,124,78,중흥1차.더힐시그니처동문,220590201
5203002000,3002,40,중흥1차.더힐시그니처동문,220590201
5200003000,3,40,지법서부지원.지검서부지청,220610101
5200128100,128-1,95,지법서부지원.지검서부지청,220610101
5200520000,520,57,지법서부지원.지검서부지청,220610101
5203005000,3005,18,(주)신영,220690101
5200096100,96-1,21,두송대선터널앞,220710101
5200096100,96-1,22,한국선박수리공업,220710102
5200096100,96-1,81,대선조선,220710201
5200003000,3,41,법원검찰청사거리,220720101
5200003000,3,73,지법서부지원.지검서부지청,220720301
5200128100,128-1,18,지법서부지원.지검서부지청,220720301
5200520000,520,56,지법서부지원.지검서부지청,220720301
5200058200,58-2,42,중흥1차.더힐시그니처동문,220720401
5200109000,109,23,중흥1차.더힐시그니처동문,220720401
5200124000,124,32,중흥1차.더힐시그니처동문,220720401
5203002000,3002,8,중흥1차.더힐시그니처동문,220720401
5290708000,남구8,15,동명대학교정문,221280101
5291408000,강서구8,44,한국토지주택공사,221290201
5291408100,강서구8-1,29,한국토지주택공사,221290201
5291408000,강서구8,21,국민은행명지국제신도시지점,221300101
5291408100,강서구8-1,18,국민은행명지국제신도시지점,221300101
5291421000,강서구21,36,국민은행명지국제신도시지점,221300101
5291408000,강서구8,51,에일린의뜰아파트112동,221300201
5291408100,강서구8-1,37,에일린의뜰아파트112동,221300201
5291421000,강서구21,10,에일린의뜰아파트112동,221300201
5291422000,강서구22,6,에일린의뜰아파트112동,221300201
5291422000,강서구22,58,대방노블랜드오션뷰,221300301
5291408100,강서구8-1,39,명지초교.명지중학교,221310402
5291422000,강서구22,9,명지초교.명지중학교,221310402
5291422000,강서구22,59,신명초등학교,221370101
5291422000,강서구22,5,대방노블랜드오션뷰,221370201
5290709000,남구9,43,부산문화회관(주차동),221390101
5290709000,남구9,13,부산문화회관(주차동),221410201
5290709000,남구9,44,유엔평화기념관.일제강제동원역사관,221420101
5291402000,강서구2,7,부산소프트웨어마이스터고,221490101
5291402000,강서구2,40,신기마을,221490201
5291402000,강서구2,6,신기마을,221500101
5291402000,강서구2,41,봉림마을,221520201
5291402000,강서구2,5,봉림마을,221530101
5200133000,133,10,백양초등학교,500000000
5200133100,133-1,48,백양초등학교,500000000
5291506000,사상구6,83,인각사,500010000
5291506000,사상구6,45,인각사,500020000
5291202000,수영구2,30,금련산역,500030000
5200031000,31,17,동백역,500040000
5200038000,38,28,동백역,500040000
5200039000,39,39,동백역,500040000
5200040000,40,31,동백역,500040000
5200063000,63,26,동백역,500040000
5200100000,100,29,동백역,500040000
5200100100,100-1,19,동백역,500040000
5200115100,115-1,87,동백역,500040000
5200141000,141,15,동백역,500040000
5200181000,181,66,동백역,500040000
5200200000,200,28,동백역,500040000
5203006000,3006,9,동백역,500040000
5200141F00,141-F,16,동백역,500040000
5200031000,31,136,동백역,500050000
5200038000,38,132,동백역,500050000
5200039000,39,95,동백역,500050000
5200040000,40,119,동백역,500050000
5200063000,63,104,동백역,500050000
5200100000,100,101,동백역,500050000
5200100100,100-1,91,동백역,500050000
5200115100,115-1,36,동백역,500050000
5200141000,141,86,동백역,500050000
5200181000,181,88,동백역,500050000
5200200000,200,101,동백역,500050000
5203006000,3006,50,동백역,500050000
5200141F00,141-F,74,동백역,500050000
5200031000,31,135,부산문화여고,500060000
5200039000,39,94,부산문화여고,500060000
5200040000,40,118,부산문화여고,500060000
5200063000,63,103,부산문화여고,500060000
5200100000,100,100,부산문화여고,500060000
5200100100,100-1,90,부산문화여고,500060000
5200115100,115-1,35,부산문화여고,500060000
5200141000,141,85,부산문화여고,500060000
5200181000,181,87,부산문화여고,500060000
5200200000,200,100,부산문화여고,500060000
5201001000,1001,72,부산문화여고,500060000
5203006000,3006,49,부산문화여고,500060000
5200141F00,141-F,73,부산문화여고,500060000
5200031000,31,18,부산문화여고,500070000
5200038000,38,29,부산문화여고,500070000
5200039000,39,40,부산문화여고,500070000
5200040000,40,32,부산문화여고,500070000
5200063000,63,27,부산문화여고,500070000
5200100000,100,30,부산문화여고,500070000
5200100100,100-1,20,부산문화여고,500070000
5200115100,115-1,88,부산문화여고,500070000
5200141000,141,16,부산문화여고,500070000
5200181000,181,67,부산문화여고,500070000
5200200000,200,29,부산문화여고,500070000
5201001000,1001,17,부산문화여고,500070000
5203006000,3006,10,부산문화여고,500070000
5200141F00,141-F,17,부산문화여고,500070000
5200031000,31,134,올림픽교차로,500080000
5200039000,39,93,올림픽교차로,500080000
5200040000,40,117,올림픽교차로,500080000
5200063000,63,102,올림픽교차로,500080000
5200100000,100,99,올림픽교차로,500080000
5200100100,100-1,89,올림픽교차로,500080000
5200115100,115-1,34,올림픽교차로,500080000
5200141000,141,84,올림픽교차로,500080000
5200181000,181,86,올림픽교차로,500080000
5200200000,200,99,올림픽교차로,500080000
5201001000,1001,71,올림픽교차로,500080000
5203006000,3006,48,올림픽교차로,500080000
5200141F00,141-F,72,올림픽교차로,500080000
5200031000,31,19,올림픽교차로,500090000
5200039000,39,41,올림픽교차로,500090000
5200040000,40,33,올림픽교차로,500090000
5200063000,63,28,올림픽교차로,500090000
5200100000,100,31,올림픽교차로,500090000
5200100100,100-1,21,올림픽교차로,500090000
5200115100,115-1,89,올림픽교차로,500090000
5200141000,141,17,올림픽교차로,500090000
5200181000,181,68,올림픽교차로,500090000
5200200000,200,30,올림픽교차로,500090000
5201001000,1001,18,올림픽교차로,500090000
5203006000,3006,11,올림픽교차로,500090000
5200141F00,141-F,18,올림픽교차로,500090000
5291003000,사하구3,16,장림역,500100000
5291611000,기장군11,58,한신아파트후문,500110000
5290706000,남구6,4,효성자동차정비,500120000
5200073000,73,27,정관농협기업지점,500130000
5200106000,106,24,정관농협기업지점,500130000
5200107000,107,31,정관농협기업지점,500130000
5200184000,184,12,정관농협기업지점,500130000
5203008000,3008,36,정관농협기업지점,500130000
5203008F00,3008-F,37,정관농협기업지점,500130000
5200073000,73,93,정관농협기업지점,500140000
5200106000,106,86,정관농협기업지점,500140000
5200107000,107,84,정관농협기업지점,500140000
5200184000,184,67,정관농협기업지점,500140000
5203008000,3008,61,정관농협기업지점,500140000
5203008F00,3008-F,62,정관농협기업지점,500140000
5290902000,해운대구2,50,청사포,500150000
5290907000,해운대구7,52,청사포,500150000
5290910000,해운대구10,49,청사포,500150000
5291608000,기장군8,39,LH4단지,500160000
5291608000,기장군8,83,LH4단지,500170000
5291608000,기장군8,47,구연동,500200000
5291608000,기장군8,75,구연동,500210000
5291602000,기장군2,28,기장군청,500240000
5291602000,기장군2,6,기장군청,500250000
5291602000,기장군2,27,기장체육관,500260000
5291608000,기장군8,94,원자력의학원,500280000
5291603000,기장군3,32,원자력의학원,500290000
5291603000,기장군3,66,원자력의학원,500290000
5291608000,기장군8,27,원자력의학원,500290000
5291608000,기장군8,63,동일스위트3차정문,500320000
5291608000,기장군8,62,동일스위트3차,500330000
5291602000,기장군2,12,동해선일광역입구,500340000
5291602000,기장군2,22,동해선일광역입구,500340000
5291608000,기장군8,105,동해선일광역입구,500340000
5291608000,기장군8,55,롯데캐슬,500350000
5291657000,기장군57,25,롯데캐슬,500350000
5291608000,기장군8,79,방곡마을,500370000
5291608000,기장군8,43,방곡마을,500380000
5291608000,기장군8,41,서희스타힐스정문,500410000
5291608000,기장군8,81,서희스타힐스정문,500420000
5291602000,기장군2,14,선우아파트,500440000
5291602000,기장군2,20,선우아파트,500450000
5291608000,기장군8,46,센트럴파크,500460000
5291608000,기장군8,44,소두방공원,500480000
5291608000,기장군8,78,소두방공원,500490000
5291608000,기장군8,61,이지더원1차아파트정문,500580000
5291608000,기장군8,60,모전초등학교,500590000
5291657000,기장군57,30,모전초등학교,500590000
5291608000,기장군8,42,이지더원5차,500600000
5291608000,기장군8,80,이지더원5차,500610000
5291603000,기장군3,61,임랑마을,500620000
5291608000,기장군8,36,재흥아파트,500660000
5291608000,기장군8,86,재흥아파트,500670000
5291608000,기장군8,48,정관농협기업지점,500680000
5291608000,기장군8,74,정관농협기업지점,500690000
5291603000,기장군3,31,좌동리교차로,500710000
5291603000,기장군3,65,좌동리교차로,500710000
5291608000,기장군8,26,좌동리교차로,500710000
5291602000,기장군2,5,죽성사거리,500740000
5291602000,기장군2,29,죽성사거리,500750000
5291602000,기장군2,17,학리,500820000
5291602000,기장군2,15,학리분교,500830000
5291602000,기장군2,19,학리분교,500840000
5291602000,기장군2,16,학리입구,500850000
5291602000,기장군2,18,학리입구,500860000
5291608000,기장군8,67,휴먼시아1단지후문,500870000
5291657000,기장군57,46,휴먼시아1단지후문,500870000
5290602000,동래구2,21,동래구청,500900000
5290602000,동래구2,20,동래시장,500910000
5291407000,강서구7,39,부산현대미술관,500930000
5291409100,강서구9-1,42,부산현대미술관,500930000
5291412000,강서구12,45,부산현대미술관,500930000
5291412100,강서구12-1,35,부산현대미술관,500930000
5291413000,강서구13,40,부산현대미술관,500930000
5291415000,강서구15,46,부산현대미술관,500930000
5291415100,강서구15-1,18,부산현대미술관,500930000
5291420000,강서구20,33,부산현대미술관,500930000
5291421000,강서구21,26,부산현대미술관,500930000
5200107000,107,34,철마교,500940000
5200184000,184,27,철마교,500940000
5203008000,3008,39,철마교,500940000
5203008F00,3008-F,40,철마교,500940000
5200107000,107,81,철마교,500950000
5200184000,184,52,철마교,500950000
5203008000,3008,58,철마교,500950000
5203008F00,3008-F,59,철마교,500950000
5200029000,29,52,동래경찰서후문,500960000
5200050000,50,71,동래경찰서후문,500960000
5200052000,52,18,동래경찰서후문,500960000
5200003000,3,18,빙그레서부산영업소,500970000
5200003000,3,95,빙그레서부산영업소,500980000
5200003000,3,19,기동대입구교차로,500990000
5200003000,3,94,기동대입구교차로,501000000
5200003000,3,93,동매역,501010000
5200070000,70,14,한국해양과학기술원,501020000
5200070000,70,109,한국해양과학기술원,501020000
5200088000,88,5,한국해양과학기술원,501020000
5200070000,70,10,한국해양과학기술원,501030000
5200070000,70,105,한국해양과학기술원,501030000
5200088000,88,111,한국해양과학기술원,501030000
5200105000,105,32,회동화물자동차공영차고지,501040000
5200184000,184,50,회동화물자동차공영차고지,501040000
5291303000,연제구3,13,계성여고입구,501050000
5291303000,연제구3,14,거제4동새마을금고,501060000
5291303000,연제구3,15,거제4동행정복지센터,501070000
5290907000,해운대구7,9,화목아파트,501110000
5291015000,사하구15,12,몰운대아파트,501160000
5291015000,사하구15,13,대우아파트,501170000
5291003100,사하구3-1,57,다대포해수욕장역,501180000
5291015000,사하구15,14,다대포해수욕장역,501180000
5291006000,사하구6,58,다대코오롱아파트,501190000
5291008000,사하구8,52,다대코오롱아파트,501190000
5200031000,31,119,수안역.동래교차로,502000000
5200043000,43,103,수안역.동래교차로,502000000
5200044000,44,88,수안역.동래교차로,502000000
5200050000,50,70,수안역.동래교차로,502000000
5200057000,57,18,수안역.동래교차로,502000000
5200129100,129-1,96,수안역.동래교차로,502000000
5200144000,144,44,수안역.동래교차로,502000000
5200148000,148,86,수안역.동래교차로,502000000
5200200000,200,81,수안역.동래교차로,502000000
5200307000,307,87,수안역.동래교차로,502000000
5200506000,506,49,수안역.동래교차로,502000000
5200183F00,183-F,64,수안역.동래교차로,502000000
5200031000,31,36,메가마트동래점,502010000
5200043000,43,26,메가마트동래점,502010000
5200044000,44,18,메가마트동래점,502010000
5200046000,46,45,메가마트동래점,502010000
5200050000,50,45,메가마트동래점,502010000
5200057000,57,92,메가마트동래점,502010000
5200127000,127,58,메가마트동래점,502010000
5200129100,129-1,24,메가마트동래점,502010000
5200144000,144,21,메가마트동래점,502010000
5200148000,148,33,메가마트동래점,502010000
5200200000,200,47,메가마트동래점,502010000
5200210000,210,80,메가마트동래점,502010000
5200307000,307,33,메가마트동래점,502010000
5200506000,506,17,메가마트동래점,502010000
5200183F00,183-F,48,메가마트동래점,502010000
5200031000,31,118,메가마트동래점,502020000
5200043000,43,102,메가마트동래점,502020000
5200044000,44,87,메가마트동래점,502020000
5200050000,50,69,메가마트동래점,502020000
5200057000,57,17,메가마트동래점,502020000
5200129100,129-1,95,메가마트동래점,502020000
5200144000,144,43,메가마트동래점,502020000
5200148000,148,85,메가마트동래점,502020000
5200200000,200,80,메가마트동래점,502020000
5200307000,307,86,메가마트동래점,502020000
5200506000,506,48,메가마트동래점,502020000
5200183F00,183-F,63,메가마트동래점,502020000
5200044000,44,19,동래역.내성교차로,502030000
5200046000,46,46,동래역.내성교차로,502030000
5200050000,50,46,동래역.내성교차로,502030000
5200057000,57,93,동래역.내성교차로,502030000
5200127000,127,59,동래역.내성교차로,502030000
5200148000,148,34,동래역.내성교차로,502030000
5200200000,200,48,동래역.내성교차로,502030000
5200307000,307,34,동래역.내성교차로,502030000
5290513000,부산진구13,24,정묘사,502080000
5200115100,115-1,58,해운대로데오거리,502090000
5200115100,115-1,64,해운대로데오거리,502100000
5290606000,동래구6,44,코끼리자연어린이집,502110000
5202000000,2000,1,하단역환승센터,502120000
5200583000,583,8,LG메트로시티입구,502130000
5200583000,583,51,LG메트로시티입구,502140000
5200187000,187,42,광진윈텍,502150000
5200187000,187,69,광진윈텍,502150000
5200187000,187,40,디에이치코리아,502160000
5200187000,187,67,디에이치코리아,502160000
5200583000,583,50,분포우체국,502170000
5200583000,583,9,분포우체국,502180000
5200115000,115,10,센텀파크앞 교차로,502190000
5200181000,181,74,센텀파크앞 교차로,502190000
5200187000,187,41,씨에스엠테크,502200000
5200187000,187,68,씨에스엠테크,502200000
5200583000,583,10,용호만유람선터미널,502210000
5200583000,583,49,용호만유람선터미널,502220000
5200105000,105,48,정관박물관,502230000
5200106000,106,5,정관박물관,502230000
5200106000,106,104,정관박물관,502230000
5200105000,105,49,정관박물관,502240000
5200106000,106,6,정관박물관,502240000
5200106000,106,105,정관박물관,502240000
5290702000,남구2,31,대연역.부산은행,502250000
5290706000,남구6,32,대연역.부산은행,502250000
5290702000,남구2,46,대연역.부산은행,502260000
5290407000,영도구7,15,동조리젠시,502270000
5291402000,강서구2,42,봉하마을,502280000
5291402000,강서구2,4,봉하마을,502290000
5290702000,남구2,32,산성교회문화관,502300000
5290706000,남구6,33,산성교회문화관,502300000
5290702000,남구2,45,산성교회문화관,502310000
5291402000,강서구2,43,죽동삼거리,502320000
5291402000,강서구2,3,죽동삼거리,502330000
5290702000,남구2,20,힐탑탑플레이스,502350000
5200007000,7,51,해원냉장,502360000
5200009000,9,55,해원냉장,502360000
5200030000,30,49,해원냉장,502360000
5200071000,71,51,해원냉장,502360000
5201004000,1004,84,대저역,502370000
5200109000,109,42,상방마을,502380000
5200109000,109,67,상방마을,502380000
5200307000,307,58,상방마을,502380000
5200307000,307,61,상방마을,502380000
5291001000,사하구1,25,아미산 대성사,502390000
5200029000,29,50,낙민역.동래고등학교,502440000
5200031000,31,33,낙민역.동래고등학교,502440000
5200043000,43,23,낙민역.동래고등학교,502440000
5200044000,44,15,낙민역.동래고등학교,502440000
5200144000,144,18,낙민역.동래고등학교,502440000
5200200000,200,44,낙민역.동래고등학교,502440000
5200307000,307,30,낙민역.동래고등학교,502440000
5200506000,506,14,낙민역.동래고등학교,502440000
5201002000,1002,66,낙민역.동래고등학교,502440000
5200031000,31,121,낙민역.동래고등학교,502450000
5200043000,43,105,낙민역.동래고등학교,502450000
5200044000,44,90,낙민역.동래고등학교,502450000
5200144000,144,46,낙민역.동래고등학교,502450000
5200200000,200,83,낙민역.동래고등학교,502450000
5200307000,307,89,낙민역.동래고등학교,502450000
5200506000,506,51,낙민역.동래고등학교,502450000
5201002000,1002,43,낙민역.동래고등학교,502450000
5200029000,29,51,동래시장,502460000
5200031000,31,34,동래시장,502460000
5200043000,43,24,동래시장,502460000
5200044000,44,16,동래시장,502460000
5200049000,49,80,동래시장,502460000
5200052000,52,17,동래시장,502460000
5200057000,57,90,동래시장,502460000
5200100000,100,53,동래시장,502460000
5200110100,110-1,26,동래시장,502460000
5200129100,129-1,22,동래시장,502460000
5200144000,144,19,동래시장,502460000
5200148000,148,31,동래시장,502460000
5200200000,200,45,동래시장,502460000
5200210000,210,78,동래시장,502460000
5200307000,307,31,동래시장,502460000
5200506000,506,15,동래시장,502460000
5201002000,1002,67,동래시장,502460000
5200183F00,183-F,46,동래시장,502460000
5200029000,29,97,동래시장,502470000
5200031000,31,120,동래시장,502470000
5200043000,43,104,동래시장,502470000
5200044000,44,89,동래시장,502470000
5200049000,49,36,동래시장,502470000
5200052000,52,86,동래시장,502470000
5200057000,57,19,동래시장,502470000
5200100000,100,80,동래시장,502470000
5200110100,110-1,49,동래시장,502470000
5200129100,129-1,97,동래시장,502470000
5200144000,144,45,동래시장,502470000
5200148000,148,87,동래시장,502470000
5200200000,200,82,동래시장,502470000
5200210000,210,30,동래시장,502470000
5200307000,307,88,동래시장,502470000
5200506000,506,50,동래시장,502470000
5201002000,1002,42,동래시장,502470000
5200183F00,183-F,65,동래시장,502470000
5200031000,31,35,수안역.동래교차로,502480000
5200043000,43,25,수안역.동래교차로,502480000
5200044000,44,17,수안역.동래교차로,502480000
5200057000,57,91,수안역.동래교차로,502480000
5200129100,129-1,23,수안역.동래교차로,502480000
5200144000,144,20,수안역.동래교차로,502480000
5200148000,148,32,수안역.동래교차로,502480000
5200200000,200,46,수안역.동래교차로,502480000
5200210000,210,79,수안역.동래교차로,502480000
5200307000,307,32,수안역.동래교차로,502480000
5200506000,506,16,수안역.동래교차로,502480000
5200183F00,183-F,47,수안역.동래교차로,502480000
5200185000,185,37,올림픽교차로환승센터,502490000
5203001000,3001,26,올림픽교차로환승센터,502490000
5200010000,10,122,연제공용버스차고지,502520000
5200033000,33,116,연제공용버스차고지,502520000
5200033100,33-1,98,연제공용버스차고지,502520000
5200054000,54,43,연제공용버스차고지,502520000
5200081000,81,81,연제공용버스차고지,502520000
5200083100,83-1,68,연제공용버스차고지,502520000
5200103000,103,127,연제공용버스차고지,502520000
5200111100,111-1,87,연제공용버스차고지,502520000
5200133000,133,71,연제공용버스차고지,502520000
5200133100,133-1,64,연제공용버스차고지,502520000
5200210000,210,109,연제공용버스차고지,502520000
5200189000,189,92,남흥아파트,502530000
5200189100,189-1,90,남흥아파트,502530000
5200189000,189,93,반송도개공입구,502540000
5200189100,189-1,91,반송도개공입구,502540000
5200015000,15,112,금곡주공5단지,502550000
5200111000,111,102,금곡주공5단지,502550000
5200111100,111-1,33,금곡주공5단지,502550000
5200121000,121,85,금곡주공5단지,502550000
5203001000,3001,29,벡스코역.올림픽교차로환승센터,502560000
5203006000,3006,12,벡스코역.올림픽교차로환승센터,502560000
5291413000,강서구13,44,송백,503420000
5291422000,강서구22,12,송백,503420000
5291413000,강서구13,31,송백,503430000
5291422000,강서구22,50,송백,503430000
5291413000,강서구13,46,염막1구,503440000
5291413000,강서구13,29,염막1구,503450000
5291413000,강서구13,48,작지,503460000
5291413000,강서구13,27,작지,503470000
5200055000,55,72,장락,503480000
5200055000,55,53,장락,503550000
5290302000,동구2,14,(구)영천슈퍼,503560000
5290302000,동구2,10,영호빌라,503570000
5290302000,동구2,16,정은빌라,503580000
5290302000,동구2,8,협성파크맨션,503590000
5290302000,동구2,37,(구)영천슈퍼,503600000
5290302000,동구2,41,영호빌라,503610000
5290302000,동구2,35,정은빌라,503620000
5290302000,동구2,48,백련정사입구,503630000
5290302000,동구2,43,협성파크맨션,503640000
5291406000,강서구6,55,가락동행정복지센터,503650000
5291406000,강서구6,7,가락파출소,503660000
5291406000,강서구6,35,강서구청역,503690000
5291407100,강서구7-1,66,강서구청역,503690000
5291407200,강서구7-2,61,강서구청역,503690000
5291406000,강서구6,27,강서구청역,503700000
5291407100,강서구7-1,46,강서구청역,503700000
5291407200,강서구7-2,53,강서구청역,503700000
5291002000,사하구2,37,반도보라아파트,503710000
5291002100,사하구2-1,12,반도보라아파트,503710000
5290706000,남구6,50,솔개다리,503720000
5202000000,2000,41,시방,503730000
5202000000,2000,12,시방,503740000
5291407000,강서구7,10,통합세산마을,503750000
5291407100,강서구7-1,98,통합세산마을,503750000
5291407000,강서구7,63,통합세산마을,503760000
5291407100,강서구7-1,14,통합세산마을,503760000
5291407000,강서구7,44,청량사교차로,503780000
5291408000,강서구8,59,청량사교차로,503780000
5291408100,강서구8-1,43,청량사교차로,503780000
5291409100,강서구9-1,47,청량사교차로,503780000
5291412000,강서구12,50,청량사교차로,503780000
5291412100,강서구12-1,38,청량사교차로,503780000
5291415000,강서구15,51,청량사교차로,503780000
5291415100,강서구15-1,21,청량사교차로,503780000
5291407000,강서구7,29,청량사교차로,503790000
5291408000,강서구8,12,청량사교차로,503790000
5291408100,강서구8-1,10,청량사교차로,503790000
5291409100,강서구9-1,32,청량사교차로,503790000
5291412000,강서구12,35,청량사교차로,503790000
5291412100,강서구12-1,27,청량사교차로,503790000
5291415000,강서구15,36,청량사교차로,503790000
5291415100,강서구15-1,10,청량사교차로,503790000
5290903100,해운대구3-1,12,센텀중학교,503800000
5290903200,해운대구3-2,23,센텀중학교,503800000
5200022000,22,99,남구실내빙상장,503810000
5200039000,39,66,남구실내빙상장,503810000
5200022000,22,2,남구실내빙상장,503820000
5200039000,39,68,남구실내빙상장,503820000
5200033000,33,60,더래디언트금정산아파트,503830000
5200033100,33-1,21,더래디언트금정산아파트,503830000
5200033100,33-1,78,만덕노인요양원,503840000
5200033000,33,59,만덕노인요양원,503850000
5200033100,33-1,20,만덕노인요양원,503850000
5200033000,33,58,상학초등학교,503860000
5200033100,33-1,19,상학초등학교,503860000
5200033100,33-1,79,상학초등학교,503870000
5200033100,33-1,80,상학 산복길,503880000
5200033000,33,57,상학산복길,503890000
5200033100,33-1,18,상학산복길,503890000
5200003000,3,85,부산현대미술관,503900000
5200055000,55,60,부산현대미술관,503900000
5200058000,58,39,부산현대미술관,503900000
5200058100,58-1,61,부산현대미술관,503900000
5200058200,58-2,51,부산현대미술관,503900000
5200122000,122,38,부산현대미술관,503900000
5200124000,124,40,부산현대미술관,503900000
5200128100,128-1,29,부산현대미술관,503900000
5200161000,161,18,부산현대미술관,503900000
5200171000,171,25,부산현대미술관,503900000
5200172000,172,19,부산현대미술관,503900000
5200009000,9,4,원우아파트,503910000
5200009000,9,102,원우아파트,503910000
5200009000,9,3,일신마리나아파트,503920000
5200009000,9,101,일신마리나아파트,503920000
5200301000,301,39,신현마을,503970000
5200002000,2,106,다대농협,504060000
5200011000,11,108,다대농협,504060000
5200096000,96,100,다대농협,504060000
5200096100,96-1,89,다대농협,504060000
5200338000,338,116,다대농협,504060000
5200002F00,2-F,126,다대농협,504060000
5200300000,300,20,윤산터널입구,504250000
5200300000,300,55,윤산터널입구,504260000
5200300000,300,21,장전역,504270000
5200300000,300,54,장전역,504280000
5200111100,111-1,23,장전초등학교,504290000
5200300000,300,22,장전초등학교,504290000
5200111100,111-1,64,장전초등학교,504300000
5200300000,300,53,장전초등학교,504300000
5200111100,111-1,25,산성터널입구,504310000
5200300000,300,24,산성터널입구,504310000
5200111100,111-1,62,산성터널입구,504320000
5200300000,300,51,산성터널입구,504320000
5200111100,111-1,26,화잠초등학교,504330000
5200300000,300,25,화잠초등학교,504330000
5200111100,111-1,61,화잠초등학교,504340000
5200300000,300,50,화잠초등학교,504340000
5200111100,111-1,27,와석교차로(화명역),504350000
5200300000,300,26,와석교차로(화명역),504350000
5200111100,111-1,60,와석교차로(화명역),504360000
5200300000,300,49,와석교차로(화명역),504360000
5200300000,300,27,화명롯데마트(화명역),504370000
5200300000,300,48,화명롯데마트(화명역),504380000
5200300000,300,28,경부선화명역.고용복지센터,504390000
5200300000,300,29,경부선화명역.고용복지센터,504400000
5291501100,사상구1-1,42,남명아파트,504410000
5291015000,사하구15,62,다대포항역,504430000
5291103100,금정구3-1,39,신현마을 입구,504440000
5200058200,58-2,72,명지더웨스턴,504450000
5200109000,109,86,명지더웨스턴,504450000
5200124000,124,79,명지더웨스턴,504450000
5200088000,88,51,동평사거리,504460000
5200036000,36,35,안평차량기지,504470000
5200073000,73,54,안평차량기지,504470000
5200183000,183,21,안평차량기지,504470000
5200187000,187,106,안평차량기지,504470000
5200188000,188,82,안평차량기지,504470000
5200183F00,183-F,21,안평차량기지,504470000
5200002000,2,51,삼육부산병원후문,504480000
5200096000,96,34,삼육부산병원후문,504480000
5200113000,113,81,삼육부산병원후문,504480000
5200002F00,2-F,51,삼육부산병원후문,504480000
5200031000,31,79,운수사입구,504490000
5200148000,148,59,운수사입구,504490000
5200338000,338,65,운수사입구,504490000
5291010000,사하구10,12,신동아헤어스케치앞,504500000
5200058100,58-1,83,신호부영3차.5차아파트,504510000
5200058200,58-2,86,신호부영3차.5차아파트,504510000
5203002000,3002,46,신호부영3차.5차아파트,504510000
5200003000,3,58,신호부영3차.5차아파트,504520000
5200058100,58-1,45,신호부영3차.5차아파트,504520000
5200058200,58-2,27,신호부영3차.5차아파트,504520000
5203002000,3002,2,신호부영3차.5차아파트,504520000
5290510000,부산진구10,9,개금현대아이아파트,504530000
5290510000,부산진구10,8,백병원입구,504540000
5200003000,3,81,스위트팰리스,504550000
5200109000,109,27,스위트팰리스,504550000
5200172000,172,15,스위트팰리스,504550000
5203002000,3002,10,스위트팰리스,504550000
5200003000,3,32,스위트팰리스,504560000
5200109000,109,81,스위트팰리스,504560000
5200172000,172,120,스위트팰리스,504560000
5203002000,3002,38,스위트팰리스,504560000
5200070000,70,47,문화아파트,504570000
5200161000,161,46,문화아파트,504570000
5200190000,190,86,문화아파트,504570000
5291003100,사하구3-1,44,장림항(부네치아),504580000
5291005000,사하구5,61,장림항(부네치아),504580000
5291003100,사하구3-1,25,장림항(부네치아),504590000
5291005000,사하구5,20,장림항(부네치아),504590000
5200010000,10,109,사직중학교,504600000
5200210000,210,96,사직중학교,504600000
5200010000,10,2,초읍고개,504610000
5200033100,33-1,2,초읍고개,504610000
5200111100,111-1,2,초읍고개,504610000
5200133100,133-1,63,초읍고개,504610000
5200210000,210,2,초읍고개,504610000
5200070000,70,59,중앙공원.민주공원입구,504640000
5291412000,강서구12,11,이원솔루텍,504650000
5291407100,강서구7-1,111,지사문화회관,504660000
5291412000,강서구12,73,지사문화회관,504660000
5291412100,강서구12-1,64,지사문화회관,504660000
5200023000,23,57,눌원빌딩,504670000
5200026000,26,61,눌원빌딩,504670000
5200041000,41,56,눌원빌딩,504670000
5200068000,68,88,눌원빌딩,504670000
5200134000,134,84,눌원빌딩,504670000
5200168000,168,85,눌원빌딩,504670000
5201003000,1003,72,눌원빌딩,504670000
5201003F00,1003-F,79,눌원빌딩,504670000
5200088100,88-1,21,봉래1동행정복지센터,504680000
5200037000,37,95,평전교,504690000
5200182000,182,54,평전교,504690000
5200037000,37,24,평전교,504700000
5200182000,182,73,평전교,504700000
5290709000,남구9,10,석포여자중학교,504710000
5290709000,남구9,46,석포여자중학교,504720000
5290709000,남구9,12,유엔평화기념관.일제강제동원역사관,504730000
5290709000,남구9,45,코오롱하늘채아파트,504740000
5290709000,남구9,11,코오롱하늘채아파트,504750000
5291102100,금정구2-1,8,금정구테니스장입구,504760000
5291102100,금정구2-1,18,금정구테니스장입구,504770000
5291408000,강서구8,23,명지더힐시그니처아파트,504780000
5291408100,강서구8-1,20,명지더힐시그니처아파트,504780000
5291421000,강서구21,39,명지더힐시그니처아파트,504780000
5291422000,강서구22,60,명지더힐시그니처아파트,504780000
5291408000,강서구8,48,명지더힐시그니처아파트,504790000
5291408100,강서구8-1,33,명지더힐시그니처아파트,504790000
5291421000,강서구21,6,명지더힐시그니처아파트,504790000
5291422000,강서구22,3,명지더힐시그니처아파트,504790000
5291407000,강서구7,19,자원순환협력센터,504820000
5291407000,강서구7,56,자원순환협력센터,504820000
5291407000,강서구7,17,자원순환협력센터,504830000
5291407000,강서구7,54,자원순환협력센터,504830000
5291407100,강서구7-1,1,지사문화회관,504840000
5291412000,강서구12,12,지사문화회관,504840000
5291412100,강서구12-1,1,지사문화회관,504840000
5200029000,29,131,샘골공원,504850000
5200051000,51,118,샘골공원,504850000
5200080000,80,101,샘골공원,504850000
5200111100,111-1,63,산성터널영업소,504860000
5200300000,300,52,산성터널영업소,504860000
5200037000,37,16,솔빛공원,504870000
5200302000,302,29,솔빛공원,504870000
5200037000,37,103,솔빛공원,504880000
5200302000,302,93,솔빛공원,504880000
5200051000,51,69,대연파크푸르지오,504890000
5200068000,68,96,대연파크푸르지오,504890000
5200101000,101,63,대연파크푸르지오,504890000
5200134000,134,92,대연파크푸르지오,504890000
5200068000,68,9,대연파크푸르지오,504900000
5200101000,101,50,대연파크푸르지오,504900000
5200134000,134,9,대연파크푸르지오,504900000
5290517000,부산진구17,29,내성중학교,504910000
5200003000,3,78,금강펜테리움1차,504920000
5200109000,109,24,금강펜테리움1차,504920000
5200128100,128-1,23,금강펜테리움1차,504920000
5200172000,172,12,금강펜테리움1차,504920000
5200003000,3,35,금강펜테리움1차,504930000
5200109000,109,84,금강펜테리움1차,504930000
5200128100,128-1,90,금강펜테리움1차,504930000
5200172000,172,123,금강펜테리움1차,504930000
5200058200,58-2,41,더힐시그니처,504940000
5200109000,109,22,더힐시그니처,504940000
5200124000,124,31,더힐시그니처,504940000
5200038000,38,16,상당중학교,504950000
5200038000,38,142,상당중학교,504950000
5200100100,100-1,5,상당중학교,504950000
5200100100,100-1,103,상당중학교,504950000
5200139000,139,44,상당중학교,504950000
5200046000,46,43,명륜교차로,504960000
5200049000,49,34,명륜교차로,504960000
5200050000,50,43,명륜교차로,504960000
5200051000,51,33,명륜교차로,504960000
5200100000,100,78,명륜교차로,504960000
5200110100,110-1,47,명륜교차로,504960000
5200127000,127,56,명륜교차로,504960000
5200179000,179,20,명륜교차로,504960000
5200210000,210,28,명륜교차로,504960000
5200049000,49,82,명륜교차로,504970000
5200050000,50,74,명륜교차로,504970000
5200051000,51,99,명륜교차로,504970000
5200179000,179,73,명륜교차로,504970000
5200031000,31,137,운촌,504980000
5200038000,38,133,운촌,504980000
5200039000,39,96,운촌,504980000
5200040000,40,120,운촌,504980000
5200063000,63,105,운촌,504980000
5200100000,100,102,운촌,504980000
5200100100,100-1,92,운촌,504980000
5200115100,115-1,37,운촌,504980000
5200141000,141,87,운촌,504980000
5200181000,181,89,운촌,504980000
5200200000,200,102,운촌,504980000
5203006000,3006,51,운촌,504980000
5200141F00,141-F,75,운촌,504980000
5200031000,31,16,운촌,504990000
5200038000,38,27,운촌,504990000
5200039000,39,38,운촌,504990000
5200040000,40,30,운촌,504990000
5200063000,63,25,운촌,504990000
5200100000,100,28,운촌,504990000
5200100100,100-1,18,운촌,504990000
5200115100,115-1,86,운촌,504990000
5200141000,141,14,운촌,504990000
5200181000,181,65,운촌,504990000
5200200000,200,27,운촌,504990000
5203006000,3006,8,운촌,504990000
5200141F00,141-F,15,운촌,504990000
5200172000,172,104,장림1동행정복지센터,505000000
5200031000,31,14,해운대구청어귀삼거리,505010000
5200038000,38,25,해운대구청어귀삼거리,505010000
5200039000,39,36,해운대구청어귀삼거리,505010000
5200063000,63,23,해운대구청어귀삼거리,505010000
5200100000,100,26,해운대구청어귀삼거리,505010000
5200100100,100-1,16,해운대구청어귀삼거리,505010000
5200115100,115-1,84,해운대구청어귀삼거리,505010000
5200141000,141,12,해운대구청어귀삼거리,505010000
5200181000,181,63,해운대구청어귀삼거리,505010000
5200200000,200,25,해운대구청어귀삼거리,505010000
5201001000,1001,15,해운대구청어귀삼거리,505010000
5203006000,3006,6,해운대구청어귀삼거리,505010000
5200141F00,141-F,13,해운대구청어귀삼거리,505010000
5200031000,31,15,해운대도시철도역,505020000
5200038000,38,26,해운대도시철도역,505020000
5200039000,39,37,해운대도시철도역,505020000
5200063000,63,24,해운대도시철도역,505020000
5200100000,100,27,해운대도시철도역,505020000
5200100100,100-1,17,해운대도시철도역,505020000
5200115100,115-1,85,해운대도시철도역,505020000
5200141000,141,13,해운대도시철도역,505020000
5200181000,181,64,해운대도시철도역,505020000
5200200000,200,26,해운대도시철도역,505020000
5201001000,1001,16,해운대도시철도역,505020000
5203006000,3006,7,해운대도시철도역,505020000
5200141F00,141-F,14,해운대도시철도역,505020000
5200031000,31,138,해운대도시철도역,505030000
5200038000,38,134,해운대도시철도역,505030000
5200039000,39,97,해운대도시철도역,505030000
5200063000,63,106,해운대도시철도역,505030000
5200100000,100,103,해운대도시철도역,505030000
5200100100,100-1,93,해운대도시철도역,505030000
5200115100,115-1,38,해운대도시철도역,505030000
5200141000,141,88,해운대도시철도역,505030000
5200181000,181,90,해운대도시철도역,505030000
5200200000,200,103,해운대도시철도역,505030000
5201001000,1001,73,해운대도시철도역,505030000
5203006000,3006,52,해운대도시철도역,505030000
5200141F00,141-F,76,해운대도시철도역,505030000
5291408000,강서구8,9,동양라이트,505040000
5291415000,강서구15,33,동양라이트,505040000
5291408000,강서구8,62,동양라이트,505050000
5291415000,강서구15,54,동양라이트,505050000
5200042000,42,96,명장농협,505060000
5200099000,99,55,명장농협,505060000
5200105000,105,16,명장농협,505060000
5200129100,129-1,100,명장농협,505060000
5200148000,148,90,명장농협,505060000
5200183F00,183-F,68,명장농협,505060000
5200042000,42,14,명장농협,505070000
5200099000,99,14,명장농협,505070000
5200105000,105,80,명장농협,505070000
5200129100,129-1,19,명장농협,505070000
5200148000,148,28,명장농협,505070000
5200183F00,183-F,43,명장농협,505070000
5200087000,87,80,수정성당입구,505080000
5291406000,강서구6,54,KCC글라스,505090000
5291406000,강서구6,9,KCC글라스,505100000
5291507000,사상구7,12,농심부산공장,505110000
5291507000,사상구7,15,모라역,505120000
5291507000,사상구7,13,보성정비,505130000
5291507000,사상구7,14,부산벤처타워,505140000
5291507000,사상구7,11,부산조리고등학교,505150000
5290705000,남구5,15,포부대,505200000
5290705000,남구5,56,포부대,505200000
5200187000,187,55,대룡마을,505210000
5200187000,187,56,도야마을,505220000
5200139000,139,64,무곡마을,505230000
5200139000,139,27,무곡마을,505240000
5200105000,105,57,달음교,505250000
5200105000,105,40,달음교,505260000
5200105000,105,56,두산위브더테라스.재흥아파트,505270000
5200105000,105,41,두산위브더테라스.재흥아파트,505280000
5291602300,기장군2-3,18,배좌골,505290000
5291602300,기장군2-3,20,배좌골,505300000
5291602300,기장군2-3,19,부산치유의 숲,505310000
5290402000,영도구2,26,부산항국제선용품유통센터,505320000
5290402000,영도구2,34,부산항국제선용품유통센터,505330000
5290402000,영도구2,33,엑스스포츠광장입구,505340000
5290402000,영도구2,27,엑스스포츠광장입구,505350000
5290402000,영도구2,29,영도해수랜드,505360000
5290402000,영도구2,31,영도해수랜드,505370000
5290402000,영도구2,30,영선동반도보라아파트,505380000
5290402000,영도구2,32,종합해사,505390000
5290402000,영도구2,28,종합해사,505400000
5290706000,남구6,2,해피타운,505410000
5290706000,남구6,55,해피타운,505420000
5200022000,22,19,대연고개,505430000
5200024000,24,22,대연고개,505430000
5200027000,27,22,대연고개,505430000
5200040000,40,50,대연고개,505430000
5200041000,41,23,대연고개,505430000
5200042000,42,44,대연고개,505430000
5200083000,83,15,대연고개,505430000
5200083100,83-1,23,대연고개,505430000
5200108000,108,16,대연고개,505430000
5201003F00,1003-F,48,대연고개,505430000
5200073000,73,101,죽향공원,505450000
5200106000,106,99,죽향공원,505450000
5200107000,107,97,죽향공원,505450000
5200188000,188,165,죽향공원,505450000
5203008000,3008,74,죽향공원,505450000
5203008F00,3008-F,75,죽향공원,505450000
5200073000,73,19,죽향공원,505460000
5200106000,106,11,죽향공원,505460000
5200107000,107,18,죽향공원,505460000
5200188000,188,7,죽향공원,505460000
5203008000,3008,23,죽향공원,505460000
5203008F00,3008-F,24,죽향공원,505460000
5291103200,금정구3-2,20,구서2치안센터,505470000
5291202000,수영구2,43,금련산역,505480000
5291103200,금정구3-2,17,선경3차아파트312동,505500000
5291103200,금정구3-2,9,선경3차입구,505520000
5291103200,금정구3-2,19,선경3차정문,505530000
5291103200,금정구3-2,18,약수터선경3차후문,505540000
5291103200,금정구3-2,10,약수터선경3차후문,505550000
5291014000,사하구14,26,연화사입구,505560000
5291103200,금정구3-2,7,우성아파트10동,505570000
5291103200,금정구3-2,8,우성아파트12동,505580000
5291416000,강서구16,1,주포마을,505590000
5291606000,기장군6,16,두호해녀복지회관,505640000
5291606000,기장군6,18,망지끝,505650000
5291611000,기장군11,42,반송1동주민센터,505660000
5290705000,남구5,11,성지고등학교,505670000
5290705000,남구5,6,성지고등학교,505680000
5291606000,기장군6,20,월전마을회관,505690000
5291606000,기장군6,17,죽성드림세트장,505700000
5290705000,남구5,3,포부대,505710000
5200129100,129-1,79,당감입구교차로,505720000
5200138100,138-1,52,당감입구교차로,505720000
5200160000,160,41,당감입구교차로,505720000
5200168000,168,43,당감입구교차로,505720000
5200169100,169-1,41,당감입구교차로,505720000
5200129100,129-1,44,당감입구교차로,505730000
5200138100,138-1,106,당감입구교차로,505730000
5200160000,160,60,당감입구교차로,505730000
5200168000,168,56,당감입구교차로,505730000
5200169100,169-1,56,당감입구교차로,505730000
5200010000,10,23,교대역,505740000
5200031000,31,40,교대역,505740000
5200043000,43,30,교대역,505740000
5200077000,77,70,교대역,505740000
5200100100,100-1,69,교대역,505740000
5200129100,129-1,28,교대역,505740000
5200189000,189,45,교대역,505740000
5200506000,506,21,교대역,505740000
5200010000,10,24,동해선교대역,505750000
5200031000,31,41,동해선교대역,505750000
5200043000,43,31,동해선교대역,505750000
5200052000,52,20,동해선교대역,505750000
5200077000,77,71,동해선교대역,505750000
5200129100,129-1,29,동해선교대역,505750000
5200506000,506,22,동해선교대역,505750000
5200029000,29,54,동해선교대역,505760000
5200051000,51,37,동해선교대역,505760000
5200100100,100-1,70,동해선교대역,505760000
5200179000,179,24,동해선교대역,505760000
5200189000,189,46,동해선교대역,505760000
5200029000,29,93,동해선교대역,505770000
5200051000,51,94,동해선교대역,505770000
5200100100,100-1,40,동해선교대역,505770000
5200179000,179,68,동해선교대역,505770000
5200189000,189,53,동해선교대역,505770000
5200029000,29,90,부산시청,505780000
5200086000,86,95,부산시청,505780000
5200087000,87,101,부산시청,505780000
5200099000,99,46,부산시청,505780000
5200106000,106,63,부산시청,505780000
5200110100,110-1,17,부산시청,505780000
5200179000,179,65,부산시청,505780000
5200029000,29,57,부산시청,505790000
5200086000,86,16,부산시청,505790000
5200087000,87,15,부산시청,505790000
5200099000,99,22,부산시청,505790000
5200106000,106,47,부산시청,505790000
5200110100,110-1,57,부산시청,505790000
5200131000,131,108,부산시청,505790000
5200141000,141,33,부산시청,505790000
5200179000,179,27,부산시청,505790000
5200005100,5-1,52,부전시장,505800000
5200010000,10,34,부전시장,505800000
5200029000,29,62,부전시장,505800000
5200031000,31,50,부전시장,505800000
5200033000,33,16,부전시장,505800000
5200043000,43,41,부전시장,505800000
5200052000,52,30,부전시장,505800000
5200057000,57,45,부전시장,505800000
5200062000,62,23,부전시장,505800000
5200077000,77,81,부전시장,505800000
5200080000,80,52,부전시장,505800000
5200083000,83,29,부전시장,505800000
5200086000,86,21,부전시장,505800000
5200087000,87,20,부전시장,505800000
5200099000,99,27,부전시장,505800000
5200106000,106,52,부전시장,505800000
5200110100,110-1,62,부전시장,505800000
5200111000,111,50,부전시장,505800000
5200129100,129-1,39,부전시장,505800000
5200141000,141,38,부전시장,505800000
5200141F00,141-F,38,부전시장,505800000
5200020000,20,38,부전시장,505810000
5200031000,31,107,부전시장,505810000
5200033000,33,100,부전시장,505810000
5200052000,52,75,부전시장,505810000
5200054000,54,55,부전시장,505810000
5200062000,62,68,부전시장,505810000
5200077000,77,29,부전시장,505810000
5200086000,86,91,부전시장,505810000
5200087000,87,97,부전시장,505810000
5200099000,99,42,부전시장,505810000
5200106000,106,59,부전시장,505810000
5200110100,110-1,13,부전시장,505810000
5200129100,129-1,84,부전시장,505810000
5200141000,141,63,부전시장,505810000
5200141F00,141-F,52,부전시장,505810000
5201002F00,1002-F,85,부전시장,505810000
5200005100,5-1,51,부전역,505820000
5200010000,10,33,부전역,505820000
5200020000,20,32,부전역,505820000
5200029000,29,61,부전역,505820000
5200031000,31,49,부전역,505820000
5200033000,33,15,부전역,505820000
5200043000,43,40,부전역,505820000
5200052000,52,29,부전역,505820000
5200057000,57,44,부전역,505820000
5200062000,62,22,부전역,505820000
5200077000,77,80,부전역,505820000
5200080000,80,51,부전역,505820000
5200086000,86,20,부전역,505820000
5200087000,87,19,부전역,505820000
5200099000,99,26,부전역,505820000
5200106000,106,51,부전역,505820000
5200110100,110-1,61,부전역,505820000
5200111000,111,49,부전역,505820000
5200129100,129-1,38,부전역,505820000
5200141000,141,37,부전역,505820000
5200141F00,141-F,37,부전역,505820000
5201002F00,1002-F,80,부전역,505820000
5200029000,29,89,상수도사업본부,505830000
5200086000,86,94,상수도사업본부,505830000
5200087000,87,100,상수도사업본부,505830000
5200099000,99,45,상수도사업본부,505830000
5200106000,106,62,상수도사업본부,505830000
5200110100,110-1,16,상수도사업본부,505830000
5200131000,131,44,상수도사업본부,505830000
5200141000,141,66,상수도사업본부,505830000
5200179000,179,64,상수도사업본부,505830000
5200029000,29,58,상수도사업본부,505840000
5200086000,86,17,상수도사업본부,505840000
5200087000,87,16,상수도사업본부,505840000
5200099000,99,23,상수도사업본부,505840000
5200106000,106,48,상수도사업본부,505840000
5200110100,110-1,58,상수도사업본부,505840000
5200131000,131,109,상수도사업본부,505840000
5200141000,141,34,상수도사업본부,505840000
5200179000,179,28,상수도사업본부,505840000
5200005100,5-1,53,서면역.서면지하상가,505850000
5200010000,10,35,서면역.서면지하상가,505850000
5200017000,17,80,서면역.서면지하상가,505850000
5200023000,23,52,서면역.서면지하상가,505850000
5200029000,29,63,서면역.서면지하상가,505850000
5200043000,43,42,서면역.서면지하상가,505850000
5200052000,52,31,서면역.서면지하상가,505850000
5200057000,57,46,서면역.서면지하상가,505850000
5200068000,68,82,서면역.서면지하상가,505850000
5200080000,80,53,서면역.서면지하상가,505850000
5200081000,81,13,서면역.서면지하상가,505850000
5200083000,83,30,서면역.서면지하상가,505850000
5200083100,83-1,79,서면역.서면지하상가,505850000
5200086000,86,22,서면역.서면지하상가,505850000
5200088000,88,79,서면역.서면지하상가,505850000
5200099000,99,28,서면역.서면지하상가,505850000
5200103000,103,12,서면역.서면지하상가,505850000
5200106000,106,53,서면역.서면지하상가,505850000
5200108000,108,80,서면역.서면지하상가,505850000
5200111000,111,51,서면역.서면지하상가,505850000
5200138000,138,45,서면역.서면지하상가,505850000
5200167000,167,29,서면역.서면지하상가,505850000
5200583000,583,27,서면역.서면지하상가,505850000
5201004000,1004,38,서면역.서면지하상가,505850000
5203002000,3002,23,서면역.서면지하상가,505850000
5201004F00,1004-F,59,서면역.서면지하상가,505850000
5200017000,17,46,서면역.서면지하상가,505860000
5200020000,20,37,서면역.서면지하상가,505860000
5200023000,23,15,서면역.서면지하상가,505860000
5200024000,24,31,서면역.서면지하상가,505860000
5200052000,52,74,서면역.서면지하상가,505860000
5200067000,67,80,서면역.서면지하상가,505860000
5200068000,68,24,서면역.서면지하상가,505860000
5200081000,81,67,서면역.서면지하상가,505860000
5200083000,83,23,서면역.서면지하상가,505860000
5200083100,83-1,32,서면역.서면지하상가,505860000
5200086000,86,90,서면역.서면지하상가,505860000
5200088000,88,38,서면역.서면지하상가,505860000
5200099000,99,41,서면역.서면지하상가,505860000
5200108000,108,24,서면역.서면지하상가,505860000
5200138000,138,94,서면역.서면지하상가,505860000
5200160000,160,55,서면역.서면지하상가,505860000
5200167000,167,66,서면역.서면지하상가,505860000
5200169100,169-1,51,서면역.서면지하상가,505860000
5201004000,1004,66,서면역.서면지하상가,505860000
5201002F00,1002-F,84,서면역.서면지하상가,505860000
5201004F00,1004-F,97,서면역.서면지하상가,505860000
5200017000,17,45,서면한전,505870000
5200020000,20,36,서면한전,505870000
5200023000,23,14,서면한전,505870000
5200024000,24,30,서면한전,505870000
5200052000,52,73,서면한전,505870000
5200067000,67,79,서면한전,505870000
5200068000,68,23,서면한전,505870000
5200081000,81,66,서면한전,505870000
5200083000,83,22,서면한전,505870000
5200083100,83-1,31,서면한전,505870000
5200086000,86,89,서면한전,505870000
5200088000,88,37,서면한전,505870000
5200099000,99,40,서면한전,505870000
5200108000,108,23,서면한전,505870000
5200138000,138,93,서면한전,505870000
5200160000,160,54,서면한전,505870000
5200167000,167,65,서면한전,505870000
5200169100,169-1,50,서면한전,505870000
5201004000,1004,65,서면한전,505870000
5201002F00,1002-F,83,서면한전,505870000
5201004F00,1004-F,96,서면한전,505870000
5200005100,5-1,54,서면한전,505880000
5200010000,10,36,서면한전,505880000
5200017000,17,81,서면한전,505880000
5200023000,23,53,서면한전,505880000
5200029000,29,64,서면한전,505880000
5200043000,43,43,서면한전,505880000
5200052000,52,32,서면한전,505880000
5200057000,57,47,서면한전,505880000
5200068000,68,83,서면한전,505880000
5200080000,80,54,서면한전,505880000
5200081000,81,14,서면한전,505880000
5200083000,83,31,서면한전,505880000
5200083100,83-1,80,서면한전,505880000
5200086000,86,23,서면한전,505880000
5200088000,88,80,서면한전,505880000
5200099000,99,29,서면한전,505880000
5200103000,103,13,서면한전,505880000
5200106000,106,54,서면한전,505880000
5200108000,108,81,서면한전,505880000
5200111000,111,52,서면한전,505880000
5200138000,138,46,서면한전,505880000
5200167000,167,30,서면한전,505880000
5200583000,583,28,서면한전,505880000
5201004000,1004,39,서면한전,505880000
5203002000,3002,24,서면한전,505880000
5201004F00,1004-F,60,서면한전,505880000
5200005100,5-1,50,송상현광장,505890000
5200010000,10,32,송상현광장,505890000
5200020000,20,31,송상현광장,505890000
5200029000,29,60,송상현광장,505890000
5200031000,31,48,송상현광장,505890000
5200033000,33,14,송상현광장,505890000
5200043000,43,39,송상현광장,505890000
5200052000,52,28,송상현광장,505890000
5200057000,57,43,송상현광장,505890000
5200062000,62,21,송상현광장,505890000
5200077000,77,79,송상현광장,505890000
5200080000,80,50,송상현광장,505890000
5200086000,86,19,송상현광장,505890000
5200087000,87,18,송상현광장,505890000
5200099000,99,25,송상현광장,505890000
5200106000,106,50,송상현광장,505890000
5200110100,110-1,60,송상현광장,505890000
5200111000,111,48,송상현광장,505890000
5200129100,129-1,37,송상현광장,505890000
5200141000,141,36,송상현광장,505890000
5200141F00,141-F,36,송상현광장,505890000
5201002F00,1002-F,79,송상현광장,505890000
5200005100,5-1,95,송상현광장,505900000
5200010000,10,92,송상현광장,505900000
5200020000,20,39,송상현광장,505900000
5200029000,29,87,송상현광장,505900000
5200031000,31,108,송상현광장,505900000
5200033000,33,101,송상현광장,505900000
5200043000,43,92,송상현광장,505900000
5200052000,52,76,송상현광장,505900000
5200057000,57,61,송상현광장,505900000
5200062000,62,69,송상현광장,505900000
5200077000,77,30,송상현광장,505900000
5200080000,80,68,송상현광장,505900000
5200086000,86,92,송상현광장,505900000
5200087000,87,98,송상현광장,505900000
5200099000,99,43,송상현광장,505900000
5200106000,106,60,송상현광장,505900000
5200110100,110-1,14,송상현광장,505900000
5200111000,111,66,송상현광장,505900000
5200129100,129-1,85,송상현광장,505900000
5200141000,141,64,송상현광장,505900000
5200141F00,141-F,53,송상현광장,505900000
5201002F00,1002-F,86,송상현광장,505900000
5200005100,5-1,49,양정역,505910000
5200020000,20,30,양정역,505910000
5200029000,29,59,양정역,505910000
5200057000,57,42,양정역,505910000
5200062000,62,20,양정역,505910000
5200086000,86,18,양정역,505910000
5200087000,87,17,양정역,505910000
5200099000,99,24,양정역,505910000
5200106000,106,49,양정역,505910000
5200110100,110-1,59,양정역,505910000
5200141000,141,35,양정역,505910000
5200141F00,141-F,35,양정역,505910000
5200005100,5-1,96,양정역,505920000
5200020000,20,40,양정역,505920000
5200029000,29,88,양정역,505920000
5200057000,57,62,양정역,505920000
5200062000,62,70,양정역,505920000
5200086000,86,93,양정역,505920000
5200087000,87,99,양정역,505920000
5200099000,99,44,양정역,505920000
5200106000,106,61,양정역,505920000
5200110100,110-1,15,양정역,505920000
5200141000,141,65,양정역,505920000
5200141F00,141-F,54,양정역,505920000
5200029000,29,55,연산역.연산교차로,505930000
5200051000,51,38,연산역.연산교차로,505930000
5200179000,179,25,연산역.연산교차로,505930000
5200189000,189,47,연산역.연산교차로,505930000
5200029000,29,92,연산역.연산교차로,505940000
5200051000,51,93,연산역.연산교차로,505940000
5200100100,100-1,39,연산역.연산교차로,505940000
5200179000,179,67,연산역.연산교차로,505940000
5200189000,189,52,연산역.연산교차로,505940000
5200029000,29,56,연산역.연제초교,505950000
5200086000,86,15,연산역.연제초교,505950000
5200087000,87,14,연산역.연제초교,505950000
5200099000,99,21,연산역.연제초교,505950000
5200106000,106,46,연산역.연제초교,505950000
5200110100,110-1,56,연산역.연제초교,505950000
5200179000,179,26,연산역.연제초교,505950000
5200029000,29,91,연산역.연제초교,505960000
5200086000,86,96,연산역.연제초교,505960000
5200087000,87,102,연산역.연제초교,505960000
5200099000,99,47,연산역.연제초교,505960000
5200106000,106,64,연산역.연제초교,505960000
5200110100,110-1,18,연산역.연제초교,505960000
5200179000,179,66,연산역.연제초교,505960000
5291606000,기장군6,21,봉대산입구,505990000
5290513000,부산진구13,11,송상현광장,506000000
5290513000,부산진구13,15,송상현광장,506010000
5291606000,기장군6,19,월전활어판매장,506020000
5291411000,강서구11,63,정관매화꽃길,506030000
5200002000,2,43,괴정역.괴정사거리,506040000
5200011000,11,37,괴정역.괴정사거리,506040000
5200103000,103,77,괴정역.괴정사거리,506040000
5200113000,113,73,괴정역.괴정사거리,506040000
5200126000,126,56,괴정역.괴정사거리,506040000
5200002F00,2-F,43,괴정역.괴정사거리,506040000
5200029000,29,12,남산119안전센터,506050000
5200051000,51,12,남산119안전센터,506050000
5200080000,80,12,남산119안전센터,506050000
5200300000,300,13,남산119안전센터,506050000
5291508100,사상구8-1,9,개포초교후문,506060000
5291401000,강서구1,52,농협하나로마트,506080000
5291401100,강서구1-1,45,농협하나로마트,506080000
5290402000,영도구2,35,대평사거리,506090000
5291401000,강서구1,46,동방물류센터,506100000
5291401100,강서구1-1,39,동방물류센터,506100000
5291401000,강서구1,53,반짓골,506110000
5291401100,강서구1-1,46,반짓골,506110000
5291401000,강서구1,47,부영13단지,506120000
5291401100,강서구1-1,40,부영13단지,506120000
5291401000,강서구1,56,부영13단지,506130000
5291401100,강서구1-1,49,부영13단지,506130000
5290708000,남구8,13,용당동갓골,506140000
5291401000,강서구1,49,용원,506150000
5291401100,강서구1-1,42,용원,506150000
5291409100,강서구9-1,1,용원,506150000
5291409100,강서구9-1,77,용원,506150000
5291401000,강서구1,51,용원2동행정복지센터,506160000
5291401100,강서구1-1,44,용원2동행정복지센터,506160000
5291401000,강서구1,50,용원고등학교,506170000
5291401100,강서구1-1,43,용원고등학교,506170000
5291401000,강서구1,48,용원어시장,506180000
5291401100,강서구1-1,41,용원어시장,506180000
5291401000,강서구1,55,용원어시장,506190000
5291401100,강서구1-1,48,용원어시장,506190000
5291409000,강서구9,22,우방아이유쉘아파트,506200000
5291409100,강서구9-1,55,우방아이유쉘아파트,506200000
5291416000,강서구16,23,우방아이유쉘아파트,506200000
5291409000,강서구9,11,우방아이유쉘아파트,506210000
5291409100,강서구9-1,23,우방아이유쉘아파트,506210000
5291416000,강서구16,12,우방아이유쉘아파트,506210000
5291409000,강서구9,10,은산터미널,506220000
5291409100,강서구9-1,22,은산터미널,506220000
5291416000,강서구16,11,은산터미널,506220000
5291409000,강서구9,23,은산터미널,506230000
5291409100,강서구9-1,56,은산터미널,506230000
5291416000,강서구16,24,은산터미널,506230000
5291409100,강서구9-1,21,사암마을,506240000
5291416000,강서구16,10,사암마을,506240000
5291409100,강서구9-1,57,사암마을,506250000
5291416000,강서구16,25,사암마을,506250000
5290708000,남구8,31,남천역3번출구,506260000
5290708000,남구8,36,동명대입구,506270000
5290708000,남구8,14,동명대입구,506280000
5290708000,남구8,26,삼익비치210동,506290000
5290708000,남구8,27,삼익비치215동,506300000
5290708000,남구8,24,수영구청.금호어울림,506310000
5290708000,남구8,23,수영구청사거리,506320000
5200171000,171,90,감천항제5부두,506350000
5200171000,171,40,감천항제5부두,506360000
5200171000,171,41,감천항해양파출소,506370000
5200171000,171,89,감천항해양파출소,506380000
5200171000,171,39,구평삼거리,506390000
5200171000,171,91,구평삼거리,506400000
5200301000,301,8,남산고등학교,506410000
5200301000,301,61,남산고등학교,506410000
5200301000,301,12,남산고등학교,506420000
5200301000,301,65,남산고등학교,506420000
5200187000,187,38,반룡산단2로,506440000
5200187000,187,65,반룡산단2로,506440000
5200187000,187,37,반룡산단입구,506450000
5200187000,187,64,반룡산단입구,506450000
5203005000,3005,49,범방동삼층석탑,506460000
5203005000,3005,30,범방동삼층석탑,506470000
5200301000,301,10,부산외국어대학교캠퍼스,506480000
5200301000,301,63,부산외국어대학교캠퍼스,506480000
5200301000,301,11,부산외대정문,506490000
5200301000,301,64,부산외대정문,506490000
5200301000,301,9,부산외대정문,506500000
5200301000,301,62,부산외대정문,506500000
5200187000,187,39,장안산단6로,506510000
5200187000,187,66,장안산단6로,506510000
5203005000,3005,31,조선해양기자재연구원,506520000
5203005000,3005,48,조선해양기자재연구원,506530000
5203005000,3005,50,한국해양대학교서부산융합캠퍼스,506560000
5203005000,3005,29,한국해양대학교서부산융합캠퍼스,506570000
5200036000,36,26,이진블루1차.태영아파트,506580000
5200139000,139,15,이진블루1차.태영아파트,506580000
5200181000,181,18,이진블루1차.태영아파트,506580000
5200182000,182,113,이진블루1차.태영아파트,506580000
5200187000,187,98,이진블루1차.태영아파트,506580000
5200188000,188,63,이진블루1차.태영아파트,506580000
5200036000,36,120,성신.이진블루2차,506590000
5200139000,139,76,성신.이진블루2차,506590000
5200181000,181,136,성신.이진블루2차,506590000
5200182000,182,15,성신.이진블루2차,506590000
5200187000,187,14,성신.이진블루2차,506590000
5200188000,188,109,성신.이진블루2차,506590000
5200036000,36,123,자이푸르지오2단지,506600000
5200181000,181,139,자이푸르지오2단지,506600000
5200182000,182,18,자이푸르지오2단지,506600000
5200036000,36,23,자이푸르지오2단지,506610000
5200181000,181,15,자이푸르지오2단지,506610000
5200182000,182,110,자이푸르지오2단지,506610000
5200036000,36,124,비스타동원1차,506620000
5200139000,139,81,비스타동원1차,506620000
5200181000,181,140,비스타동원1차,506620000
5200182000,182,19,비스타동원1차,506620000
5200187000,187,19,비스타동원1차,506620000
5200188000,188,114,비스타동원1차,506620000
5200036000,36,22,비스타동원1차,506630000
5200139000,139,10,비스타동원1차,506630000
5200181000,181,14,비스타동원1차,506630000
5200182000,182,109,비스타동원1차,506630000
5200187000,187,93,비스타동원1차,506630000
5200188000,188,58,비스타동원1차,506630000
5200036000,36,125,해송로,506640000
5200139000,139,82,해송로,506640000
5200181000,181,141,해송로,506640000
5200182000,182,20,해송로,506640000
5200187000,187,20,해송로,506640000
5200188000,188,115,해송로,506640000
5200036000,36,126,일광읍행정복지센터,506650000
5200139000,139,84,일광읍행정복지센터,506650000
5200181000,181,142,일광읍행정복지센터,506650000
5200182000,182,21,일광읍행정복지센터,506650000
5200187000,187,21,일광읍행정복지센터,506650000
5200188000,188,116,일광읍행정복지센터,506650000
5200036000,36,21,해송로,506660000
5200139000,139,9,해송로,506660000
5200181000,181,13,해송로,506660000
5200182000,182,108,해송로,506660000
5200187000,187,92,해송로,506660000
5200188000,188,57,해송로,506660000
5200036000,36,20,일광읍행정복지센터,506670000
5200139000,139,7,일광읍행정복지센터,506670000
5200181000,181,12,일광읍행정복지센터,506670000
5200182000,182,107,일광읍행정복지센터,506670000
5200187000,187,91,일광읍행정복지센터,506670000
5200188000,188,56,일광읍행정복지센터,506670000
5200015000,15,89,우신모라아파트,506680000
5200033100,33-1,56,우신모라아파트,506680000
5200123000,123,99,우신모라아파트,506680000
5200133100,133-1,33,우신모라아파트,506680000
5200169000,169,37,우신모라아파트,506680000
5200169100,169-1,77,우신모라아파트,506680000
5200003000,3,43,명원초등학교,506690000
5200058200,58-2,74,명원초등학교,506690000
5200109000,109,88,명원초등학교,506690000
5200124000,124,81,명원초등학교,506690000
5200128100,128-1,97,명원초등학교,506690000
5200172000,172,127,명원초등학교,506690000
5200520000,520,59,명원초등학교,506690000
5200003000,3,71,명원초등학교,506700000
5200058200,58-2,39,명원초등학교,506700000
5200109000,109,20,명원초등학교,506700000
5200124000,124,29,명원초등학교,506700000
5200128100,128-1,16,명원초등학교,506700000
5200172000,172,8,명원초등학교,506700000
5200520000,520,54,명원초등학교,506700000
5291608000,기장군8,13,비스타동원1차,506710000
5291608000,기장군8,110,비스타동원1차,506720000
5291606000,기장군6,35,성신.이진블루2차,506730000
5291608000,기장군8,9,성신.이진블루2차,506730000
5291606000,기장군6,2,이진블루1차.태영아파트,506740000
5291608000,기장군8,114,이진블루1차.태영아파트,506740000
5291608000,기장군8,107,일광읍행정복지센터,506750000
5291608000,기장군8,16,일광읍행정복지센터,506760000
5291608000,기장군8,111,자이푸르지오2단지,506770000
5291608000,기장군8,12,자이푸르지오2단지,506780000
5291608000,기장군8,112,한신더휴아파트,506790000
5291608000,기장군8,11,한신더휴아파트,506800000
5291608000,기장군8,109,해송로,506810000
5291608000,기장군8,14,해송로,506820000
5200055000,55,47,국제산업물류산단,506830000
5203007000,3007,29,국제산업물류산단,506830000
5200055000,55,78,국제산업물류산단,506840000
5203007000,3007,15,국제산업물류산단,506840000
5200171000,171,42,사하구국민체육센터,506850000
5291407100,강서구7-1,10,국제산업물류산단,506860000
5291412100,강서구12-1,10,국제산업물류산단,506860000
5291407100,강서구7-1,102,국제산업물류산단,506870000
5291412100,강서구12-1,55,국제산업물류산단,506870000
5290608000,동래구8,47,해운아파트,506880000
5290701000,남구1,3,광안골든빌리지,506890000
5290701000,남구1,41,광안골든빌리지,506900000
5290701000,남구1,10,못골골목시장주차장,506910000
5290701000,남구1,9,못골시장,506920000
5290701000,남구1,4,우정하이츠빌라,506930000
5290701000,남구1,40,우정하이츠빌라,506940000
5200083000,83,25,부산진경찰서,506970000
5200054000,54,65,서면교차로,506980000
5200083100,83-1,34,서면교차로,506980000
5200088000,88,40,서면교차로,506980000
5200103000,103,114,서면교차로,506980000
5200133000,133,59,서면교차로,506980000
5200167000,167,68,서면교차로,506980000
5291014000,사하구14,28,벽산하이츠아파트,506990000
5200210000,210,53,민락공영주차장,507000000
5200139000,139,11,일광초등학교,507010000
5200187000,187,94,일광초등학교,507010000
5200188000,188,59,일광초등학교,507010000
5200139000,139,80,일광초등학교,507020000
5200187000,187,18,일광초등학교,507020000
5200188000,188,113,일광초등학교,507020000
5200139000,139,79,자이푸르지오1단지,507030000
5200187000,187,17,자이푸르지오1단지,507030000
5200188000,188,112,자이푸르지오1단지,507030000
5200139000,139,12,자이푸르지오1단지,507040000
5200187000,187,95,자이푸르지오1단지,507040000
5200188000,188,60,자이푸르지오1단지,507040000
5200139000,139,78,한신더휴2단지,507050000
5200187000,187,16,한신더휴2단지,507050000
5200188000,188,111,한신더휴2단지,507050000
5200139000,139,13,한신더휴2단지,507060000
5200187000,187,96,한신더휴2단지,507060000
5200188000,188,61,한신더휴2단지,507060000
5290705000,남구5,29,문현동부산은행,507070000
5200036000,36,24,한신더휴1단지,507100000
5200181000,181,16,한신더휴1단지,507100000
5200182000,182,111,한신더휴1단지,507100000
5200036000,36,122,한신더휴1단지,507110000
5200181000,181,138,한신더휴1단지,507110000
5200182000,182,17,한신더휴1단지,507110000
5291402000,강서구2,2,가락중앙경로당,507120000
5291402000,강서구2,44,가락중앙경로당,507130000
5291405000,강서구5,41,부산은행대저지점,507140000
5291402000,강서구2,46,부원역,507150000
5291402000,강서구2,1,송산마을,507160000
5291402000,강서구2,45,송산마을,507170000
5290709000,남구9,14,"유엔기념공원, 부산문화회관",507300000
5291506000,사상구6,66,"유엔기념공원, 부산문화회관",507300000
5291405000,강서구5,21,고향산천,507310000
5290903200,해운대구3-2,12,센텀리슈빌1단지후문,507320000
5290903200,해운대구3-2,11,센텀e편한세상정문,507330000
5290903200,해운대구3-2,10,해운대구문화복합센터,507340000
5200003000,3,82,경일고등학교후문,507350000
5200109000,109,28,경일고등학교후문,507350000
5200172000,172,16,경일고등학교후문,507350000
5200003000,3,31,경일고등학교후문,507360000
5200109000,109,80,경일고등학교후문,507360000
5200172000,172,119,경일고등학교후문,507360000
5200139000,139,77,대성베르빌,507370000
5200187000,187,15,대성베르빌,507370000
5200188000,188,110,대성베르빌,507370000
5200036000,36,25,이지더원2차,507380000
5200181000,181,17,이지더원2차,507380000
5200182000,182,112,이지더원2차,507380000
5200036000,36,121,이지더원2차,507390000
5200181000,181,137,이지더원2차,507390000
5200182000,182,16,이지더원2차,507390000
5200139000,139,14,이지더원3차,507400000
5200187000,187,97,이지더원3차,507400000
5200188000,188,62,이지더원3차,507400000
5290515000,부산진구15,9,창곡종합시장,507410000
5200033100,33-1,88,미남교,507420000
5200055000,55,25,녹산초등학교,507430000
5200055000,55,84,녹산초등학교,507430000
5203005000,3005,57,녹산초등학교,507430000
5203007000,3007,18,녹산초등학교,507430000
5200055000,55,41,녹산초등학교,507440000
5200055000,55,100,녹산초등학교,507440000
5203005000,3005,67,녹산초등학교,507440000
5203007000,3007,26,녹산초등학교,507440000
5200003000,3,74,더샵퍼스트월드·강서세무서,507450000
5200128100,128-1,19,더샵퍼스트월드·강서세무서,507450000
5200003000,3,39,더샵퍼스트월드·강서세무서,507460000
5200128100,128-1,94,더샵퍼스트월드·강서세무서,507460000
5200003000,3,38,명지1동 행정복지센터,507470000
5200128100,128-1,93,명지1동 행정복지센터,507470000
5200003000,3,75,명지1동 행정복지센터,507480000
5200128100,128-1,20,명지1동 행정복지센터,507480000
5200055000,55,24,삼정그린코아.금강펜테리움,507490000
5200055000,55,83,삼정그린코아.금강펜테리움,507490000
5203005000,3005,12,삼정그린코아.금강펜테리움,507490000
5203005000,3005,56,삼정그린코아.금강펜테리움,507490000
5203007000,3007,17,삼정그린코아.금강펜테리움,507490000
5200038000,38,22,장산역,507500000
5200115100,115-1,56,장산역,507500000
5200307000,307,5,장산역,507500000
5201001000,1001,13,장산역,507500000
5203006000,3006,5,장산역,507500000
5200003000,3,76,한국토지주택공사,507510000
5200128100,128-1,21,한국토지주택공사,507510000
5200003000,3,37,한국토지주택공사,507520000
5200128100,128-1,92,한국토지주택공사,507520000
5200055000,55,42,협성엘리시안,507530000
5200055000,55,101,협성엘리시안,507530000
5203005000,3005,24,협성엘리시안,507530000
5203007000,3007,27,협성엘리시안,507530000
5290101000,중구1,22,경남고교,507540000
5290101000,중구1,34,경남고교,507550000
5291407100,강서구7-1,3,녹산초등학교,507560000
5291412000,강서구12,14,녹산초등학교,507560000
5291412100,강서구12-1,3,녹산초등학교,507560000
5291407100,강서구7-1,109,녹산초등학교,507570000
5291412000,강서구12,71,녹산초등학교,507570000
5291412100,강서구12-1,62,녹산초등학교,507570000
5291421000,강서구21,5,대방디엠시티,507580000
5291421000,강서구21,2,더샵퍼스트월드,507590000
5291421000,강서구21,43,더샵퍼스트월드,507600000
5290602000,동래구2,35,수민어울공원,507610000
5290602000,동래구2,13,수민어울공원,507620000
5290903000,해운대구3,27,동부지청어귀교차로,507630000
5290101000,중구1,33,동아대병원,507640000
5290101000,중구1,23,동아대병원,507650000
5290903000,해운대구3,26,동해선센텀역,507660000
5291301000,연제구1,5,롯데캐슬골드포레110동앞,507680000
5291301000,연제구1,25,롯데캐슬골드포레110동앞,507690000
5291301000,연제구1,22,롯데캐슬골드포레후문앞,507700000
5291301000,연제구1,9,롯데캐슬골드포레후문앞,507710000
5291408000,강서구8,24,명원초등학교,507720000
5291408100,강서구8-1,21,명원초등학교,507720000
5291422000,강서구22,61,명원초등학교,507720000
5291408000,강서구8,47,명원초등학교,507730000
5291408100,강서구8-1,32,명원초등학교,507730000
5291422000,강서구22,2,명원초등학교,507730000
5291408000,강서구8,25,명지환승센터,507740000
5291408100,강서구8-1,22,명지환승센터,507740000
5291421000,강서구21,1,명지환승센터,507740000
5291422000,강서구22,62,명지환승센터,507740000
5291003000,사하구3,10,보림초등학교(기점),507750000
5291407100,강서구7-1,108,삼정그린코아.금강펜테리움,507780000
5291412000,강서구12,70,삼정그린코아.금강펜테리움,507780000
5291412100,강서구12-1,61,삼정그린코아.금강펜테리움,507780000
5290902000,해운대구2,44,부산은행장산지점,507790000
5290910000,해운대구10,42,부산은행장산지점,507790000
5290902000,해운대구2,7,부산은행장산지점,507800000
5290910000,해운대구10,7,부산은행장산지점,507800000
5290602000,동래구2,14,수민동행정복지센터,507810000
5290602000,동래구2,34,수민동행정복지센터,507820000
5291301000,연제구1,24,양동초등학교입구,507850000
5291301000,연제구1,6,양동초등학교입구,507860000
5291421000,강서구21,40,제나우스오피스텔,507870000
5290902000,해운대구2,3,신기마을노인정,507880000
5290907000,해운대구7,3,신기마을노인정,507880000
5290902000,해운대구2,48,신기마을노인정,507890000
5290907000,해운대구7,50,신기마을노인정,507890000
5291407100,강서구7-1,4,협성엘리시안,507900000
5291412000,강서구12,15,협성엘리시안,507900000
5291412100,강서구12-1,4,협성엘리시안,507900000
5291407100,강서구7-1,107,선비교,507930000
5291407200,강서구7-2,104,선비교,507930000
5291412000,강서구12,69,선비교,507930000
5291412100,강서구12-1,60,선비교,507930000
5291407100,강서구7-1,5,선비교,507940000
5291407200,강서구7-2,11,선비교,507940000
5291412000,강서구12,16,선비교,507940000
5291412100,강서구12-1,5,선비교,507940000
5200107000,107,56,센텀시티우체국,507950000
5290512100,부산진구12-1,13,부산진여중,507990000
5290512100,부산진구12-1,23,부산진여중,508000000
5290512100,부산진구12-1,22,부영아파트,508010000
5290512100,부산진구12-1,14,부영아파트,508020000
5290512100,부산진구12-1,18,부전시장,508030000
5290512100,부산진구12-1,17,서면역12번출구,508040000
5290512100,부산진구12-1,12,아이파크1차정문,508050000
5290512100,부산진구12-1,24,아이파크1차정문,508060000
5290512100,부산진구12-1,19,전포초등학교,508090000
5290512100,부산진구12-1,21,전포카페거리,508100000
5290512100,부산진구12-1,15,전포카페거리,508110000
5291301000,연제구1,23,양정포레힐즈스위첸,508150000
5291301000,연제구1,7,양정포레힐즈스위첸,508160000
5291411000,강서구11,57,공항후문,508180000
5200111100,111-1,24,산성터널영업소,508190000
5200300000,300,23,산성터널영업소,508190000
5290703000,남구3,29,눌원빌딩,508200000
5290703000,남구3,28,동부산우체국,508240000
5290902000,해운대구2,42,장산역.웅신시네아트,508270000
5290907000,해운대구7,43,장산역.웅신시네아트,508270000
5200055000,55,43,지사천선비교,508290000
5200055000,55,102,지사천선비교,508290000
5200055000,55,23,지사천선비교,508300000
5200055000,55,82,지사천선비교,508300000
5200006000,6,60,괴정동교차로,508310000
5200016000,16,74,괴정동교차로,508310000
5200096000,96,25,괴정동교차로,508310000
5200161000,161,39,괴정동교차로,508310000
5291406000,강서구6,52,가락어린이집,508320000
5291406000,강서구6,11,가락어린이집,508330000
5291406000,강서구6,51,식만배수펌프장,508340000
5291406000,강서구6,12,식만배수펌프장,508350000
5291411000,강서구11,11,정관매화꽃길,508360000
5291408000,강서구8,31,CGV,508370000
5291421000,강서구21,4,CGV,508370000
5291408000,강서구8,40,CGV,508380000
5291421000,강서구21,41,CGV,508380000
5290901000,해운대구1,29,반여시장,508390000
5290903000,해운대구3,34,반여시장,508390000
5200010000,10,61,감만현대아파트사거리,508400000
5200300000,300,4,범어사어귀삼거리,508410000
5200300000,300,70,범어사어귀삼거리,508420000
5200300000,300,31,북부경찰서,508440000
5200300000,300,46,북부경찰서,508450000
5200300000,300,14,샘골공원,508460000
5200300000,300,60,샘골공원,508470000
5200300000,300,43,수정역,508480000
5200300000,300,32,용수초등학교,508490000
5200300000,300,45,용수초등학교,508500000
5200300000,300,30,북부산우체국,508510000
5200300000,300,47,북부산우체국,508520000
5200300000,300,33,한국방송통신대,508530000
5200300000,300,44,한국방송통신대,508540000
5200183000,183,44,농심가슈퍼,508570000
5200183000,183,63,농심가슈퍼,508580000
5200183000,183,45,대명여자고등학교,508590000
5200183000,183,62,대명여자고등학교,508600000
5200183000,183,60,동래문화회관,508610000
5200183000,183,47,동래문화회관,508620000
5200183000,183,48,명륜2차아이파크,508630000
5200183000,183,59,명륜2차아이파크,508640000
5200183000,183,43,명장초등학교입구,508650000
5200183000,183,64,명장초등학교입구,508660000
5200046000,46,27,미남교,508670000
5200046000,46,61,미남교,508680000
5200046000,46,30,사직고등학교입구,508690000
5200046000,46,58,사직고등학교입구,508700000
5200046000,46,57,사직초등학교앞교차로,508720000
5200046000,46,29,삼정그린코아포레스트,508730000
5200046000,46,59,삼정그린코아포레스트,508740000
5200183000,183,49,온천입구,508760000
5200183000,183,58,온천입구,508770000
5200183000,183,61,용인고등학교,508780000
5200183000,183,46,용인고등학교,508790000
5200183000,183,42,조양삼거리,508800000
5200183000,183,65,조양삼거리,508810000
5200046000,46,60,한독온천어린이집,508850000
5200046000,46,28,한독온천어린이집,508860000
5200046000,46,62,화신아파트,508870000
5290601100,동래구1-1,6,래미안1단지,508940000
5290301100,동구1-1,19,동아원,508970000
5290301100,동구1-1,16,두산위브,508990000
5200059000,59,3,금곡동행정복지센터,509120000
5200126000,126,3,금곡동행정복지센터,509120000
5200059000,59,1,금곡역,509130000
5200111100,111-1,44,금곡역,509130000
5200126000,126,1,금곡역,509130000
5200059000,59,133,금곡역,509140000
5200126000,126,138,금곡역,509140000
5200059000,59,2,동원역,509150000
5200126000,126,2,동원역,509150000
5200059000,59,132,동원역,509160000
5200126000,126,137,동원역,509160000
5291408000,강서구8,10,강서경찰서,509210000
5291408100,강서구8-1,9,강서경찰서,509210000
5291415000,강서구15,34,강서경찰서,509210000
5291415100,강서구15-1,9,강서경찰서,509210000
5291408000,강서구8,61,강서경찰서,509220000
5291408100,강서구8-1,44,강서경찰서,509220000
5291415000,강서구15,53,강서경찰서,509220000
5291415100,강서구15-1,22,강서경찰서,509220000
5291608000,기장군8,37,달음교,509230000
5291608000,기장군8,85,달음교,509240000
5291608000,기장군8,38,동원로얄듀크1차아파트,509250000
5291608000,기장군8,84,동원로얄듀크1차아파트,509260000
5291608000,기장군8,15,동해선일광역광장,509270000
5291608000,기장군8,108,동해선일광역광장,509280000
5291608000,기장군8,82,옛터어린이공원입구,509300000
5291608000,기장군8,40,옛터어린이공원입구,509310000
5291608000,기장군8,113,이지더원2차,509320000
5291608000,기장군8,10,이지더원2차,509330000
5291412000,강서구12,25,지사천4교,509350000
5291412100,강서구12-1,17,지사천4교,509350000
5291412000,강서구12,60,지사천4교,509360000
5291412100,강서구12-1,48,지사천4교,509360000
5291412100,강서구12-1,15,통합세산마을,509370000
5291412100,강서구12-1,50,통합세산마을,509380000
5200033100,33-1,77,e편한세상금정산아파트,509560000
5200033100,33-1,73,대진아파트,509570000
5200033100,33-1,76,만덕시장입구,509580000
5200033100,33-1,75,만덕중학교,509590000
5200033100,33-1,11,미남역11번출구,509600000
5200041000,41,26,범일교,509610000
5200068000,68,18,범일교,509610000
5200083100,83-1,26,범일교,509610000
5200101000,101,57,솔개다리,509620000
5290703000,남구3,49,남부산농협석포지점,509630000
5290706000,남구6,23,남부산농협석포지점,509630000
5291002000,사하구2,16,대원연립,509640000
5291002000,사하구2,30,대원연립,509650000
5200059000,59,47,신암입구,509660000
5200061000,61,23,신암입구,509660000
5200085000,85,50,신암입구,509660000
5200087000,87,23,신암입구,509660000
5200186000,186,87,신암입구,509660000
5200059000,59,88,신암입구,509670000
5200061000,61,110,신암입구,509670000
5200085000,85,35,신암입구,509670000
5200087000,87,94,신암입구,509670000
5200186000,186,56,신암입구,509670000
5291405000,강서구5,11,중촌마을,509680000
5291405000,강서구5,58,중촌마을,509690000
5200138100,138-1,4,대동중고등학교,509700000
5200171000,171,94,대동중고등학교,509700000
5200139000,139,63,매화원입구,509710000
5200139000,139,28,매화원입구,509720000
5200124000,124,51,삼한사랑채아파트입구,509730000
5200161000,161,91,삼한사랑채아파트입구,509730000
5200029000,29,111,책마을보드랑 작은도서관,509740000
5200148000,148,95,책마을보드랑 작은도서관,509740000
5200155000,155,119,책마을보드랑 작은도서관,509740000
5200179000,179,10,책마을보드랑 작은도서관,509740000
5200189000,189,24,책마을보드랑 작은도서관,509740000
5291307000,연제구7,39,망미제일교회,509750000
5291307000,연제구7,11,아신빌라,509760000
5200189000,189,21,금사입구,509770000
5200017000,17,88,YMCA,509780000
5200026000,26,14,YMCA,509780000
5200027000,27,29,YMCA,509780000
5200040000,40,57,YMCA,509780000
5200041000,41,31,YMCA,509780000
5200043000,43,50,YMCA,509780000
5200059000,59,58,YMCA,509780000
5200061000,61,34,YMCA,509780000
5200067000,67,23,YMCA,509780000
5200081000,81,21,YMCA,509780000
5200082000,82,57,YMCA,509780000
5200085000,85,61,YMCA,509780000
5200088000,88,87,YMCA,509780000
5200101000,101,83,YMCA,509780000
5200134000,134,22,YMCA,509780000
5200167000,167,37,YMCA,509780000
5200168000,168,18,YMCA,509780000
5201001000,1001,30,YMCA,509780000
5201003000,1003,43,YMCA,509780000
5201004000,1004,45,YMCA,509780000
5201003F00,1003-F,53,YMCA,509780000
5201004F00,1004-F,66,YMCA,509780000
5200017000,17,38,YMCA,509790000
5200022000,22,73,YMCA,509790000
5200026000,26,57,YMCA,509790000
5200027000,27,50,YMCA,509790000
5200040000,40,90,YMCA,509790000
5200041000,41,52,YMCA,509790000
5200043000,43,79,YMCA,509790000
5200052000,52,64,YMCA,509790000
5200059000,59,79,YMCA,509790000
5200061000,61,101,YMCA,509790000
5200067000,67,71,YMCA,509790000
5200081000,81,58,YMCA,509790000
5200082000,82,29,YMCA,509790000
5200085000,85,26,YMCA,509790000
5200088000,88,30,YMCA,509790000
5200101000,101,27,YMCA,509790000
5200103000,103,104,YMCA,509790000
5200134000,134,76,YMCA,509790000
5200167000,167,57,YMCA,509790000
5200168000,168,81,YMCA,509790000
5201001000,1001,59,YMCA,509790000
5201003000,1003,68,YMCA,509790000
5201004000,1004,58,YMCA,509790000
5201003F00,1003-F,75,YMCA,509790000
5201004F00,1004-F,88,YMCA,509790000
5200017000,17,37,경남여중입구,509800000
5200022000,22,72,경남여중입구,509800000
5200026000,26,56,경남여중입구,509800000
5200027000,27,49,경남여중입구,509800000
5200040000,40,89,경남여중입구,509800000
5200041000,41,51,경남여중입구,509800000
5200043000,43,78,경남여중입구,509800000
5200052000,52,63,경남여중입구,509800000
5200059000,59,78,경남여중입구,509800000
5200061000,61,100,경남여중입구,509800000
5200067000,67,70,경남여중입구,509800000
5200081000,81,57,경남여중입구,509800000
5200082000,82,28,경남여중입구,509800000
5200085000,85,25,경남여중입구,509800000
5200088000,88,29,경남여중입구,509800000
5200101000,101,26,경남여중입구,509800000
5200103000,103,103,경남여중입구,509800000
5200134000,134,75,경남여중입구,509800000
5200167000,167,56,경남여중입구,509800000
5200168000,168,80,경남여중입구,509800000
5201001000,1001,58,경남여중입구,509800000
5201003000,1003,67,경남여중입구,509800000
5201004000,1004,57,경남여중입구,509800000
5201003F00,1003-F,74,경남여중입구,509800000
5201004F00,1004-F,87,경남여중입구,509800000
5200017000,17,89,경남여중입구,509810000
5200026000,26,15,경남여중입구,509810000
5200027000,27,30,경남여중입구,509810000
5200040000,40,58,경남여중입구,509810000
5200041000,41,32,경남여중입구,509810000
5200043000,43,51,경남여중입구,509810000
5200059000,59,59,경남여중입구,509810000
5200061000,61,35,경남여중입구,509810000
5200067000,67,24,경남여중입구,509810000
5200081000,81,22,경남여중입구,509810000
5200082000,82,58,경남여중입구,509810000
5200085000,85,62,경남여중입구,509810000
5200088000,88,88,경남여중입구,509810000
5200101000,101,84,경남여중입구,509810000
5200134000,134,23,경남여중입구,509810000
5200167000,167,38,경남여중입구,509810000
5200168000,168,19,경남여중입구,509810000
5201001000,1001,31,경남여중입구,509810000
5201003000,1003,44,경남여중입구,509810000
5201004000,1004,46,경남여중입구,509810000
5201003F00,1003-F,54,경남여중입구,509810000
5201004F00,1004-F,67,경남여중입구,509810000
5200008000,8,66,남포동,509820000
5200009000,9,80,남포동,509820000
5200011000,11,50,남포동,509820000
5200026000,26,48,남포동,509820000
5200070000,70,82,남포동,509820000
5200087000,87,67,남포동,509820000
5200103000,103,90,남포동,509820000
5200134000,134,67,남포동,509820000
5200171000,171,59,남포동,509820000
5201003000,1003,60,남포동,509820000
5203001000,3001,18,남포동,509820000
5203003000,3003,35,남포동,509820000
5200002F00,2-F,62,남포동,509820000
5201003F00,1003-F,67,남포동,509820000
5201004F00,1004-F,79,남포동,509820000
5200005100,5-1,72,남포동,509830000
5200006000,6,41,남포동,509830000
5200007000,7,26,남포동,509830000
5200008000,8,24,남포동,509830000
5200009000,9,25,남포동,509830000
5200011000,11,66,남포동,509830000
5200015000,15,61,남포동,509830000
5200017000,17,26,남포동,509830000
5200017000,17,96,남포동,509830000
5200026000,26,23,남포동,509830000
5200027000,27,38,남포동,509830000
5200030000,30,24,남포동,509830000
5200041000,41,40,남포동,509830000
5200059000,59,67,남포동,509830000
5200061000,61,43,남포동,509830000
5200070000,70,40,남포동,509830000
5200071000,71,27,남포동,509830000
5200086000,86,55,남포동,509830000
5200087000,87,49,남포동,509830000
5200103000,103,31,남포동,509830000
5200113000,113,20,남포동,509830000
5200126000,126,71,남포동,509830000
5200134000,134,31,남포동,509830000
5200171000,171,72,남포동,509830000
5200172000,172,74,남포동,509830000
5201003000,1003,51,남포동,509830000
5203001000,3001,37,남포동,509830000
5203003000,3003,11,남포동,509830000
5200002F00,2-F,75,남포동,509830000
5201003F00,1003-F,61,남포동,509830000
5201004F00,1004-F,75,남포동,509830000
5200005100,5-1,71,남포역.옛시청교차로,509840000
5200015000,15,60,남포역.옛시청교차로,509840000
5200017000,17,95,남포역.옛시청교차로,509840000
5200026000,26,22,남포역.옛시청교차로,509840000
5200027000,27,37,남포역.옛시청교차로,509840000
5200041000,41,39,남포역.옛시청교차로,509840000
5200059000,59,66,남포역.옛시청교차로,509840000
5200061000,61,42,남포역.옛시청교차로,509840000
5200070000,70,39,남포역.옛시청교차로,509840000
5200086000,86,54,남포역.옛시청교차로,509840000
5200087000,87,48,남포역.옛시청교차로,509840000
5200103000,103,30,남포역.옛시청교차로,509840000
5200126000,126,70,남포역.옛시청교차로,509840000
5200134000,134,30,남포역.옛시청교차로,509840000
5200171000,171,71,남포역.옛시청교차로,509840000
5200172000,172,73,남포역.옛시청교차로,509840000
5201003000,1003,50,남포역.옛시청교차로,509840000
5200002F00,2-F,74,남포역.옛시청교차로,509840000
5201003F00,1003-F,60,남포역.옛시청교차로,509840000
5201004F00,1004-F,74,남포역.옛시청교차로,509840000
5200011000,11,51,남포역.옛시청교차로,509850000
5200026000,26,49,남포역.옛시청교차로,509850000
5200070000,70,83,남포역.옛시청교차로,509850000
5200087000,87,68,남포역.옛시청교차로,509850000
5200103000,103,91,남포역.옛시청교차로,509850000
5200134000,134,68,남포역.옛시청교차로,509850000
5200171000,171,60,남포역.옛시청교차로,509850000
5201003000,1003,61,남포역.옛시청교차로,509850000
5200002F00,2-F,63,남포역.옛시청교차로,509850000
5201003F00,1003-F,68,남포역.옛시청교차로,509850000
5201004F00,1004-F,80,남포역.옛시청교차로,509850000
5200017000,17,44,범내골역,509860000
5200023000,23,13,범내골역,509860000
5200052000,52,72,범내골역,509860000
5200068000,68,22,범내골역,509860000
5200081000,81,65,범내골역,509860000
5200083000,83,21,범내골역,509860000
5200083100,83-1,30,범내골역,509860000
5200086000,86,88,범내골역,509860000
5200088000,88,36,범내골역,509860000
5200099000,99,39,범내골역,509860000
5200108000,108,22,범내골역,509860000
5200138000,138,92,범내골역,509860000
5200167000,167,64,범내골역,509860000
5201004000,1004,64,범내골역,509860000
5201004F00,1004-F,95,범내골역,509860000
5200005100,5-1,55,범내골역,509870000
5200010000,10,37,범내골역,509870000
5200017000,17,82,범내골역,509870000
5200023000,23,54,범내골역,509870000
5200029000,29,65,범내골역,509870000
5200038000,38,53,범내골역,509870000
5200043000,43,44,범내골역,509870000
5200052000,52,33,범내골역,509870000
5200057000,57,48,범내골역,509870000
5200068000,68,84,범내골역,509870000
5200080000,80,55,범내골역,509870000
5200081000,81,15,범내골역,509870000
5200082000,82,51,범내골역,509870000
5200083000,83,32,범내골역,509870000
5200083100,83-1,81,범내골역,509870000
5200086000,86,24,범내골역,509870000
5200088000,88,81,범내골역,509870000
5200099000,99,30,범내골역,509870000
5200103000,103,14,범내골역,509870000
5200108000,108,82,범내골역,509870000
5200111000,111,53,범내골역,509870000
5200138000,138,47,범내골역,509870000
5200167000,167,31,범내골역,509870000
5200583000,583,29,범내골역,509870000
5201004000,1004,40,범내골역,509870000
5201004F00,1004-F,61,범내골역,509870000
5200057000,57,52,범일2동행정복지센터,509880000
5200099000,99,35,범일2동행정복지센터,509880000
5200111000,111,57,범일2동행정복지센터,509880000
5200005100,5-1,88,범일역,509890000
5200010000,10,85,범일역,509890000
5200022000,22,78,범일역,509890000
5200023000,23,11,범일역,509890000
5200027000,27,55,범일역,509890000
5200040000,40,95,범일역,509890000
5200042000,42,61,범일역,509890000
5200043000,43,85,범일역,509890000
5200052000,52,70,범일역,509890000
5200057000,57,54,범일역,509890000
5200080000,80,61,범일역,509890000
5200081000,81,63,범일역,509890000
5200082000,82,34,범일역,509890000
5200083000,83,19,범일역,509890000
5200099000,99,37,범일역,509890000
5200101000,101,32,범일역,509890000
5200108000,108,20,범일역,509890000
5200111000,111,59,범일역,509890000
5200134000,134,81,범일역,509890000
5200138000,138,90,범일역,509890000
5200167000,167,62,범일역,509890000
5200005100,5-1,57,범일역,509900000
5200043000,43,46,범일역,509900000
5200052000,52,35,범일역,509900000
5200081000,81,17,범일역,509900000
5200082000,82,53,범일역,509900000
5200167000,167,33,범일역,509900000
5201004000,1004,42,범일역,509900000
5201004F00,1004-F,63,범일역,509900000
5200017000,17,40,봉생병원,509910000
5200022000,22,75,봉생병원,509910000
5200026000,26,59,봉생병원,509910000
5200027000,27,52,봉생병원,509910000
5200040000,40,92,봉생병원,509910000
5200041000,41,54,봉생병원,509910000
5200043000,43,81,봉생병원,509910000
5200052000,52,66,봉생병원,509910000
5200059000,59,81,봉생병원,509910000
5200061000,61,103,봉생병원,509910000
5200067000,67,73,봉생병원,509910000
5200081000,81,60,봉생병원,509910000
5200082000,82,31,봉생병원,509910000
5200085000,85,28,봉생병원,509910000
5200088000,88,32,봉생병원,509910000
5200101000,101,29,봉생병원,509910000
5200103000,103,106,봉생병원,509910000
5200134000,134,78,봉생병원,509910000
5200167000,167,59,봉생병원,509910000
5200168000,168,83,봉생병원,509910000
5201001000,1001,61,봉생병원,509910000
5201003000,1003,70,봉생병원,509910000
5201004000,1004,60,봉생병원,509910000
5201003F00,1003-F,77,봉생병원,509910000
5201004F00,1004-F,90,봉생병원,509910000
5200017000,17,86,봉생병원,509920000
5200022000,22,24,봉생병원,509920000
5200026000,26,12,봉생병원,509920000
5200027000,27,27,봉생병원,509920000
5200040000,40,55,봉생병원,509920000
5200041000,41,29,봉생병원,509920000
5200043000,43,48,봉생병원,509920000
5200052000,52,37,봉생병원,509920000
5200059000,59,56,봉생병원,509920000
5200061000,61,32,봉생병원,509920000
5200067000,67,21,봉생병원,509920000
5200081000,81,19,봉생병원,509920000
5200082000,82,55,봉생병원,509920000
5200085000,85,59,봉생병원,509920000
5200088000,88,85,봉생병원,509920000
5200101000,101,81,봉생병원,509920000
5200103000,103,18,봉생병원,509920000
5200134000,134,20,봉생병원,509920000
5200167000,167,35,봉생병원,509920000
5200168000,168,16,봉생병원,509920000
5201001000,1001,28,봉생병원,509920000
5201003000,1003,41,봉생병원,509920000
5201004000,1004,43,봉생병원,509920000
5201003F00,1003-F,51,봉생병원,509920000
5201004F00,1004-F,64,봉생병원,509920000
5200005100,5-1,70,부산데파트,509930000
5200015000,15,59,부산데파트,509930000
5200017000,17,94,부산데파트,509930000
5200026000,26,21,부산데파트,509930000
5200027000,27,36,부산데파트,509930000
5200041000,41,38,부산데파트,509930000
5200059000,59,65,부산데파트,509930000
5200061000,61,41,부산데파트,509930000
5200070000,70,38,부산데파트,509930000
5200082000,82,64,부산데파트,509930000
5200085000,85,67,부산데파트,509930000
5200086000,86,53,부산데파트,509930000
5200087000,87,47,부산데파트,509930000
5200088000,88,93,부산데파트,509930000
5200103000,103,29,부산데파트,509930000
5200126000,126,69,부산데파트,509930000
5200134000,134,29,부산데파트,509930000
5200171000,171,70,부산데파트,509930000
5200172000,172,72,부산데파트,509930000
5200186000,186,121,부산데파트,509930000
5200190000,190,118,부산데파트,509930000
5200508000,508,59,부산데파트,509930000
5201003000,1003,49,부산데파트,509930000
5200002F00,2-F,73,부산데파트,509930000
5201003F00,1003-F,59,부산데파트,509930000
5201004F00,1004-F,73,부산데파트,509930000
5200005100,5-1,77,부산데파트,509940000
5200011000,11,52,부산데파트,509940000
5200017000,17,31,부산데파트,509940000
5200026000,26,50,부산데파트,509940000
5200027000,27,43,부산데파트,509940000
5200041000,41,45,부산데파트,509940000
5200059000,59,72,부산데파트,509940000
5200061000,61,94,부산데파트,509940000
5200070000,70,84,부산데파트,509940000
5200082000,82,22,부산데파트,509940000
5200085000,85,19,부산데파트,509940000
5200086000,86,60,부산데파트,509940000
5200087000,87,69,부산데파트,509940000
5200088000,88,23,부산데파트,509940000
5200103000,103,92,부산데파트,509940000
5200134000,134,69,부산데파트,509940000
5200171000,171,61,부산데파트,509940000
5200172000,172,62,부산데파트,509940000
5200186000,186,24,부산데파트,509940000
5200190000,190,24,부산데파트,509940000
5200508000,508,27,부산데파트,509940000
5201003000,1003,62,부산데파트,509940000
5200002F00,2-F,64,부산데파트,509940000
5201003F00,1003-F,69,부산데파트,509940000
5201004F00,1004-F,81,부산데파트,509940000
5200002000,2,58,부산역,509950000
5200017000,17,35,부산역,509950000
5200026000,26,54,부산역,509950000
5200027000,27,47,부산역,509950000
5200038100,38-1,27,부산역,509950000
5200040000,40,87,부산역,509950000
5200041000,41,49,부산역,509950000
5200043000,43,76,부산역,509950000
5200059000,59,76,부산역,509950000
5200061000,61,98,부산역,509950000
5200067000,67,68,부산역,509950000
5200081000,81,55,부산역,509950000
5200082000,82,26,부산역,509950000
5200085000,85,23,부산역,509950000
5200087000,87,73,부산역,509950000
5200088000,88,27,부산역,509950000
5200088100,88-1,16,부산역,509950000
5200101000,101,24,부산역,509950000
5200103000,103,96,부산역,509950000
5200134000,134,73,부산역,509950000
5200167000,167,54,부산역,509950000
5200168000,168,78,부산역,509950000
5200171000,171,65,부산역,509950000
5200190000,190,28,부산역,509950000
5200508000,508,31,부산역,509950000
5201001000,1001,56,부산역,509950000
5201003000,1003,65,부산역,509950000
5201004000,1004,55,부산역,509950000
5200002F00,2-F,68,부산역,509950000
5201003F00,1003-F,72,부산역,509950000
5201004F00,1004-F,85,부산역,509950000
5200002000,2,59,부산역,509960000
5200017000,17,91,부산역,509960000
5200026000,26,17,부산역,509960000
5200027000,27,32,부산역,509960000
5200040000,40,60,부산역,509960000
5200041000,41,34,부산역,509960000
5200043000,43,53,부산역,509960000
5200059000,59,61,부산역,509960000
5200061000,61,37,부산역,509960000
5200067000,67,26,부산역,509960000
5200081000,81,24,부산역,509960000
5200082000,82,60,부산역,509960000
5200085000,85,64,부산역,509960000
5200087000,87,43,부산역,509960000
5200088000,88,90,부산역,509960000
5200088100,88-1,17,부산역,509960000
5200101000,101,86,부산역,509960000
5200134000,134,25,부산역,509960000
5200167000,167,40,부산역,509960000
5200168000,168,21,부산역,509960000
5200508000,508,55,부산역,509960000
5201001000,1001,33,부산역,509960000
5201003000,1003,46,부산역,509960000
5201004000,1004,48,부산역,509960000
5200002F00,2-F,69,부산역,509960000
5201003F00,1003-F,56,부산역,509960000
5201004F00,1004-F,69,부산역,509960000
5200005100,5-1,87,부산진시장,509970000
5200022000,22,77,부산진시장,509970000
5200027000,27,54,부산진시장,509970000
5200040000,40,94,부산진시장,509970000
5200042000,42,60,부산진시장,509970000
5200043000,43,84,부산진시장,509970000
5200052000,52,69,부산진시장,509970000
5200057000,57,53,부산진시장,509970000
5200080000,80,60,부산진시장,509970000
5200081000,81,62,부산진시장,509970000
5200082000,82,33,부산진시장,509970000
5200099000,99,36,부산진시장,509970000
5200101000,101,31,부산진시장,509970000
5200111000,111,58,부산진시장,509970000
5200134000,134,80,부산진시장,509970000
5200167000,167,61,부산진시장,509970000
5201004000,1004,62,부산진시장,509970000
5201004F00,1004-F,93,부산진시장,509970000
5200005100,5-1,58,부산진시장,509980000
5200022000,22,23,부산진시장,509980000
5200026000,26,11,부산진시장,509980000
5200027000,27,26,부산진시장,509980000
5200040000,40,54,부산진시장,509980000
5200041000,41,28,부산진시장,509980000
5200042000,42,48,부산진시장,509980000
5200043000,43,47,부산진시장,509980000
5200052000,52,36,부산진시장,509980000
5200081000,81,18,부산진시장,509980000
5200082000,82,54,부산진시장,509980000
5200101000,101,80,부산진시장,509980000
5200134000,134,19,부산진시장,509980000
5200167000,167,34,부산진시장,509980000
5200168000,168,15,부산진시장,509980000
5201003000,1003,40,부산진시장,509980000
5201003F00,1003-F,50,부산진시장,509980000
5200017000,17,87,부산진역 (해양수산부.동구청),509990000
5200022000,22,25,부산진역 (해양수산부.동구청),509990000
5200026000,26,13,부산진역 (해양수산부.동구청),509990000
5200027000,27,28,부산진역 (해양수산부.동구청),509990000
5200040000,40,56,부산진역 (해양수산부.동구청),509990000
5200041000,41,30,부산진역 (해양수산부.동구청),509990000
5200043000,43,49,부산진역 (해양수산부.동구청),509990000
5200052000,52,38,부산진역 (해양수산부.동구청),509990000
5200059000,59,57,부산진역 (해양수산부.동구청),509990000
5200061000,61,33,부산진역 (해양수산부.동구청),509990000
5200067000,67,22,부산진역 (해양수산부.동구청),509990000
5200081000,81,20,부산진역 (해양수산부.동구청),509990000
5200082000,82,56,부산진역 (해양수산부.동구청),509990000
5200085000,85,60,부산진역 (해양수산부.동구청),509990000
5200088000,88,86,부산진역 (해양수산부.동구청),509990000
5200101000,101,82,부산진역 (해양수산부.동구청),509990000
5200103000,103,19,부산진역 (해양수산부.동구청),509990000
5200134000,134,21,부산진역 (해양수산부.동구청),509990000
5200167000,167,36,부산진역 (해양수산부.동구청),509990000
5200168000,168,17,부산진역 (해양수산부.동구청),509990000
5201001000,1001,29,부산진역 (해양수산부.동구청),509990000
5201003000,1003,42,부산진역 (해양수산부.동구청),509990000
5201004000,1004,44,부산진역 (해양수산부.동구청),509990000
5201003F00,1003-F,52,부산진역 (해양수산부.동구청),509990000
5201004F00,1004-F,65,부산진역 (해양수산부.동구청),509990000
5200017000,17,39,부산진역 (해양수산부.동구청),510000000
5200022000,22,74,부산진역 (해양수산부.동구청),510000000
5200026000,26,58,부산진역 (해양수산부.동구청),510000000
5200027000,27,51,부산진역 (해양수산부.동구청),510000000
5200040000,40,91,부산진역 (해양수산부.동구청),510000000
5200041000,41,53,부산진역 (해양수산부.동구청),510000000
5200043000,43,80,부산진역 (해양수산부.동구청),510000000
5200052000,52,65,부산진역 (해양수산부.동구청),510000000
5200059000,59,80,부산진역 (해양수산부.동구청),510000000
5200061000,61,102,부산진역 (해양수산부.동구청),510000000
5200067000,67,72,부산진역 (해양수산부.동구청),510000000
5200081000,81,59,부산진역 (해양수산부.동구청),510000000
5200082000,82,30,부산진역 (해양수산부.동구청),510000000
5200085000,85,27,부산진역 (해양수산부.동구청),510000000
5200088000,88,31,부산진역 (해양수산부.동구청),510000000
5200101000,101,28,부산진역 (해양수산부.동구청),510000000
5200103000,103,105,부산진역 (해양수산부.동구청),510000000
5200134000,134,77,부산진역 (해양수산부.동구청),510000000
5200167000,167,58,부산진역 (해양수산부.동구청),510000000
5200168000,168,82,부산진역 (해양수산부.동구청),510000000
5201001000,1001,60,부산진역 (해양수산부.동구청),510000000
5201003000,1003,69,부산진역 (해양수산부.동구청),510000000
5201004000,1004,59,부산진역 (해양수산부.동구청),510000000
5201003F00,1003-F,76,부산진역 (해양수산부.동구청),510000000
5201004F00,1004-F,89,부산진역 (해양수산부.동구청),510000000
5201003000,1003,55,서구청,510010000
5201003F00,1003-F,65,서구청,510010000
5200017000,17,34,영주동,510020000
5200026000,26,53,영주동,510020000
5200027000,27,46,영주동,510020000
5200040000,40,86,영주동,510020000
5200041000,41,48,영주동,510020000
5200059000,59,75,영주동,510020000
5200061000,61,97,영주동,510020000
5200081000,81,54,영주동,510020000
5200082000,82,25,영주동,510020000
5200085000,85,22,영주동,510020000
5200087000,87,72,영주동,510020000
5200088000,88,26,영주동,510020000
5200088100,88-1,15,영주동,510020000
5200101000,101,23,영주동,510020000
5200103000,103,95,영주동,510020000
5200134000,134,72,영주동,510020000
5200171000,171,64,영주동,510020000
5200190000,190,27,영주동,510020000
5200508000,508,30,영주동,510020000
5201004000,1004,54,영주동,510020000
5200002F00,2-F,67,영주동,510020000
5201004F00,1004-F,84,영주동,510020000
5200026000,26,18,영주동,510030000
5200027000,27,33,영주동,510030000
5200040000,40,61,영주동,510030000
5200041000,41,35,영주동,510030000
5200059000,59,62,영주동,510030000
5200061000,61,38,영주동,510030000
5200081000,81,25,영주동,510030000
5200082000,82,61,영주동,510030000
5200087000,87,44,영주동,510030000
5200103000,103,26,영주동,510030000
5200134000,134,26,영주동,510030000
5200171000,171,67,영주동,510030000
5200190000,190,115,영주동,510030000
5200508000,508,56,영주동,510030000
5201004000,1004,49,영주동,510030000
5200002F00,2-F,70,영주동,510030000
5201004F00,1004-F,70,영주동,510030000
5200005100,5-1,73,자갈치역.비프광장,510040000
5200006000,6,42,자갈치역.비프광장,510040000
5200007000,7,27,자갈치역.비프광장,510040000
5200008000,8,25,자갈치역.비프광장,510040000
5200009000,9,26,자갈치역.비프광장,510040000
5200011000,11,67,자갈치역.비프광장,510040000
5200015000,15,62,자갈치역.비프광장,510040000
5200017000,17,27,자갈치역.비프광장,510040000
5200017000,17,97,자갈치역.비프광장,510040000
5200026000,26,24,자갈치역.비프광장,510040000
5200027000,27,39,자갈치역.비프광장,510040000
5200030000,30,25,자갈치역.비프광장,510040000
5200041000,41,41,자갈치역.비프광장,510040000
5200059000,59,68,자갈치역.비프광장,510040000
5200061000,61,44,자갈치역.비프광장,510040000
5200070000,70,41,자갈치역.비프광장,510040000
5200071000,71,28,자갈치역.비프광장,510040000
5200086000,86,56,자갈치역.비프광장,510040000
5200087000,87,50,자갈치역.비프광장,510040000
5200103000,103,32,자갈치역.비프광장,510040000
5200113000,113,21,자갈치역.비프광장,510040000
5200126000,126,72,자갈치역.비프광장,510040000
5200134000,134,32,자갈치역.비프광장,510040000
5200171000,171,73,자갈치역.비프광장,510040000
5200172000,172,75,자갈치역.비프광장,510040000
5201003000,1003,52,자갈치역.비프광장,510040000
5203001000,3001,38,자갈치역.비프광장,510040000
5203003000,3003,12,자갈치역.비프광장,510040000
5200002F00,2-F,76,자갈치역.비프광장,510040000
5201003F00,1003-F,62,자갈치역.비프광장,510040000
5201004F00,1004-F,76,자갈치역.비프광장,510040000
5200008000,8,65,자갈치역.비프광장,510050000
5200009000,9,79,자갈치역.비프광장,510050000
5200011000,11,49,자갈치역.비프광장,510050000
5200026000,26,47,자갈치역.비프광장,510050000
5200070000,70,81,자갈치역.비프광장,510050000
5200087000,87,66,자갈치역.비프광장,510050000
5200103000,103,89,자갈치역.비프광장,510050000
5200134000,134,66,자갈치역.비프광장,510050000
5200171000,171,58,자갈치역.비프광장,510050000
5201003000,1003,59,자갈치역.비프광장,510050000
5203001000,3001,17,자갈치역.비프광장,510050000
5203003000,3003,34,자갈치역.비프광장,510050000
5200002F00,2-F,61,자갈치역.비프광장,510050000
5201003F00,1003-F,66,자갈치역.비프광장,510050000
5201004F00,1004-F,78,자갈치역.비프광장,510050000
5200022000,22,76,자성대교차로,510060000
5200027000,27,53,자성대교차로,510060000
5200040000,40,93,자성대교차로,510060000
5200043000,43,83,자성대교차로,510060000
5200052000,52,68,자성대교차로,510060000
5200081000,81,61,자성대교차로,510060000
5200082000,82,32,자성대교차로,510060000
5200101000,101,30,자성대교차로,510060000
5200134000,134,79,자성대교차로,510060000
5200167000,167,60,자성대교차로,510060000
5201004000,1004,61,자성대교차로,510060000
5201004F00,1004-F,92,자성대교차로,510060000
5200043000,43,82,좌천역.좌천삼거리,510070000
5200052000,52,67,좌천역.좌천삼거리,510070000
5201004F00,1004-F,91,좌천역.좌천삼거리,510070000
5200017000,17,92,중부소방서,510080000
5200026000,26,19,중부소방서,510080000
5200027000,27,34,중부소방서,510080000
5200040000,40,62,중부소방서,510080000
5200041000,41,36,중부소방서,510080000
5200059000,59,63,중부소방서,510080000
5200061000,61,39,중부소방서,510080000
5200081000,81,26,중부소방서,510080000
5200082000,82,62,중부소방서,510080000
5200085000,85,65,중부소방서,510080000
5200087000,87,45,중부소방서,510080000
5200088000,88,91,중부소방서,510080000
5200088100,88-1,18,중부소방서,510080000
5200101000,101,87,중부소방서,510080000
5200103000,103,27,중부소방서,510080000
5200134000,134,27,중부소방서,510080000
5200171000,171,68,중부소방서,510080000
5200190000,190,116,중부소방서,510080000
5200508000,508,57,중부소방서,510080000
5201003000,1003,47,중부소방서,510080000
5201004000,1004,50,중부소방서,510080000
5200002F00,2-F,71,중부소방서,510080000
5201003F00,1003-F,57,중부소방서,510080000
5201004F00,1004-F,71,중부소방서,510080000
5200005100,5-1,89,"중앙시장,골드테마거리",510090000
5200010000,10,86,"중앙시장,골드테마거리",510090000
5200023000,23,12,"중앙시장,골드테마거리",510090000
5200043000,43,86,"중앙시장,골드테마거리",510090000
5200052000,52,71,"중앙시장,골드테마거리",510090000
5200057000,57,55,"중앙시장,골드테마거리",510090000
5200068000,68,21,"중앙시장,골드테마거리",510090000
5200080000,80,62,"중앙시장,골드테마거리",510090000
5200081000,81,64,"중앙시장,골드테마거리",510090000
5200082000,82,35,"중앙시장,골드테마거리",510090000
5200083000,83,20,"중앙시장,골드테마거리",510090000
5200083100,83-1,29,"중앙시장,골드테마거리",510090000
5200099000,99,38,"중앙시장,골드테마거리",510090000
5200108000,108,21,"중앙시장,골드테마거리",510090000
5200111000,111,60,"중앙시장,골드테마거리",510090000
5200138000,138,91,"중앙시장,골드테마거리",510090000
5200167000,167,63,"중앙시장,골드테마거리",510090000
5201004000,1004,63,"중앙시장,골드테마거리",510090000
5201004F00,1004-F,94,"중앙시장,골드테마거리",510090000
5200005100,5-1,56,"중앙시장,골드테마거리",510100000
5200010000,10,38,"중앙시장,골드테마거리",510100000
5200023000,23,55,"중앙시장,골드테마거리",510100000
5200038100,38-1,52,"중앙시장,골드테마거리",510100000
5200043000,43,45,"중앙시장,골드테마거리",510100000
5200052000,52,34,"중앙시장,골드테마거리",510100000
5200057000,57,49,"중앙시장,골드테마거리",510100000
5200068000,68,85,"중앙시장,골드테마거리",510100000
5200080000,80,56,"중앙시장,골드테마거리",510100000
5200081000,81,16,"중앙시장,골드테마거리",510100000
5200082000,82,52,"중앙시장,골드테마거리",510100000
5200083000,83,33,"중앙시장,골드테마거리",510100000
5200083100,83-1,82,"중앙시장,골드테마거리",510100000
5200099000,99,31,"중앙시장,골드테마거리",510100000
5200108000,108,83,"중앙시장,골드테마거리",510100000
5200111000,111,54,"중앙시장,골드테마거리",510100000
5200138000,138,48,"중앙시장,골드테마거리",510100000
5200167000,167,32,"중앙시장,골드테마거리",510100000
5200583000,583,30,"중앙시장,골드테마거리",510100000
5201004000,1004,41,"중앙시장,골드테마거리",510100000
5201004F00,1004-F,62,"중앙시장,골드테마거리",510100000
5200017000,17,32,중앙역.부산우체국,510110000
5200026000,26,51,중앙역.부산우체국,510110000
5200027000,27,44,중앙역.부산우체국,510110000
5200040000,40,84,중앙역.부산우체국,510110000
5200041000,41,46,중앙역.부산우체국,510110000
5200059000,59,73,중앙역.부산우체국,510110000
5200061000,61,95,중앙역.부산우체국,510110000
5200081000,81,52,중앙역.부산우체국,510110000
5200082000,82,23,중앙역.부산우체국,510110000
5200085000,85,20,중앙역.부산우체국,510110000
5200087000,87,70,중앙역.부산우체국,510110000
5200088000,88,24,중앙역.부산우체국,510110000
5200103000,103,93,중앙역.부산우체국,510110000
5200134000,134,70,중앙역.부산우체국,510110000
5200171000,171,62,중앙역.부산우체국,510110000
5200190000,190,25,중앙역.부산우체국,510110000
5200508000,508,28,중앙역.부산우체국,510110000
5201003000,1003,63,중앙역.부산우체국,510110000
5200002F00,2-F,65,중앙역.부산우체국,510110000
5201003F00,1003-F,70,중앙역.부산우체국,510110000
5201004F00,1004-F,82,중앙역.부산우체국,510110000
5200005100,5-1,69,중앙역.부산우체국,510120000
5200017000,17,93,중앙역.부산우체국,510120000
5200026000,26,20,중앙역.부산우체국,510120000
5200027000,27,35,중앙역.부산우체국,510120000
5200041000,41,37,중앙역.부산우체국,510120000
5200059000,59,64,중앙역.부산우체국,510120000
5200061000,61,40,중앙역.부산우체국,510120000
5200070000,70,37,중앙역.부산우체국,510120000
5200082000,82,63,중앙역.부산우체국,510120000
5200085000,85,66,중앙역.부산우체국,510120000
5200087000,87,46,중앙역.부산우체국,510120000
5200088000,88,92,중앙역.부산우체국,510120000
5200103000,103,28,중앙역.부산우체국,510120000
5200134000,134,28,중앙역.부산우체국,510120000
5200171000,171,69,중앙역.부산우체국,510120000
5200172000,172,71,중앙역.부산우체국,510120000
5200190000,190,117,중앙역.부산우체국,510120000
5200508000,508,58,중앙역.부산우체국,510120000
5201003000,1003,48,중앙역.부산우체국,510120000
5200002F00,2-F,72,중앙역.부산우체국,510120000
5201003F00,1003-F,58,중앙역.부산우체국,510120000
5201004F00,1004-F,72,중앙역.부산우체국,510120000
5200017000,17,33,중앙역.중부소방서,510130000
5200026000,26,52,중앙역.중부소방서,510130000
5200027000,27,45,중앙역.중부소방서,510130000
5200040000,40,85,중앙역.중부소방서,510130000
5200041000,41,47,중앙역.중부소방서,510130000
5200059000,59,74,중앙역.중부소방서,510130000
5200061000,61,96,중앙역.중부소방서,510130000
5200081000,81,53,중앙역.중부소방서,510130000
5200082000,82,24,중앙역.중부소방서,510130000
5200085000,85,21,중앙역.중부소방서,510130000
5200087000,87,71,중앙역.중부소방서,510130000
5200088000,88,25,중앙역.중부소방서,510130000
5200088100,88-1,14,중앙역.중부소방서,510130000
5200101000,101,22,중앙역.중부소방서,510130000
5200103000,103,94,중앙역.중부소방서,510130000
5200134000,134,71,중앙역.중부소방서,510130000
5200171000,171,63,중앙역.중부소방서,510130000
5200190000,190,26,중앙역.중부소방서,510130000
5200508000,508,29,중앙역.중부소방서,510130000
5201003000,1003,64,중앙역.중부소방서,510130000
5201004000,1004,53,중앙역.중부소방서,510130000
5200002F00,2-F,66,중앙역.중부소방서,510130000
5201003F00,1003-F,71,중앙역.중부소방서,510130000
5201004F00,1004-F,83,중앙역.중부소방서,510130000
5200017000,17,90,초량역.초량교차로,510140000
5200026000,26,16,초량역.초량교차로,510140000
5200027000,27,31,초량역.초량교차로,510140000
5200040000,40,59,초량역.초량교차로,510140000
5200041000,41,33,초량역.초량교차로,510140000
5200043000,43,52,초량역.초량교차로,510140000
5200059000,59,60,초량역.초량교차로,510140000
5200061000,61,36,초량역.초량교차로,510140000
5200067000,67,25,초량역.초량교차로,510140000
5200081000,81,23,초량역.초량교차로,510140000
5200082000,82,59,초량역.초량교차로,510140000
5200085000,85,63,초량역.초량교차로,510140000
5200088000,88,89,초량역.초량교차로,510140000
5200101000,101,85,초량역.초량교차로,510140000
5200134000,134,24,초량역.초량교차로,510140000
5200167000,167,39,초량역.초량교차로,510140000
5200168000,168,20,초량역.초량교차로,510140000
5201001000,1001,32,초량역.초량교차로,510140000
5201003000,1003,45,초량역.초량교차로,510140000
5201004000,1004,47,초량역.초량교차로,510140000
5201003F00,1003-F,55,초량역.초량교차로,510140000
5201004F00,1004-F,68,초량역.초량교차로,510140000
5200017000,17,36,초량역.초량교차로,510150000
5200026000,26,55,초량역.초량교차로,510150000
5200027000,27,48,초량역.초량교차로,510150000
5200040000,40,88,초량역.초량교차로,510150000
5200041000,41,50,초량역.초량교차로,510150000
5200043000,43,77,초량역.초량교차로,510150000
5200059000,59,77,초량역.초량교차로,510150000
5200061000,61,99,초량역.초량교차로,510150000
5200067000,67,69,초량역.초량교차로,510150000
5200081000,81,56,초량역.초량교차로,510150000
5200082000,82,27,초량역.초량교차로,510150000
5200085000,85,24,초량역.초량교차로,510150000
5200088000,88,28,초량역.초량교차로,510150000
5200101000,101,25,초량역.초량교차로,510150000
5200134000,134,74,초량역.초량교차로,510150000
5200167000,167,55,초량역.초량교차로,510150000
5200168000,168,79,초량역.초량교차로,510150000
5201001000,1001,57,초량역.초량교차로,510150000
5201003000,1003,66,초량역.초량교차로,510150000
5201004000,1004,56,초량역.초량교차로,510150000
5201003F00,1003-F,73,초량역.초량교차로,510150000
5201004F00,1004-F,86,초량역.초량교차로,510150000
5291306000,연제구6,48,망미삼성아파트후문,510160000
5290301100,동구1-1,12,범일역,510170000
5290301100,동구1-1,26,범일역,510180000
5290301100,동구1-1,13,부산진시장,510190000
5290301100,동구1-1,25,부산진시장,510200000
5291407000,강서구7,34,부산현대미술관,510210000
5291409100,강서구9-1,37,부산현대미술관,510210000
5291412000,강서구12,40,부산현대미술관,510210000
5291412100,강서구12-1,30,부산현대미술관,510210000
5291413000,강서구13,35,부산현대미술관,510210000
5291415000,강서구15,41,부산현대미술관,510210000
5291415100,강서구15-1,13,부산현대미술관,510210000
5291420000,강서구20,28,부산현대미술관,510210000
5291421000,강서구21,21,부산현대미술관,510210000
5290301100,동구1-1,11,중앙시장.골드테마거리,510220000
5200037000,37,53,동해선월내역,510230000
5200180000,180,33,동해선월내역,510230000
5200037000,37,65,동해선월내역,510240000
5200180000,180,45,동해선월내역,510240000
5200037000,37,49,동해선좌천역,510250000
5200037000,37,70,동해선좌천역,510250000
5200182000,182,28,동해선좌천역,510250000
5200182000,182,98,동해선좌천역,510250000
5200187000,187,28,동해선좌천역,510250000
5200187000,187,82,동해선좌천역,510250000
5200188000,188,39,동해선좌천역,510250000
5200188000,188,133,동해선좌천역,510250000
5200302000,302,56,동해선좌천역,510250000
5200302000,302,65,동해선좌천역,510250000
5203008000,3008,4,동해선좌천역,510250000
5203008000,3008,93,동해선좌천역,510250000
5203008F00,3008-F,4,동해선좌천역,510250000
5203008F00,3008-F,94,동해선좌천역,510250000
5291302000,연제구2,26,강약국,510260000
5291302000,연제구2,32,수녀원,510270000
5200106000,106,33,해운대수목원,510280000
5200107000,107,36,해운대수목원,510280000
5200106000,106,77,해운대수목원,510290000
5200107000,107,79,해운대수목원,510290000
5291408100,강서구8-1,27,국회부산도서관입구,510300000
5291408100,강서구8-1,26,국회부산도서관입구,510310000
5290802000,북구2,27,남산정역2번출구,510320000
5291608000,기장군8,23,동해선좌천역,510330000
5291608000,기장군8,98,동해선좌천역,510330000
5291657000,기장군57,1,동해선좌천역,510330000
5290703000,남구3,19,배정중학교,510340000
5290903100,해운대구3-1,22,센텀누리아파트,510360000
5291302000,연제구2,12,이완주정형외과,510370000
5291302000,연제구2,44,대영주차장,510380000
5291302000,연제구2,45,케이티앤지부산본부,510390000
5290101000,중구1,21,덕산아파트,510410000
5290101000,중구1,35,덕산아파트,510420000
5203005000,3005,74,국회부산도서관입구,510440000
5200055000,55,45,지사산단입구,510460000
5200055000,55,104,지사산단입구,510460000
5203005000,3005,69,지사산단입구,510460000
5203007000,3007,28,지사산단입구,510460000
5291301000,연제구1,10,연제도서관,510470000
5200005100,5-1,100,연제도서관입구.연산더샵,510480000
5200020000,20,44,연제도서관입구.연산더샵,510480000
5200057000,57,66,연제도서관입구.연산더샵,510480000
5200062000,62,74,연제도서관입구.연산더샵,510480000
5200063000,63,88,연제도서관입구.연산더샵,510480000
5200131000,131,48,연제도서관입구.연산더샵,510480000
5200141000,141,70,연제도서관입구.연산더샵,510480000
5200141F00,141-F,58,연제도서관입구.연산더샵,510480000
5200033100,33-1,74,만덕초등학교,510500000
5200031000,31,152,송정종점,510510000
5200307000,307,119,송정종점,510510000
5200031000,31,1,송정종점,510520000
5200307000,307,1,송정종점,510520000
5200031000,31,143,신도중.신도고등학교,510530000
5200031000,31,10,신도중.신도고등학교,510540000
5200031000,31,9,좌3동행정복지센터,510550000
5200031000,31,144,좌3동행정복지센터,510560000
5200031000,31,141,중동역,510570000
5200031000,31,12,중동역,510580000
5291106000,금정구6,55,뉴그린105동,510590000
5291106000,금정구6,40,뉴그린105동,510600000
5290903100,해운대구3-1,14,롯데백화점.센텀시티6번출구,510610000
5290903200,해운대구3-2,25,롯데백화점.센텀시티6번출구,510610000
5291106000,금정구6,39,서동초등학교,510620000
5291106000,금정구6,56,서동초등학교,510630000
5291412100,강서구12-1,49,한국석유관리원영남본부,510640000
5291412100,강서구12-1,16,한국석유관리원영남본부,510650000
5290907000,해운대구7,7,벽산아파트,510660000
5290907000,해운대구7,6,영남아파트,510720000
5291408000,강서구8,8,스마트빌리지,510790000
5291408100,강서구8-1,8,스마트빌리지,510790000
5291415000,강서구15,32,스마트빌리지,510790000
5291415100,강서구15-1,8,스마트빌리지,510790000
5291408000,강서구8,63,스마트빌리지,510800000
5291408100,강서구8-1,45,스마트빌리지,510800000
5291415000,강서구15,55,스마트빌리지,510800000
5291415100,강서구15-1,23,스마트빌리지,510800000
5200003000,3,42,명지환승센터,510810000
5200058200,58-2,73,명지환승센터,510810000
5200109000,109,87,명지환승센터,510810000
5200124000,124,80,명지환승센터,510810000
5200128100,128-1,96,명지환승센터,510810000
5200172000,172,126,명지환승센터,510810000
5200520000,520,58,명지환승센터,510810000
5203002000,3002,41,명지환승센터,510810000
5203005000,3005,75,명지환승센터,510810000
5200181000,181,123,웨이브리즈아파트,510840000
5200181000,181,31,웨이브리즈아파트,510850000
5291202100,수영구2-1,9,e편한세상광안비치,510860000
5290903000,해운대구3,5,동부지청,510870000
5291202100,수영구2-1,6,롯데캐슬아파트,510880000
5291202100,수영구2-1,14,롯데캐슬아파트,510890000
5291202100,수영구2-1,10,민락공영주차장,510900000
5291202100,수영구2-1,13,민락수변공원,510910000
5291202100,수영구2-1,7,민락수변공원,510920000
5291202100,수영구2-1,5,센텀비치푸르지오,510940000
5291202100,수영구2-1,15,센텀비치푸르지오,510950000
5291202100,수영구2-1,4,수영만아이파크,510980000
5291202100,수영구2-1,16,수영만아이파크,510990000
5291202100,수영구2-1,18,신세계센텀시티,511030000
5291202100,수영구2-1,3,신세계센텀시티,511040000
5291202100,수영구2-1,11,오션테라스3단지,511050000
5291202100,수영구2-1,12,오션테라스4단지,511060000
5291419000,강서구19,23,운수사입구,511070000
5291202100,수영구2-1,8,진로비치2단지,511080000
5290405000,영도구5,11,동삼시장,511090000
5291502100,사상구2-1,2,좋은삼선병원,511100000
5291502200,사상구2-2,2,좋은삼선병원,511100000
5200017000,17,47,서면역.롯데호텔백화점,511370000
5200023000,23,16,서면역.롯데호텔백화점,511370000
5200031000,31,51,서면역.롯데호텔백화점,511370000
5200033000,33,17,서면역.롯데호텔백화점,511370000
5200062000,62,24,서면역.롯데호텔백화점,511370000
5200063000,63,64,서면역.롯데호텔백화점,511370000
5200067000,67,81,서면역.롯데호텔백화점,511370000
5200068000,68,25,서면역.롯데호텔백화점,511370000
5200077000,77,82,서면역.롯데호텔백화점,511370000
5200081000,81,68,서면역.롯데호텔백화점,511370000
5200085000,85,48,서면역.롯데호텔백화점,511370000
5200087000,87,21,서면역.롯데호텔백화점,511370000
5200108000,108,25,서면역.롯데호텔백화점,511370000
5200110100,110-1,63,서면역.롯데호텔백화점,511370000
5200129100,129-1,40,서면역.롯데호텔백화점,511370000
5200133100,133-1,13,서면역.롯데호텔백화점,511370000
5200138000,138,95,서면역.롯데호텔백화점,511370000
5200138100,138-1,102,서면역.롯데호텔백화점,511370000
5200141000,141,39,서면역.롯데호텔백화점,511370000
5200160000,160,56,서면역.롯데호텔백화점,511370000
5200169100,169-1,52,서면역.롯데호텔백화점,511370000
5201004000,1004,67,서면역.롯데호텔백화점,511370000
5200141F00,141-F,39,서면역.롯데호텔백화점,511370000
5201004F00,1004-F,98,서면역.롯데호텔백화점,511370000
5200023000,23,34,부산진우체국(가야1치안센터),511380000
5200031000,31,54,부산진우체국(가야1치안센터),511380000
5200033000,33,20,부산진우체국(가야1치안센터),511380000
5200059000,59,90,부산진우체국(가야1치안센터),511380000
5200061000,61,112,부산진우체국(가야1치안센터),511380000
5200062000,62,27,부산진우체국(가야1치안센터),511380000
5200067000,67,84,부산진우체국(가야1치안센터),511380000
5200068000,68,28,부산진우체국(가야1치안센터),511380000
5200077000,77,85,부산진우체국(가야1치안센터),511380000
5200108000,108,28,부산진우체국(가야1치안센터),511380000
5200133100,133-1,16,부산진우체국(가야1치안센터),511380000
5200138000,138,98,부산진우체국(가야1치안센터),511380000
5200186000,186,58,부산진우체국(가야1치안센터),511380000
5201004000,1004,70,부산진우체국(가야1치안센터),511380000
5203002000,3002,28,부산진우체국(가야1치안센터),511380000
5201004F00,1004-F,101,부산진우체국(가야1치안센터),511380000
5200023000,23,33,부산진우체국(가야1치안센터),511390000
5200031000,31,103,부산진우체국(가야1치안센터),511390000
5200033000,33,96,부산진우체국(가야1치안센터),511390000
5200059000,59,45,부산진우체국(가야1치안센터),511390000
5200061000,61,21,부산진우체국(가야1치안센터),511390000
5200062000,62,64,부산진우체국(가야1치안센터),511390000
5200067000,67,10,부산진우체국(가야1치안센터),511390000
5200068000,68,78,부산진우체국(가야1치안센터),511390000
5200077000,77,25,부산진우체국(가야1치안센터),511390000
5200108000,108,76,부산진우체국(가야1치안센터),511390000
5200133000,133,48,부산진우체국(가야1치안센터),511390000
5200138000,138,41,부산진우체국(가야1치안센터),511390000
5200186000,186,85,부산진우체국(가야1치안센터),511390000
5201004000,1004,34,부산진우체국(가야1치안센터),511390000
5203002000,3002,19,부산진우체국(가야1치안센터),511390000
5201004F00,1004-F,55,부산진우체국(가야1치안센터),511390000
5200017000,17,79,서면역.롯데호텔백화점,511400000
5200023000,23,51,서면역.롯데호텔백화점,511400000
5200031000,31,106,서면역.롯데호텔백화점,511400000
5200033000,33,99,서면역.롯데호텔백화점,511400000
5200062000,62,67,서면역.롯데호텔백화점,511400000
5200068000,68,81,서면역.롯데호텔백화점,511400000
5200077000,77,28,서면역.롯데호텔백화점,511400000
5200087000,87,96,서면역.롯데호텔백화점,511400000
5200106000,106,58,서면역.롯데호텔백화점,511400000
5200108000,108,79,서면역.롯데호텔백화점,511400000
5200110100,110-1,12,서면역.롯데호텔백화점,511400000
5200129100,129-1,83,서면역.롯데호텔백화점,511400000
5200138000,138,44,서면역.롯데호텔백화점,511400000
5200141000,141,62,서면역.롯데호텔백화점,511400000
5201004000,1004,37,서면역.롯데호텔백화점,511400000
5203002000,3002,22,서면역.롯데호텔백화점,511400000
5200141F00,141-F,51,서면역.롯데호텔백화점,511400000
5201004F00,1004-F,58,서면역.롯데호텔백화점,511400000
5200031000,31,53,가야역,511410000
5200033000,33,19,가야역,511410000
5200059000,59,89,가야역,511410000
5200061000,61,111,가야역,511410000
5200062000,62,26,가야역,511410000
5200067000,67,83,가야역,511410000
5200068000,68,27,가야역,511410000
5200077000,77,84,가야역,511410000
5200108000,108,27,가야역,511410000
5200110100,110-1,65,가야역,511410000
5200133100,133-1,15,가야역,511410000
5200138000,138,97,가야역,511410000
5200186000,186,57,가야역,511410000
5201004000,1004,69,가야역,511410000
5203002000,3002,27,가야역,511410000
5201004F00,1004-F,100,가야역,511410000
5200031000,31,104,가야역,511420000
5200033000,33,97,가야역,511420000
5200059000,59,46,가야역,511420000
5200061000,61,22,가야역,511420000
5200062000,62,65,가야역,511420000
5200067000,67,11,가야역,511420000
5200068000,68,79,가야역,511420000
5200077000,77,26,가야역,511420000
5200108000,108,77,가야역,511420000
5200110100,110-1,10,가야역,511420000
5200133000,133,49,가야역,511420000
5200138000,138,42,가야역,511420000
5200186000,186,86,가야역,511420000
5201004000,1004,35,가야역,511420000
5203002000,3002,20,가야역,511420000
5201004F00,1004-F,56,가야역,511420000
5200031000,31,101,개금삼거리.개금골목시장,511430000
5200033000,33,94,개금삼거리.개금골목시장,511430000
5200059000,59,43,개금삼거리.개금골목시장,511430000
5200061000,61,19,개금삼거리.개금골목시장,511430000
5200062000,62,62,개금삼거리.개금골목시장,511430000
5200068000,68,76,개금삼거리.개금골목시장,511430000
5200077000,77,23,개금삼거리.개금골목시장,511430000
5200108000,108,74,개금삼거리.개금골목시장,511430000
5200133000,133,46,개금삼거리.개금골목시장,511430000
5200138000,138,39,개금삼거리.개금골목시장,511430000
5200186000,186,83,개금삼거리.개금골목시장,511430000
5201004F00,1004-F,53,개금삼거리.개금골목시장,511430000
5200031000,31,56,개금역,511440000
5200033000,33,22,개금역,511440000
5200059000,59,92,개금역,511440000
5200061000,61,114,개금역,511440000
5200062000,62,29,개금역,511440000
5200068000,68,30,개금역,511440000
5200077000,77,87,개금역,511440000
5200108000,108,30,개금역,511440000
5200133100,133-1,18,개금역,511440000
5200138000,138,100,개금역,511440000
5200186000,186,60,개금역,511440000
5203002000,3002,30,개금역,511440000
5201004F00,1004-F,103,개금역,511440000
5200031000,31,100,개금역,511450000
5200033000,33,93,개금역,511450000
5200059000,59,42,개금역,511450000
5200061000,61,18,개금역,511450000
5200062000,62,61,개금역,511450000
5200068000,68,75,개금역,511450000
5200077000,77,22,개금역,511450000
5200108000,108,73,개금역,511450000
5200133000,133,45,개금역,511450000
5200138000,138,38,개금역,511450000
5200186000,186,82,개금역,511450000
5203002000,3002,17,개금역,511450000
5201004F00,1004-F,52,개금역,511450000
5200031000,31,57,냉정고개,511460000
5200033000,33,23,냉정고개,511460000
5200059000,59,93,냉정고개,511460000
5200061000,61,115,냉정고개,511460000
5200062000,62,30,냉정고개,511460000
5200068000,68,31,냉정고개,511460000
5200077000,77,88,냉정고개,511460000
5200108000,108,31,냉정고개,511460000
5200138000,138,101,냉정고개,511460000
5200138100,138-1,114,냉정고개,511460000
5200160000,160,68,냉정고개,511460000
5200168000,168,64,냉정고개,511460000
5200169000,169,20,냉정고개,511460000
5200186000,186,61,냉정고개,511460000
5201004F00,1004-F,104,냉정고개,511460000
5200031000,31,99,냉정고개,511470000
5200033000,33,92,냉정고개,511470000
5200059000,59,41,냉정고개,511470000
5200061000,61,17,냉정고개,511470000
5200062000,62,60,냉정고개,511470000
5200068000,68,74,냉정고개,511470000
5200077000,77,21,냉정고개,511470000
5200108000,108,72,냉정고개,511470000
5200138000,138,37,냉정고개,511470000
5200138100,138-1,45,냉정고개,511470000
5200160000,160,34,냉정고개,511470000
5200168000,168,36,냉정고개,511470000
5200169000,169,101,냉정고개,511470000
5200186000,186,81,냉정고개,511470000
5201004F00,1004-F,51,냉정고개,511470000
5200031000,31,58,냉정역.동서대경남정보대,511480000
5200033000,33,24,냉정역.동서대경남정보대,511480000
5200059000,59,94,냉정역.동서대경남정보대,511480000
5200061000,61,116,냉정역.동서대경남정보대,511480000
5200062000,62,31,냉정역.동서대경남정보대,511480000
5200068000,68,32,냉정역.동서대경남정보대,511480000
5200077000,77,89,냉정역.동서대경남정보대,511480000
5200108000,108,32,냉정역.동서대경남정보대,511480000
5200138000,138,102,냉정역.동서대경남정보대,511480000
5200138100,138-1,115,냉정역.동서대경남정보대,511480000
5200160000,160,69,냉정역.동서대경남정보대,511480000
5200168000,168,65,냉정역.동서대경남정보대,511480000
5200169000,169,21,냉정역.동서대경남정보대,511480000
5200186000,186,62,냉정역.동서대경남정보대,511480000
5203002000,3002,31,냉정역.동서대경남정보대,511480000
5201004F00,1004-F,105,냉정역.동서대경남정보대,511480000
5200031000,31,98,냉정역.동서대경남정보대,511490000
5200033000,33,91,냉정역.동서대경남정보대,511490000
5200059000,59,40,냉정역.동서대경남정보대,511490000
5200061000,61,16,냉정역.동서대경남정보대,511490000
5200062000,62,59,냉정역.동서대경남정보대,511490000
5200068000,68,73,냉정역.동서대경남정보대,511490000
5200077000,77,20,냉정역.동서대경남정보대,511490000
5200108000,108,71,냉정역.동서대경남정보대,511490000
5200138000,138,36,냉정역.동서대경남정보대,511490000
5200138100,138-1,44,냉정역.동서대경남정보대,511490000
5200160000,160,33,냉정역.동서대경남정보대,511490000
5200168000,168,35,냉정역.동서대경남정보대,511490000
5200169000,169,100,냉정역.동서대경남정보대,511490000
5200186000,186,80,냉정역.동서대경남정보대,511490000
5203002000,3002,16,냉정역.동서대경남정보대,511490000
5201004F00,1004-F,50,냉정역.동서대경남정보대,511490000
5200031000,31,55,동의대역,511500000
5200033000,33,21,동의대역,511500000
5200059000,59,91,동의대역,511500000
5200061000,61,113,동의대역,511500000
5200062000,62,28,동의대역,511500000
5200067000,67,85,동의대역,511500000
5200068000,68,29,동의대역,511500000
5200077000,77,86,동의대역,511500000
5200108000,108,29,동의대역,511500000
5200133100,133-1,17,동의대역,511500000
5200138000,138,99,동의대역,511500000
5200186000,186,59,동의대역,511500000
5203002000,3002,29,동의대역,511500000
5201004F00,1004-F,102,동의대역,511500000
5200031000,31,102,동의대역,511510000
5200033000,33,95,동의대역,511510000
5200059000,59,44,동의대역,511510000
5200061000,61,20,동의대역,511510000
5200062000,62,63,동의대역,511510000
5200068000,68,77,동의대역,511510000
5200077000,77,24,동의대역,511510000
5200108000,108,75,동의대역,511510000
5200133000,133,47,동의대역,511510000
5200138000,138,40,동의대역,511510000
5200186000,186,84,동의대역,511510000
5203002000,3002,18,동의대역,511510000
5201004F00,1004-F,54,동의대역,511510000
5200031000,31,52,부암역,511520000
5200033000,33,18,부암역,511520000
5200062000,62,25,부암역,511520000
5200067000,67,82,부암역,511520000
5200068000,68,26,부암역,511520000
5200077000,77,83,부암역,511520000
5200085000,85,49,부암역,511520000
5200087000,87,22,부암역,511520000
5200108000,108,26,부암역,511520000
5200110100,110-1,64,부암역,511520000
5200133100,133-1,14,부암역,511520000
5200138000,138,96,부암역,511520000
5201004000,1004,68,부암역,511520000
5203002000,3002,26,부암역,511520000
5201004F00,1004-F,99,부암역,511520000
5200031000,31,105,부암역,511530000
5200033000,33,98,부암역,511530000
5200062000,62,66,부암역,511530000
5200067000,67,12,부암역,511530000
5200068000,68,80,부암역,511530000
5200077000,77,27,부암역,511530000
5200108000,108,78,부암역,511530000
5200110100,110-1,11,부암역,511530000
5200133000,133,50,부암역,511530000
5200138000,138,43,부암역,511530000
5201004000,1004,36,부암역,511530000
5203002000,3002,21,부암역,511530000
5201004F00,1004-F,57,부암역,511530000
5200031000,31,59,좋은삼선병원,511540000
5200033000,33,25,좋은삼선병원,511540000
5200059000,59,95,좋은삼선병원,511540000
5200061000,61,117,좋은삼선병원,511540000
5200062000,62,32,좋은삼선병원,511540000
5200068000,68,33,좋은삼선병원,511540000
5200077000,77,90,좋은삼선병원,511540000
5200108000,108,33,좋은삼선병원,511540000
5200138000,138,103,좋은삼선병원,511540000
5200138100,138-1,116,좋은삼선병원,511540000
5200160000,160,70,좋은삼선병원,511540000
5200168000,168,66,좋은삼선병원,511540000
5200169000,169,22,좋은삼선병원,511540000
5200186000,186,63,좋은삼선병원,511540000
5201004F00,1004-F,106,좋은삼선병원,511540000
5200031000,31,97,좋은삼선병원,511550000
5200033000,33,90,좋은삼선병원,511550000
5200059000,59,39,좋은삼선병원,511550000
5200061000,61,15,좋은삼선병원,511550000
5200062000,62,58,좋은삼선병원,511550000
5200068000,68,72,좋은삼선병원,511550000
5200077000,77,19,좋은삼선병원,511550000
5200108000,108,70,좋은삼선병원,511550000
5200138000,138,35,좋은삼선병원,511550000
5200138100,138-1,43,좋은삼선병원,511550000
5200160000,160,32,좋은삼선병원,511550000
5200168000,168,34,좋은삼선병원,511550000
5200169000,169,99,좋은삼선병원,511550000
5200186000,186,79,좋은삼선병원,511550000
5201004F00,1004-F,49,좋은삼선병원,511550000
5200031000,31,60,주례역,511560000
5200033000,33,26,주례역,511560000
5200059000,59,96,주례역,511560000
5200061000,61,118,주례역,511560000
5200062000,62,33,주례역,511560000
5200068000,68,34,주례역,511560000
5200077000,77,91,주례역,511560000
5200108000,108,34,주례역,511560000
5200138000,138,104,주례역,511560000
5200138100,138-1,117,주례역,511560000
5200160000,160,71,주례역,511560000
5200168000,168,67,주례역,511560000
5200169000,169,23,주례역,511560000
5200186000,186,64,주례역,511560000
5203002000,3002,32,주례역,511560000
5201004F00,1004-F,107,주례역,511560000
5200031000,31,96,주례역,511570000
5200033000,33,89,주례역,511570000
5200059000,59,38,주례역,511570000
5200061000,61,14,주례역,511570000
5200062000,62,57,주례역,511570000
5200068000,68,71,주례역,511570000
5200077000,77,18,주례역,511570000
5200108000,108,69,주례역,511570000
5200138000,138,34,주례역,511570000
5200138100,138-1,42,주례역,511570000
5200160000,160,31,주례역,511570000
5200168000,168,33,주례역,511570000
5200169000,169,98,주례역,511570000
5200186000,186,78,주례역,511570000
5203002000,3002,15,주례역,511570000
5201004F00,1004-F,48,주례역,511570000
5200059000,59,97,주례교차로,511580000
5200077000,77,92,주례교차로,511580000
5200108000,108,35,주례교차로,511580000
5200138000,138,105,주례교차로,511580000
5203002000,3002,33,주례교차로,511580000
5290510100,부산진구10-1,8,냉정고개,511590000
5291506000,사상구6,124,냉정고개,511590000
5290510100,부산진구10-1,32,냉정고개,511600000
5290510100,부산진구10-1,31,냉정역.동서대경남정보대,511610000
5290510100,부산진구10-1,9,냉정역.동서대경남정보대,511620000
5291506000,사상구6,125,냉정역.동서대경남정보대,511620000
5290510100,부산진구10-1,30,좋은삼선병원,511630000
5290510100,부산진구10-1,10,좋은삼선병원,511640000
5291505100,사상구5-1,10,좋은삼선병원,511640000
5291505200,사상구5-2,21,좋은삼선병원,511640000
5291506000,사상구6,126,좋은삼선병원,511640000
5290510100,부산진구10-1,29,주례역,511650000
5290510100,부산진구10-1,11,주례역,511660000
5291503000,사상구3,6,주례역,511660000
5291503100,사상구3-1,6,주례역,511660000
5291505200,사상구5-2,22,주례역,511660000
5290509000,부산진구9,19,개금삼거리.개금골목시장,511670000
5291508100,사상구8-1,5,개금삼거리.개금골목시장,511670000
5290509000,부산진구9,18,개금역,511680000
5291508100,사상구8-1,4,개금역,511680000
5290509000,부산진구9,9,개금역,511690000
5291508100,사상구8-1,6,개금역,511690000
5290509000,부산진구9,8,동의대역,511700000
5290606000,동래구6,64,반여4동새마을금고,511710000
5290606000,동래구6,3,반여4동새마을금고,511720000
5290606000,동래구6,65,반여4동행정복지센터,511730000
5290606000,동래구6,66,삼어초등학교,511740000
5290606000,동래구6,63,센텀강변현대아파트,511750000
5290606000,동래구6,2,센텀트루엘아파트103동,511760000
5290606000,동래구6,1,센텀트루엘아파트203동,511770000
5290606000,동래구6,67,센텀트루엘아파트203동,511770000
5200307000,307,55,국제화물청사,511780000
5291001000,사하구1,1,괴정초등학교 대티역,511790000
5291001100,사하구1-1,59,괴정초등학교 대티역,511790000
5291001000,사하구1,3,괴정한신더휴101동,511800000
5291001100,사하구1-1,61,괴정한신더휴101동,511800000
5291001000,사하구1,2,괴정한신더휴상가,511810000
5291001100,사하구1-1,60,괴정한신더휴상가,511810000
5291001000,사하구1,8,괴정한신더휴상가,511820000
5291001000,사하구1,10,대티역 1번출구,511830000
5291009000,사하구9,15,동매역6번출구,511840000
5291001000,사하구1,4,부산보건대건청관,511850000
5291001000,사하구1,5,부산보건대석파문화관,511860000
5291001000,사하구1,6,부산보건대체육관,511870000
5291001000,사하구1,7,부산보건대학생회관,511880000
5291009000,사하구9,12,사하뷰웰아파트,511890000
5291009000,사하구9,11,신평초등학교,511900000
5291009000,사하구9,13,신평초등학교,511910000
5291001000,사하구1,9,참누리아파트입구,511920000
5200007000,7,30,천마하늘길,512390000
5200009000,9,29,천마하늘길,512390000
5200016000,16,58,천마하늘길,512390000
5200061000,61,47,천마하늘길,512390000
5200171000,171,76,천마하늘길,512390000
5200172000,172,78,천마하늘길,512390000
5200007000,7,68,천마하늘길,512400000
5200009000,9,76,천마하늘길,512400000
5200016000,16,39,천마하늘길,512400000
5200061000,61,88,천마하늘길,512400000
5200171000,171,55,천마하늘길,512400000
5200172000,172,56,천마하늘길,512400000
5200073000,73,1,정관차고지,512410000
5200106000,106,1,정관차고지,512410000
5200107000,107,1,정관차고지,512410000
5200184000,184,1,정관차고지,512410000
5200188000,188,1,정관차고지,512410000
5200073000,73,119,정관차고지,512420000
5200106000,106,109,정관차고지,512420000
5200107000,107,114,정관차고지,512420000
5200184000,184,78,정관차고지,512420000
5200188000,188,171,정관차고지,512420000
5200031000,31,142,해운대보훈회관,512430000
5200031000,31,11,해운대세무서,512440000
5200059000,59,49,e편한세상서면더센트럴,512450000
5200061000,61,25,e편한세상서면더센트럴,512450000
5200085000,85,52,e편한세상서면더센트럴,512450000
5200186000,186,89,e편한세상서면더센트럴,512450000
5291002100,사하구2-1,10,낙동초등학교,512600000
5291002000,사하구2,6,낙동초등학교,512610000
5291657000,기장군57,33,두명마을,512720000
5291657000,기장군57,38,두명마을,512730000
5291657000,기장군57,34,두명마을회관,512740000
5291657000,기장군57,31,솔빛공원,512810000
5291657000,기장군57,40,솔빛공원,512820000
5291657000,기장군57,37,월평교차로,512920000
5291657000,기장군57,36,월평교차로,512930000
5291657000,기장군57,35,월평마을,512940000
5291009000,사하구9,14,하나 부산은행,512980000
5291009000,사하구9,10,하나 부산은행,512990000
5202000000,2000,37,대계마을,513000000
5202000000,2000,16,대계마을,513010000
5202000000,2000,36,대계펜션촌,513020000
5202000000,2000,17,대계펜션촌,513030000
5291003200,사하구3-2,1,경동메르빌아파트,513270000
5291003200,사하구3-2,4,동원타워아파트,513280000
5291003200,사하구3-2,17,동원타워아파트,513290000
5291003200,사하구3-2,15,마실마트,513300000
5291003200,사하구3-2,6,새마을금고,513310000
5291003200,사하구3-2,16,센텀휴요양병원,513320000
5291003200,사하구3-2,3,신세대지큐빌,513330000
5291003200,사하구3-2,18,신세대지큐빌,513340000
5291003200,사하구3-2,2,영남중학교,513350000
5291003200,사하구3-2,19,영남중학교,513360000
5291003200,사하구3-2,7,탑마트,513370000
5291003200,사하구3-2,14,대동맨션입구,513380000
5291003200,사하구3-2,5,현대빌라,513390000
5291408000,강서구8,41,더샵퍼스트월드 3단지,513400000
5291421000,강서구21,42,더샵퍼스트월드 3단지,513400000
5291408000,강서구8,30,더샵퍼스트월드 3단지,513410000
5291421000,강서구21,3,더샵퍼스트월드 3단지,513410000
5291408000,강서구8,46,명지환승센터,513440000
5291408100,강서구8-1,31,명지환승센터,513440000
5291421000,강서구21,44,명지환승센터,513440000
5291422000,강서구22,1,명지환승센터,513440000
5291611000,기장군11,2,서부주공아파트,513450000
5291611000,기장군11,69,서부주공아파트,513450000
5200122000,122,63,가락동행정복지센터,513480000
5200122000,122,19,가락파출소,513490000
5200122000,122,18,가락중앙경로당,513500000
5200122000,122,64,가락중앙경로당,513510000
5200171000,171,33,강동병원앞교차로,513540000
5200055000,55,1,강서공영차고지,513570000
5200058000,58,1,강서공영차고지,513570000
5200058100,58-1,1,강서공영차고지,513570000
5200058200,58-2,1,강서공영차고지,513570000
5200109000,109,1,강서공영차고지,513570000
5200124000,124,1,강서공영차고지,513570000
5200128100,128-1,1,강서공영차고지,513570000
5200171000,171,1,강서공영차고지,513570000
5200172000,172,1,강서공영차고지,513570000
5200520000,520,1,강서공영차고지,513570000
5203002000,3002,1,강서공영차고지,513570000
5203005000,3005,1,강서공영차고지,513570000
5203007000,3007,1,강서공영차고지,513570000
5200055000,55,124,강서공영차고지,513580000
5200058000,58,99,강서공영차고지,513580000
5200058100,58-1,127,강서공영차고지,513580000
5200058200,58-2,112,강서공영차고지,513580000
5200109000,109,107,강서공영차고지,513580000
5200124000,124,109,강서공영차고지,513580000
5200128100,128-1,112,강서공영차고지,513580000
5200161000,161,116,강서공영차고지,513580000
5200171000,171,130,강서공영차고지,513580000
5200172000,172,134,강서공영차고지,513580000
5200520000,520,112,강서공영차고지,513580000
5203002000,3002,47,강서공영차고지,513580000
5203005000,3005,79,강서공영차고지,513580000
5203007000,3007,43,강서공영차고지,513580000
5200161000,161,1,강서공영차고지,513590000
5200055000,55,5,강진정비,513620000
5200058100,58-1,5,강진정비,513620000
5200055000,55,120,강진정비,513630000
5200058100,58-1,123,강진정비,513630000
5200058200,58-2,64,경일고등학교,513640000
5200058200,58-2,49,경일고등학교,513650000
5200124000,124,34,국민은행명지국제신도시지점,513660000
5200124000,124,77,국민은행명지국제신도시지점,513670000
5200055000,55,117,국제휠타,513680000
5200058000,58,14,국제휠타,513680000
5200058100,58-1,120,국제휠타,513680000
5200055000,55,8,국제휠타,513690000
5200058000,58,86,국제휠타,513690000
5200058100,58-1,8,국제휠타,513690000
5203005000,3005,6,국회부산도서관입구,513700000
5200128100,128-1,25,금강펜테리움202동,513710000
5200124000,124,36,금강펜테리움3차.중흥에듀오션,513720000
5200161000,161,5,녹산농협,513730000
5200161000,161,112,녹산농협,513740000
5200055000,55,123,대한제강,513780000
5200058100,58-1,126,대한제강,513780000
5200124000,124,108,대한제강,513780000
5200124000,124,33,더스퀘어,513830000
5200122000,122,60,덕계마을입구,513850000
5200122000,122,21,덕계마을입구,513860000
5200055000,55,4,동아밸브,513870000
5200058100,58-1,4,동아밸브,513870000
5200122000,122,59,득천사거리,513890000
5200058200,58-2,48,명일초등학교,513930000
5200058200,58-2,65,명지노인종합복지관,513940000
5200172000,172,10,명지더웨스턴아파트,513960000
5200058200,58-2,66,명지스위트팰리스,513980000
5200058200,58-2,47,명지스위트팰리스,513990000
5200109000,109,18,명지철새탐조대,514000000
5200124000,124,27,명지철새탐조대,514000000
5200128100,128-1,14,명지철새탐조대,514000000
5200171000,171,19,명지철새탐조대,514000000
5200520000,520,52,명지철새탐조대,514000000
5200109000,109,90,명지철새탐조대,514010000
5200124000,124,83,명지철새탐조대,514010000
5200128100,128-1,99,명지철새탐조대,514010000
5200171000,171,112,명지철새탐조대,514010000
5200520000,520,61,명지철새탐조대,514010000
5200124000,124,75,명지초등학교,514020000
5200058200,58-2,46,명지협성휴포레,514030000
5200058200,58-2,67,명지협성휴포레,514040000
5200161000,161,6,사암마을,514090000
5200161000,161,111,사암마을,514100000
5200161000,161,2,사암입바위,514110000
5200161000,161,115,사암입바위,514120000
5200161000,161,113,산양마을입구,514130000
5200122000,122,1,삼계서희,514140000
5200122000,122,81,삼계서희,514150000
5200172000,172,125,삼정그린코아더베스트,514160000
5200008000,8,44,서부시외버스터미널(사상역),514170000
5200161000,161,58,서부시외버스터미널(사상역),514170000
5200186000,186,70,서부시외버스터미널(사상역),514170000
5203005000,3005,38,서부시외버스터미널(사상역),514170000
5200171000,171,97,성일여자고등하교,514180000
5200122000,122,17,송산마을,514190000
5200122000,122,65,송산마을,514200000
5200122000,122,16,쇠내마을,514210000
5200122000,122,66,쇠내마을,514220000
5200168000,168,49,시민공원부설주차장,514230000
5200109000,109,7,신호중학교,514260000
5200124000,124,13,신호중학교,514260000
5200171000,171,7,신호중학교,514260000
5203007000,3007,3,신호중학교,514260000
5200124000,124,76,에일린의뜰아파트112동,514270000
5200124000,124,35,에일린의뜰아파트112동,514280000
5200058000,58,29,우방아이유쉘아파트,514290000
5200161000,161,8,우방아이유쉘아파트,514290000
5200058000,58,72,우방아이유쉘아파트,514300000
5200161000,161,109,우방아이유쉘아파트,514300000
5200122000,122,62,죽림삼거리,514350000
5200128100,128-1,88,협성휴포레123동,514410000
5200044000,44,1,일신차고지 기점,514420000
5200052000,52,1,일신차고지 기점,514420000
5200144000,144,1,일신차고지 기점,514420000
5200044000,44,103,일신차고지 종점,514430000
5200052000,52,101,일신차고지 종점,514430000
5200144000,144,61,일신차고지 종점,514430000
5291420000,강서구20,54,경제자유구역청,514440000
5291401000,강서구1,35,성북마을,514450000
5291420000,강서구20,55,성북마을,514450000
5291401000,강서구1,68,성북마을,514460000
5291420000,강서구20,6,성북마을,514460000
5290802000,북구2,32,숙등역2번출구,514470000
5290809000,북구9,6,백양디이스트301동,514480000
5291202100,수영구2-1,17,민락역,514490000
5291103000,금정구3,6,금산빌라,514500000
5291103000,금정구3,5,남산역3번출구,514510000
5291103000,금정구3,4,범어사역3번출구,514520000
5291103000,금정구3,2,부산외국어대학교정문,514530000
5291103000,금정구3,3,외성생활관,514540000
5200133100,133-1,62,만덕119안전센터,514550000
5200133000,133,2,만덕119안전센터,514560000
5200133000,133,5,덕양초등학교,514570000
5200133100,133-1,59,덕양초등학교,514580000
5200133000,133,4,럭키아파트후문,514590000
5200133100,133-1,60,럭키아파트후문,514600000
5200133100,133-1,53,만덕도서관,514610000
5200133100,133-1,54,백양초등학교,514620000
5200133100,133-1,61,부산노인전문병원,514630000
5200133000,133,3,부산노인전문병원,514640000
5200161000,161,4,산양마을입구,514650000
5200058000,58,28,은산터미널,514670000
5200161000,161,7,은산터미널,514670000
5200058000,58,73,은산터미널,514680000
5200161000,161,110,은산터미널,514680000
5200096100,96-1,99,다대포,514690000
5200338000,338,127,다대포,514690000
5200109000,109,76,동자,514700000
5203002000,3002,36,동자,514700000
5200109000,109,32,동자,514710000
5203002000,3002,12,동자,514710000
5200109000,109,74,맥도자연생태공원,514720000
5203002000,3002,35,맥도자연생태공원,514720000
5200109000,109,34,맥도자연생태공원,514730000
5203002000,3002,13,맥도자연생태공원,514730000
5200058000,58,46,신평파출소,514740000
5200113000,113,48,신평파출소,514740000
5200138100,138-1,143,신평파출소,514740000
5200124000,124,37,국제신도시교차로,514770000
5200124000,124,74,국제신도시교차로,514780000
5200124000,124,20,두산위브아파트102동,514790000
5200124000,124,90,두산위브아파트102동,514800000
5200124000,124,85,명지가온 오션유치원,514810000
5200124000,124,25,명지가온 오션유치원,514820000
5200124000,124,22,명호중고등학교,514830000
5200124000,124,88,명호중고등학교,514840000
5200124000,124,21,부산한솔학교,514850000
5200124000,124,89,부산한솔학교,514860000
5200058100,58-1,15,부영2차아파트,514870000
5200070000,70,103,삼창파크맨션,514890000
5200070000,70,9,에일린의뜰2단지아파트,514900000
5200124000,124,86,오션초등학교,514910000
5200124000,124,24,오션초등학교,514920000
5200058100,58-1,13,용원시외버스정류장,514930000
5200058100,58-1,115,용원시외버스정류장,514940000
5200058100,58-1,12,용원택지교차로,514950000
5200058100,58-1,116,용원택지교차로,514960000
5200058100,58-1,11,진해용원고등학교,514980000
5200058100,58-1,117,진해용원고등학교,514990000
5200124000,124,19,퀸덤링컨아파트201동,515000000
5200124000,124,87,한신휴플러스아파트,515030000
5200124000,124,23,한신휴플러스아파트,515040000
5200058100,58-1,25,해광테크,515050000
5200058100,58-1,103,해광테크,515060000
5290202200,서구2-2,42,천주교아파트,515070000
5200124000,124,91,퀸덤링컨아파트201동,515080000
5200017000,17,84,데레사여자고등학교,515090000
5200059000,59,54,데레사여자고등학교,515090000
5200061000,61,30,데레사여자고등학교,515090000
5200067000,67,19,데레사여자고등학교,515090000
5200085000,85,57,데레사여자고등학교,515090000
5200088000,88,83,데레사여자고등학교,515090000
5200103000,103,16,데레사여자고등학교,515090000
5291003200,사하구3-2,12,부산생탁,515100000
5291003200,사하구3-2,9,사하정비,515110000
5291003200,사하구3-2,8,신장림역,515120000
5291003200,사하구3-2,11,신한냉동,515130000
5202000000,2000,27,고현터미널(순환),515140000
5202000000,2000,26,신현교,515150000
5200058100,58-1,99,풍영산업,515160000
5200008000,8,5,에덴금호아파트,515190000
5200017000,17,5,에덴금호아파트,515190000
5200030000,30,5,에덴금호아파트,515190000
5200101000,101,5,에덴금호아파트,515190000
5200190000,190,5,에덴금호아파트,515190000
5291416000,강서구16,34,주포마을,515200000
5200010000,10,4,부산의료원 정문,515210000
5200033100,33-1,4,부산의료원 정문,515210000
5200054000,54,78,부산의료원 정문,515210000
5200057000,57,7,부산의료원 정문,515210000
5200057000,57,102,부산의료원 정문,515210000
5200083100,83-1,48,부산의료원 정문,515210000
5200111100,111-1,4,부산의료원 정문,515210000
5200210000,210,4,부산의료원 정문,515210000
5291657000,기장군57,11,서편마을회관,515240000
5291657000,기장군57,60,서편마을회관,515250000
5291657000,기장군57,10,예림마을회관,515260000
5291657000,기장군57,61,예림마을회관,515270000
5290517000,부산진구17,32,금정시장,515280000
5200203000,203,8,삼밭골,515290000
5200203000,203,27,삼밭골,515300000
5200016000,16,87,하단SK뷰아파트앞,515310000
5200068000,68,57,하단SK뷰아파트앞,515310000
5200126000,126,93,하단SK뷰아파트앞,515310000
5200128100,128-1,36,하단SK뷰아파트앞,515310000
5200138000,138,20,하단SK뷰아파트앞,515310000
5200138100,138-1,19,하단SK뷰아파트앞,515310000
5200338000,338,40,하단SK뷰아파트앞,515310000
5291408000,강서구8,64,호반써밋,515320000
5291408100,강서구8-1,46,호반써밋,515320000
5291415000,강서구15,56,호반써밋,515320000
5291415100,강서구15-1,24,호반써밋,515320000
5291408000,강서구8,7,호반써밋,515330000
5291408100,강서구8-1,7,호반써밋,515330000
5291415000,강서구15,31,호반써밋,515330000
5291415100,강서구15-1,7,호반써밋,515330000
5200301000,301,37,함께하는교회,515340000
5200182000,182,101,동부산농협자재센터,515360000
5200187000,187,85,동부산농협자재센터,515360000
5291407100,강서구7-1,40,강동농협,515380000
5291401100,강서구1-1,30,내눌,515390000
5291401100,강서구1-1,66,내눌,515390000
5291401100,강서구1-1,31,내눌,515400000
5291401100,강서구1-1,67,내눌,515400000
5291407000,강서구7,60,녹산주민문화회관 앞,515410000
5291412000,강서구12,62,녹산주민문화회관 앞,515410000
5291412100,강서구12-1,12,녹산주민문화회관 앞,515410000
5291407000,강서구7,13,녹산주민문화회관 앞,515420000
5291412000,강서구12,23,녹산주민문화회관 앞,515420000
5291412100,강서구12-1,53,녹산주민문화회관 앞,515420000
5291401100,강서구1-1,21,눌차어촌계,515430000
5291401100,강서구1-1,57,눌차어촌계,515430000
5291401100,강서구1-1,27,눌차어촌계,515440000
5291401100,강서구1-1,63,눌차어촌계,515440000
5291401100,강서구1-1,20,눌차입구,515450000
5291401100,강서구1-1,56,눌차입구,515450000
5291401100,강서구1-1,33,눌차입구,515460000
5291401100,강서구1-1,69,눌차입구,515460000
5291401100,강서구1-1,23,눌차초등학교,515470000
5291401100,강서구1-1,59,눌차초등학교,515470000
5291401100,강서구1-1,25,눌차초등학교,515480000
5291401100,강서구1-1,61,눌차초등학교,515480000
5291406000,강서구6,1,대흥마을,515490000
5291406000,강서구6,63,대흥마을,515490000
5291407100,강서구7-1,22,대흥마을,515490000
5291407100,강서구7-1,90,대흥마을,515490000
5291407100,강서구7-1,29,덕계마을입구,515500000
5291407200,강서구7-2,37,덕계마을입구,515500000
5291407100,강서구7-1,83,덕계마을입구,515510000
5291407200,강서구7-2,78,덕계마을입구,515510000
5291401100,강서구1-1,2,동선새바지길사거리,515520000
5291401100,강서구1-1,1,동선이주단지,515530000
5291401100,강서구1-1,75,동선이주단지,515530000
5291407100,강서구7-1,82,득천사거리,515540000
5291407200,강서구7-2,77,득천사거리,515540000
5291406000,강서구6,2,봉림이주단지,515550000
5291407100,강서구7-1,23,봉림이주단지,515550000
5291407100,강서구7-1,91,봉림이주단지,515550000
5291401100,강서구1-1,3,생교,515560000
5291401100,강서구1-1,4,생교경로당,515570000
5291401100,강서구1-1,29,외눌,515580000
5291401100,강서구1-1,65,외눌,515580000
5291401100,강서구1-1,32,외눌,515590000
5291401100,강서구1-1,68,외눌,515590000
5291401100,강서구1-1,24,정거,515600000
5291401100,강서구1-1,60,정거,515600000
5291407100,강서구7-1,85,죽림,515610000
5291407100,강서구7-1,27,죽림,515620000
5291401100,강서구1-1,19,천가교입구,515630000
5291401100,강서구1-1,55,천가교입구,515630000
5291401100,강서구1-1,34,천가교입구,515640000
5291401100,강서구1-1,70,천가교입구,515640000
5291401100,강서구1-1,5,천가어린이집,515650000
5291407000,강서구7,61,태야공원,515660000
5291412100,강서구12-1,13,태야공원,515660000
5291407000,강서구7,12,태야공원,515670000
5291412100,강서구12-1,52,태야공원,515670000
5291401100,강서구1-1,22,향월마을회관,515680000
5291401100,강서구1-1,58,향월마을회관,515680000
5291401100,강서구1-1,26,향월마을회관,515690000
5291401100,강서구1-1,62,향월마을회관,515690000
5291416000,강서구16,5,송정동회관,515760000
5291416000,강서구16,30,송정동회관,515770000
5291416000,강서구16,4,송정방근입구,515780000
5291416000,강서구16,31,송정방근입구,515790000
5291407000,강서구7,4,둔치도입구,515850000
5291406000,강서구6,62,통전마을회관,515860000
5291408000,강서구8,42,더샵퍼스트월드2단지,515870000
5291408000,강서구8,29,더샵퍼스트월드2단지,515880000
5291408000,강서구8,43,명지1동 행정복지센터,515890000
5291408100,강서구8-1,28,명지1동 행정복지센터,515890000
5291408000,강서구8,28,명지1동 행정복지센터,515900000
5291408100,강서구8-1,25,명지1동 행정복지센터,515900000
5291408000,강서구8,45,삼정그린코아더베스트,515910000
5291408100,강서구8-1,30,삼정그린코아더베스트,515910000
5291408000,강서구8,49,대방노블랜드아파트,515920000
5291421000,강서구21,8,대방노블랜드아파트,515920000
5291408000,강서구8,22,호반베르디움아파트,515930000
5291421000,강서구21,37,호반베르디움아파트,515930000
5291408000,강서구8,26,명지더웨스턴아파트,515940000
5291408100,강서구8-1,23,명지더웨스턴아파트,515940000
5291401000,강서구1,1,외양포,515950000
5291401000,강서구1,102,외양포,515960000
5291401000,강서구1,2,외양포주차장,515970000
5291401000,강서구1,101,외양포주차장,515980000
5291401000,강서구1,28,두문지구,515990000
5291401000,강서구1,75,두문지구,515990000
5291407000,강서구7,14,동앙이엠텍,516000000
5291412000,강서구12,24,동앙이엠텍,516000000
5291407000,강서구7,59,동앙이엠텍,516010000
5291412000,강서구12,61,동앙이엠텍,516010000
5291407200,강서구7-2,14,하나은행(미음공단지점),516020000
5291412000,강서구12,19,하나은행(미음공단지점),516020000
5291407200,강서구7-2,15,LG CNS,516030000
5291412000,강서구12,20,LG CNS,516030000
5291407200,강서구7-2,100,LG CNS,516040000
5291412000,강서구12,65,LG CNS,516040000
5291407200,강서구7-2,16,경동,516050000
5291412000,강서구12,21,경동,516050000
5291407200,강서구7-2,99,경동,516060000
5291412000,강서구12,64,경동,516060000
5291407200,강서구7-2,17,우성전기,516070000
5291407200,강서구7-2,98,우성전기,516080000
5291407200,강서구7-2,97,조선해양기자재회관,516090000
5291407200,강서구7-2,18,조선해양기자재회관,516100000
5291407200,강서구7-2,19,강진산업,516110000
5291407200,강서구7-2,96,강진산업,516120000
5291407200,강서구7-2,20,DJF,516130000
5291407200,강서구7-2,95,DJF,516140000
5291407200,강서구7-2,21,DSK,516150000
5291407200,강서구7-2,94,DSK,516160000
5291407200,강서구7-2,22,탑동,516170000
5291407200,강서구7-2,93,탑동,516180000
5291407200,강서구7-2,23,렛츠런파크관람대,516190000
5291407200,강서구7-2,92,렛츠런파크관람대,516200000
5291407200,강서구7-2,24,렛츠런파크에코랜드,516210000
5291407200,강서구7-2,91,렛츠런파크에코랜드,516220000
5291407200,강서구7-2,25,렛츠런파크정문,516230000
5291407200,강서구7-2,90,렛츠런파크정문,516240000
5291408000,강서구8,65,에코델타 수자인,516250000
5291408100,강서구8-1,47,에코델타 수자인,516250000
5291415000,강서구15,57,에코델타 수자인,516250000
5291415100,강서구15-1,25,에코델타 수자인,516250000
5291408000,강서구8,6,에코델타 수자인,516260000
5291408100,강서구8-1,6,에코델타 수자인,516260000
5291415000,강서구15,30,에코델타 수자인,516260000
5291415100,강서구15-1,6,에코델타 수자인,516260000
5291411000,강서구11,18,서부산유통지구역,516270000
5291411000,강서구11,17,금호마을,516280000
5291411000,강서구11,56,금호마을,516290000
5291411000,강서구11,75,득천사거리,516300000
5291412000,강서구12,22,가유부산2공장,516310000
5291412000,강서구12,63,가유부산2공장,516320000
5291408100,강서구8-1,34,명지대방노블랜드2차,516330000
5291421000,강서구21,7,명지대방노블랜드2차,516330000
5291408100,강서구8-1,19,경일중학교,516340000
5291421000,강서구21,38,경일중학교,516340000
5291401000,강서구1,33,두문입구,516350000
5291401000,강서구1,91,두문입구,516350000
5291401000,강서구1,12,두문입구,516360000
5291401000,강서구1,70,두문입구,516360000
5291409000,강서구9,6,서번산업,516370000
5291409000,강서구9,27,서번산업,516380000
5291422000,강서구22,13,맥도길입구,516390000
5291422000,강서구22,49,맥도길입구,516400000
5291422000,강서구22,14,송백마을,516410000
5291422000,강서구22,48,송백마을,516420000
5291422000,강서구22,15,동협구판장,516430000
5291422000,강서구22,47,동협구판장,516440000
5291422000,강서구22,46,동협마을회관,516450000
5291422000,강서구22,16,동협마을회관,516460000
5291422000,강서구22,17,배영초등학교,516470000
5291422000,강서구22,45,배영초등학교,516480000
5291422000,강서구22,18,맥도,516490000
5291422000,강서구22,44,맥도,516500000
5291422000,강서구22,23,등구마을,516510000
5291422000,강서구22,37,등구마을,516520000
5291422000,강서구22,24,칠점마을회관,516530000
5291422000,강서구22,36,칠점마을회관,516540000
5200139000,139,83,동해선일광역광장,516590000
5291401100,강서구1-1,28,눌차입구,516600000
5291401100,강서구1-1,64,눌차입구,516600000
5200186000,186,136,아르떼뮤지엄·미창석유,516610000
5200181000,181,79,센텀파크앞 교차로,516630000
5291506000,사상구6,93,부전도서관,516650000
5291506000,사상구6,26,서면부속상가,516660000
5291506000,사상구6,94,서면부속상가,516670000
5291506000,사상구6,34,이마트문현점,516680000
5290907000,해운대구7,46,백병원사거리,516690000
5290907000,해운대구7,8,백병원사거리,516700000
5200007000,7,81,흰여울문화마을,516710000
5200070000,70,94,흰여울문화마을,516710000
5200071000,71,79,흰여울문화마을,516710000
5200508000,508,67,흰여울문화마을,516710000
5203003000,3003,39,흰여울문화마을,516710000
5203008000,3008,1,기장군국민체육센터,516720000
5203008F00,3008-F,1,기장군국민체육센터,516720000
5203008000,3008,96,기장군국민체육센터,516730000
5203008F00,3008-F,97,기장군국민체육센터,516730000
5203008000,3008,95,좌천시장,516740000
5203008F00,3008-F,96,좌천시장,516740000
5203008000,3008,2,좌천시장,516750000
5203008F00,3008-F,2,좌천시장,516750000
5290705000,남구5,33,범2호교,516850000
5290703000,남구3,7,성지고등학교,516860000
5200033100,33-1,83,(구)만덕로입구,516870000
5200046000,46,22,(구)만덕로입구,516870000
5200023000,23,5,우암도서관,516880000
5200026000,26,5,우암도서관,516880000
5200068000,68,13,우암도서관,516880000
5200134000,134,13,우암도서관,516880000
5200138100,138-1,91,우암도서관,516880000
5200168000,168,9,우암도서관,516880000
5291608000,기장군8,101,동부산농협자재센터,516890000
5291407100,강서구7-1,59,양덕초교,516900000
5291407100,강서구7-1,60,청유탕,516910000
5291407100,강서구7-1,61,구포당숲,516920000
5291407100,강서구7-1,53,구포시장동문,516940000
5291407100,강서구7-1,54,리버파크반도유보라아파트,516950000
5291407100,강서구7-1,55,구포당숲앞,516960000
5291407100,강서구7-1,56,삼경장미아파트,516970000
5291407100,강서구7-1,57,용주사,516980000
5291407100,강서구7-1,58,경혜여고,516990000
5200038000,38,1,청강리공영차고지,517010000
5200040000,40,1,청강리공영차고지,517010000
5200063000,63,1,청강리공영차고지,517010000
5200100000,100,1,청강리공영차고지,517010000
5200182000,182,1,청강리공영차고지,517010000
5200185000,185,1,청강리공영차고지,517010000
5200200000,200,1,청강리공영차고지,517010000
5201001000,1001,1,청강리공영차고지,517010000
5203006000,3006,1,청강리공영차고지,517010000
5290706000,남구6,40,자유5차아파트,517020000
5291657000,기장군57,39,부산추모공원,517030000
5291657000,기장군57,32,부산추모공원,517040000
5290802000,북구2,19,기비골아파트106동,517070000
5290601100,동래구1-1,1,온천장역,517080000
5290601100,동래구1-1,44,온천장역,517080000
5290601100,동래구1-1,2,르메이에르아파트,517090000
5290601100,동래구1-1,4,온천장새마을금고,517100000
5290601100,동래구1-1,5,온천제일교회,517110000
5290601100,동래구1-1,11,한아름아파트,517120000
5290601100,동래구1-1,10,래미안3단지입구,517130000
5290601100,동래구1-1,13,온천프라자,517140000
5290601100,동래구1-1,14,부산전자공고,517150000
5290601100,동래구1-1,29,롯데백화점,517160000
5290601100,동래구1-1,30,부산전자공고,517170000
5290601100,동래구1-1,31,온천프라자,517180000
5290601100,동래구1-1,32,부산인재평생교육진흥원,517190000
5290601100,동래구1-1,33,한아름아파트,517200000
5290601100,동래구1-1,34,래미안3단지입구,517210000
5290601100,동래구1-1,40,온천장새마을금고,517220000
5290601100,동래구1-1,42,르메이에르아파트,517230000
5290601100,동래구1-1,43,홈플러스,517240000
5290601100,동래구1-1,39,온천제일교회,517250000
5290601100,동래구1-1,15,롯데백화점.명륜역,517260000
5290601100,동래구1-1,12,부산인재평생교육진흥원,517270000
5290601100,동래구1-1,3,허심청,517280000
5290601100,동래구1-1,41,허심청,517290000
5290601100,동래구1-1,38,래미안1단지,517300000
5291009000,사하구9,16,캐나다영사관,517310000
5291009000,사하구9,28,부산지식산업센터,517320000
5291003000,사하구3,11,장림두산위브아파트,517330000
5200139000,139,8,동해선일광역광장,517340000
5200203000,203,21,래미안포레스티지 1단지,517350000
5200203000,203,13,래미안포레스티지 1단지,517360000
5290301000,동구1,23,광명사입구,517370000
5290301100,동구1-1,41,광명사입구,517370000
5290301100,동구1-1,15,대양산업·하버시티,517380000
5290607000,동래구7,46,롯데백화점동래점,517390000
5291303000,연제구3,28,거제여중입구,517400000
5200122000,122,51,"대저중앙초등학교,가락중학교",517410000
5200122000,122,30,"대저중앙초등학교,가락중학교",517420000
5200061000,61,62,감천2동삼거리,517430000
5200061000,61,74,감천2동삼거리,517440000
5200061000,61,64,감천문화마을.부산교육역사관,517490000
5200061000,61,72,감천문화마을.부산교육역사관,517500000
5200122000,122,34,강서경찰서,517530000
5200122000,122,47,강서경찰서,517540000
5200122000,122,27,남광정밀,517570000
5200122000,122,54,남광정밀,517580000
5200061000,61,65,대성사,517590000
5200061000,61,71,대성사,517600000
5200122000,122,48,에코델타시티입구,517610000
5200122000,122,33,에코델타시티입구,517620000
5200122000,122,24,득천,517630000
5200122000,122,58,득천,517640000
5200122000,122,22,득천사거리,517650000
5200122000,122,26,상곡,517660000
5200122000,122,55,상곡,517670000
5200122000,122,23,상곡정미소,517680000
5200122000,122,56,상곡정미소,517690000
5200122000,122,28,중곡,517700000
5200122000,122,53,중곡,517710000
5200122000,122,31,한양수자인,517740000
5200122000,122,50,한양수자인,517750000
5200122000,122,25,현대슈퍼,517760000
5200122000,122,57,현대슈퍼,517770000
5200122000,122,49,호반써밋,517780000
5200122000,122,32,호반써밋,517790000
5291003000,사하구3,5,장림역,517800000
5291003000,사하구3,1,구평자유아파트,517810000
5291003000,사하구3,43,한신휴플러스아파트,517820000
5291003000,사하구3,2,대동중고등학교 정문,517830000
5291003000,사하구3,42,대동중고등학교 입구,517840000
5291003000,사하구3,3,대동중고등학교 입구,517850000
5291416000,강서구16,29,송정,517860000
5291416000,강서구16,6,송정,517870000
5291416000,강서구16,28,성고개,517880000
5291416000,강서구16,7,성고개,517890000
5291416000,강서구16,27,산양마을,517900000
5291416000,강서구16,8,산양마을,517910000
5291409000,강서구9,5,신호사암파크골프장,517920000
5200179000,179,58,부산콘서트홀,517930000
5200506000,506,35,부산콘서트홀,517930000
5200109000,109,31,명지시장,517940000
5290202200,서구2-2,21,남포동,517970000
5290202200,서구2-2,34,남포동,517980000
5290202200,서구2-2,22,남포역.옛시청교차로,517990000
5290202200,서구2-2,33,남포역.옛시청교차로,518000000
5290202200,서구2-2,23,부산데파트,518010000
5290202200,서구2-2,32,부산데파트,518020000
5290202200,서구2-2,27,부산역,518030000
5290202200,서구2-2,28,부산역,518040000
5291001100,사하구1-1,2,세리골입구,518050000
5290202200,서구2-2,26,영주동,518060000
5290202200,서구2-2,29,영주동,518070000
5290202200,서구2-2,20,자갈치역.비프광장,518080000
5290202200,서구2-2,35,자갈치역.비프광장,518090000
5291001100,사하구1-1,1,정원사 참누리아파트,518100000
5290202200,서구2-2,31,중앙역.부산우체국,518110000
5290202200,서구2-2,24,중앙역.부산우체국,518120000
5290202200,서구2-2,25,중앙역.중부소방서,518130000
5290202200,서구2-2,30,중부소방서,518140000
5291001100,사하구1-1,3,협진신태양아파트,518150000
5203005000,3005,40,서부시외버스터미널.사상역,518160000
5200010000,10,120,부산의료원정문,518170000
5200033100,33-1,96,부산의료원정문,518170000
5200054000,54,41,부산의료원정문,518170000
5200083100,83-1,66,부산의료원정문,518170000
5200111100,111-1,85,부산의료원정문,518170000
5200210000,210,107,부산의료원정문,518170000
5290702000,남구2,42,대연파크푸르지오,518180000
5290706000,남구6,20,대연파크푸르지오,518180000
5291407000,강서구7,62,화진피에프,518190000
5291412100,강서구12-1,14,화진피에프,518190000
5291407000,강서구7,11,화진피에프,518200000
5291412100,강서구12-1,51,화진피에프,518200000
5291102100,금정구2-1,6,구 신천교 앞,518210000
5291003000,사하구3,44,구평자유아파트,518220000
5291102100,금정구2-1,20,금정구민운동장입구,518230000
5291102100,금정구2-1,5,금정구민운동장입구,518240000
5291102100,금정구2-1,9,웰빙주말농장 입구,518250000
5291102100,금정구2-1,17,웰빙주말농장 입구,518260000
5291001100,사하구1-1,62,정원사 참누리아파트,518270000
5291408000,강서구8,5,대저중앙초.가락중,518280000
5291408100,강서구8-1,5,대저중앙초.가락중,518280000
5291415000,강서구15,29,대저중앙초.가락중,518280000
5291415100,강서구15-1,5,대저중앙초.가락중,518280000
5291408000,강서구8,66,대저중앙초.가락중,518290000
5291408100,강서구8-1,48,대저중앙초.가락중,518290000
5291415000,강서구15,58,대저중앙초.가락중,518290000
5291415100,강서구15-1,26,대저중앙초.가락중,518290000
5291408000,강서구8,4,"에코델타이편한세상,푸르지오",518300000
5291408100,강서구8-1,4,"에코델타이편한세상,푸르지오",518300000
5291415000,강서구15,28,"에코델타이편한세상,푸르지오",518300000
5291415100,강서구15-1,4,"에코델타이편한세상,푸르지오",518300000
5291408000,강서구8,67,"에코델타이편한세상,푸르지오",518310000
5291408100,강서구8-1,49,"에코델타이편한세상,푸르지오",518310000
5291415000,강서구15,59,"에코델타이편한세상,푸르지오",518310000
5291415100,강서구15-1,27,"에코델타이편한세상,푸르지오",518310000
5291003000,사하구3,22,삼경아파트정문,518320000
5291003000,사하구3,36,삼경아파트정문,518330000
5291003200,사하구3-2,13,신장림역하나병원,518340000
5200067000,67,50,상수도사상가압장,518350000
5200108000,108,54,상수도사상가압장,518350000
5200123000,123,65,상수도사상가압장,518350000
5200123000,123,68,상수도사상가압장,518360000
5200171000,171,32,신평시장,518370000
5203001000,3001,46,신평시장,518370000
5200122000,122,52,"에코델타e편한세상,푸르지오",518380000
5200122000,122,29,"에코델타e편한세상,푸르지오",518390000
5200038100,38-1,50,부산진초등학교,518420000
5200038100,38-1,1,조선통신사역사관,518430000
5200038100,38-1,55,조선통신사역사관,518430000
5200099000,99,34,조선통신사역사관,518430000
5200101000,101,39,문현여자고등학교,518440000
5200138000,138,54,문현여자고등학교,518440000
5200101000,101,74,문현여자고등학교,518450000
5200138000,138,84,문현여자고등학교,518450000
5200059000,59,85,범천2동주민센터.견우공원,518460000
5200061000,61,107,범천2동주민센터.견우공원,518460000
5200085000,85,32,범천2동주민센터.견우공원,518460000
5200186000,186,53,범천2동주민센터.견우공원,518460000
5200059000,59,51,범천2동주민센터.견우공원,518470000
5200061000,61,27,범천2동주민센터.견우공원,518470000
5200085000,85,54,범천2동주민센터.견우공원,518470000
5200186000,186,91,범천2동주민센터.견우공원,518470000
5200029000,29,75,안창삼거리,518480000
5200134000,134,64,토성역.아미동입구,518490000
5200190000,190,78,토성역.아미동입구,518490000
5291103100,금정구3-1,37,함께하는교회,518500000
5291106000,금정구6,69,회동동(반여동 방면),518510000
5291003100,사하구3-1,10,다대대우아파트,518520000
5291003100,사하구3-1,59,다대대우아파트,518530000
5291003100,사하구3-1,61,다선중학교,518550000
5291003100,사하구3-1,60,중현초등학교,518560000
5291003100,사하구3-1,9,중현초등학교,518570000
5200105000,105,30,건설안전시험사업소,518580000
5200184000,184,48,건설안전시험사업소,518580000
5200105000,105,65,회동석대산단,518590000
5200184000,184,29,회동석대산단,518590000
5200105000,105,31,회동석대산단,518600000
5200184000,184,49,회동석대산단,518600000
5290901000,해운대구1,15,그린파크아파트,518610000
5290901000,해운대구1,40,그린파크아파트,518610000
5290901000,해운대구1,8,그린파크아파트입구,518620000
5290901000,해운대구1,33,그린파크아파트입구,518620000
5290901000,해운대구1,21,더샵센텀그린,518630000
5290901000,해운대구1,4,반산초등학교,518640000
5290901000,해운대구1,5,반여2동,518650000
5290901000,해운대구1,30,반여2동,518650000
5290901000,해운대구1,18,반여2동,518660000
5290901000,해운대구1,43,반여2동,518660000
5290901000,해운대구1,16,반여3동,518670000
5290901000,해운대구1,41,반여3동,518670000
5290901000,해운대구1,7,반여3동,518680000
5290901000,해운대구1,32,반여3동,518680000
5290901000,해운대구1,13,반여3동 전통시장입구,518690000
5290901000,해운대구1,38,반여3동 전통시장입구,518690000
5290901000,해운대구1,14,반여3동 행정복지센터,518700000
5290901000,해운대구1,39,반여3동 행정복지센터,518700000
5290901000,해운대구1,9,반여도서관,518710000
5290901000,해운대구1,34,반여도서관,518710000
5290901000,해운대구1,19,반여시장,518720000
5290901000,해운대구1,20,반여시장입구,518730000
5290901000,해운대구1,12,부산환경체험교육관,518740000
5290901000,해운대구1,37,부산환경체험교육관,518740000
5290901000,해운대구1,6,수협장산지점,518750000
5290901000,해운대구1,31,수협장산지점,518750000
5290901000,해운대구1,17,수협장산지점,518760000
5290901000,해운대구1,42,수협장산지점,518760000
5290901000,해운대구1,26,해운대구건강생활지원센터,518770000
5290903000,해운대구3,31,해운대구건강생활지원센터,518770000
5290901000,해운대구1,22,해운대구건강생활지원센터,518780000
5290901000,해운대구1,23,재송삼익아파트,518790000
5290901000,해운대구1,10,초록공원입구,518800000
5290901000,해운대구1,35,초록공원입구,518800000
5290901000,해운대구1,11,현대아파트,518810000
5290901000,해운대구1,36,현대아파트,518810000
5200088000,88,60,백양산 서희스타힐스,518820000
5290607000,동래구7,3,동래3차SK뷰정문,518830000
5290607000,동래구7,2,동래3차SK뷰후문,518840000
5291105000,금정구5,17,김민정갤러리,518860000
5291107000,금정구7,10,생활과학관,518870000
5291003100,사하구3-1,58,다대포해수욕장역,518880000
5291501100,사상구1-1,26,모라벽산아파트 관리사무소,518890000
5291106000,금정구6,70,부산예원고등학교(반여동방향),518900000
5201004000,1004,30,모라주공3.4단지,518910000
5290507000,부산진구7,2,동의고등학교,518920000
5290507000,부산진구7,1,동의과학대학교,518930000
5291102100,금정구2-1,24,범어사역,518940000
5200100000,100,121,오시리아관광단지 입구,518950000
5200181000,181,108,오시리아관광단지 입구,518950000
5200185000,185,66,오시리아관광단지 입구,518950000
5200100000,100,10,오시리아관광단지 입구,518960000
5200181000,181,46,오시리아관광단지 입구,518960000
5200185000,185,9,오시리아관광단지 입구,518960000
5291408000,강서구8,69,강서초등학교,518970000
5291408100,강서구8-1,51,강서초등학교,518970000
5291415000,강서구15,61,강서초등학교,518970000
5291415100,강서구15-1,29,강서초등학교,518970000
5291408000,강서구8,2,강서초등학교,518980000
5291408100,강서구8-1,2,강서초등학교,518980000
5291415000,강서구15,26,강서초등학교,518980000
5291415100,강서구15-1,2,강서초등학교,518980000
5291408000,강서구8,68,에코델타더베르힐.중흥,518990000
5291408100,강서구8-1,50,에코델타더베르힐.중흥,518990000
5291415000,강서구15,60,에코델타더베르힐.중흥,518990000
5291415100,강서구15-1,28,에코델타더베르힐.중흥,518990000
5291408000,강서구8,3,에코델타더베르힐.중흥,519000000
5291408100,강서구8-1,3,에코델타더베르힐.중흥,519000000
5291415000,강서구15,27,에코델타더베르힐.중흥,519000000
5291415100,강서구15-1,3,에코델타더베르힐.중흥,519000000
5291415000,강서구15,25,에코델타푸르지오.더베르힐,519010000
5291415000,강서구15,62,에코델타푸르지오.더베르힐,519020000
5200061000,61,73,구감,519030000
5200061000,61,63,구감,519040000
5200088000,88,61,용사촌입구,519050000
5290902000,해운대구2,49,블루라인파크,519060000
5290907000,해운대구7,51,블루라인파크,519060000
5290902000,해운대구2,2,블루라인파크,519070000
5290907000,해운대구7,2,블루라인파크,519070000
5290806000,북구6,32,구포역,519080000
5200106000,106,34,해운대장애인근로사업장,519090000
5200107000,107,37,해운대장애인근로사업장,519090000
5200106000,106,76,해운대장애인근로사업장,519100000
5200107000,107,78,해운대장애인근로사업장,519100000
5290603000,동래구3,18,동래전화국,519110000
5200006000,6,37,남항동,519120000
5291505100,사상구5-1,4,동남여객,519130000
5291505100,사상구5-1,6,동남여객,519140000
5200067000,67,2,개금아파트,519150000
5200167000,167,2,개금아파트,519150000
5200122000,122,20,덕포마을,519160000
5200122000,122,61,덕포마을,519170000
5291302000,연제구2,48,물만골역,519180000
5290903200,해운대구3-2,6,센텀IS타워,519190000
5200126000,126,106,삼덕초등학교,519200000
5200126000,126,33,삼덕초등학교,519210000
5291408000,강서구8,70,디에트르더퍼스트,519220000
5291408100,강서구8-1,52,디에트르더퍼스트,519220000
5291415100,강서구15-1,30,디에트르더퍼스트,519220000
5291408000,강서구8,1,디에트르더퍼스트,519230000
5291408100,강서구8-1,1,디에트르더퍼스트,519230000
5291415100,강서구15-1,1,디에트르더퍼스트,519230000
5200101000,101,47,유엔교차로,519260000
5200101000,101,66,유엔교차로,519270000
5200009000,9,42,팽나무공원,519280000
5200009000,9,63,팽나무공원,519290000