locallow_nm,노드ID,정류소명
부산진구,163900101,연학초등학교
부산진구,163910301,삼광사
부산진구,163930101,초읍초등학교
부산진구,163950101,초읍우신아파트
부산진구,163950201,초읍초등학교
부산진구,163960201,창신아파트
부산진구,163970101,원당골
부산진구,163970102,초읍대우아파트
부산진구,163970103,초읍중학교
부산진구,163980101,동의대학교도서관
부산진구,163980102,동의대학교본관
부산진구,163980103,동의대학교입구
부산진구,163980104,동의대학교자연대학
부산진구,164000201,양정역4번출구
부산진구,164000202,파리바게뜨
부산진구,164000501,백조아파트
연제구,164010101,하마정
부산진구,164010201,백조아파트
부산진구,164010301,하마정
부산진구,164010401,하마정
부산진구,164020101,세정고·양정119안전센터
부산진구,164030101,양정현대아파트
부산진구,164030301,정묘사
부산진구,164030302,화인아파트
부산진구,164040101,화인아파트
부산진구,164040102,정묘사
부산진구,164040103,화인아파트
부산진구,164040201,부산시민공원
부산진구,164080101,양정자이더샵SK뷰
부산진구,164080201,부산진여자고등학교
부산진구,164080301,동의의료원사거리
부산진구,164080302,양정성당
부산진구,164090201,범내골역.상공회의소
부산진구,164090202,범내골역.상공회의소
부산진구,164090401,범내골역
부산진구,164090501,범내골역
부산진구,164100302,범내골역
부산진구,164160301,지오플레이스
부산진구,164170201,부전역
부산진구,164170301,전포초등학교
부산진구,164170501,부전역
부산진구,164170502,부전시장
부산진구,164190101,양정대원칸타빌
부산진구,164190102,대원칸타빌아파트
동구,164200201,자유.평화시장
동구,164200202,범일역
동구,164220202,좋은문화병원
부산진구,164240201,성북초등학교
부산진구,164240202,성북초등학교
남구,164240301,문전교차로
남구,164240302,국제금융센터.부산은행역
부산진구,164240401,지오플레이스
부산진구,164260501,경남공고
부산진구,164270101,경남공고(전포역)
부산진구,164280101,부산은행(전포역)
부산진구,164280102,전포1동주민센터
부산진구,164280201,경남공고(전포역)
부산진구,164280301,부전도서관
부산진구,164280401,전포사거리
부산진구,164290102,동성고등학교
부산진구,164290103,부산진여자중학교
부산진구,164290301,부산마케팅고등학교
부산진구,164290302,부산마케팅고등학교
부산진구,164290401,성북초등학교
부산진구,164290402,성북초등학교
부산진구,164290501,지오플레이스
부산진구,164300201,경남공고
부산진구,164300202,경남공업고등학교
부산진구,164300401,부전도서관
부산진구,164310101,동성고교
부산진구,164310102,동성고등학교
부산진구,164310103,부산진여자중학교
부산진구,164310202,전포1동주민센터
부산진구,164320101,전포카페거리
부산진구,164320201,전포사거리
부산진구,164320301,부산진소방서
부산진구,164320302,(구)NC서면점
부산진구,164320303,전포사거리
부산진구,164330101,부산진여자중학교
부산진구,164340101,NC서면점
부산진구,164340102,(구)NC서면점
부산진구,164340201,부전도서관
부산진구,164340401,전포초등학교
부산진구,164340402,전포초등학교
부산진구,164340403,전포초등학교
부산진구,164350201,전포어린이놀이터
부산진구,164350202,전포어린이놀이터
부산진구,164350401,전포초등학교
부산진구,164360101,부전시장
부산진구,164360102,동해선부전역
부산진구,164360201,부전시장입구
부산진구,164360202,국민은행
부산진구,164360203,부전시장
부산진구,164360401,부전시장
부산진구,164370101,부산시민공원
부산진구,164370201,부전역
부산진구,164390201,양정대원칸타빌
부산진구,164390202,대원칸타빌아파트
부산진구,164390401,현대아파트209동
부산진구,164390402,현대아파트213동
부산진구,164400201,전포카페거리
부산진구,164400302,전포어린이놀이터
부산진구,164420501,부전시장입구
부산진구,164450101,서면부속상가
부산진구,164460102,(구)양정육교
부산진구,164460103,양정역
부산진구,164490301,롯데캐슬
부산진구,164520103,쥬디스태화
부산진구,164530101,부산여자대학교정문
부산진구,164530102,성모여자고등학교
부산진구,164530501,동의과학대사거리
부산진구,164530502,양정하이츠아파트
부산진구,164540102,양정성당
부산진구,164540201,양정성당
부산진구,164540202,부산진여자상업고등학교
부산진구,164550101,동의의료원
부산진구,164550201,부산진여자고등학교
부산진구,164550202,양정자이더샵SK뷰2.3단지
부산진구,164560101,전포고개
부산진구,164560103,전포고개
부산진구,164560104,전포삼거리
부산진구,164560201,부산마케팅고등학교
부산진구,164560202,부산마케팅고등학교
부산진구,164570101,전포삼거리
부산진구,164570102,전포아파트
부산진구,164570103,전포아파트
남구,164570201,문현현대2차아파트
부산진구,164570202,전포보람어린이집
부산진구,164570203,남부산교회
부산진구,164570301,전포삼거리
부산진구,164570302,전포고개
부산진구,164570303,전포고개
부산진구,164570304,전포삼거리
부산진구,164580201,전포아파트
부산진구,164580202,전포아파트
부산진구,164580301,파티마의원
부산진구,164580401,파티마의원
부산진구,164580402,협성아파트
부산진구,164600201,부전시장입구
부산진구,164600202,영광도서
부산진구,164620301,네오스포
부산진구,164620303,부암역.부산도시공사
부산진구,164630302,서면역.롯데호텔백화점
부산진구,164630304,롯데호텔백화점.서면역
부산진구,164640301,서면시장
부산진구,164650201,서면복개로
부산진구,164650301,롯데호텔백화점.서면역
부산진구,164670201,"서면,광무교"
부산진구,164670202,서면유림노르웨이숲
부산진구,164670301,부산진초등학교
부산진구,164670501,부산진초등학교
부산진구,164670502,서면1번가
부산진구,164680201,서면역
부산진구,164690101,부산진초등학교
부산진구,164690201,경남아파트
부산진구,164690301,신암
부산진구,164690302,CBS방송국
부산진구,164700401,부산진구청후문
부산진구,164710101,서면역.롯데호텔백화점
부산진구,164710401,부산진경찰서
연제구,164720101,부산시청.시청역
부산진구,164730201,더샵센트럴스타
부산진구,164770201,양정자이더샵SK뷰2.3단지
부산진구,164820301,양정역6번출구
부산진구,164920101,한신아파트
부산진구,164920102,새마을금고
부산진구,164920201,롯데캐슬스카이
부산진구,164920301,항도중학교
부산진구,164930301,적십자회관
부산진구,164940201,한신아파트
부산진구,164940202,새마을금고
부산진구,164960202,천지탕
부산진구,164970202,천지탕
부산진구,165020201,만호빌라
부산진구,165020202,기와집
부산진구,165040201,영화약국
부산진구,165060201,파티마의원
부산진구,165090301,파티마의원
부산진구,165090302,협성아파트
부산진구,165090402,전홍빌라
부산진구,165090403,대동아파트
부산진구,165120201,양정사진관
부산진구,165130101,동의과학대학교
부산진구,165130201,성모여자고등학교
부산진구,165190101,동의의료원
부산진구,165220201,양정역
부산진구,165240101,동평유치원
부산진구,165240201,부암3동행정복지센터
부산진구,165240301,협성피닉스
부산진구,165250301,부암3동행정복지센터
부산진구,165260101,진성아파트
부산진구,165260201,벽산아파트
부산진구,165270101,기점
부산진구,165270201,개성고등학교
부산진구,165270202,당감백산아파트
부산진구,165290101,기점
동래구,165330101,만덕터널입구
동래구,165330102,개별화물협회
동래구,165350101,온천장역.CGV동래
동래구,165350201,온천장역.SK허브스카이
금정구,165350301,식물원입구
금정구,165350302,온천시장(목욕타운)
동래구,165390401,온천입구
동래구,165390403,동래구노인복지관
동래구,165390404,동래구노인복지관
동래구,165390601,온천장입구
동래구,165400101,온천장역.SK허브스카이
동래구,165430302,동래한전
동래구,165440103,부산원동역
동래구,165440201,뜨란채아파트
동래구,165450101,우성아파트
동래구,165450401,복산동행정복지센터
동래구,165450402,복산동행정복지센터
동래구,165450403,현대아파트.명륜아이파크
동래구,165460101,무량사
동래구,165460301,우성아파트
동래구,165500101,롯데백화점동래점.명륜역
동래구,165500201,명륜역
동래구,165500501,롯데백화점동래점.명륜역
동래구,165500502,롯데백화점동래점
금정구,165510101,온천장
동래구,165510201,명륜역
동래구,165530202,(구)수정약국
동래구,165530301,안락2동수협
동래구,165540101,충렬초등학교
동래구,165540201,안락SK2차아파트
해운대구,165540202,센텀SK뷰아파트
동래구,165540203,안락SK현대아파트
동래구,165560201,동래구보훈회관
동래구,165560202,삼성가든아파트
동래구,165560203,새동래3차아파트
동래구,165560301,세병교
동래구,165560401,동래경찰서.수안역
동래구,165560402,동래경찰서
동래구,165590101,충렬사역.서원시장
동래구,165600202,낙민역.동래고등학교
동래구,165610101,동래시장정문
동래구,165610102,동래구청
동래구,165620201,서원시장
동래구,165620401,충렬사후문
동래구,165630102,금강공원
동래구,165630103,온천119안전센터
동래구,165630104,해양자연사박물관
동래구,165640301,화신아파트
동래구,165640401,부전교회
동래구,165640402,부전교회
연제구,165650201,부전교회
동래구,165670101,조양아파트
동래구,165670201,국제파크아파트
동래구,165670202,조양아파트
동래구,165680301,코끼리자연어린이집
동래구,165680302,학산여자고등학교
동래구,165680401,명장초등학교
동래구,165680501,코끼리자연어린이집
동래구,165680502,학산여자고등학교
동래구,165720201,명륜초등학교.동래향교
동래구,165720501,명륜교차로.명륜자이아파트
동래구,165730101,동래전화국
동래구,165730102,동래전화국
동래구,165730103,동래전화국
동래구,165740201,동래경찰서
동래구,165740202,동래경찰서
동래구,165750301,동래전화국
동래구,165760201,명륜역.동래중학교
동래구,165760202,동래중학교
동래구,165760301,동래구보건소
동래구,165760302,동래중학교
동래구,165770101,중앙여자고등학교
동래구,165770102,동래역2번출구
동래구,165770103,동래역4번출구
동래구,165770301,동래구보건소
동래구,165770302,동래중학교
동래구,165780301,동래역.내성교차로
동래구,165780302,동래역.내성교차로
동래구,165780303,동래역환승센터
동래구,165790301,동래역4번출구
동래구,165790302,중앙여자고등학교
동래구,165800101,달북초등학교
동래구,165800102,사직초등학교앞교차로
동래구,165800103,사직고등학교
동래구,165800201,사직2동행정복지센터
동래구,165800202,삼익아파트
동래구,165800203,사직2동행정복지센터
동래구,165800204,삼익아파트후문
동래구,165800301,동인고등학교
동래구,165800302,사직초등학교
동래구,165800303,사직여고
동래구,165800304,원광사
동래구,165800305,사직여중
동래구,165800403,사직중학교
동래구,165800404,사직초등학교
동래구,165800405,삼정그린코아아파트
동래구,165810201,사직119안전센터
연제구,165810202,아시아드주경기장
동래구,165810203,사직119안전센터
연제구,165810204,아시아드주경기장
동래구,165810301,사직여중
동래구,165810302,사직여고
동래구,165810303,사직중학교
동래구,165810304,사직초등학교
동래구,165820101,동래구노인복지관
동래구,165820102,동래구노인복지관
동래구,165820103,온천입구
동래구,165820201,동래우체국
동래구,165820202,동래우체국
동래구,165830201,명장정수사업소
동래구,165840301,동남아파트
동래구,165840302,명장2치안센터
금정구,165840303,성지아파트
동래구,165850201,온천장
동래구,165850202,스파쇼핑
동래구,165850401,온천장
동래구,165850402,(구)온천극장
동래구,165860101,금강원입구
동래구,165860102,온천시장
동래구,165860301,금강원입구
동래구,165860302,금강공원입구
동래구,165870101,국제파크아파트
동래구,165870102,조양아파트
동래구,165870103,화목아파트
동래구,165870301,화목아파트
동래구,165880301,충렬사후문
동래구,165900201,서원시장
동래구,165900202,삼성아파트
동래구,165900203,1080안경점
동래구,165900204,삼성아파트
동래구,165900401,서원시장
동래구,165920401,안락경동아파트
동래구,165920402,동부산아이존빌아파트
동래구,165920403,안락경동아파트
동래구,165920501,안남초등학교
동래구,165920502,안남초등학교
동래구,165940201,우장춘기념관
동래구,165940202,우장춘기념관
동래구,165940301,온샘초등학교
동래구,165940401,대동아파트
동래구,165940402,래미안101동
동래구,165940403,래미안104동
동래구,165940404,래미안4단지
동래구,165950101,효자암
동래구,165950102,만덕터널입구
동래구,165950201,대동아파트
동래구,165950202,래미안209동
동래구,165950204,래미안201동
동래구,165950401,화신아파트
동래구,165950402,삼협아파트
동래구,165950403,화신아파트
동래구,165950501,화신아파트
연제구,165960101,화신아파트
동래구,165960201,대선주조
동래구,165960202,부산교육대학교후문
동래구,165960203,화신아파트
동래구,165970301,경보아파트
동래구,165970302,달북초등학교
동래구,165970303,동서산장아파트
동래구,165970304,삼정그린코아포레스트
동래구,165980101,경보아파트
동래구,165980102,달북초등학교
동래구,165980103,미남교
동래구,165980104,삼정그린코아포레스트
동래구,165980201,달북초등학교
동래구,165980202,사직초등학교앞교차로
동래구,165980203,사직고등학교
동래구,165980301,온천중학교
동래구,165990301,온천초등학교
동래구,166000201,롯데백화점동래점
동래구,166000301,롯데백화점동래점남문
동래구,166010201,롯데백화점동래점
동래구,166010301,원예고등학교
동래구,166010302,우장춘기념관
동래구,166010303,유락여자중학교
동래구,166020101,유락여자중학교
동래구,166020201,온천초등학교
동래구,166020301,우장춘기념관
동래구,166030101,동래래미안아이파크
동래구,166030201,럭키아파트후문
동래구,166030301,동래래미안아이파크
동래구,166030302,럭키아파트
동래구,166040101,럭키아파트
동래구,166040201,동래럭키아파트
동래구,166040202,광혜병원.미남교차로
동래구,166060201,럭키주유소
동래구,166070203,안락뜨란채삼거리
동래구,166070204,부산원동역
동래구,166100101,세병교
동래구,166110301,명장시장
동래구,166130101,협진태양맨션
동래구,166140201,식물원입구
동래구,166140202,온천시장(목욕타운)
동래구,166140203,경보아파트교차로
금정구,166140301,식물원입구
금정구,166140401,경보아파트교차로
동래구,166150101,식물원입구
동래구,166150301,온천시장
동래구,166150302,온천장
동래구,166160101,온천장역
동래구,166160301,온천장아스타아파트
동래구,166170101,동래역
동래구,166170201,내성중학교
동래구,166180201,내성중학교
동래구,166180401,동래역
동래구,166180402,동래역1번출구
동래구,166220401,동래시장
동래구,166250301,사직역
동래구,166260101,사직운동장
동래구,166260301,사직야구장
동래구,166270201,새마을금고
동래구,166310101,명장2동행정복지센터
동래구,166310401,조양아파트
동래구,166320101,명장정수사업소
동래구,166330101,진흥상가
동래구,166330102,안락초등학교
동래구,166330103,명장1동행정복지센터
동래구,166330201,부산은행
동래구,166330202,안락병원
동래구,166330401,1080안경점
동래구,166330402,삼성아파트
동래구,166340201,충렬주유소
동래구,166350201,동래구청
동래구,166350501,동래구청
동래구,166350502,구 부산지방기상청
동래구,166360301,안락교차로
동래구,166360302,벽산아파트
동래구,166360401,안락교차로
동래구,166390301,안락동우체국.동해선안락역
동래구,166390302,안락동우체국.동해선안락역
동래구,166400101,안락동우체국.동해선안락역
동래구,166400102,안락동우체국.동해선안락역
동래구,166410201,동부산아이존빌아파트
동래구,166410202,안락경동아파트
동래구,166410203,동부산아이존빌아파트
동래구,166410204,안락경동아파트
동래구,166410301,강변뜨란채입구
동래구,166410302,온천천카페거리
동래구,166420101,강변뜨란채아파트
동래구,166420201,온천천카페거리
동래구,166420302,강변뜨란채아파트
동래구,166420303,한성기린아파트
동래구,166430201,동래봉생병원
동래구,166440101,동래봉생병원
동래구,166450101,우성아파트
동래구,166450301,우성아파트
동래구,166460101,강변뜨란채아파트
동래구,166460102,강변뜨란채아파트
동래구,166460103,한성기린아파트
동래구,166460201,안진초등학교
동래구,166460301,벽산한신아파트
동래구,166460302,안민초등학교
동래구,166460303,중앙하이츠아파트
동래구,166480101,온천장
동래구,166480102,온천예식장
동래구,166490201,명장조양맨션(명장역)
동래구,166490202,명장1치안센터
동래구,166500301,명장조양맨션(명장역)
동래구,166510101,명장1동행정복지센터
동래구,166510102,명장시장
동래구,166510103,명장1동새마을금고
동래구,166510104,명장시장
동래구,166510201,명장1동행정복지센터
동래구,166510202,안락초등학교
동래구,166510203,진흥상가
동래구,166510301,명장1치안센터
동래구,166520101,충렬초등학교
동래구,166520301,혜화여고.충렬고
동래구,166540101,한우크로바아파트
동래구,166540102,한우크로바아파트
동래구,166550301,부산은행
동래구,166550302,안락병원
동래구,166560301,명장조양맨션(명장역)
동래구,166570101,명장조양맨션(명장역)
동래구,166580101,벽산한신아파트
동래구,166580102,안민초등학교
동래구,166580103,중앙하이츠아파트
동래구,166590203,낙민역.동래고등학교
동래구,166600101,삼익아파트정문
동래구,166600201,국민시장
동래구,166600201,국민시장
동래구,166600301,삼익아파트
동래구,166600302,삼익아파트후문
동래구,166610101,사직사거리
동래구,166610201,사직사거리
동래구,166610202,사직야구장
동래구,166610301,사직사거리
동래구,166610401,사직사거리
동래구,166620101,쌍용예가입구
동래구,166620201,쌍용예가입구
동래구,166630301,동래역
동래구,166640101,금강초등학교
동래구,166640102,금강초등학교
동래구,166640201,사직역
동래구,166640301,사직1동행정복지센터
동래구,166650201,사직야구장
동래구,166660101,여명중학교
동래구,166660301,사직운동장
동래구,166660303,사직운동장
동래구,166680101,화신아파트
동래구,166700301,사직동교회
동래구,166700302,사직시장
동래구,166720401,화신아파트
동래구,166720501,화신아파트
동래구,166730101,온샘초등학교
동래구,166760401,미남교차로.미남역
동래구,166760402,미남역
동래구,166770301,미남역.반도스카이뷰
동래구,166780101,미남역.반도스카이뷰
동래구,166780103,미남역
동래구,166780202,반도보라스카이뷰
동래구,166780203,사직성당
동래구,166780301,반도보라스카이뷰
동래구,166790201,사직성당
동래구,166790202,금강시장
동래구,166790301,반도보라스카이뷰
동래구,166800301,미남역11번출구
동래구,166810301,미남교차로.미남역
동래구,166820101,온천중학교
동래구,166820201,달북마을
동래구,166830101,백제약국
동래구,166830201,사직동
동래구,166830401,사직성당
동래구,166830402,금강시장
동래구,166830403,사직성당
동래구,166840201,동래3차SK뷰
동래구,166840202,동래3차SK뷰
동래구,166840301,온천프라자
동래구,166850101,사직운동장
동래구,166850102,사직운동장
동래구,166880201,동래한전
동래구,166890201,사직실내수영장
동래구,166900101,광혜병원.미남역
동래구,166950201,동래한전
동래구,167000101,안락2동행정복지센터
동래구,167020101,뜨란채아파트
동래구,167020201,안락중학교후문
동래구,167020301,안남초등학교
동래구,167020302,안남초등학교
동래구,167030101,안락뜨란채아파트205동
동래구,167030301,안락중학교후문
동래구,167040301,안락뜨란채아파트205동
동래구,167080101,동래시장
동래구,167140101,동래우체국
동래구,167140102,명륜초등학교
동래구,167150201,현대아파트.명륜아이파크
동래구,167150202,복산동행정복지센터
동래구,167150301,명륜초등학교.동래향교
동래구,167190201,협진아파트
동래구,167200201,명장2동행정복지센터
동래구,167210101,학산여자고등학교
동래구,167240101,동래교육청후문
동래구,167240102,동호탕
동래구,167240103,한국상사
동래구,167240301,동래시장
동래구,167300101,사직야구장
동래구,167300102,사직야구장
동래구,167310101,동래전화국
동래구,167320101,동래구청
동래구,167330201,대동병원
동래구,167360101,명륜자이아파트
동래구,167360102,명륜교차로.명륜자이아파트
동래구,167360301,동래중학교
동래구,167360302,명륜역입구
동래구,167380101,남일중학교
동래구,167390101,남일중학교
동래구,167430101,메가마트동래점후문
동래구,167450201,메가마트동래점
동래구,167470101,금정산약수터
동래구,167480101,금정산약수터
동래구,167480201,무량수요양원
동래구,167480202,온천슈퍼
동래구,167480203,원광사
동래구,167480204,진양집
동래구,167490201,금솔장
동래구,167490202,무량수요양원
동래구,167490203,원광사
동래구,167490204,진양집
동래구,167500201,온천슈퍼
동래구,167520101,새들원테니스장
동래구,167540201,새들원테니스장
동래구,167550101,화신아파트
동래구,167570101,달북마을
동래구,167580101,금강초등학교
동래구,167590201,금강초등학교
동래구,167600101,반도보라스카이뷰
동래구,167600201,이편한동래아시아드아파트
동래구,167600301,금강초등학교
동래구,167600302,금강초등학교
동래구,167610201,이편한동래아시아드아파트
동래구,167620101,공영아파트
동래구,167640101,OK슈퍼
동래구,167640201,공영아파트
중구,167660301,부산터널위
중구,167670201,영주신호대
중구,167670202,코모도호텔
중구,167670203,코모도호텔입구
중구,167680101,영주동
중구,167680201,영주동
중구,167710301,제일은행앞
중구,167730101,부산항만공사
중구,167770201,부평시장
중구,167770202,부평시장
중구,167770301,보수사거리
중구,167770401,보수사거리
중구,167780101,보수동책방골목
중구,167780201,보수사거리
중구,167790101,새들맨션
중구,167790201,국제시장
중구,167790202,국제시장
중구,167790203,국제시장
중구,167790204,국제시장.부산근현대역사관
중구,167790401,보수동책방골목
중구,167810401,서구청.충무동
중구,167810404,충무동교차로
중구,167830101,부산디지털고
중구,167830102,청운아파트
중구,167830103,동주파크맨션
중구,167830201,중구종합사회복지관
중구,167830202,중구복지관
중구,167840101,중앙공원.민주공원입구
중구,167840102,시민아파트
중구,167840201,중앙공원.민주공원입구
중구,167840202,동주파크맨션
중구,167840203,청운아파트
중구,167840204,부산디지털고
중구,167840205,대청공원원로의집
중구,167850201,영도대교.남포역
중구,167850202,영도대교.남포역
중구,167870102,광복로
중구,167870103,연안부두
중구,167890101,보수초등학교
서구,167900101,화랑초등학교
서구,167900401,동아대부민캠퍼스
중구,167910101,중구청.메리놀병원
중구,167910102,거북맨션
중구,167910201,중구청.메리놀병원
중구,167910202,코모도호텔
중구,167910301,새들맨션
중구,167920101,부평시장
중구,167920102,부평시장
서구,167920303,서구청
서구,167920305,서구청
중구,167920501,(구)남포주유소
중구,167930101,2부두
중구,167930102,"중부경찰서,연안여객터미널"
중구,167930201,부산세관
중구,167950102,백산기념관.영화체험박물관
중구,167950301,국제시장
중구,167950303,국제시장
중구,167960201,영도대교.남포역
중구,167960202,영도대교.남포역
중구,167960203,영도대교.남포역
동구,167970101,동일파크맨션
중구,167970102,영주삼거리
동구,167970103,화신아파트
중구,167970201,동아아파트
중구,167970202,금호아파트
중구,167970203,부산디지털고
중구,167970301,시민아파트
중구,167970302,중앙공원.민주공원입구
중구,168000101,신동아시장
중구,168000102,신동아시장
중구,168000104,자갈치시장
중구,168000105,자갈치시장
중구,168020101,거북맨션
중구,168020102,중구청.메리놀병원
중구,168020201,부산디지털고
중구,168020202,금호아파트
중구,168020203,동아아파트
중구,168040301,중구노인복지회관
중구,168050201,중구노인복지회관
중구,168070101,한신스포렉스
중구,168080201,한신스포렉스
중구,168090101,남해슈퍼
중구,168100101,남해슈퍼
중구,168100301,산복도로교차로
중구,168110201,보수아파트
중구,168110202,보수어린이집
중구,168110203,중구노인정
중구,168110204,혜광고등학교후문
서구,168120401,중앙공원
중구,168140301,중앙공원
서구,168150201,중앙도서관
서구,168160101,증앙도서관
중구,168170201,서구복지회관
중구,168180101,서구복지회관
중구,168180201,혜광분식
중구,168190101,보수아파트
중구,168190102,보수어린이집
중구,168190103,중구노인정
중구,168190104,혜광고등학교후문
중구,168190201,혜광분식
중구,168250101,중구종합사회복지관
중구,168250102,중구복지관
중구,168250301,보수아파트
서구,168250302,혜광고교
서구,168250303,락서암
서구,168250304,대신여중
서구,168250305,동대신2동
서구,168250306,동대고개
중구,168250401,산복도로교차로
서구,168280101,서대시장
서구,168280301,서대신역.서부경찰서
서구,168290101,서대시장.동대신역
서구,168290302,서대시장.동대신역
서구,168310301,동신초등학교
서구,168310302,동신초등학교
서구,168320201,동대신역
서구,168320202,동대신역
서구,168320301,서대신우체국
서구,168320302,구덕운동장
서구,168320303,구덕운동장(종점)
서구,168320304,구덕운동장
서구,168330101,문화아파트
서구,168330102,문화아파트
서구,168340201,부경고교
서구,168340202,부경고교
서구,168340203,부경고교
서구,168340302,구덕실내체육관
서구,168350101,동아대부민캠퍼스
서구,168350201,동아대부민캠퍼스
서구,168350401,서부교회
서구,168360101,동아대부민캠퍼스
서구,168370101,동대시장
서구,168370201,서부교회
서구,168370202,서부교회
서구,168370301,서대시장.동대신역
서구,168370401,동대신역
서구,168380101,부산대학병원.토성역
서구,168380301,토성동
서구,168380302,토성동
서구,168380303,토성역
서구,168380401,토성역.아미동입구
서구,168380402,부산대학교병원
서구,168380403,아미파출소
서구,168390101,동아대부민캠퍼스
서구,168390201,영락교회
서구,168390301,부산대학병원.토성역
서구,168400101,충무동교차로
서구,168400102,충무시장
서구,168400201,남부민시장입구
서구,168400401,토성동
서구,168400402,부산대학병원.토성역
서구,168400403,토성동
서구,168410101,대청마루
서구,168410102,영산3동아파트
서구,168410103,한국빌라
서구,168410201,동대신2동
서구,168410202,동대고개
서구,168410203,대신여중
서구,168410204,락서암
서구,168410205,혜광고교
중구,168410206,보수아파트
서구,168410301,경남고등학교입구
서구,168420101,송도입구
서구,168420301,고신대학교복음병원
서구,168430101,고신대학교복음병원
서구,168430201,알로이시오의원
서구,168440201,알로이시오의원
사하구,168440401,감천초등학교
사하구,168440402,남성한빛가든
사하구,168440403,감천사거리
서구,168450101,신익아파트
서구,168450102,부산관광고교
서구,168450201,암남동행정복지센터
서구,168460201,충무동해안시장
서구,168460202,충무동해안시장
서구,168460301,충무쇼핑.충무동새벽시장
서구,168460302,공동어시장
서구,168460303,충무동교차로
서구,168460304,대진아파트
서구,168460305,등대시장
서구,168460306,대림아파트
서구,168460401,자갈치역.충무동교차로
서구,168460402,충무동교차로
서구,168460403,충무시장
서구,168470101,동대신3동
서구,168470102,동대신3동
서구,168470201,동신초등학교
서구,168470202,동신초등학교입구
서구,168470203,서여고
서구,168470204,동신초등학교
서구,168470205,서여자고등학교
서구,168470401,동아대병원입구
서구,168470402,동아탕
서구,168480101,초장중학교
서구,168480102,하동상회
서구,168480103,초장동
서구,168480201,아미초등학교
서구,168490101,아미초등학교
서구,168490201,광성사
서구,168490202,산상교회.비석문화마을
서구,168490203,세화어린이집
서구,168490204,아미동공영주차장
서구,168490205,아미청년회
서구,168490206,아미초등학교
서구,168490207,한샘슈퍼
서구,168490208,미화당슈퍼
서구,168490301,아미파출소
서구,168500101,토성역.아미동입구
서구,168500102,부산대학교병원
서구,168500103,아미시장
서구,168500104,토성역
서구,168500201,아미파출소
서구,168500301,아동보호종합센터
서구,168500302,천주교아파트
서구,168500303,아동보호종합센터
서구,168510101,동원냉장
서구,168510301,감천1.2.3부두
서구,168520101,모지포마을
서구,168520102,모지포마을입구
서구,168520201,성진수산
서구,168520301,동원냉장
서구,168530401,영락교회
서구,168540101,신익아파트
서구,168540102,부산관광고교
서구,168540201,남부민동
서구,168540301,남부민2동행정복지센터
서구,168540302,천마우편취급국
서구,168540303,남부민초등학교
서구,168550201,모지포마을입구
서구,168550202,모지포마을
서구,168550301,휴게소
서구,168550302,암남공원
서구,168560101,송도교차로
서구,168560201,송도초등학교
서구,168560202,송도해수욕장
서구,168560203,송도공영주차장
서구,168560204,송도혜성아파트·풍림아이원아파트
서구,168560301,송도입구
서구,168570101,구덕운동장
서구,168570102,구덕야구장
서구,168570301,구덕초등학교
서구,168570501,경남고등학교
서구,168580101,구덕초등학교
서구,168590101,광성사
서구,168590102,대진슈퍼
서구,168590103,산상교회.비석문화마을
서구,168590104,세화어린이집
서구,168590105,아미동공영주차장
서구,168590106,아미청년회
서구,168590107,아미초등학교
서구,168590108,미화당슈퍼
사하구,168590201,감천문화마을.부산교육역사관
사하구,168590202,구감
서구,168590203,아미동감천삼거리
서구,168600101,천주교아파트
서구,168600102,아동보호종합센터
서구,168600103,아동보호종합센터
서구,168600104,천주교아파트
서구,168600201,세신빌라
서구,168600301,까치새길입구
서구,168600302,아름다운교회
서구,168600303,까치고개. 서구아미드림도서관
서구,168610101,삼육부산병원.서대신역
서구,168610102,서대신역
서구,168610201,서대신동
서구,168610202,광민약국.서대신동
서구,168610203,삼육부산병원
서구,168610204,협성아파트
서구,168610301,남성한빛.대신더샵
서구,168610302,대신롯데캐슬아파트
서구,168610303,협성아파트
서구,168620101,서대신역.서대신교차로
서구,168620102,부경고교
서구,168620103,서대신역
서구,168620104,부경고등학교
서구,168620201,서대신역.서부경찰서
서구,168620302,서대신교차로.서대신역
서구,168620401,삼육부산병원
서구,168630201,알로이시오초등학교
서구,168640301,해강노인관
서구,168640302,남부민동경로당
서구,168640303,동천아파트
서구,168640304,대원사
서구,168640305,초장동
서구,168660201,민방위교육장
서구,168670101,부산터널입구
서구,168670201,화랑초등학교
서구,168670302,동대신시장
서구,168670303,부산은행
서구,168680101,민들레맨션
서구,168680102,자유아파트
서구,168680201,대티배수지
서구,168680202,부민석유
서구,168680203,부민e편한세상아파트
서구,168680204,산월경로당
서구,168680205,연성아파트
서구,168680206,대신푸르지오
서구,168680207,청송슈퍼
서구,168680208,한일공업사
서구,168720201,남부민시장입구
서구,168730201,남부민초등학교
서구,168730202,천마우편취급국
서구,168730203,남부민2동행정복지센터
서구,168750201,대원사
서구,168750202,동천아파트
서구,168750203,남부민동경로당
서구,168750204,해강노인관
서구,168750205,남부민동
서구,168750301,초장중학교
서구,168750302,하동상회
서구,168760101,서대신동
서구,168760102,광민약국.서대신동
서구,168760103,삼육부산병원
서구,168760201,민들레맨션
서구,168760202,자유아파트
서구,168770301,민방위교육장
서구,168770401,대신롯데캐슬아파트
서구,168770402,민방위교육장
서구,168770403,효목빌라
서구,168780101,대신중학교
서구,168780102,경성전자고등학교
서구,168780103,구덕운동장
서구,168780301,서부교육청
서구,168780302,서대신금호아파트(종점)
서구,168780303,경성전자고등학교
서구,168780304,금호아파트
서구,168780305,남성한빛.대신더샵
서구,168790201,동아대학교병원
서구,168790301,동아대학교구덕캠퍼스
서구,168800101,아미파출소
서구,168800201,부산서교회
서구,168810101,대티배수지
서구,168810102,부민석유
서구,168810103,부민e편한세상아파트
서구,168810104,산월경로당
서구,168810105,연성아파트
서구,168810106,대신푸르지오
서구,168810107,청송슈퍼
서구,168810108,한일공업사
서구,168810301,부산서교회
서구,168820301,서여고
서구,168830101,구덕꽃마을
서구,168840101,구덕꽃마을
서구,168850101,성진수산
서구,168850201,부산국제수산물도매시장
서구,168870201,마리아수녀회
서구,168950101,동아대학교병원
서구,168950201,경남고등학교입구
서구,168950301,동대신3동
서구,168950302,동대신3동
서구,168960201,대청마루
서구,168960202,영산3동아파트
서구,168960203,한국빌라
동구,169030401,초량역3번출구
동구,169040201,인창병원
동구,169040301,경남여중
동구,169050101,인창병원
동구,169060301,부산고교
동구,169070201,이편한세상부산항.(구)성분도병원
동구,169070302,부산고교
동구,169100203,부산역
동구,169100301,국민은행
동구,169110101,인창병원
동구,169130201,부산역.초량시장입구
동구,169140301,초량시장입구
동구,169150205,부산진역.해양수산부
동구,169170101,부산서중학교
동구,169170201,아르미나아파트
동구,169170202,부산서중학교
동구,169170301,초량6동
동구,169170302,부산컴퓨터과학고교
동구,169170303,금수사
동구,169180201,부산서중학교
동구,169180301,부산서중학교
동구,169180302,부산서중학교
동구,169190101,수정초등학교
동구,169190102,수정초등학교
동구,169190301,수정5동
동구,169190302,수정5동
동구,169190303,수정성당
동구,169200101,수성초등학교
동구,169200102,수정삼거리
동구,169200301,동여중
동구,169200302,수정산가족체육공원입구
동구,169210101,서광교회
동구,169210102,아름빌아파트
동구,169210103,아름빌아파트
동구,169210201,나웅하이빌
동구,169210202,범일초등학교입구
동구,169210301,범일초등학교
동구,169220101,문화아파트
동구,169220102,금성고등학교
동구,169220103,좌이경로당
동구,169220201,나웅하이빌
동구,169220202,범일초등학교입구
동구,169230101,하승빌라
동구,169230201,수정5동
동구,169230202,수정성당입구
동구,169230203,수정5동
동구,169230204,수정성당
동구,169230301,수정삼거리
동구,169230302,수정삼거리
동구,169240101,좌이경로당
동구,169240102,금성고등학교
동구,169240103,문화아파트
동구,169240201,하승빌라
동구,169250201,수정삼거리
동구,169250202,수정삼거리
동구,169250301,수정삼거리
동구,169250302,수성초등학교
동구,169270101,부산역후문
중구,169270201,2부두
중구,169270202,"중부경찰서,연안여객터미널"
동구,169300101,부산범천교회
동구,169300102,범천교회
동구,169300301,아름빌아파트
동구,169300302,서광교회
동구,169300303,아름빌아파트
동구,169300304,서광교회
동구,169310101,금수사
동구,169310102,부산컴퓨터과학고교
동구,169310103,초량6동
동구,169310201,초량어린이집
동구,169310202,초량6동행정복지센터
동구,169310203,(구)해룡약국
동구,169310204,부산고교
동구,169310301,화신아파트
동구,169310302,동일파크맨션
중구,169310303,영주삼거리
동구,169320101,4부두
동구,169330202,부산역후문
동구,169340201,4부두
동구,169350101,부두119안전센터
동구,169360301,부두119안전센터
동구,169390101,좌천동가구거리(좌천역)
동구,169410102,서광교회
동구,169410201,범일초등학교
동구,169410203,성북고개
동구,169410301,범일초등학교
동구,169410302,삼화약국
동구,169410303,(구)범곡새마을금고
동구,169410304,(구)삼화약국
동구,169410305,덕산탕
부산진구,169420101,안창마을입구
부산진구,169420102,호천마을입구
부산진구,169420103,서호정사
동구,169420201,삼화약국
동구,169420202,범일초등학교
동구,169420203,(구)삼화약국
동구,169420204,(구)범곡새마을금고
동구,169420301,안창마을입구
부산진구,169420302,안창마을종점
동구,169420303,안창삼거리
동구,169420304,보각사
부산진구,169420305,동구종합사회복지관
동구,169440101,동부경찰서
동구,169440201,수정시장
동구,169440301,수정초등학교
동구,169440302,수정초등학교
동구,169450101,(구)성분도병원
동구,169450401,초량지구대
동구,169450501,(구)해룡약국
동구,169450502,초량6동행정복지센터
동구,169450503,부산고교
동구,169450504,초량어린이집
동구,169460101,부산고교
동구,169460102,초량지구대
동구,169470101,수정1동공영주차장
동구,169470102,한림유치원
동구,169490101,동구청
동구,169500101,수정아파트
동구,169500102,동구노인종합복지관.묘심사
동구,169500301,수정2동
동구,169520401,수정아파트5동
동구,169520402,수정아파트중간계단
동구,169520403,백련정사입구
동구,169530101,수정4동(종점)
동구,169600101,동구종합사회복지관
동구,169600102,안창마을
동구,169610202,고관입구
동구,169610301,동구청.우체국
동구,169610302,부산진역1번출구
동구,169620101,수정시장
동구,169620102,수정시장
동구,169620301,동구청
동구,169630201,수정2동
동구,169630301,동여중
동구,169670401,남해지방해양경찰청
부산진구,169710101,범내골역3번출구.춘해병원
부산진구,169710301,부산범천교회
부산진구,169710302,범천교회
부산진구,169710401,경남아파트
부산진구,169710402,경남아파트
동구,169740401,축복예식장
동구,169770201,시민회관.동부산우체국
동구,169770301,시민회관.동부산우체국
동구,169780301,자유.평화시장
동구,169780302,"자유,평화시장"
동구,169820301,부산진성공원
동구,169830301,부산시민회관
동구,169840401,한양아파트
동구,169860101,범5호교
동구,169860103,조방면옥
부산진구,169870301,국밥골목
부산진구,169870302,평화시장
부산진구,169900401,시민장례식장
동구,169910301,오션브릿지
동구,169920101,부산진성공원
동구,169920201,부산진성공원
동구,169940101,보급창
동구,169950101,한성기린아파트
동구,169950102,한성기린아파트
동구,169950302,좌천동가구거리(좌천역)
동구,169970301,부산진시장입구
동구,169990101,범일동국민은행
동구,170000201,대양산업·하버시티
동구,170000202,범일5동행정복지센터
동구,170030101,범일5동행정복지센터
동구,170030102,대양산업·하버시티
동구,170030103,두산위브
동구,170030104,대양산업·하버시티
동구,170030201,범일5동행정복지센터
동구,170030202,남해지방해양경찰청
동구,170030203,범일5동행정복지센터
동구,170030205,남해지방해양경찰청
동구,170050101,범곡교차로
동구,170050201,범곡교차로
영도구,170100101,부산보건고
영도구,170110101,봉래동
영도구,170110102,봉래2동마을건강센터
영도구,170110103,영월사
영도구,170110104,청학고개
영도구,170120101,센트럴에일린의뜰
영도구,170120201,센트럴에일린의뜰
영도구,170140301,교통순찰대.센트럴에일린의뜰
영도구,170160101,영도봉래시장
영도구,170160102,봉래시장
영도구,170170101,미광아파트
영도구,170170301,미광마린타워
영도구,170170302,부산대교입구
영도구,170180201,영도우체국
영도구,170180301,대교사거리
영도구,170180302,대교사거리
영도구,170180401,대교동
영도구,170190201,구민장례식장
영도구,170190202,영광골든타워
영도구,170210201,영도초등학교
영도구,170220401,영선위교차로
영도구,170220402,영선동윗로터리
영도구,170220501,영선위교차로
영도구,170220502,영선위교차로
영도구,170230401,영선아랫교차로
영도구,170240101,영선아랫교차로
영도구,170240201,남항동
영도구,170250301,영도배수지
영도구,170260101,시영아파트
영도구,170260102,영광아파트
영도구,170260501,삼거리슈퍼
영도구,170270101,깡깡이예술마을
영도구,170270201,(구)전차종점
영도구,170270401,대동대교맨션
영도구,170270402,토토볼링장
영도구,170280201,대평동
영도구,170280202,진주슈퍼
영도구,170290101,남항시장
영도구,170290102,영선119안전센터
영도구,170290103,남항시장
영도구,170290301,영선2동행정복지센터
영도구,170290401,GS25
영도구,170290402,남항동농협
영도구,170290403,세븐일레븐
영도구,170300101,해동병원
영도구,170300102,해동병원
영도구,170300201,영선1동주민센터
영도구,170300301,영선119안전센터
영도구,170300401,영도우체국
영도구,170300402,영도우체국
영도구,170300403,영도병원
영도구,170300404,영도소방서
영도구,170310101,봉학초등학교
영도구,170310102,신도브래뉴아파트
영도구,170310201,한성맨션
영도구,170320101,한성맨션
영도구,170320301,홈플러스
영도구,170330101,외나무약국
영도구,170330102,남해숯불갈비
영도구,170330103,외나무약국
영도구,170340301,외나무약국
영도구,170340302,남해숯불갈비
영도구,170340303,외나무약국
영도구,170350201,교통순찰대.센트럴에일린의뜰
영도구,170350401,해동병원
영도구,170350501,봉래동교차로
영도구,170370101,영남교회
영도구,170380101,흰여울문화마을
영도구,170380102,흰여울문화마을
영도구,170380201,흰여울문화마을
영도구,170390201,GS25
영도구,170390202,남항동농협
영도구,170390203,세븐일레븐
영도구,170390301,남항동
영도구,170390401,(구)전차종점
영도구,170400301,영도경찰서
영도구,170400302,영도경찰서
영도구,170410101,강남병원
영도구,170410201,강남병원
영도구,170410301,강남병원
영도구,170410302,탑마트
영도구,170410401,강남병원
영도구,170430101,신선동행정복지센터
영도구,170430301,명신교회
영도구,170440101,남도여중
영도구,170440201,신선동행정복지센터
영도구,170460501,중복도로입구
영도구,170510501,신선초등학교입구
영도구,170540101,신선영광아파트
영도구,170540301,신선초등학교입구
영도구,170550101,샛별아파트
영도구,170550201,신선영광아파트
영도구,170560101,금잔디길삼거리
영도구,170560201,샛별아파트
영도구,170570101,신선아파트
영도구,170570201,금잔디길삼거리
영도구,170580101,매일유업
영도구,170580201,신선아파트
영도구,170590101,산제당입구
영도구,170590201,매일유업
영도구,170600101,형제슈퍼
영도구,170600201,산제당입구
영도구,170610201,형제슈퍼
영도구,170610301,영도배수지
영도구,170660301,영도배수지입구
영도구,170660401,삼거리슈퍼
영도구,170660501,영도배수지
영도구,170790301,월광슈퍼
영도구,170820101,복지회관
영도구,170820102,북천사
영도구,170860101,신선초등학교
영도구,170880401,대원아파트
영도구,170910101,조양아파트
영도구,170920301,해동중학교
영도구,170920302,체육고등학교
영도구,170930101,청학성당
영도구,170930102,부산은행
영도구,170930103,청학성당
영도구,170940101,청학시장
영도구,170940102,청학고개
영도구,170940301,청학고개
영도구,170940302,영월사
영도구,170940303,봉래2동마을건강센터
영도구,170950201,영광아파트
영도구,170950202,황토탕
영도구,170950301,영광아파트
영도구,170950302,시영아파트
영도구,170950304,시영아파트후문
영도구,170950305,청학동공영주차장
영도구,170960301,동삼삼거리
영도구,170970201,송강중공업
영도구,170970301,국제크루즈터미널입구
영도구,170980301,청학동부산은행
영도구,170980302,청학동부산은행
영도구,170990101,영도구청
영도구,170990102,동삼주공아파트입구
영도구,170990103,동삼주공아파트입구
영도구,170990104,영도구청
영도구,170990201,영도구청
영도구,171000201,미주아파트
영도구,171000202,성일하우징
영도구,171000302,청학주유소
영도구,171010101,청학초등학교사거리
영도구,171010102,청학동시장
영도구,171010301,청학초등학교
영도구,171010302,청학2동
영도구,171010401,청학시장
영도구,171020101,국민은행
영도구,171040101,태종대
영도구,171050101,태종대초등학교
영도구,171050102,하리
영도구,171050201,태종대초등학교
영도구,171050202,태종대.태종대온천
영도구,171060101,해양대승선생활관
영도구,171060201,하리
영도구,171060301,해양대삼거리.동삼동패총전시관
영도구,171060302,에일린의뜰2단지아파트
영도구,171060401,한국해양대.부산해사고
영도구,171070201,영도여고
영도구,171070202,체육고등학교
영도구,171070301,절영복지회관
영도구,171070302,영도여고
영도구,171070303,반도보라비치타운아파트
영도구,171080101,반도보라비치타운아파트
영도구,171080102,절영복지회관
영도구,171080201,함지그린아파트
영도구,171080302,75광장
영도구,171100101,영도여자고등학교
영도구,171100102,푸른어린이공원
영도구,171100301,봉삼초등학교
영도구,171100302,와치종합사회복지관
영도구,171110401,영도여자고등학교
영도구,171110402,푸른어린이공원
영도구,171120201,영도교회
영도구,171130101,동삼혁신지구입구.동삼교회
영도구,171130201,동삼국민은행앞교차로
영도구,171130202,동삼혁신지구입구
영도구,171130301,영도교회
영도구,171140101,동삼1동행정복지센터
영도구,171140201,절영아파트
영도구,171150201,봉삼초등학교
영도구,171150202,와치종합사회복지관
영도구,171150301,고신대학
영도구,171150302,고신대학교정문
영도구,171170401,국제크루즈터미널입구
영도구,171170402,아르떼뮤지엄·미창석유
영도구,171180101,동삼초등학교
영도구,171190201,동삼국민은행앞교차로
영도구,171190301,삼창파크맨션
영도구,171190302,KT동삼빌딩
영도구,171190303,부산전신전화국
영도구,171190304,삼창파크맨션
영도구,171190305,탑마트
영도구,171190401,국민은행
영도구,171200101,동삼삼거리
영도구,171200201,상리종합사회복지관
영도구,171200202,상리종합사회복지관
영도구,171210101,관리사무소
영도구,171210102,나상가
영도구,171210103,동삼그린힐아파트
영도구,171210201,동삼3동행정복지센터
영도구,171210202,동삼3동주민센터
영도구,171220101,상리종합사회복지관
영도구,171220102,상리종합사회복지관
영도구,171220201,동삼3동행정복지센터
영도구,171220202,동삼3동주민센터
영도구,171230101,고신대학
영도구,171230102,절영아파트
영도구,171230103,고신대학교정문
영도구,171230201,고신대3강의동
영도구,171230202,광명고교
영도구,171230203,고신대학교후문
영도구,171230204,밤나무집
영도구,171240201,청학2동
영도구,171240202,청학초등학교
영도구,171240203,82번종점
영도구,171240204,청학초등학교
영도구,171260201,해양대승선생활관
영도구,171280101,롯데캐슬블루오션
영도구,171280102,부산전신전화국
영도구,171280301,조양아파트
영도구,171280401,중리초등학교
영도구,171280402,중리초등학교
영도구,171290101,에덴금호아파트
영도구,171290102,해양대삼거리.동삼동패총전시관
영도구,171300101,벽산비치타운
영도구,171300102,동삼중학교
영도구,171300103,절영로사거리
영도구,171310101,중리초등학교
영도구,171310102,중리초등학교
영도구,171310301,동삼1동행정복지센터
영도구,171310302,벽산비치타운
영도구,171310303,절영로사거리
영도구,171310304,동삼중학교
영도구,171320201,영도중리
영도구,171330201,영도중리
영도구,171330202,영도중리
영도구,171330301,함지그린아파트
영도구,171350101,75광장
영도구,171350201,함지골수련원
영도구,171350202,백련사
영도구,171360101,광명고등학교
영도구,171360201,광명고교
영도구,171360202,고신대3강의동
영도구,171360203,고신대학교후문
영도구,171360204,밤나무집
영도구,171370201,광명고등학교
영도구,171370301,남부여객(종점)
영도구,171370302,(구)쌍용자동차학원
영도구,171370303,쌍용자동차학원
영도구,171370304,원우아파트
영도구,171380201,(구)쌍용자동차학원
영도구,171380202,남부여객(종점)
영도구,171380203,쌍용자동차학원
영도구,171380204,원우아파트
영도구,171390101,롯데낙천대
영도구,171390201,롯데낙천대아파트입구
영도구,171400201,롯데낙천대아파트입구
영도구,171400301,롯데낙천대아파트후문
영도구,171410201,일신마리나아파트
영도구,171410202,롯데낙천대아파트삼거리
영도구,171420201,롯데낙천대
영도구,171430101,(구)해사고
영도구,171430301,해양경찰청교육센터
영도구,171440101,해양경찰청교육센터
영도구,171440301,(구)해사고
영도구,171460301,황토탕
영도구,171470201,황토탕
영도구,171470301,삼신아파트
영도구,171470302,영광아파트
영도구,171470303,황토탕
영도구,171480101,나상가
영도구,171480102,관리사무소
영도구,171480103,동삼그린힐아파트
영도구,171480104,동삼그린힐상가
영도구,171500101,오성할인마트
영도구,171500401,롯데낙천대아파트정문
영도구,171550301,빅마트슈퍼
영도구,171550302,수정방앗간
영도구,171570301,자비유치원
영도구,171580101,영도자동차학원
영도구,171580301,일신마리나아파트
영도구,171590201,광명고등학교후문
영도구,171600101,동삼그린힐아파트
영도구,171620101,백련사
영도구,171620102,함지골수련원
영도구,171620201,영선아파트
영도구,171630101,영도경찰서
영도구,171630102,영도경찰서
영도구,171650101,해양대대학본부
영도구,171650102,해양대해사대학관
영도구,171650103,해양대구본관
영도구,171650201,해양대방파제입구
부산진구,171660101,LG디스커버리랩
부산진구,171660102,LG디스커버리랩
부산진구,171660103,세동한신아파트
부산진구,171660201,성곡시장
부산진구,171660301,성곡시장
부산진구,171660302,삼광사입구
부산진구,171660303,어린이대공원입구
부산진구,171670101,창곡종합시장
부산진구,171670201,성곡시장
부산진구,171670301,연학초등학교
부산진구,171680201,어린이대공원
부산진구,171680202,초연중학교
부산진구,171690101,어린이대공원
부산진구,171690102,어린이대공원
부산진구,171690201,어린이대공원
부산진구,171690301,어린이대공원입구
부산진구,171690302,삼광사입구
부산진구,171690303,성곡시장입구
부산진구,171690304,성곡시장
부산진구,171690401,어린이대공원
부산진구,171690402,초연중학교
부산진구,171700104,초읍삼거리
부산진구,171710201,부산진고교
부산진구,171710202,연지한신타워
부산진구,171710301,초읍초등학교
부산진구,171710302,시민도서관
부산진구,171720201,래미안어반파크
부산진구,171720202,국립부산국악원
부산진구,171720301,연지청구아파트
부산진구,171720302,부산진고교
부산진구,171730101,초읍삼거리
부산진구,171730102,시민도서관
연제구,171730103,초읍고개
연제구,171730104,개인택시조합
부산진구,171730105,시민도서관
연제구,171730106,초읍고개
연제구,171730107,개인택시조합
부산진구,171730301,초읍삼거리
연제구,171730401,연제공용버스차고지
부산진구,171760201,동원초등학교
부산진구,171760202,용사촌입구
부산진구,171760301,선암사입구
부산진구,171760302,백양가족공원
부산진구,171790301,부산진구생활문화센터
부산진구,171800101,미진마트
부산진구,171800102,가야1치안센터
부산진구,171800103,가야1치안센터
부산진구,171800104,미진마트
부산진구,171850201,부암교차로
부산진구,171850202,부암교차로
부산진구,171860201,삼부아파트
부산진구,171860202,삼부아파트
부산진구,171860301,메리움아파트
부산진구,171860401,부암초등학교
부산진구,171870201,부산진구청정문
부산진구,171870301,일성아파트
부산진구,171880201,부암삼성래미안
부산진구,171890101,협성피닉스
부산진구,171900301,가야1치안센터
부산진구,171900302,미진마트
부산진구,171900303,가야1치안센터
부산진구,171900304,미진마트
부산진구,171920101,개금주공아파트
부산진구,171930101,백양로교회앞
부산진구,171930102,백양로교회
부산진구,171940301,개금주공아파트
부산진구,171940302,개포초등학교
부산진구,171940401,개금주공아파트
부산진구,171950101,개포초등학교
부산진구,171950102,개금주공아파트
부산진구,171950301,개포초등학교
부산진구,171960201,부산진구청
부산진구,171960202,부산진구청.시민공원남문
부산진구,171960301,부산진구청
부산진구,171960401,부산진구청.시민공원남1문
부산진구,171960402,부산진구청.시민공원남문
부산진구,171970101,부산정중앙공원·백양산롯데캐슬
부산진구,171980301,부산정중앙공원·백양산롯데캐슬
부산진구,172020101,가야공원입구
부산진구,172020401,진성아파트
부산진구,172030301,벽산아파트
부산진구,172050201,한국신발관
부산진구,172050202,한국신발관
부산진구,172060101,개금3동행복문화센터
부산진구,172060301,신개금엘지아파트
부산진구,172060302,신개금LG아파트
부산진구,172060401,개금3동행복문화센터
부산진구,172070101,한국신발관
부산진구,172070201,개금3동행복문화센터
부산진구,172080101,부암역
부산진구,172080201,CBS방송국
부산진구,172100101,연지일동아파트
부산진구,172100201,부암교차로
부산진구,172100202,부암교차로
부산진구,172100301,부암교차로
부산진구,172100302,부암교차로
부산진구,172100401,부암고가교
부산진구,172100402,부암고가교
부산진구,172100501,부산시설공단
부산진구,172100502,부산시설공단
부산진구,172110301,개금골목시장
부산진구,172110302,가야2동새마을금고
부산진구,172110303,(구)개금1치안센터
부산진구,172110401,가야지구대
부산진구,172120101,개금역
부산진구,172120102,개금변전소
부산진구,172120103,개금역
부산진구,172120201,개금골목시장
부산진구,172120202,(구)개금1치안센터
부산진구,172120203,가야2동새마을금고
부산진구,172130101,당감시장
부산진구,172140101,백양맨션
부산진구,172140301,청수탕
부산진구,172140501,용사촌입구
부산진구,172140502,동원초등학교
부산진구,172160301,태우선파크APT
부산진구,172160401,당감백산아파트
부산진구,172160402,개성고등학교
부산진구,172170201,개포초등학교
부산진구,172170301,개원초등학교
부산진구,172170302,개금종합사회복지관
부산진구,172170303,개금우드빌
부산진구,172170304,동원화인아파트
부산진구,172170305,삼환아파트
부산진구,172170306,우성상가
부산진구,172170307,한진아파트
부산진구,172180201,화인아파트
부산진구,172180302,개금종합사회복지관.도개공아파트
부산진구,172180303,개금우드빌
부산진구,172180304,동원화인아파트
부산진구,172180305,삼환아파트
부산진구,172180306,우성상가
부산진구,172180307,한진아파트
부산진구,172180401,국제백양아파트
부산진구,172180402,개원초등학교
부산진구,172180403,한국과학영재학교
부산진구,172180404,국제백양아파트앞
부산진구,172220101,태을의원
부산진구,172220102,태을의원
부산진구,172220301,개성고등학교입구
부산진구,172220302,당감주유소
부산진구,172240101,진양교차로
부산진구,172240102,진양교차로
부산진구,172250101,당감1치안센터
부산진구,172270301,백병원입구
부산진구,172270302,개금시장
부산진구,172270303,개금시장
부산진구,172270304,백병원입구
부산진구,172280101,부산백병원
부산진구,172280102,성황리마트
부산진구,172280301,부산백병원
부산진구,172300101,신개금엘지아파트
부산진구,172300102,신개금LG아파트
사상구,172300201,신주례엘지아파트
사상구,172300202,신주례LG1차아파트106동
부산진구,172310101,개금역.개금초등학교
부산진구,172310102,개금역.개금초등학교
부산진구,172310301,개금역
부산진구,172310302,개금변전소
부산진구,172310303,개금역
부산진구,172340101,부암초등학교
부산진구,172340301,진양교차로
부산진구,172340302,당감1치안센터
부산진구,172340303,진양교차로
부산진구,172360101,개성고등학교입구
부산진구,172360102,당감주유소
부산진구,172360301,백양로교회앞
부산진구,172360302,백양로교회
부산진구,172360401,태우선파크APT
부산진구,172370101,부암새고개
부산진구,172370102,동원아파트
부산진구,172370103,부암동원맨션
부산진구,172370104,부암새고개
부산진구,172370301,당감시장
부산진구,172370302,당감사거리
부산진구,172370303,당감사거리
부산진구,172370304,당감시장
부산진구,172370401,당감시장
부산진구,172370402,동평유치원
부산진구,172410202,당감동일스위트
부산진구,172410203,부산국제중고등학교
부산진구,172410301,백양터널
부산진구,172430201,반도아파트
부산진구,172440302,동의대역
부산진구,172440401,동의대역
부산진구,172450301,부산진구생활문화센터
부산진구,172470401,청수탕
부산진구,172480101,부산시민공원
부산진구,172480201,연지일동아파트
부산진구,172480301,래미안어반파크
부산진구,172480302,국립부산국악원
부산진구,172500201,부암고가교
부산진구,172500202,부암고가교
부산진구,172500301,동원아파트.협성휴포레
부산진구,172500302,부암새고개
부산진구,172500303,부암동원맨션
부산진구,172500304,미주아파트
부산진구,172500305,부암새고개
부산진구,172520101,수정터널
부산진구,172520201,가야여중
부산진구,172520202,가야여자중학교
부산진구,172520301,동의대학교도서관
부산진구,172520302,동의대학교본관
부산진구,172520303,동의대학교입구
부산진구,172520304,동의대학교자연대학
부산진구,172520401,가야고교
부산진구,172530101,CBS방송국
부산진구,172530201,범천건강문화센터
부산진구,172530202,선암초등학교
부산진구,172540201,약수터입구
부산진구,172540301,범천건강문화센터
부산진구,172540302,선암초등학교
부산진구,172550101,가야고교
부산진구,172550102,동의대학교입구
부산진구,172550201,가야공원입구
부산진구,172560101,당평초등학교
부산진구,172560201,당감3동우체국
부산진구,172570101,당감사거리
부산진구,172570102,당감시장
부산진구,172570103,당감사거리
부산진구,172570104,당감시장
부산진구,172570201,당감초등학교
부산진구,172570301,당감4동
부산진구,172570302,태을의원
부산진구,172570401,부암삼성래미안
부산진구,172580101,백양가족공원
부산진구,172580102,선암사입구
부산진구,172580201,백양뜨란채아파트
부산진구,172580301,당감4동우체국
부산진구,172590101,당감4동우체국
부산진구,172600101,국제프라자아파트
부산진구,172600102,국제프라자아파트
부산진구,172600103,한국과학영재학교
부산진구,172610301,백양뜨란채아파트
부산진구,172620101,부산시민공원남문
부산진구,172620102,부산진중학교
부산진구,172630101,부암역.당감입구
부산진구,172640101,부산글로벌빌리지
부산진구,172640401,부암역.당감입구
부산진구,172650301,당감초등학교
부산진구,172660201,당평초등학교
부산진구,172690201,가야지구대
부산진구,172700101,신암
부산진구,172710101,약수터입구
부산진구,172710201,서호정사
부산진구,172710202,호천마을입구
부산진구,172710203,안창삼거리
부산진구,172730201,가야여중
부산진구,172730202,동의대학교입구
부산진구,172730203,가야여자중학교
부산진구,172750201,당감주공아파트
부산진구,172780101,당감동
부산진구,172790201,주례여자고등학교
부산진구,172790202,개금현대아파트
부산진구,172830101,개금시영아파트
부산진구,172860301,동남여객차고지(종점)
부산진구,172860302,동남여객차고지
부산진구,172900201,가남시장
부산진구,172900202,가남시장
부산진구,172910201,가남시장
부산진구,172910202,가남시장
사상구,172930101,주례여자고등학교
부산진구,172940201,주례여자고등학교
사상구,172950201,동서대입구
사상구,172950202,동서대학교
부산진구,173000101,덕인빌라
부산진구,173010301,개금반도보라아파트
부산진구,173030201,덕인빌라
부산진구,173090202,부산학생교육문화회관
부산진구,173090301,대림아파트
부산진구,173100101,부산학생교육문화회관
부산진구,173110201,어린이대공원
부산진구,173130301,개금역.개금초등학교
부산진구,173130302,개금역.개금초등학교
부산진구,173150202,개금삼거리
부산진구,173310101,동남여객차고지(종점)
부산진구,173310102,동남여객차고지
사하구,173390201,당리역
사하구,173410201,구평고물상
사하구,173420101,동원로얄아파트입구
사하구,173460201,풍조식품
사하구,173480101,동원로얄듀크아파트
사하구,173480201,동원로얄아파트
사하구,173490101,동원로얄아파트
사하구,173490301,동원로얄듀크101동앞
금정구,173580103,임석
금정구,173580104,수반
금정구,173580105,다움병원
금정구,173580106,중리.공덕초등학교
금정구,173620301,건설안전시험사업소
금정구,173630101,회동석대산단
금정구,173640301,회동동
금정구,173700201,금단마을
금정구,173700202,브니엘고등학교
금정구,173700203,금단마을
금정구,173700204,브니엘고등학교
금정구,173720101,브니엘고등학교
금정구,173720102,금단마을
금정구,173720103,브니엘고등학교
금정구,173720104,금단마을
금정구,173720201,동래초등학교
금정구,173720202,태평양아파트
금정구,173720203,동래초등학교
금정구,173730201,지장암
금정구,173740201,경동아파트
금정구,173750201,범어사매표소
금정구,173750202,범어사주차장
금정구,173770201,상마마을.범어사박물관
금정구,173800101,하마마을
금정구,173830101,어린이놀이터
금정구,173830201,남산동.요산문학관
금정구,173830202,한아름빌라
금정구,173830203,금샘초등학교
금정구,173840202,성불사입구
금정구,173850201,범어사입구사거리
금정구,173860101,수원지마을
금정구,173860201,수원지마을
금정구,173870101,분도농원
금정구,173870102,주말농장
금정구,173900201,금성동행정복지센터
금정구,173900202,산성공해마을3동
금정구,173900301,금성동행정복지센터
금정구,173900302,서울슈퍼
금정구,173910101,금성동주민센터
금정구,173910102,서울슈퍼
금정구,173910201,죽전마을
금정구,173910202,서울슈퍼
금정구,173910303,마을회관
금정구,173950302,금정체육공원
금정구,173960302,함몰마을
금정구,173970102,금정체육공원
금정구,173990301,남산역
금정구,174070101,남산프라자
금정구,174070301,두실역
금정구,174110201,남산동새벽시장
금정구,174110202,남산고등학교입구
금정구,174110301,남산동농협
금정구,174120301,범어사역
금정구,174120302,범어사역
금정구,174130201,범어사역
금정구,174140101,노포삼거리
금정구,174160301,서금지구대.금사역
금정구,174170201,태광산업(구서역)
금정구,174170401,태광산업.구서역
금정구,174180201,태광산업.구서역
금정구,174180301,행림병원
금정구,174200201,구서역
금정구,174220201,금양초등학교
금정구,174230301,금정구청.부산가톨릭대
금정구,174230302,금정구청
금정구,174240101,GS25금정구청점
금정구,174250101,초원맨션
금정구,174250201,부곡3동행정복지센터.금샘도서관
금정구,174290201,구서역3번출구
금정구,174290302,이마트
금정구,174300101,부산정보관광고
금정구,174300201,동현초등학교
금정구,174310301,부산정보관광고
금정구,174320301,부산대역
금정구,174320301,부산대역
금정구,174330101,부곡대우아파트
금정구,174330201,부산대역
금정구,174330401,대우아파트후문
금정구,174360201,부곡여자중학교
금정구,174360401,동현초등학교
금정구,174370201,동해중학교
금정구,174370202,부곡4동행정복지센터.온천장역
금정구,174370203,동해중학교
금정구,174390201,서1동새마을금고
금정구,174390202,책마을보드랑 작은도서관
금정구,174390203,서동미로시장
금정구,174390204,서동고개
금정구,174390301,서동고개
금정구,174390302,내성고등학교
금정구,174390303,동현초등학교
금정구,174400103,금정여자고등학교
금정구,174400104,서동시장
금정구,174400203,서동
금정구,174420201,한신아파트
금정구,174420401,장전역2번출구
금정구,174430501,장전역4번출구
금정구,174440201,서동역
금정구,174450101,금사입구
금정구,174450201,금사입구
금정구,174460201,서2동새마을금고
금정구,174470201,세웅병원후문
금정구,174470202,세웅병원후문
금정구,174540101,두실역
금정구,174540201,행림병원
금정구,174540202,금정이마트
금정구,174550201,영락공원
금정구,174550202,금정도서관
금정구,174550203,제3영락원
금정구,174550301,팔송
금정구,174550302,범어사역
금정구,174570101,노포삼거리
금정구,174570201,노포삼거리
금정구,174580101,서금지구대.금사역
금정구,174580201,대우아파트
해운대구,174580202,우신아파트
해운대구,174580203,센텀SD아파트후문
해운대구,174580204,센텀SD아파트정문
해운대구,174580205,센텀강변현대아파트
해운대구,174580206,벽산한솔타운
금정구,174580401,석대.금사자동차학원
금정구,174580501,금사역
금정구,174590101,금사전화국
금정구,174590201,금사전화국
금정구,174600101,부곡늘푸른아파트117동
금정구,174600301,부곡여자중학교
금정구,174610101,BMC아파트121동
금정구,174610102,BMC아파트120동
금정구,174610201,부곡늘푸른아파트117동
금정구,174620101,BMC아파트121동
금정구,174620102,BMC아파트120동
금정구,174620201,뉴그린108동
금정구,174630101,금정산SK뷰
동래구,174630202,금강공원
동래구,174630204,온천119안전센터
동래구,174630205,해양자연사박물관
금정구,174630301,식물원
금정구,174660201,경남한신아파트
금정구,174660301,부곡한신아파트
금정구,174670101,경남한신아파트
금정구,174680101,회동동
금정구,174680301,회동본동
금정구,174690201,석대.금사자동차학원
금정구,174690401,금사공단.금사동탑마트
금정구,174700401,라이프타운
금정구,174710103,선두구동행정복지센터
금정구,174710104,조리
금정구,174710105,조리경로당
금정구,174710203,임석
금정구,174710204,중리.공덕초등학교
금정구,174710205,다움병원
금정구,174710206,수반
금정구,174770101,범어사입구
금정구,174770301,어린이놀이터
금정구,174780301,남산동농협
금정구,174790101,남산성당
금정구,174790102,부산외국어대학교
금정구,174790401,부산과학고등학교
금정구,174810101,광명사
금정구,174810102,양로원
금정구,174810301,식물원
금정구,174820101,금성동주민센터
금정구,174820102,산성공해마을3동
금정구,174820201,공해부락
금정구,174820202,산성공해마을
금정구,174830201,까치공원
금정구,174830401,장전초등학교
금정구,174830402,금정산쌍용예가.구서SK뷰
금정구,174850201,남산동럭키아파트
금정구,174850401,남산고등학교입구
금정구,174850402,남산동새벽시장
금정구,174860101,남산초등학교
금정구,174860102,남산동럭키아파트
금정구,174860301,선경3차아파트
금정구,174860401,남산119안전센터
금정구,174870203,조리
금정구,174870204,조리경로당
금정구,174870205,선두구동행정복지센터
금정구,174880301,영락공원
금정구,174880302,제3영락원
금정구,174880303,금정도서관
금정구,174890201,남산고교
금정구,174890202,부산외국어대학교
금정구,174890301,금샘초등학교
금정구,174890302,남산고교
금정구,174890303,남산동.요산문학관
금정구,174890304,한아름빌라
금정구,174910101,롯데캐슬정문
금정구,174910102,롯데캐슬입구
금정구,174910103,롯데캐슬정문
금정구,174910104,롯데캐슬입구
금정구,174910301,신동아아파트
금정구,174920103,이마트
금정구,174920201,구서역.구서시장
금정구,174920401,롯데캐슬입구
금정구,174920402,롯데캐슬정문
금정구,174920403,롯데캐슬입구
금정구,174920404,롯데캐슬정문
금정구,174940101,서2동새마을금고
금정구,174940102,초원마트
동래구,174940201,명장2치안센터
동래구,174940202,동남아파트
동래구,174940203,협진아파트
금정구,174960301,장전중앙교회
금정구,174960302,현대아파트
금정구,174960303,부산대학교정문
금정구,174970101,장전역
금정구,174970301,(구)장전1치안센터
금정구,175010101,금정세무서
동래구,175060301,협진태양맨션
금정구,175070101,금정초등학교
금정구,175080201,온천장역
금정구,175080301,래미안장전남문
금정구,175090301,부곡4동행정복지센터.온천장역
금정구,175100301,온천입구
금정구,175100302,동해중학교
금정구,175110101,금사시장
금정구,175110102,금사시장
금정구,175110103,파크랜드
금정구,175110202,금사공단.금사동탑마트
금정구,175120201,금사중학교
금정구,175120202,금사회동동행정복지센터
금정구,175130101,태광인력개발원
금정구,175130102,우성아파트3동
금정구,175150301,두구동 입구
금정구,175150302,두구동 입구
금정구,175210201,신동아아파트
금정구,175210202,신동아아파트
금정구,175210203,선경1차우성아파트
금정구,175210401,선경3차아파트
금정구,175220101,금정체육공원입구
금정구,175220102,부산컨트리입구
금정구,175240101,침례병원.남산역
금정구,175250301,침례병원.남산역
금정구,175290201,범어사입구
금정구,175290202,비아이마트
금정구,175290301,범어사입구
금정구,175290401,범어사입구사거리
금정구,175300101,부산산업보건센터
금정구,175320101,두구동 입구
금정구,175320102,두구동 입구
금정구,175320301,금정체육공원입구
금정구,175320302,부산컨트리입구
금정구,175330201,선두구동목욕탕
금정구,175340101,신천
금정구,175360201,장전역
금정구,175380302,구서1동행정복지센터
금정구,175400101,윤산터널입구
금정구,175400201,윤산터널입구
금정구,175400202,윤산터널 입구
금정구,175400302,윤산터널 입구
금정구,175420101,금정문화회관
금정구,175420103,동래여자고등학교
금정구,175420202,GS25금정구청점
금정구,175440102,구서역2번출구
금정구,175440201,구서역
금정구,175450301,구서역
금정구,175470101,구서1동행정복지센터
금정구,175470102,구서역.구서시장
금정구,175470301,금정산쌍용예가.구서SK뷰
금정구,175470302,장전초등학교
금정구,175480101,동래초등학교
금정구,175480102,태평양아파트
금정구,175480103,동래초등학교
금정구,175480302,금정문화회관
금정구,175480304,동래여자고등학교
금정구,175480305,금정문화회관
금정구,175490101,동상초등학교.서동역
동래구,175490201,협진태양맨션
금정구,175490301,서동입구
금정구,175510201,내성고등학교
금정구,175510202,동현초등학교
금정구,175520201,금사중학입구
금정구,175530301,금사시장
금정구,175530302,기업은행
금정구,175530303,금사회동동행정복지센터
금정구,175540201,중소기업은행
금정구,175540301,누가병원
금정구,175550201,세웅병원
금정구,175550202,세웅병원정문
금정구,175550203,서동농협
금정구,175560301,부산은행
금정구,175570201,부산예원고등학교
금정구,175570202,부산예원고등학교(온천장방향)
금정구,175600301,부곡시장
금정구,175610201,금정세무서
금정구,175610401,금정세무서
금정구,175620101,부산대학교정문
금정구,175620102,부산대학교정문
금정구,175620201,부산대역
금정구,175620401,부산은행
금정구,175630101,부산대앞부산은행
금정구,175630301,금정초등학교
금정구,175640101,(구)장전1치안센터
금정구,175640201,부산대학교정문
금정구,175660301,금정초등학교
금정구,175670101,금정초등학교
금정구,175680201,우신아파트
금정구,175680301,한신아파트
금정구,175690101,우신아파트
금정구,175690301,대우아파트후문
금정구,175700301,욱성화학(주)
금정구,175710101,부산대역
금정구,175730301,온천장역
금정구,175740201,서동
금정구,175740301,뉴그린108동
금정구,175750101,서동교회
금정구,175750102,금사중학교
금정구,175750103,금샘고등학교
금정구,175750104,부산경호고등학교
금정구,175750201,서3동행정복지센터
금정구,175760303,금정여자고등학교
금정구,175760304,서동시장
금정구,175760305,제일요양병원
금정구,175770101,서3동행정복지센터
금정구,175780301,부산대학교정문
금정구,175780302,장전동우체국
금정구,175780401,부산대정문
금정구,175790101,부산대정문
금정구,175810401,부산대역.부곡대우아파트
금정구,175830201,부산대학교후문
금정구,175830202,부산대후문
금정구,175830203,신한은행
금정구,175830301,부산대학교후문
금정구,175850301,서동미로시장
금정구,175850302,서1동새마을금고
금정구,175860201,누가병원
금정구,175860301,현대맨션
금정구,175870101,부산산림교육센터
금정구,175870102,현대맨션
금정구,175870301,부산산림교육센터
금정구,175880101,회동본동
금정구,175890201,평화탕
금정구,175930301,금정산SK뷰
금정구,176140101,상현마을입구
금정구,176140102,회동수원지입구
금정구,176140103,선동상현마을
금정구,176170101,하정리
금정구,176170102,하정리입구
금정구,176180201,하정리
금정구,176180202,하정리입구
금정구,176190201,부곡3동행정복지센터.금샘도서관
금정구,176200101,신학대학교.하하캠퍼스
금정구,176220201,신학대학교.하하캠퍼스
금정구,176230101,지산고등학교
금정구,176240201,지산고등학교
금정구,176250101,부산가톨릭대학교
금정구,176250102,부산가톨릭대학교간호대학
금정구,176260101,오륜대순교자성지.박물관
금정구,176260201,부산가톨릭대학교간호대학
금정구,176260202,부산가톨릭대학교
금정구,176270201,오륜대순교자성지.박물관
금정구,176280101,"새동네, 부산오륜학교"
금정구,176290201,"새동네, 부산오륜학교"
금정구,176310101,연꽃못
금정구,176310102,회동수변산책로.황톳길
금정구,176310103,임지아뜰리에.복자수녀원
금정구,176320101,오륜본동마을
금정구,176320201,회동수변산책로.황톳길
금정구,176320202,임지아뜰리에.복자수녀원
금정구,176320203,연꽃못
금정구,176320204,주말농장
금정구,176320205,분도농원
금정구,176360102,윤산터널 입구
금정구,176370101,정원맨션
금정구,176380101,금정구청.부산가톨릭대
금정구,176380102,금정구청
금정구,176420101,생활과학관
금정구,176450201,부산대예술관
금정구,176450301,중앙도서관.화학관
금정구,176460301,부산대본관
금정구,176470201,부산대문창회관
금정구,176480201,부산대문창회관
금정구,176490201,새벽벌도서관.상남국제회관
금정구,176500101,새벽벌도서관.상남국제회관
금정구,176500301,부산대사회관
금정구,176510101,부산대사회관
금정구,176600102,광명사
금정구,176600201,부산대후문
금정구,176650101,서울슈퍼
금정구,176650201,서문입구
금정구,176650301,연수암
금정구,176650302,포구나무집
금정구,176660101,동문
금정구,176660201,남문
금정구,176670101,남문
금정구,176670201,공해부락
금정구,176670202,산성공해마을
금정구,176680101,고별대
금정구,176680201,동문
금정구,176690102,부산대후문
금정구,176690201,고별대
금정구,176700101,샘골공원
강서구,176770101,사취등
강서구,176770102,사취등
강서구,176770301,강서경찰서
강서구,176770302,강서경찰서
강서구,176810102,진동
강서구,176810103,동리
강서구,176810104,진동
강서구,176810105,동리
강서구,176810202,낙동강철새도래지
강서구,176810203,전등
강서구,176830201,당리마을
강서구,176830202,신촌
강서구,176830203,신촌회관
강서구,176840101,당리마을입구
강서구,176850101,당리마을
강서구,176850102,신촌
강서구,176850103,신촌회관
강서구,176850201,대저양수장
강서구,176850202,동연정입구
강서구,176860101,당리마을회관
강서구,176860102,당리마을입구
강서구,176860201,당리마을입구
강서구,176860202,수문할매집
강서구,176860203,수문할매집
강서구,176860301,당리마을입구
강서구,176870101,대저양수장
강서구,176870102,동연정입구
강서구,176870201,우편집중국
강서구,176870202,낙동중후문
강서구,176870203,대저상리
강서구,176880101,우편집중국
강서구,176880102,낙동중후문
강서구,176880103,대저상리
강서구,176880301,부산교도소
강서구,176880302,중리1구꽃동네
강서구,176880303,평강
강서구,176960301,철우정밀
강서구,176970101,공항입구
강서구,176980101,철우정밀
강서구,176990201,도도본리
강서구,177000201,도도본리
강서구,177000301,정관도마을
강서구,177000302,정관도마을회관
강서구,177000303,정관도삼거리
강서구,177020105,작지
강서구,177020107,교회앞
강서구,177020108,동자
강서구,177020109,맥도자연생태공원
강서구,177020202,염막2구
강서구,177030102,염막2구
강서구,177040102,금호오리마을
강서구,177040202,작지
강서구,177040207,교회앞
강서구,177040208,동자
강서구,177040209,맥도자연생태공원
강서구,177110101,중곡
강서구,177110102,상곡
강서구,177110103,강동119안전센터
강서구,177110104,남광정밀
강서구,177110201,중곡
강서구,177120201,상곡
강서구,177120202,남광정밀
강서구,177150101,대저수문
강서구,177150201,대저수문
강서구,177160201,당리마을회관
강서구,177170101,대저동
강서구,177170102,강서고.부산혜원학교
강서구,177170201,대저동
강서구,177190301,강서구청역
강서구,177190401,강서구청
강서구,177190402,강서구청
사하구,177210101,롯데마트
사하구,177240101,사하경찰서
사하구,177240201,장림
사하구,177240301,제일제당
사하구,177240302,제일제당
사하구,177240303,장림역
사하구,177250201,사하경찰서
사하구,177260101,사하소방서 사하우체국
사하구,177270201,기점
사하구,177270301,장림
사하구,177280101,제일제당
사하구,177280102,제일제당
사하구,177280201,장림역
사하구,177280202,홈플러스
사하구,177290201,장림2동주민센터
사하구,177290202,장림우체국
사하구,177290203,효림초등교
사하구,177290204,장림우체국
사하구,177290205,효림초등학교
사하구,177350401,경부산업
사하구,177350402,동아정밀
사하구,177350403,유성식당
사하구,177370101,주.현진
사하구,177370301,선보공업
사하구,177370302,금강공업.홍티아트센터
사하구,177380101,대우아파트
사하구,177380102,몰운대아파트
사하구,177390101,몰운대아파트10
사하구,177390401,중현초등학교
사하구,177400101,몰운대아파트102
사하구,177400301,몰운대아파트
사하구,177400302,대우아파트
사하구,177410101,다대포해수욕장
사하구,177410102,다대자유아파트
사하구,177410103,다대자유아파트
사하구,177410104,다대해수욕장
사하구,177410201,다대포해수욕장
사하구,177430301,다대5지구복지회
사하구,177450101,다대1동행정복지센터
사하구,177450301,다대포항역
사하구,177450302,다대우신아파트
사하구,177450303,다대농협
사하구,177450304,다대우신아파트
사하구,177480201,도개공아파트
사하구,177480202,조성하이츠
사하구,177480301,몰운대성당
사하구,177480302,몰운대아파트
사하구,177560101,대동중고등학교
사하구,177560102,대동중고등학교
사하구,177560201,홈플러스
사하구,177560301,대동중고등학교
사하구,177570301,주.현진
사하구,177580201,선보공업
사하구,177580202,금강공업.홍티아트센터
사하구,177590101,다대현대아파트
사하구,177590102,다대현대아파트
사하구,177590201,다대푸르지오아파트
사하구,177590202,다대푸르지오
사하구,177620201,풍조식품
사하구,177630101,서원유통
사하구,177630102,한신아파트상가
사하구,177630201,신평역
사하구,177630202,동성화학
사하구,177630203,동성화학
사하구,177630204,신평역4번출구
사하구,177630301,신남초등학교
사하구,177640101,사하중학교
사하구,177640201,노블레스아파트
사하구,177640202,동덕아파트
사하구,177640203,사하초등학교
사하구,177640204,자유3차아파트
사하구,177650301,신익아파트
사하구,177670102,괴정시장
사하구,177670103,괴정역.괴정시장
사하구,177670201,괴정사거리
사하구,177670202,괴정사거리.국민은행
사하구,177670301,괴정역.괴정사거리
사하구,177670302,괴정역
사하구,177680101,괴정사거리
사하구,177680102,사하도서관
사하구,177690201,동아대입구
사하구,177690202,에덴공원
사하구,177690203,야구연습장
사하구,177690301,동아대입구
사하구,177700101,향학서점
사하구,177700202,하단교차로
사하구,177700203,하단교차로
사하구,177700204,동아스포츠
사하구,177700301,에덴공원
사하구,177700302,동아대입구
사하구,177710101,건국중학교
사하구,177710102,본병원
사하구,177710301,하단역
사하구,177710401,하단역환승센터
사하구,177710402,하단역
사하구,177710501,하단교차로
사하구,177710502,에덴공원
사하구,177710503,하단오거리
사하구,177730101,뉴코아아울렛
사하구,177730102,뉴코아아울렛
사하구,177740101,신평입구
사하구,177740301,사남신익아파트
사하구,177740302,사남초등학교
사하구,177750201,감천삼거리
사하구,177750202,구평고개
사하구,177750203,구평화신아파트
사하구,177750204,감천고개
사하구,177750205,구평고개
사하구,177750206,구평화신아파트
사하구,177750301,감천삼거리
사하구,177750302,장평중학교.감천삼거리
사하구,177760101,구평초등학교
사하구,177760102,구평초등학교
사하구,177770201,삼풍아파트
사하구,177770202,삼풍아파트
사하구,177780101,하단역
사하구,177780301,하단1동행정복지센터
사하구,177790301,YK스틸
사하구,177790303,YK스틸
사하구,177800101,YK스틸
사하구,177800102,YK스틸
사하구,177800202,금호아파트
사하구,177800302,대동중고등학교
사하구,177800402,구평e편한세상입구
사하구,177810201,장림2치안센터
사하구,177810301,장림역
사하구,177810302,영남중학교
사하구,177810303,신장림역
사하구,177810304,영남중학교
사하구,177810305,장림역
사하구,177810306,신장림역
사하구,177810401,장림초등학교
사하구,177810401,장림초등학교
사하구,177810402,장림우체국
사하구,177810403,장림우체국
사하구,177810404,장림초등학교
사하구,177820101,신장림역
사하구,177820102,영남중학교
사하구,177820103,장림역
사하구,177820104,영남중학교
사하구,177820105,장림역
사하구,177820106,신장림역
사하구,177820201,극동정림아파트
사하구,177850301,벽산하이츠아파트
사하구,177850302,성신슈퍼
사하구,177860101,성신슈퍼
사하구,177860301,롯데마트
사하구,177870102,괴정화신아파트
사하구,177870103,동주경로당
사하구,177890101,감천2동
사하구,177890102,수협
사하구,177890201,감천문화마을.부산교육역사관
사하구,177890202,구감
서구,177890203,한샘슈퍼
사하구,177890301,감천2동삼거리
사하구,177890302,감천2동새마을금고
사하구,177890303,감천2동행정복지센터
사하구,177910101,을숙도초등학교
사하구,177910201,가락타운115동
사하구,177910202,가락타운104동
사하구,177940101,다대새마을금고
사하구,177940102,다대새마을금고
사하구,177950101,다대회센터
사하구,177950102,다대포항역.다대수협
사하구,177950103,다대수협
사하구,177950104,다대회센터
사하구,177960201,몰운대아파트102
사하구,177970101,오리엔트조선
사하구,177970301,부광조선
사하구,177970302,양평슈퍼
사하구,177970303,한국선박
사하구,177980101,부광조선
사하구,177980102,양평슈퍼
사하구,177980103,한국선박
사하구,177980301,한국선박
사하구,177980401,두송대선터널앞
사하구,177980402,한국선박수리공업
사하구,177990101,낫개역
사하구,177990102,다대삼환아파트
사하구,178000201,다대자유아파트
사하구,178000202,다대포해수욕장
사하구,178000203,다대자유아파트
사하구,178000204,다대해수욕장입구
사하구,178000401,다대우신아파트
사하구,178000402,다대포항역
사하구,178010101,고려냉장
사하구,178010103,고려냉장
사하구,178020202,103번종점
사하구,178020203,자연병원
사하구,178020204,동원자동차정비공업사
사하구,178020205,성보냉장
사하구,178020301,고려냉장
사하구,178020302,성보냉장
사하구,178020303,고려냉장
사하구,178020304,극동정림아파트
사하구,178030101,다송초등학교
사하구,178030102,삼환2차아파트
사하구,178040101,다대포해수욕장
사하구,178040301,다대포해수욕장역
사하구,178050301,다대포
사하구,178050302,다대포해수욕장역
사하구,178050501,롯데캐슬강변로입구
사하구,178060301,다대포
사하구,178060402,다대문화체육센터
사하구,178060403,다대포해수욕장역
사하구,178080201,부영아파트
사하구,178090101,당리중학교후문
사하구,178090201,괴정삼익아파트
사하구,178090202,사하역
사하구,178090301,당리중학교
사하구,178100101,대티고개
사하구,178100301,대티고개
사하구,178130201,을숙도초등학교
사하구,178150201,협성르네상스타운아파트
사하구,178150202,협성아파트
사하구,178150301,장림2동주민센터
사하구,178150302,장림우체국
사하구,178150303,협성아파트
사하구,178150304,효림초등교
사하구,178150305,장림우체국
사하구,178150306,효림초등학교
사하구,178160101,부일전자디자인고교
사하구,178160103,부일고등학교
사하구,178160301,부일전자디자인고교
사하구,178160302,삼성여고
사하구,178160303,삼성여고
사하구,178180101,다대푸르지오아파트
사하구,178180102,다대푸르지오
사하구,178180301,다대1동행정복지센터
사하구,178180302,다대1동주민센터
사하구,178200101,괴정자유아파트
사하구,178200201,신평입구
사하구,178200301,괴정삼익아파트
사하구,178200302,사하역
사하구,178200303,사하역
사하구,178200305,사하역비스타동원아파트
사하구,178220201,안구평
사하구,178220202,원영조선
사하구,178220302,금호아파트
사하구,178230101,괴정초등학교.대티역
사하구,178230301,괴정초등학교
사하구,178230302,괴정시장
사하구,178230303,괴정3치안센터
사하구,178230305,괴정초교
사하구,178240101,괴정초등학교
사하구,178240102,괴정초교
사하구,178240201,괴정시장.괴정역
사하구,178250101,가락타운2.3지구
사하구,178250301,하남초등교
사하구,178250401,하남초등학교
사하구,178260101,가락타운2.3단지
사하구,178260201,하남초등학교
사하구,178280201,오리엔트조선
사하구,178280301,구평방파제 종점
사하구,178280302,대일조선
사하구,178290101,도시가스
사하구,178290102,일진종합상사
사하구,178290201,미광사
사하구,178290202,반도식당
사하구,178300101,경부산업
사하구,178300102,동아정밀
사하구,178300103,유성식당
사하구,178300201,미광사
사하구,178300202,반도식당
사하구,178310301,동매교사거리
사하구,178340202,사하구청.당리역
사하구,178350101,낙동초등학교
사하구,178360201,반도보라아파트
사하구,178360301,동원아파트상가
사하구,178360302,혜성아파트
사하구,178370201,당리시장
사하구,178380101,당리시장
사하구,178380201,당리시장
사하구,178380202,푸르지오아파트
사하구,178380401,당리역
사하구,178400301,장림시장번영1길
사하구,178400302,장림시장번영2길
사하구,178400401,장림시장
사하구,178400402,장림중소기업은행
사하구,178400403,장림우체국
사하구,178400405,장림시장
사하구,178400406,중소기업은행
사하구,178400407,중앙병원
사하구,178400601,장림1동행정복지센터
사하구,178400602,장림1동주민센터
사하구,178410101,삼창아파트
사하구,178410301,영락교회
사하구,178410401,낙동초등학교
사하구,178410402,낙동초등학교
사하구,178410403,하단오거리
사하구,178430201,장림시장번영2길
사하구,178440101,한성기린아파트
사하구,178450201,(구)괴정2치안센터
사하구,178450202,대티역
사하구,178470101,대티역
사하구,178470102,(구)괴정2치안센터
사하구,178470401,괴정초등학교.대티역
사하구,178510101,하남초등교
사하구,178510201,신평역
사하구,178520301,신평역
사하구,178530201,서부정비
사하구,178540101,강변아파트
사하구,178540301,가락타운2.3단지
사하구,178580301,사하구민 장례식장
사하구,178610101,하단1동행정복지센터
사하구,178660201,동아대학교정문
사하구,178670301,다대초등학교
사하구,178680201,다대큰샘
사하구,178690101,다대코오롱아파트
사하구,178690201,다대롯데캐슬블루
사하구,178690202,다대롯데캐슬블루
사하구,178690301,다대롯데캐슬블루
사하구,178690302,다대롯데캐슬블루
사하구,178700301,낫개역
사하구,178700302,다대현대아파트
사하구,178700303,낫개역
사하구,178700304,다대현대아파트
사하구,178710101,다송중학교
사하구,178710102,다송중학교
사하구,178740201,두송복지관
사하구,178740202,주공4지구117
사하구,178740203,주공4지구120
사하구,178740301,국제그린아파트
사하구,178740302,국제그린아파트2
사하구,178740303,다송아파트
사하구,178750101,국제그린아파트
사하구,178750102,국제그린아파트2
사하구,178750103,다송아파트
사하구,178750201,다송초등학교
사하구,178750202,삼환2차아파트
사하구,178810101,다대5지구복지회
사하구,178810102,롯데캐슬입구
사하구,178810103,몰운대성당
사하구,178810104,몰운대아파트
사하구,178810201,롯데캐슬입구
사하구,178830101,을숙도초등학교
사하구,178830301,을숙도초등학교
사하구,178900101,공과대학
사하구,178900102,공대2호관
사하구,178900103,대학본부
사하구,178910201,동아대학교정문
사하구,178920201,부산여고
사하구,178930201,몰운대아파트10
사하구,178940201,금화맨션
사하구,178940202,동보하이츠아파트(사하구치매안심센터)
서구,178940203,아미까치공영주차장
사하구,178950101,대암아파트
사하구,178950201,사동초등학교
사하구,178960101,삼성타워
사하구,178960201,대암아파트
사하구,178970201,삼성타워
사하구,179000201,사하중학교
사하구,179010201,괴정자유아파트
사하구,179010203,서화의원
사하구,179090101,동원베네스트1차아파트
사하구,179090102,동원아파트상가
사하구,179090201,동원베네스트2차아파트
사하구,179100201,이화한증막
사하구,179100202,자유2차후문
사하구,179100203,자유3차아파트
사하구,179100204,효산신대우빌라
사하구,179110201,양지마을
사하구,179110202,해인정사입구
동래구,179130201,OK슈퍼
동래구,179160201,백제약국
동래구,179170101,농심가
동래구,179180101,동남.동원아파트
동래구,179190101,금정시장
동래구,179190201,농심가
동래구,179190202,동남.동원아파트
동래구,179200101,광제약국
동래구,179200201,금정시장
동래구,179210301,동영아파트
동래구,179230101,대우아파트
동래구,179240201,대우아파트
동래구,179270301,동래럭키아파트
동래구,179280301,동래교육청후문
동래구,179280302,동호탕
동래구,179290101,코끼리자연어린이집
동래구,179290201,한국상사
동래구,179300201,충렬사역.서원시장
동래구,179330201,충렬아파트
동래구,179360201,충렬중학교
동래구,179370301,혜화여고.충렬고
동래구,179370302,충렬고등학교후문
동래구,179380101,혜화여고.충렬고
동래구,179380102,충렬고등학교후문
동래구,179380103,혜화여고.충렬고
동래구,179390301,명장1동행정복지센터
동래구,179390302,명장1동새마을금고
동래구,179390303,명장시장
동래구,179410201,충렬초등학교
동래구,179410301,충렬초등학교
동래구,179430401,내성상회
동래구,179450101,전자공고
동래구,179450102,부산전자공업고등학교
동래구,179490201,명륜역
동래구,179510101,신화아파트
동래구,179510301,동래더샵아파트
남구,179560201,해군예비군훈련장
남구,179560202,SK뷰아파트104동입구
남구,179600301,이기대입구
남구,179600302,이기대입구.용호복지회관
남구,179600303,용호3동행정복지센터
남구,179600401,용문중학교
남구,179610401,무지개다리
남구,179610402,성동아파트
남구,179620101,문현동
남구,179640101,이마트문현점
남구,179650101,국제금융센터.부산은행역
남구,179650102,문전교차로
남구,179650103,국제금융센터.부산은행역
남구,179650104,문전교차로
남구,179650201,성동초등학교입구
남구,179650202,국제금융센터.부산은행역
남구,179650203,성동초등학교입구
남구,179660301,문현교차로
남구,179670301,삼성아파트.문현역
남구,179670302,문현역
남구,179680201,성동초등학교입구
남구,179680202,성동초등학교입구
남구,179680301,문현역
남구,179680302,문현역
남구,179700201,7부두
남구,179740101,문현교차로
남구,179740102,문현지하도
남구,179750201,구우암2동사
남구,179760301,장고개
남구,179760302,배정고등학교삼거리
남구,179770101,아신아파트
남구,179770102,동항성당
남구,179770103,소막마을
남구,179770301,구우암2동사
남구,179780101,남구종합사회복지관
남구,179780102,포부대
남구,179790201,문현3동행정복지센터
남구,179790301,한양아파트
남구,179810201,문현교차로
남구,179810202,지게골역
남구,179810203,문현교차로
남구,179810204,지게골역
남구,179810301,문현교차로
남구,179810302,문현교차로
남구,179820101,장고개
남구,179820201,문현교차로
남구,179830301,문현곱창골목
남구,179830302,문현4동주민복합센터
남구,179830303,동화장식
남구,179830304,금정슈퍼
남구,179840101,문현동부산은행
남구,179840102,대림시티프라자
남구,179840401,문현곱창골목입구
남구,179850101,대연고개
남구,179850201,청호탕
남구,179850301,지게골역
남구,179850302,지게골역
남구,179860101,문현3동행정복지센터
남구,179860201,문현교차로
남구,179860401,문현교차로
남구,179860402,문현교차로
남구,179880301,문현현대아파트
남구,179890101,현대주유소
남구,179890102,문현삼거리
남구,179900101,대연SK뷰아파트
남구,179900102,대연SK뷰아파트
남구,179900201,문현삼거리
남구,179900202,현대주유소
남구,179910101,문현초등학교
남구,179910301,한양아파트
남구,179920101,문현현대아파트
남구,179920102,문현현대1차아파트
남구,179920201,문현초등학교
남구,179920301,문현현대2차아파트
부산진구,179920302,전포보람어린이집
부산진구,179920303,남부산교회
남구,179950201,장백아파트
남구,179960101,소막마을
남구,179960102,동항성당
남구,179960103,아신아파트
남구,179960201,소막마을
남구,179960202,우암초등학교
남구,179960203,우암초등학교
남구,179960301,소막마을
남구,179960302,7부두
남구,180010101,우암뉴서울아파트
남구,180010102,뉴서울아파트
남구,180010103,일신보라아파트
남구,180010301,우암파출소
남구,180020201,우암초등학교
남구,180020202,우암초등학교
남구,180020203,우암새시장입구
남구,180030101,감만창의문화촌
남구,180030201,감만창의문화촌
남구,180030202,감만시장
남구,180050101,남구청.못골역
남구,180050102,못골역
남구,180060201,대연SK뷰아파트
남구,180060202,대연SK뷰아파트
남구,180060203,문현현대1차아파트
남구,180070101,탑마트
남구,180140401,현대아파트
남구,180140501,감만현대2차아파트
남구,180150101,용당동
남구,180150102,부경대용당캠퍼스
남구,180150301,현대오일뱅크
남구,180160101,동천초등학교
남구,180160102,동천초등학교
남구,180160103,동천초등학교
남구,180160105,홈플러스
남구,180160301,우암자유아파트
남구,180170101,남광시장
남구,180170102,석포초등학교
남구,180170103,대우아파트
남구,180170104,석포초등학교
남구,180170105,남광시장
남구,180170201,국제아파트
남구,180170301,동천초등학교
남구,180170302,동천초등학교
남구,180180101,부산박물관
남구,180180102,문화회관입구
남구,180180301,석포초등학교
남구,180180302,남광시장
남구,180180303,남광시장
남구,180180304,대우아파트
남구,180180305,석포초등학교
남구,180190301,남구청후문
남구,180200301,남구청.남부교육지원청
남구,180200302,남구청.남구보건소
남구,180210101,연포초등학교
남구,180210102,세연고등학교
남구,180210103,세연고등학교
남구,180210201,남구청후문
남구,180210302,연포초등학교
남구,180220101,못골시장
남구,180220102,못골시장
남구,180220201,동성하이타운
남구,180220202,롯데슈퍼
남구,180220301,남구청.못골역
남구,180220401,못골사거리
남구,180230301,부산공고
남구,180230302,대연푸르지오클라센트·동림리라
남구,180230303,성지고등학교
남구,180230304,부산공업고등학교후문건널목
남구,180230305,대연푸르지오클라센트·동림리라
남구,180230306,성지고등학교
남구,180230307,부산공업고등학교후문
남구,180250201,세연고등학교
남구,180250301,세연고등학교
남구,180250302,세연고등학교
남구,180250303,해연중학교
남구,180260301,서원유통
남구,180260401,남산2차타워
남구,180260402,동천고등학교
남구,180280301,LG메트로시티입구
남구,180290101,LG메트로시티214동
남구,180290201,자연유치원
남구,180300101,산성교회
남구,180300301,부영카정비
남구,180300302,동성하이타운
남구,180310201,부산공업고등학교정문
남구,180310301,롯데슈퍼
남구,180320301,대천중학교
남구,180320302,대천중학교
남구,180330101,LG메트로시티234동
남구,180340101,부산박물관
남구,180340102,유엔조각공원
남구,180340103,부산박물관.대연4치안센터
남구,180340401,유엔교차로(산성교회)
남구,180340501,대연역.부산은행
남구,180350201,대연역.부산은행
남구,180350301,대연역
남구,180360301,한국도로교통공단
남구,180360302,한국도로교통공단
남구,180370301,남부면허시험장
남구,180380101,대연자이아파트
남구,180380103,대연자이아파트
남구,180380301,유엔조각공원
남구,180380302,부산박물관.대연4치안센터
남구,180390301,부경대대연캠퍼스
남구,180390302,경성대학교입구
남구,180390303,부경대대연캠퍼스
남구,180390304,경성대학교입구
남구,180400401,자연유치원
남구,180410301,하이츠자이아파트
남구,180420101,분포중학교
남구,180420201,메트로유치원
남구,180440201,용당동갓골
남구,180450201,석포여중
남구,180450202,석포여자중학교
남구,180450203,"유엔기념공원, 부산문화회관"
남구,180450301,UN기념공원
남구,180450302,부산박물관.부산문화회관
남구,180460101,동명대학교
남구,180460201,동명불원
남구,180460202,현대아파트
남구,180470101,예문여자고등학교
남구,180470201,동명불원
남구,180480101,동명대학교정문
남구,180480102,한국산업인력공단남부지사
남구,180480201,동명대학교
남구,180480301,동명대학교후문
남구,180480302,동명오거리
남구,180480401,한신문화타운
남구,180480402,한신문화타운
남구,180490201,한신문화타운
남구,180490202,한신문화타운
남구,180490301,석포여중
남구,180490302,석포여자중학교
남구,180510401,유엔공원.부산문화회관
남구,180520101,LG메트로시티입구
남구,180520201,용문중학교
남구,180520401,남부운전면허시험장
남구,180520402,남부운전면허시험장
남구,180530101,솔밭공원
남구,180540101,유엔공원.부산문화회관
남구,180540301,부산박물관.부산문화회관
남구,180550101,부산박물관.부산문화회관
남구,180550102,부산박물관.부산문화회관
남구,180560301,부산박물관
남구,180560302,남부산농협석포지점
남구,180570101,남부운전면허시험장
남구,180570102,남부운전면허시험장
남구,180620301,더비치푸르지오써밋 102동앞
수영구,180620401,부산도시가스
남구,180630101,하이츠자이아파트
남구,180630201,LG메트로시티214동
남구,180640201,못골시장
남구,180640202,못골시장
남구,180640203,못골시장
남구,180670101,경림유통
남구,180680101,대연초등학교
남구,180680102,대연초등학교
남구,180690101,글로리빌딩
남구,180690301,동원로얄듀크아파트
남구,180700101,대연역
남구,180700102,경성대학교
남구,180700103,경성대학교
남구,180700104,대연동제일은행
남구,180700201,대연사거리(대연역)
남구,180700301,대연우체국
남구,180710101,동부변전소
남구,180710401,경동메르빌
남구,180710402,경동메르빌
남구,180720101,영웅주유소
남구,180720201,성모병원.대남초등학교입구
남구,180740101,대연교회
남구,180740102,대연초등학교
남구,180740103,대연교회
남구,180740104,대연초등학교
남구,180740301,대연교회
남구,180740302,대연교회
남구,180750101,경성대.부경대역
남구,180750102,경성대.부경대역
남구,180750201,경성대학교입구
남구,180750202,부경대대연캠퍼스
남구,180750203,경성대학교입구
남구,180750204,부경대대연캠퍼스
남구,180750301,경성대학교
남구,180750302,대연역
남구,180750303,경성대학교
남구,180750304,대연동제일은행
남구,180790101,낙농마을
남구,180790201,경성대.부경대역
남구,180790202,경성대학교후문
남구,180790203,대연롯데캐슬
남구,180790204,대연삼정그린코아더베스트
남구,180790401,대남초등학교
남구,180800101,용호사거리
남구,180800102,이기대입구
남구,180800103,용호3동행정복지센터
남구,180800104,이기대입구.용호복지회관
남구,180800201,용주탕
남구,180800202,용호중학교
남구,180800301,용호시장.용호골목시장
남구,180800302,용호사거리
남구,180800303,부산성모병원
남구,180800304,용호사거리
남구,180800305,용호동우체국
남구,180800306,용호골목시장
남구,180800307,용호시장
남구,180800308,부산성모병원
남구,180800401,솔밭공원
남구,180800402,용호사거리
남구,180810301,남부경찰서
남구,180810302,청구아파트
남구,180810303,남부경찰서
남구,180810304,청구아파트
남구,180830201,장백아파트
남구,180850201,더비치푸르지오써밋
남구,180850203,더비치푸르지오써밋
남구,180860201,용호사거리
남구,180860301,예문여자고등학교
남구,180870101,경성대.부경대역
남구,180870301,대연푸르지오아파트
남구,180870302,대연힐스테이트푸르지오112동
남구,180870303,대연힐스테이트푸르지오중문
남구,180870304,대연삼정그린코아더베스트
남구,180880201,LG메트로시티
남구,180890101,대천중학교
남구,180890102,대천중학교
남구,180890201,한국산업인력공단남부지사
남구,180890202,동명대학교정문
남구,180890203,평화공원
남구,180890204,평화공원
남구,180900101,동명대학교후문
남구,180900102,동명오거리
남구,180900103,동명대학교후문
남구,180900201,용당동
남구,180900202,부경대용당캠퍼스
남구,180900203,신선대부두입구
남구,180910101,백운포고개
남구,180910102,백운포고개
남구,180910201,용호동벽산아파트
남구,180920101,용주탕
남구,180920102,용호동경동아파트
남구,180920103,용호중학교
남구,180930201,삼익아파트
남구,180930202,신원아파트
남구,180930203,삼익아파트
남구,180930204,신원아파트
남구,180950101,못골시장
남구,180980301,남구종합사회복지관
남구,180990101,신연초등학교후문
남구,180990102,신연초등학교
남구,180990201,포부대
남구,181000201,신연초등학교후문
남구,181000202,신연초등학교
남구,181010101,관해암
남구,181010201,대성주택11동
남구,181010202,수정사
남구,181020101,대성주택
남구,181020102,호명사
남구,181020201,대성주택11동
남구,181020202,수정사
남구,181030101,우성아파트
남구,181030102,탑마트
남구,181030201,대성주택
남구,181030202,우성아파트
남구,181030203,호명사
남구,181050201,청호탕
남구,181070101,관해암
남구,181090301,부산공업고등학교사거리
남구,181100101,동성하이타운
남구,181170101,동원로얄듀크아파트
남구,181200201,세연고등학교
남구,181210101,대우아파트
남구,181210102,대우아파트
남구,181230101,부산예술대학
남구,181240301,부산예술대학
남구,181300101,SK뷰아파트104동입구
남구,181300102,해군예비군훈련장
남구,181300301,부산해군회관
남구,181350101,솔개삼거리
남구,181350102,현대1차아파트
남구,181350201,현대아파트
남구,181350301,감만동
남구,181350401,동항초등학교
남구,181360101,감만시장
남구,181360201,감만동
남구,181360301,감만시장
남구,181370201,현대오일뱅크
남구,181380201,성도주택
남구,181410101,성도주택
남구,181410301,부경대학교후문
남구,181410302,유창그린아파트
남구,181420101,해양맨션
남구,181440201,유창그린아파트
남구,181450101,평화탕
남구,181460101,이원맨션
남구,181460201,감만시장
남구,181460202,평화탕
남구,181480101,이원맨션
남구,181480201,동항중학교
남구,181480202,동항중학교아랫골목
남구,181490101,한림맨션
남구,181490201,동항중학교
남구,181490202,동항중학교아랫골목
남구,181500301,대유그린빌
남구,181540201,안전가스상사
남구,181540301,한림맨션
남구,181550101,대유그린빌
남구,181550201,국제아파트
남구,181560201,자유5차아파트
남구,181570201,백운포고개
남구,181570202,백운포고개
남구,181570301,부산성모병원
남구,181570302,용호시장.용호골목시장
남구,181570303,용호시장.용호골목시장
남구,181570304,용호사거리
남구,181570305,부산성모병원
남구,181570306,용호시장
남구,181570307,용호골목시장
남구,181570308,용호동우체국
남구,181570309,용호사거리
남구,181640101,연포초등학교
남구,181640102,해연중학교
남구,181640201,대연롯데캐슬레전드후문
남구,181640301,연포초등학교
남구,181650101,마마빌라
남구,181650102,중앙고등학교
남구,181660101,대연롯데캐슬레전드후문
남구,181660102,일산아파트
남구,181660201,마마빌라
남구,181660202,중앙고등학교
남구,181660203,일산아파트
남구,181670201,백운포
남구,181680101,백운포
북구,181690301,유림아파트
북구,181700101,금곡화목아파트
북구,181710101,금곡주공1단지
북구,181710201,금곡동부산은행
북구,181710302,금곡주차장
북구,181720202,금곡주차장
북구,181730101,금곡동부산은행
북구,181730301,금곡동새마을금고
북구,181740101,금곡동국민은행
북구,181740201,유림아파트
북구,181740301,금곡중학교
북구,181740302,금곡중학교
북구,181750101,금곡동새마을금고
북구,181750301,금곡동국민은행
북구,181760301,금곡화목아파트
북구,181810101,대림아파트
북구,181810102,대림아파트
북구,181810103,화명롯데캐슬아파트
북구,181810201,북부경찰서
북구,181810202,북부경찰서
북구,181820101,수정역
북구,181820102,수정역
북구,181820301,수정강변타운후문
북구,181820302,구룡사
북구,181820303,성훈강변아파트
북구,181820304,구룡사
북구,181830201,롯데캐슬카이저남문
북구,181850101,화신중학교.화명역
북구,181850102,화신중학교
북구,181850103,화명역.화신중
북구,181860101,금곡동행정복지센터
북구,181860102,금곡동행정복지센터
북구,181870201,금곡주공5단지
북구,181870301,금곡동행정복지센터
북구,181870302,금곡동행정복지센터
북구,181890301,율리역
북구,181890302,율리역
북구,181900301,화명정수장입구
북구,181900302,화명현대아파트
북구,181900401,와석
북구,181930101,와석
북구,181930102,와석
북구,181930201,대림아파트
북구,181930202,와석
북구,181930203,대림아파트
북구,182110201,만덕삼성아파트.만덕역
북구,182110202,만덕2동행정복지센터
북구,182110203,만덕2동주민센터
북구,182110204,만덕삼성아파트
북구,182120201,만덕교차로
북구,182120202,만덕역.만덕사거리
북구,182120301,만덕역
북구,182120501,만덕성당
북구,182140401,백양디이스트101동
북구,182140402,굿모닝힐상가
북구,182140403,백양초등학교
북구,182150201,숙등역.부민병원
북구,182180101,구포역
북구,182180102,구포역
북구,182180103,구포역
북구,182210101,구포역
북구,182210103,동원로얄듀크비스타
북구,182210301,구포역
북구,182210302,구포역
북구,182230101,석불사입구
북구,182230301,만덕교차로.만덕역
북구,182240101,만덕성당
북구,182250401,남산정역
북구,182250402,남산정역4번출구
북구,182260101,남산정역
북구,182260102,남산정역5번출구
북구,182260201,삼정그린코아아파트
북구,182260301,메가마트
북구,182270201,구포전화국
북구,182270202,숙등역
북구,182270203,구포전화국
북구,182270204,덕천1동주민센터
북구,182270205,부민병원.덕천교회
북구,182270206,숙등역4번출구
북구,182280101,숙등역
북구,182280102,구포전화국
북구,182280103,구포전화국
북구,182280104,덕천1동주민센터
북구,182280105,숙등역1번출구
북구,182280106,숙등역5번출구
북구,182280201,덕천주공입구
북구,182280202,덕천주공입구
북구,182280301,덕천역
북구,182280302,덕천역
북구,182280401,숙등역.부민병원
북구,182290101,덕천역
북구,182290102,덕천역
북구,182290103,부민병원.덕천교회
북구,182320201,벽산아파트
북구,182320202,벽산아파트
북구,182320301,율리역
북구,182320302,율리역
북구,182330401,덕천교차로
북구,182330402,덕천교차로
북구,182360301,낙동고등학교
북구,182380101,구포시장동문
북구,182380102,구포시장입구
북구,182390301,(구)고려당제과점
북구,182390302,고려당제과점
북구,182400101,금수선사
북구,182410201,태평양아파트
북구,182410202,포천초교.태경해피타운
북구,182410301,백조탕
북구,182420101,백산초등학교
북구,182420301,만덕그린코아
북구,182430101,만덕그린코아
북구,182430102,그린코아사거리
북구,182430201,동원아파트
북구,182430301,백산공영주차장
북구,182430302,벽산아파트
북구,182430401,이노비즈센터
북구,182430402,만덕현대아파트
북구,182430403,이노비즈센터
북구,182440201,만덕3주공아파트
북구,182440301,그린코아아파트후문
북구,182440302,롯데아파트
북구,182440303,만덕럭키아파트후문
북구,182440304,부산노인전문병원
북구,182440305,성원사입구
북구,182450101,한성아파트
북구,182450102,벽산아파트
북구,182450201,롯데아파트
북구,182450202,럭키아파트후문
북구,182450203,부산노인전문병원
북구,182450204,그린코아아파트후문
북구,182450205,성원사입구
북구,182450301,청우파크
북구,182450302,양천초등학교
북구,182450303,덕천주공아파트
북구,182450304,덕천3동주민센터
북구,182450305,덕천주공아파트
북구,182450306,양천초등학교
북구,182450307,청우파크맨션
북구,182460101,구남역.구남중학교
북구,182460102,백양고입구
북구,182460103,구남역
북구,182460104,백양고입구
사상구,182460301,구포현대아파트
사상구,182460302,구포현대아파트
북구,182490101,화명유림아파트
북구,182490301,화명정수장입구
북구,182490302,화명현대아파트
북구,182500101,화인유통
북구,182520101,옥천사입구
북구,182520201,만덕동일아파트입구
북구,182530101,기비골아파트104동
북구,182530102,기비골아파트101동입구
북구,182530103,기비골아파트101동후문
북구,182530301,도개공아파트110동
북구,182530302,도개공아파트115동
북구,182530303,도개공아파트116동
북구,182570101,대천천마을공동주차장
북구,182570201,장원아파트
북구,182570202,대천리중학교
북구,182570203,푸르지오헤리센트아파트
북구,182570204,북구보건소
북구,182570205,그린숲속아파트
북구,182570206,장원아파트
북구,182570207,금화횟집
북구,182570208,푸르지오헤리센트
북구,182570209,북구보건소
북구,182570301,코오롱아파트
북구,182570302,정화양로원
북구,182570303,경남아파트
북구,182580101,애기소
북구,182590101,한중병원
사상구,182590102,북구청
북구,182590103,한중병원
사상구,182590401,북구청
북구,182600301,구포축산물도매시장
북구,182610101,북구청
사상구,182610201,북부자동차학원
북구,182610301,북구청
북구,182620101,구명역
북구,182620102,구포초등학교
북구,182620201,구포교회
북구,182620202,새생명교회
북구,182620301,구남시장
북구,182620302,구남시장
북구,182630101,구포삼거리
북구,182630102,구포삼거리
북구,182630103,구포삼거리
북구,182640201,석불사입구
북구,182660202,구포종점
북구,182660301,구포역
북구,182670101,금곡주공7단지
북구,182670102,금곡종합사회복지관
북구,182670103,금곡종합사회복지관
북구,182670104,금곡주공7단지
북구,182670201,금곡주공9단지
북구,182670202,금곡주공4단지
북구,182670203,금곡주공4단지
북구,182670204,금곡주공9단지
북구,182680101,금곡주공6단지
북구,182680102,유림1차아파트
북구,182680201,금곡주공5단지
북구,182680301,금곡주공4단지
북구,182680302,금곡주공9단지
북구,182680303,금곡주공4단지후문
북구,182680304,금곡주공4단지
북구,182680305,금곡주공9단지
북구,182690201,낙동고등학교
북구,182690301,롯데캐슬카이저남문
북구,182700101,금곡중학교
북구,182700102,금곡중학교
북구,182700301,금곡종합사회복지관
북구,182700302,금곡주공7단지
북구,182700303,금곡종합사회복지관
북구,182700304,금곡주공7단지
북구,182710201,금곡주공3단지
북구,182710301,금곡주공1단지
북구,182720101,금곡주공3단지
북구,182750201,금곡주공5단지
북구,182750301,금곡주공6단지
북구,182750302,유림1차아파트
북구,182760201,북구보건소.인도네시아센터
북구,182760301,벽산아파트
북구,182760302,벽산아파트
북구,182790101,정화양로원
북구,182790102,경남아파트
북구,182790103,코오롱아파트
북구,182810101,만덕2동행정복지센터
북구,182810102,만덕삼성아파트.만덕역
북구,182810302,백양상가
북구,182810401,백양디이스트아파트
북구,182810402,부산은행
북구,182820101,대성아파트입구
북구,182820201,백양디이스트아파트
북구,182850201,만덕도서관
북구,182850301,만덕신협2동지점
북구,182850401,백양디이스트401동
북구,182860301,백양디이스트304동
북구,182870101,이노비즈센터
북구,182870102,만덕우체국
북구,182870103,이노비즈센터
북구,182870301,남산정역1번출구
북구,182880201,백산공영주차장
북구,182880301,한성아파트
북구,182900101,만덕1동행정복지센터
북구,182900301,만덕시장입구
북구,182900302,만덕초등학교
북구,182900303,대진아파트
북구,182910102,만덕1동행정복지센터
북구,182920101,북부산농협신만덕지점
북구,182920102,만덕2치안센터
북구,182920103,북부산농협신만덕지점
북구,182940101,만덕3주공아파트
북구,182940201,만덕고등학교
북구,182940202,신덕중학교
북구,182960101,만덕고등학교
북구,182960102,신덕초등학교
북구,182970201,북구청
북구,182970202,구포부민병원
북구,182970301,구포삼거리
북구,182970302,구포삼거리
북구,182990301,덕천주공입구
북구,183000301,덕천초등학교후문
북구,183000302,한라아파트
북구,183010301,구포시장동문
북구,183020101,북부경찰서
북구,183020102,북부경찰서
북구,183020301,화명중학교
북구,183020302,화명중학교
북구,183030101,화명중학교
북구,183030102,화명중학교
북구,183030201,수정역
북구,183030202,수정강변타운후문
북구,183030203,수정역
북구,183040201,북구보건소
북구,183050101,북구보건소.인도네시아센터
북구,183050102,북구보건소
북구,183050201,북구보건소
북구,183050202,푸르지오헤리센트아파트
북구,183050203,장원아파트
북구,183050204,대천리중학교
북구,183050205,푸르지오헤리센트
북구,183050206,금화횟집
북구,183050207,장원아파트
북구,183050208,그린숲속아파트
북구,183050209,북구보건소
북구,183050301,화신중학교.화명역
북구,183050302,화신중학교
북구,183050303,화명역
북구,183060101,청우파크
북구,183060102,덕천주공아파트
북구,183060103,양천초등학교
북구,183060104,덕천3동주민센터
북구,183060105,덕천주공아파트
북구,183060106,양천초등학교
북구,183060107,청우파크맨션
북구,183100101,구포시장남문.반도유보라아파트
북구,183100301,구포초등학교
북구,183100302,구명역
북구,183120201,구포시장남문.반도유보라아파트
북구,183130201,덕천교차로
북구,183140101,구포시장종점
북구,183140102,구포시장
북구,183140201,구포시장
북구,183140202,구포시장
북구,183140301,구포종점
북구,183160201,화명유림아파트
북구,183190201,금수선사
북구,183210101,태평양아파트
북구,183220201,포천삼거리
북구,183220202,포천삼거리
북구,183230301,부산솔로몬로파크
북구,183230401,태양탕
북구,183230402,구포대진아파트
북구,183230403,구포대진아파트
북구,183230404,태양탕
북구,183240101,포천삼거리
북구,183250101,부산과학기술대학교
북구,183250102,부산과학기술대학교
북구,183260301,부산과학기술대학교
북구,183280101,구포3동행정복지센터
북구,183280102,포천초교.태경해피타운
북구,183280103,구포3동주민센터
북구,183280104,포천초등학교
북구,183280201,구포3동행정복지센터
북구,183290101,덕천교차로
북구,183290102,덕천교차로
북구,183290301,덕천교차로
북구,183330101,백운공원
북구,183330102,백양산베스티움에코포레
북구,183340201,관음사
북구,183370201,백양중학교
북구,183390101,백양중학교
북구,183450101,구남시장
북구,183450102,구남시장
북구,183450301,구남역.구남중학교
북구,183450302,백양고입구
북구,183450303,구남역
북구,183450304,백양고입구
북구,183480101,만덕도서관
북구,183480102,예림슈퍼
북구,183500101,일동아파트
북구,183510201,구포시장
북구,183510202,구포시장
북구,183690101,도개공아파트110동
북구,183690102,도개공아파트116동
북구,183690103,화인유통
북구,183700101,유림아파트.부산학생예술문화회관
북구,183700102,유림아파트상가
북구,183700201,부산학생예술문화회관.유림아파트
북구,183710101,유림아파트입구
북구,183720301,부산솔로몬로파크
북구,183750201,동성아파트상가
북구,183790201,한국빌라
북구,183810201,구포대우아파트
북구,183830201,청송빌라
북구,183880201,유림아파트
북구,183920201,백양노인정
북구,183940201,느루식당
북구,183950201,한신아파트정문
북구,183960101,한신아파트정문
북구,183970101,한신아파트중문
북구,183970102,한신아파트후문
북구,184020101,동원아파트
북구,184020102,만덕럭키아파트
북구,184020201,그린코아아파트
북구,184020202,만덕럭키아파트
북구,184030101,화명농원입구
북구,184030201,애기소
북구,184030202,대천천마을공동주차장
북구,184050101,화명수목원
북구,184050201,화명농원입구
북구,184060201,화명수목원
북구,184080101,구포3동
북구,184100101,구포3동
해운대구,184130301,송정해수욕장
해운대구,184130302,송정
해운대구,184160101,반여농산물도매시장
해운대구,184180101,반송본동
해운대구,184180102,윗반송역
해운대구,184180103,반송본동
해운대구,184180201,본동
해운대구,184180202,송운초등학교
해운대구,184190201,석대사거리
해운대구,184210101,과정교
해운대구,184220202,원동IC교차로
해운대구,184230201,원동IC교차로
해운대구,184230301,원동IC교차로
해운대구,184250301,동부지청
해운대구,184260101,동부지청
해운대구,184270101,동해선벡스코역
해운대구,184270102,동해선벡스코역
해운대구,184270303,센텀고등학교
해운대구,184270304,센텀센시빌
해운대구,184300201,롯데백화점센텀시티점
해운대구,184320401,시청자미디어센터.KNN방송국
해운대구,184320402,시청자미디어센터.KNN방송국
해운대구,184340201,시청자미디어센터.KNN방송국
해운대구,184340401,SK텔레콤
해운대구,184340402,SK텔레콤
해운대구,184350201,SK텔레콤
해운대구,184350202,SK텔레콤
해운대구,184350401,센텀중학교
해운대구,184380102,IS타워
해운대구,184380201,센텀중학교
해운대구,184380401,센텀파크
해운대구,184380402,센텀초등학교
해운대구,184380403,센텀스타
해운대구,184380404,센텀초등학교
해운대구,184380405,센텀파크.부산은행
해운대구,184410101,유창맨션
해운대구,184410102,재송초등학교
해운대구,184410103,재송농협
해운대구,184410104,유창맨션
해운대구,184410105,재송농협
해운대구,184410106,재송초등학교
해운대구,184410402,동해선센텀역
해운대구,184420103,센텀고등학교
해운대구,184420104,센텀센시빌
해운대구,184430102,센텀롯데캐슬아파트
해운대구,184430103,인지초등학교
해운대구,184440101,(구)강변자동차매매단지
해운대구,184440301,세월교입구.선수촌아파트
해운대구,184450201,신촌입구
해운대구,184450202,장산성당
해운대구,184450301,(구)강변자동차매매단지
해운대구,184460201,반송보건지소
해운대구,184460202,반송시장
해운대구,184460203,반송보건지소
해운대구,184460204,반송시장
해운대구,184470201,반송우체국.영산대역
해운대구,184470301,반송초등학교
해운대구,184470302,옹기골
해운대구,184470303,석대역
해운대구,184470304,석대동
해운대구,184470305,석대화훼단지
해운대구,184480101,석대동
해운대구,184480102,석대화훼단지
해운대구,184480103,석대역
해운대구,184480104,옹기골
해운대구,184480105,반송초등학교
해운대구,184480201,반여농산물도매시장동문
해운대구,184480202,반여농산물시장역
해운대구,184480301,반여농산물도매시장
기장군,184490101,당사입구
기장군,184490102,내리
기장군,184490103,내리초등학교
해운대구,184510101,반송보건지소
해운대구,184510102,반송보건지소
해운대구,184510301,반송1동주민센터
해운대구,184520101,반송주공아파트
해운대구,184520301,고촌역.대진여객
해운대구,184530301,송운초등학교
해운대구,184530302,본동
해운대구,184540101,풍산금속
해운대구,184540201,반여농산물도매시장남문
해운대구,184540301,반여농산물도매시장동문
해운대구,184550101,중리
해운대구,184550102,반석초등학교
해운대구,184550201,중리
해운대구,184560101,디지털엣지코리아
해운대구,184560102,부산디자인진흥원
해운대구,184570101,반송도개공입구
해운대구,184570102,남흥아파트
해운대구,184570103,반송주공아파트입구
해운대구,184580101,반송주공아파트
해운대구,184580201,삼한아파트
해운대구,184580202,반송주공아파트입구
해운대구,184590101,반여2동
해운대구,184590102,수협장산지점
해운대구,184590201,반산초등학교
해운대구,184590202,반산초등학교
해운대구,184590301,반여시장입구
해운대구,184590302,더샵센텀그린
해운대구,184590303,재송삼익아파트
해운대구,184590304,반여시장
해운대구,184590305,해운대구건강생활지원센터
해운대구,184600101,센텀파미르아파트
해운대구,184600102,반여시장입구
해운대구,184600103,재송삼익아파트
해운대구,184600104,반여시장
해운대구,184600105,해운대구건강생활지원센터
해운대구,184600106,반여시장입구
해운대구,184600107,센텀파미르
해운대구,184600108,재송삼익아파트
해운대구,184600301,원동IC교차로
해운대구,184640101,일동아파트
해운대구,184640102,송보자유아파트
해운대구,184640201,센텀SK뷰아파트
동래구,184640202,안락현대아파트
해운대구,184640203,우방아파트
해운대구,184640204,센텀SK뷰아파트113동
해운대구,184650101,벽산한솔타운
해운대구,184650102,센텀강변현대아파트
해운대구,184650103,센텀SD아파트정문
해운대구,184650104,센텀SD아파트후문
해운대구,184650105,우신아파트
금정구,184650106,대우아파트
해운대구,184650301,일동아파트
해운대구,184650302,송보자유아파트
해운대구,184650401,벽산한솔타운아파트
해운대구,184710101,무정리길
해운대구,184710102,선수촌아파트118동
해운대구,184710103,인지초등학교
해운대구,184710104,선수촌아파트정문
해운대구,184710105,센텀롯데캐슬3차아파트
해운대구,184710201,무정초등학교
해운대구,184710202,무정초등학교
해운대구,184730101,부일교회
해운대구,184730102,재송시장입구
해운대구,184730202,해운대경찰서
해운대구,184730203,해운대경찰서
해운대구,184730302,동해선재송역
해운대구,184740302,해운대경찰서
해운대구,184740303,해운대경찰서
해운대구,184750101,센텀동부센트레빌
해운대구,184750102,재송농협
해운대구,184750402,동부지청어귀교차로
해운대구,184790101,재송초등학교
해운대구,184790102,재송노인복지회관
해운대구,184790103,유창맨션
해운대구,184790104,재송초등학교
해운대구,184790201,재송농협
해운대구,184790202,센텀동부센트레빌
해운대구,184800201,재송농협
해운대구,184800202,재송농협
해운대구,184800301,재송시장입구
해운대구,184800302,부일교회
해운대구,184800303,부일교회
해운대구,184800304,재송시장
해운대구,184810101,인지중학교
해운대구,184810201,무정리길
해운대구,184810202,선수촌아파트정문
해운대구,184810203,센텀롯데캐슬3차아파트
해운대구,184810302,센텀롯데캐슬아파트
해운대구,184820101,반여3동
해운대구,184820102,반여초등학교
해운대구,184820201,인지중학교
해운대구,184820202,인지초등학교
해운대구,184820401,영진종합사회복지관
해운대구,184840301,반여농산물시장서문
해운대구,184860101,동해선송정역
해운대구,184860102,송정2휴먼시아
해운대구,184860103,송정해수욕장입구(기종점)
해운대구,184860104,브라보주유소
해운대구,184860201,송정
해운대구,184860202,송정해수욕장
해운대구,184860301,송정1단지주공
해운대구,184870101,반송시장
해운대구,184870102,반송시장
해운대구,184870301,반송우체국.영산대역
해운대구,184880201,반송골목시장
해운대구,184900201,영산대학교입구
해운대구,184900202,성주탕
해운대구,184900301,반송골목시장
해운대구,184910101,영산대학교입구
해운대구,184910102,성주탕
해운대구,184910201,모던홈마트
해운대구,184950101,장산초등학교
해운대구,184950102,한화꿈에그린아파트
해운대구,184950103,장산중학교.꿈에그린아파트
해운대구,184950201,반여동부산은행
해운대구,184950202,왕자아파트.반여동부산은행
해운대구,184980101,반여3동
해운대구,184980301,수협장산지점
해운대구,184980302,반여2동
해운대구,184990101,동부지청
해운대구,184990201,동부지청입구
해운대구,184990301,동부지청입구
해운대구,185000101,반산초등학교
해운대구,185000201,남성선파크타운
해운대구,185000301,재송중학교
해운대구,185000302,재송그린아파트
해운대구,185000303,재송그린아파트
해운대구,185000304,재송중학교
해운대구,185010101,재송그린아파트
해운대구,185010102,재송그린아파트
해운대구,185010201,KT재송지사
해운대구,185010301,동부지청
해운대구,185030301,남성선파크타운
해운대구,185040101,무정초등학교
해운대구,185040102,무정초등학교
해운대구,185040201,센텀롯데캐슬2차아파트
해운대구,185040301,무정삼거리
해운대구,185040302,무정삼거리
해운대구,185040303,드파인센텀.센텀스위첸
해운대구,185050101,센텀롯데캐슬2차아파트
해운대구,185060302,센텀스타
해운대구,185070101,올림픽교차로환승센터
해운대구,185070202,홈플러스
해운대구,185070303,동해선벡스코역
해운대구,185100201,센텀시티역.벡스코
해운대구,185100202,센텀시티2번출구
해운대구,185110101,시립미술관(벡스코)
해운대구,185110301,벡스코
해운대구,185120101,벡스코
해운대구,185130101,센텀시티역.벡스코
해운대구,185130103,센텀시티1번출구
해운대구,185130401,롯데백화점센텀시티점
해운대구,185130402,센텀시티4번출구
해운대구,185160301,신세계센텀시티
해운대구,185170301,센텀시티
해운대구,185220101,신세계센텀시티
해운대구,185270101,해강중고교
해운대구,185300502,벡스코.시립미술관
해운대구,185320101,요트경기장
해운대구,185320301,해강중고교
해운대구,185410203,중동119안전센터
해운대구,185410204,동백초등학교
해운대구,185410205,중2동행정복지센터
해운대구,185420101,동백초등학교.해운대보건소
해운대구,185430301,신동아아파트
해운대구,185440301,아림비치맨션
해운대구,185490201,우성빌라트
해운대구,185490202,동백초등학교.힐스테이트위브아파트
해운대구,185490203,현우산호맨션
해운대구,185490301,동백초등학교.힐스테이트위브아파트
해운대구,185510401,SK뷰아파트
해운대구,185510402,경남선경아파트
해운대구,185520101,해월정사어귀삼거리
해운대구,185520102,새터
해운대구,185520103,슈퍼앞
해운대구,185530301,부대앞
해운대구,185580201,해운대해수욕장
해운대구,185580301,동백섬입구
해운대구,185600101,벽산아파트
해운대구,185600102,벽산아파트
해운대구,185610201,장산역.화목아파트
해운대구,185620101,대우2차아파트
해운대구,185620201,한라아파트
해운대구,185620202,한라아파트
해운대구,185620401,부흥고.해운대백병원
해운대구,185630401,동일아파트
해운대구,185660101,좌동재래시장입구
해운대구,185660401,좌동재래시장
해운대구,185690101,대우아파트
해운대구,185690102,대우.상록아파트
해운대구,185760101,해운대해수욕장
해운대구,185760201,해운대해수욕장
해운대구,185770102,그랜드조선부산호텔
해운대구,185770201,해운대해수욕장입구
해운대구,185820101,중동역.순복음교회
해운대구,185820102,코오롱아파트
해운대구,185830301,코오롱아파트
해운대구,185830302,중동역.순복음교회
해운대구,185840201,한일아파트
해운대구,185840301,LH뜨란채아파트
해운대구,185870301,벽산아파트
해운대구,185900301,중1동
해운대구,185910101,중1동
해운대구,185910301,중1동
해운대구,185930201,해운대시장
해운대구,185950301,해운대구청
해운대구,185950302,해운대구청
해운대구,185960401,해운대도시철도역
해운대구,186000301,건널목삼거리
해운대구,186010201,건널목삼거리
해운대구,186010301,건널목삼거리
해운대구,186010302,해운대고교
해운대구,186020301,해운대고교
해운대구,186030201,중1동
해운대구,186080301,미포.문탠로드입구
해운대구,186080302,미포.문탠로드입구
해운대구,186090203,중동119안전센터
해운대구,186090204,동백초등학교
해운대구,186090205,중2동행정복지센터
해운대구,186100301,동백중학교
해운대구,186120301,장산역.웅신시네아트
해운대구,186130102,장산역
해운대구,186130103,장산역
해운대구,186130201,장산역
해운대구,186140101,동백중학교
해운대구,186160201,동일아파트
해운대구,186160401,이마트.중동역
해운대구,186180101,동백섬입구
해운대구,186190401,대동아파트
해운대구,186190402,대림1차아파트
해운대구,186200201,동부아파트
해운대구,186200202,동신아파트
해운대구,186200301,해운대교육지원청
해운대구,186210101,대림1차아파트
해운대구,186210102,대동아파트
해운대구,186210301,대림3차아파트
해운대구,186210302,양운초등학교
해운대구,186220301,신도시시장.아세안문화원
해운대구,186260101,부산문화여고
해운대구,186260201,요트경기장
해운대구,186280101,동백섬
해운대구,186300101,장산역13번출구
해운대구,186310101,한일아파트
해운대구,186330201,현대아파트
해운대구,186330202,현대아파트
해운대구,186360301,좌동재래시장입구
해운대구,186370101,해운대교육지원청
해운대구,186410301,해운대구청어귀삼거리
해운대구,186410302,해운대구청어귀삼거리
해운대구,186420101,영남아파트
해운대구,186420201,SK뷰아파트
해운대구,186420202,경남선경아파트
해운대구,186420301,상록아파트107동앞
해운대구,186420401,대우아파트
해운대구,186420402,대우.상록아파트
해운대구,186430101,SK뷰아파트
해운대구,186430301,해운대보건소
해운대구,186430401,상록아파트
해운대구,186430402,상록아파트
해운대구,186450101,신도시시장.아세안문화원
해운대구,186450201,부흥고.해운대백병원
해운대구,186450401,동신아파트
해운대구,186450402,동부아파트
해운대구,186460201,좌동재래시장
해운대구,186500401,신동아아파트
해운대구,186580401,공작맨션
해운대구,186600101,우1치안센터
해운대구,186600102,해운대관광고등학교
해운대구,186610101,공작맨션
해운대구,186610201,해운대관광고등학교
해운대구,186610202,우1치안센터
해운대구,186640201,요트경기장.경남마리나아파트
해운대구,186660401,대우마리나아파트
해운대구,186670301,마린시티
해운대구,186700301,요트경기장.경남마리나아파트
해운대구,186710201,대우마리나아파트
해운대구,186720101,우성빌라트
해운대구,186720102,현우산호맨션
해운대구,186720301,동해사
해운대구,186750101,송정1단지주공
해운대구,186750102,송정해수욕장입구
해운대구,186750201,광어골입구
해운대구,186770101,광어골입구
해운대구,186770201,KT송정타워
해운대구,186780201,해운대문화회관
해운대구,186800101,동일아파트
해운대구,186900201,이마트.중동역
해운대구,186910301,삼정코아아파트
해운대구,186920201,삼정코아아파트
해운대구,186920303,장산역
해운대구,186950301,장산역.해운대문화회관
해운대구,186980301,동일아파트
해운대구,187000101,KT송정타워
해운대구,187020101,양운초등학교
해운대구,187020102,대림3차아파트
해운대구,187020201,신성아파트
해운대구,187060101,한마음스포츠센터
해운대구,187090101,우일시장
해운대구,187150101,부대앞
해운대구,187170301,영남아파트
해운대구,187180101,해운대구청어귀삼거리
해운대구,187200201,미포.문탠로드입구
해운대구,187200202,미포.문탠로드입구
해운대구,187220101,해운대온천사거리
해운대구,187220102,해운대온천사거리
해운대구,187220201,해운대온천사거리
해운대구,187340201,우일시장
해운대구,187380101,새터
해운대구,187380102,슈퍼앞
해운대구,187380103,청사포
해운대구,187380104,해월정사어귀삼거리
해운대구,187380104,해월정사어귀삼거리
해운대구,187410201,중동119안전센터
해운대구,187410301,중동우체국
해운대구,187420101,중동119안전센터
해운대구,187430101,일신하일라빌라.경동메르빌골드
해운대구,187440201,일신하일라빌라.경동메르빌골드
해운대구,187470101,해월정입구
해운대구,187480101,달맞이요양병원
해운대구,187480201,해월정입구
해운대구,187490201,달맞이요양병원
해운대구,187500101,송림마트
해운대구,187510201,송림마트
해운대구,187520101,달맞이성당
해운대구,187530201,달맞이성당
해운대구,187540101,추리문학관
해운대구,187550201,추리문학관
해운대구,187560101,동해사
해운대구,187570101,반여동탑마트
해운대구,187590101,삼어교입구.선수촌아파트
해운대구,187590201,장산초등학교
해운대구,187590202,한화꿈에그린아파트
해운대구,187590203,반여1동행정복지센터
해운대구,187600301,브라보주유소
해운대구,187600302,송정2휴먼시아
해운대구,187600303,동해선송정역
해운대구,187600304,송정해수욕장입구
해운대구,187600404,송정역
해운대구,187630101,동해선센텀역
해운대구,187630102,더샵센텀스타아파트
해운대구,187640301,왕자맨션
해운대구,187730201,혜성골든타운
해운대구,187750201,센텀글로리아아파트
해운대구,187780201,센텀그린타워아파트
해운대구,187800101,센텀동국아파트
해운대구,187810201,KT재송지사
해운대구,187940301,반석초등학교
해운대구,187960101,왕자맨션
해운대구,187960102,영원프라자
해운대구,187970101,왕자맨션
사하구,187990301,삼경아파트후문
사하구,188010201,부경보건고등학교
사하구,188010202,장림여중
사하구,188020101,부경보건고등학교
사하구,188020102,삼경아파트후문
사하구,188020103,장림여중
사하구,188020201,협진태양맨션
사하구,188030201,협진태양맨션
사하구,188030301,장림2치안센터
사하구,188040101,강남아파트
사하구,188040102,국제마마아파트
사하구,188040201,벽산마마아파트
사하구,188050301,강남아파트
사하구,188050302,국제마마아파트
사하구,188050303,협성르네상스
사하구,188050401,벽산아파트
사하구,188060101,동원자동차정비공업사
사하구,188060102,103번종점
사하구,188060103,자연병원
사하구,188060201,벽산마마아파트
사하구,188060301,벽산아파트
사하구,188060302,협성르네상스타운아파트
사하구,188070301,부산현대미술관
사하구,188090101,동매교사거리
사하구,188090201,사남초등학교
사하구,188090202,사남신익아파트
사하구,188090203,신평배고개
사하구,188090401,신평
사하구,188090402,신평배고개
사하구,188100201,한성기린APT
사하구,188110101,원영조선
사하구,188110201,정현냉동
사하구,188110202,정현냉동
사하구,188110402,구평삼거리
사하구,188120201,부산천연가스발전소
사하구,188120202,감천1동주민센터
사하구,188120203,부일고등학교
사하구,188130101,수협
사하구,188130102,감천우체국
사하구,188130103,감천2동
사하구,188130201,감천사거리
사하구,188130202,남성한빛가든
사하구,188130203,감천초등학교
사하구,188130301,감천119안전센터
사하구,188130302,감천119안전센터
사하구,188130303,감천초등학교
사하구,188130304,대한수산
사하구,188130305,원스탑마트
사하구,188130504,감천2동
사하구,188130505,감천사거리
사하구,188130506,수협
사하구,188170101,대티터널입구
사하구,188220301,두송중학교
사하구,188220401,대선조선
사하구,188230401,두송중학교
사하구,188240201,한진해운
사하구,188240202,인터지스보세창고
사하구,188240301,(주)모든석유(세방)
사하구,188240302,세방
사하구,188240303,인터지스보세창고
사하구,188260201,(주)모든석유(세방)
사하구,188260202,세방
사하구,188260301,안구평
사하구,188260302,정현냉동
사하구,188260303,구평동
사하구,188260304,정현냉동
사하구,188310101,두송복지관
사하구,188310102,주공4지구117
사하구,188310103,주공4지구120
사하구,188320201,다송중학교
사하구,188320202,다송중학교
사하구,188330101,을숙도문화회관
사하구,188340101,을숙도
사하구,188340201,을숙도문화회관
사하구,188340202,을숙도
사하구,188410201,신평2동교차로
사하구,188410202,한국주철관
사하구,188410203,신평2동교차로
사하구,188410204,한국주철관
사하구,188410301,경도산업
사하구,188410302,한창섬유
사하구,188420101,코오롱·무지개아파트
사하구,188420102,동성화학
사하구,188420103,삼진냉장
사하구,188420301,동성화학
사하구,188420302,신평역
사하구,188430101,한국주철관
사하구,188430102,신평2동교차로
사하구,188430103,신평2동교차로
사하구,188430104,한국주철관
사하구,188430301,장림포구입구
사하구,188430302,장림포구(서부산자동차)
사하구,188450201,신남초등학교
사하구,188450202,신남초등교
사하구,188450301,신남초등학교
사하구,188470301,가락타운2.3지구
사하구,188490301,강변아파트
사하구,188500101,가락타운104동
사하구,188500102,가락타운115동
사하구,188510201,장림1동행정복지센터
사하구,188510202,장림1동주민센터
사하구,188510301,동원로얄아파트입구
사하구,188520101,장림포구입구
사하구,188520102,장림포구(서부산자동차)
사하구,188530201,도시가스
사하구,188530202,일진종합상사
사하구,188550201,장림초등학교
사하구,188550202,장림초등학교
사하구,188550401,장림중소기업은행
사하구,188550402,장림시장
사하구,188550403,장림시장
사하구,188550404,중소기업은행
사하구,188570201,대광고등학교
사하구,188570202,동매교사거리
사하구,188590201,당리중학교
사하구,188590401,사하구청.당리역
사하구,188590402,사하구청.당리역
사하구,188600101,사동초등학교
사하구,188600301,푸르지오아파트
사하구,188610101,신평시장
사하구,188610201,동매역
사하구,188620301,신평시장
사하구,188620401,신평시장
사하구,188640101,동매역
사하구,188640201,동매역
사하구,188640301,사하소방서 사하우체국
사하구,188650101,신평
사하구,188650102,배고개
사하구,188650401,삼진냉장
사하구,188650402,코오롱·무지개아파트
사하구,188680301,롯데마트
강서구,188760301,강서체육공원
강서구,188760302,신덕삼거리
강서구,188760305,강서체육공원복지회관
강서구,188770101,대저119안전센터
강서구,188770102,대저119안전센터
강서구,188770301,수로다리
강서구,188780101,강서구청역
강서구,188790201,대저농협
강서구,188790301,경전철덕두역
강서구,188790302,국제화물청사
강서구,188790303,공항파출소.덕두역
강서구,188800101,경전철덕두역
강서구,188800102,덕두역
강서구,188810101,신덕복지회관
강서구,188810102,딴치
강서구,188810103,핏대섬새동네
강서구,188810104,농협공판장
강서구,188810105,강동동행정복지센터
강서구,188810106,강동치안센터
강서구,188810301,강서해수랜드
강서구,188830101,국제선청사
강서구,188880101,명지시장
강서구,188900101,성산
강서구,188900103,장락새동네
강서구,188900106,생곡삼거리
강서구,188900107,성산삼거리
강서구,188900108,성산
강서구,188900109,장락
강서구,188900301,성산2구
강서구,188900302,녹산중학교
강서구,188900303,성산다리
강서구,188900304,녹명초등학교
강서구,188900305,본녹산녹명초등학교
강서구,188900307,녹산중학교
강서구,188900308,성산
강서구,188900309,성산2구
강서구,188940301,명지시장
강서구,188940302,명지시장
강서구,188970201,명지새동네
강서구,188970202,명지새동네
강서구,188990201,차량등록사업소
강서구,188990203,차량등록사업소
강서구,188990301,명지신도시
강서구,189050101,삼성전기기숙사
강서구,189060301,삼성전기기숙사
강서구,189070201,삼성전기후문
강서구,189070202,삼성전기후문
강서구,189070402,동아밸브
강서구,189070403,삼창기전
강서구,189230101,르노자동차남문
강서구,189230102,르노자동차남문
강서구,189230301,르노자동차정문
강서구,189230302,르노자동차정문
강서구,189230303,신호하수처리장
강서구,189230401,신호윌아파트105동
강서구,189230402,윌아파트
강서구,189250301,르노자동차남문
강서구,189250302,르노자동차남문
강서구,189380101,우진목재
강서구,189380301,우진목재
강서구,189390301,녹산하수처리장
강서구,189400101,신호하수처리장
강서구,189420101,녹산하수처리장
강서구,189420201,녹산하수처리장
강서구,189420202,녹산하수처리장
강서구,189420401,녹산하수처리장
강서구,189460101,사암입바위
강서구,189460102,삼성자동차출고사무소
강서구,189460103,화전마을입구
강서구,189460401,대한제강
강서구,189510401,태광금속
강서구,189620101,갑을녹산병원
강서구,189620201,갑을녹산병원
강서구,189680201,녹산염색공단
강서구,189680202,녹산염색공단
강서구,189690401,녹산염색공단
강서구,189720401,부산지방중소벤처기업청
강서구,189720402,강서소방서
강서구,189810101,삼성전기
강서구,189850201,부산지방중소벤처기업청
강서구,189850202,부산지방중소벤처기업청
강서구,189930401,대흥공업사거리
강서구,189940201,삼보목재
강서구,189940202,태광금속
강서구,189940401,삼보목재
강서구,189950101,대흥공업사거리
강서구,189950301,삼성전기
강서구,189980201,효성스틸
강서구,189980301,삼성전기후문
강서구,189980302,삼성전기후문
강서구,189990401,효성스틸
강서구,190000101,대한제강
강서구,190000301,대한제강
강서구,190020101,화물터미널
강서구,190020102,화물터미널
강서구,190020301,화물터미널
강서구,190130101,농심
강서구,190190201,리노공업
강서구,190190401,DSR
강서구,190280201,해덕파워웨이
강서구,190280401,동서열처리
강서구,190280402,리노공업
강서구,190290401,해덕파워웨이
강서구,190300201,동서열처리
강서구,190310201,DSR
강서구,190310401,부산프라스틱공업
강서구,190320201,부산프라스틱공업
강서구,190340202,두산정비
강서구,190340402,농심
강서구,190350201,동아밸브
강서구,190350202,동아밸브
강서구,190350203,삼창기전
강서구,190350402,두산정비
강서구,190360202,농심
강서구,190370301,농심
강서구,190370401,화물터미널
강서구,190420401,송정방근마을
강서구,190430101,(구)검문소
강서구,190430201,송정방근마을
강서구,190440301,용원
강서구,190480201,태웅스틸
강서구,190480202,태웅스틸
강서구,190480402,국제휠타
강서구,190490301,태웅스틸
강서구,190490302,태웅스틸
강서구,190500301,송정다리
강서구,190510102,국제휠타
강서구,190520201,(주)거보
강서구,190540201,(주)태광본사
강서구,190580102,해광테크
강서구,190580302,부광산업
강서구,190580303,부광산업
강서구,190590201,해광테크
강서구,190600201,부광산업
강서구,190600202,부광산업
강서구,190650401,영남자동화기계
강서구,190660201,영남자동화기계
강서구,190730201,영도산업
강서구,190740401,영도산업
강서구,190830201,송정다리
강서구,190830301,(주)거보
강서구,190870301,송정
강서구,190880101,송정
강서구,190900301,(구)검문소
강서구,190980201,풍영산업
강서구,190980401,풍영산업
강서구,191000401,보람공원
강서구,191070301,경제자유구역청
강서구,191150101,경제자유구역청
강서구,191150102,경제자유구역청
강서구,191180201,보람공원
강서구,191200401,경제자유구역청사거리
강서구,191210101,경제자유구역청사거리
강서구,191270301,평강농협
강서구,191270401,대사리3구
강서구,191270402,(구)국립농산물품질관리원
강서구,191270403,대사리3구
강서구,191270404,(구)국립농산물품질관리원
강서구,191280101,(구)국립농산물품질관리원
강서구,191280102,대사리3구
강서구,191280103,(구)국립농산물품질관리원
강서구,191280104,대사리3구
강서구,191280201,강동동행정복지센터
강서구,191280202,농협공판장
강서구,191280203,핏대섬새동네
강서구,191280204,딴치
강서구,191280205,신덕복지회관
강서구,191280206,강동치안센터
강서구,191280301,대사역.대사리2구
강서구,191280302,대사역.대사리2구
강서구,191280303,대사리1구
강서구,191290101,대사역.대사리2구
강서구,191290102,대사리1구
강서구,191290103,대사역.대사리2구
강서구,191290202,중덕마을
강서구,191290301,대사리1구
강서구,191300101,대사리1구
강서구,191320301,산양마을
강서구,191320302,성고개
강서구,191320501,산양마을입구
강서구,191330101,성고개
강서구,191330102,산양마을
강서구,191340101,녹산중학교
강서구,191340102,성산2구
강서구,191340103,녹명초등학교
강서구,191340104,성산다리
강서구,191340105,본녹산녹명초등학교
강서구,191340107,녹산중학교
강서구,191340108,성산
강서구,191340109,성산2구
강서구,191350101,순아3구
강서구,191350201,노적봉능엄사 입구
강서구,191360301,사취등
강서구,191360302,사취등
강서구,191360401,협성휴포레
강서구,191370101,진목
강서구,191370102,경일고등학교입구
강서구,191370103,진목
강서구,191370104,경일고등학교입구
강서구,191370201,경일고등학교
강서구,191370202,중리새동네
강서구,191370203,명지농협
강서구,191380301,옥포마을
강서구,191420501,덕두새동네
강서구,191430201,국내선
강서구,191430401,국내선
강서구,191430402,국내선청사
강서구,191460301,국제선청사
강서구,191470201,렛츠런파크입구
강서구,191480202,세산입구
강서구,191480203,녹산주민문화회관
강서구,191490101,세산사거리
강서구,191490102,녹산주민문화회관
강서구,191490103,세산입구
강서구,191490201,세산사거리
강서구,191490202,가달
강서구,191490203,생곡마을
강서구,191490205,생곡입구
강서구,191490301,세산사거리
강서구,191490302,세산사거리
강서구,191510301,가락농협
강서구,191510302,가락동행정복지센터
강서구,191510303,죽림삼거리
강서구,191520101,해포
강서구,191520401,통전
강서구,191530101,해포
강서구,191550301,사암입바위
강서구,191550302,삼성자동차출고사무소
강서구,191550303,화전마을입구
강서구,191560201,동리
강서구,191560202,진동
강서구,191560204,동리
강서구,191560205,진동
강서구,191560301,명지초교.명지중학교
강서구,191560302,명지국제신도시입구
강서구,191560502,명지초교.명지중학교
강서구,191570201,강서구생활문화센터
강서구,191570301,중리새동네
강서구,191570302,명지농협
강서구,191570303,경일고등학교
강서구,191580101,명지새동네
강서구,191580102,명지새동네
강서구,191590201,덕두시장
강서구,191590202,덕두
강서구,191590301,덕두시장
강서구,191600201,강서구청
강서구,191610101,덕계
강서구,191610102,신덕신천마을
강서구,191610201,득천사거리
강서구,191610202,현대슈퍼
강서구,191610203,상곡정미소
강서구,191610204,득천
강서구,191620301,덕도초등학교
강서구,191630101,덕포마을
강서구,191650301,낙동중학교
강서구,191660101,중리입구
강서구,191660102,강서복지회관.우편집중국
강서구,191660201,대저역
강서구,191660202,체육공원역
강서구,191660203,대저역
강서구,191660204,강서체육공원역
강서구,191660301,부산교도소
강서구,191660302,평강역
강서구,191660303,평강
강서구,191660304,부산교도소
강서구,191670201,낙동중학교
강서구,191670202,수로다리
강서구,191670301,중리입구
강서구,191670302,강서복지회관.우편집중국
강서구,191680101,시만
강서구,191680102,식만
강서구,191680103,용등
강서구,191680104,시만교
강서구,191680105,식만교
강서구,191680201,가락농협
강서구,191680202,가락파출소
강서구,191680203,죽림삼거리
강서구,191700202,금호마을
강서구,191700203,금호마을
강서구,191700203,금호마을
강서구,191700204,동방
강서구,191710102,금호마을
강서구,191710103,동방
강서구,191720101,금호마을
강서구,191780301,대저역
강서구,191780302,강서체육공원역
강서구,191790201,신덕삼거리
강서구,191790301,신덕삼거리
강서구,191790302,강서체육공원
강서구,191790303,강서체육공원복지회관
강서구,191790304,신덕삼거리
강서구,191810301,진목
강서구,191810302,경일고등학교입구
강서구,191810303,진목
강서구,191810304,경일고등학교입구
강서구,191840101,노적봉능엄사 입구
강서구,191850101,구랑
강서구,191850102,구랑
강서구,191860301,강서브라이트센터
강서구,191860302,강서브라이트센터
강서구,191870201,강서브라이트센터
강서구,191870202,강서브라이트센터
강서구,191880301,마음
강서구,191880303,마음
강서구,191880304,중곡
강서구,191930101,공항파출소
강서구,191940101,가리새마을
강서구,191940102,성산
강서구,191940103,장락새동네
강서구,191940104,장락포
강서구,191940106,생곡삼거리
강서구,191940108,성산
강서구,191940109,장락
강서구,191940201,생곡삼거리
강서구,191940202,생곡
강서구,191940301,용적사입구
강서구,191950101,신덕삼거리
강서구,191950201,신덕마을
강서구,191950202,등구마을
강서구,191950203,신덕마을
강서구,191960101,신덕마을
강서구,191960102,등구마을
강서구,191960103,신덕마을
강서구,191960201,등구마을
강서구,192000102,등구마을
강서구,192060101,조만포
강서구,192060202,둔치도
강서구,192060301,조만포
강서구,192060302,둔치도입구
강서구,192070101,조만포
강서구,192070201,가동마을입구
강서구,192070202,가동마을
강서구,192080201,강서구청역
강서구,192080301,강서구청역
강서구,192080302,강서구청역
강서구,192080701,강서구청역
강서구,192090101,부산교도소
강서구,192090102,중리1구꽃동네
강서구,192090103,평강
강서구,192090104,평강농협
강서구,192090201,평강역
강서구,192090202,평강
강서구,192100401,평강대리1구
강서구,192100402,평강대리
강서구,192110101,강서해수랜드
강서구,192110301,덕계
강서구,192110302,신덕신천마을
강서구,192120101,공항상회
강서구,192120102,칠점입구
강서구,192120103,평강사리마을입구
강서구,192120401,울만신평 하리
강서구,192170201,시만
강서구,192170202,식만
강서구,192170203,용등
강서구,192170204,시만교
강서구,192170205,식만교
강서구,192180202,금호오리마을
강서구,192190101,신평마을
강서구,192190102,성심정미소
강서구,192190103,입소마을회관
강서구,192190104,공항기숙사후문
강서구,192190105,신평마을회관
강서구,192190201,설만마을회관
강서구,192190202,동신에프에이
강서구,192190203,신진화이너스
강서구,192200101,상곡정미소
강서구,192200102,현대슈퍼
강서구,192200103,득천사거리
강서구,192200104,득천
강서구,192200301,강동119안전센터
강서구,192220101,용적사입구
강서구,192220301,가달
강서구,192220302,생곡마을
강서구,192220304,생곡입구
강서구,192230201,둔치도입구
강서구,192260101,생곡삼거리
강서구,192500101,사구
강서구,192500102,조만포
강서구,192500103,둔치도입구
강서구,192500201,사구
강서구,192500202,범방주유소
강서구,192500203,사구
강서구,192560101,가동마을
강서구,192560102,가동마을입구
강서구,192590401,중흥프라디움
강서구,192590701,한국토지주택공사
강서구,192630201,지사산단입구
강서구,192630301,명동
강서구,192630302,명동
강서구,192630401,동양메이져
강서구,192640101,명동
강서구,192640102,명동
강서구,192660302,동화엔텍
강서구,192670102,동화엔텍
강서구,192680102,협성DS엘리시안
강서구,192690102,협성DS엘리시안
강서구,192690201,지사휴먼시아아파트
강서구,192690202,지사휴먼시아아파트
강서구,192700101,지사휴먼시아아파트
강서구,192710101,지사휴먼시아아파트
강서구,192710201,지사문화회관
강서구,192720101,지사문화회관
강서구,192720301,에스피엘
강서구,192750201,이원솔루텍
강서구,192750401,이원솔루텍
강서구,192750402,이원솔루텍
강서구,192750501,이원솔루텍
강서구,192750502,이원솔루텍
강서구,192760201,자동차부품복지관
강서구,192770101,자동차부품복지관
강서구,192770201,테크노파크입구
강서구,192770202,자동차부품복지관
강서구,192770203,테크노파크입구
강서구,192780101,자동차부품복지관
강서구,192790101,테크노파크입구
강서구,192790102,테크노파크입구
강서구,192800201,강서구생활문화센터
강서구,192830201,학생안전체험관
강서구,192860103,학생안전체험관
강서구,192870201,덕포마을
강서구,192870301,강동교회
강서구,192870302,상덕마을
강서구,192880101,덕도초등학교
강서구,192880201,덕계마을
강서구,192890201,덕계마을
강서구,192900101,북정마을
강서구,192900201,북정마을
강서구,192930101,중덕마을
강서구,192940102,강동교회
강서구,192940103,상덕마을
강서구,192960201,덕포마을
강서구,193070201,월포
강서구,193110201,신평마을
강서구,193110202,성심정미소
강서구,193110203,신평종점
강서구,193110204,입소마을회관
강서구,193110205,공항기숙사후문
강서구,193110206,신평마을회관
강서구,193130201,변덕마을
강서구,193130301,변덕초소
강서구,193150101,변덕초소
강서구,193150201,강서고교
강서구,193160101,강서고교
강서구,193160301,새날교회
강서구,193260201,(주)태광본사
강서구,193270301,명지신도시
강서구,193300201,신호대교
강서구,193300202,명지오션시티
연제구,193310101,경찰전직지원센터
연제구,193310301,웰니스병원.연산농협
연제구,193320101,연안교
연제구,193320301,경찰전직지원센터
연제구,193330301,연제자동차매매단지
연제구,193350401,교대역
연제구,193360101,연산교차로
연제구,193360201,연산교차로
연제구,193360202,연산역8번출구
연제구,193360301,반도보라아파트
연제구,193360302,반도보라아파트
연제구,193360303,연산역4번출구
연제구,193360501,연산역
연제구,193370201,아람빌딩
연제구,193380101,신리삼거리
연제구,193380102,신리삼거리
연제구,193380201,여동승내과
연제구,193380301,신리삼거리
연제구,193380302,연산시장.물만골역
연제구,193380303,연산초등학교
연제구,193390201,연산시장.물만골역
연제구,193390202,연산시장.물만골역
연제구,193400301,부산경상대학교정문
연제구,193400302,부산경상대학교서문
연제구,193400303,현대아파트
연제구,193410101,현대아파트
연제구,193410102,부산경상대학교서문
연제구,193410103,부산경상대학교정문
연제구,193420201,연산역
연제구,193420401,거제역
연제구,193430201,시청공원등대앞
연제구,193440201,연산중학교
연제구,193450201,연산중학교
연제구,193450401,연일시장
연제구,193450402,건치과의원
연제구,193450403,연일시장
연제구,193450501,연제구국민체육센터
연제구,193450502,한일유앤아이
연제구,193460101,부산소방본부.교통정보서비스센터
연제구,193460102,토곡사거리
연제구,193460201,부산소방본부.교통정보서비스센터
연제구,193460301,부산소방본부.교통정보서비스센터
연제구,193460401,부산소방본부.교통정보서비스센터
연제구,193470101,엘지아파트
연제구,193470201,엘지아파트
연제구,193470202,연제경찰서
연제구,193470301,엘지아파트
연제구,193480101,삼정그린아파트
연제구,193480102,삼정그린코아아파트
연제구,193480202,부산의료원
연제구,193490101,부산의료원
연제구,193490102,대우그린타워아파트
연제구,193490301,부산의료원
연제구,193500301,국가기록원 부산분원
부산진구,193500303,시민도서관
부산진구,193500304,시민도서관
부산진구,193500305,초읍삼거리
연제구,193500306,초읍고개
연제구,193500307,국가기록원.역사기록관
연제구,193510101,교대역
연제구,193510301,거제1치안센터
연제구,193520101,거제1치안센터
연제구,193520201,법원검찰청.거제역
연제구,193530101,홈플러스
연제구,193530102,홈플러스
연제구,193530201,사직실내수영장
연제구,193530202,사직실내수영장
연제구,193530301,사직실내수영장
연제구,193540201,삼정그린아파트
연제구,193540202,삼정그린코아아파트
연제구,193550303,화성가스
연제구,193560301,연제구청
연제구,193560302,이마트연제점
연제구,193570201,거제청과시장
연제구,193570202,동해선거제해맞이역
연제구,193570203,거제3동새마을금고
연제구,193570301,동해선거제해맞이역
연제구,193580102,동해선거제해맞이역
연제구,193620201,연산8치안센터
연제구,193620202,연산교
연제구,193630301,토곡한양아파트
동래구,193640301,사직119안전센터
동래구,193640302,사직119안전센터
연제구,193650101,망미주공아파트
수영구,193650302,오양아파트
연제구,193660101,연제구청
연제구,193660102,이마트연제점
연제구,193660301,부산지방노동청.국세청
연제구,193660302,연제구청
연제구,193690201,연산자이아파트114동앞
연제구,193700101,연동시장
연제구,193700102,부산경상대학입구
연제구,193700301,연동시장
연제구,193700302,경동아파트
연제구,193710101,경동아파트
연제구,193710301,연산자이아파트104동앞
연제구,193720101,대선주조
연제구,193720102,부산교육대학교후문
연제구,193720103,화신아파트
동래구,193720301,법원어귀교차로
동래구,193720302,여명중학교
동래구,193720401,사직동
연제구,193730101,연일시장
연제구,193730102,드림텔
연제구,193730103,연일시장
연제구,193730201,연산교차로
연제구,193730202,연산역10번출구
연제구,193750101,웰니스병원.연산농협
연제구,193750201,연산교차로
연제구,193760201,토곡사거리
연제구,193760301,토곡한양아파트
연제구,193760401,토곡한양아파트
연제구,193770101,연산8치안센터
연제구,193770102,토곡한양아파트
연제구,193770301,연산8치안센터
연제구,193780301,연천시장
연제구,193780302,파크시티아파트입구
연제구,193820101,현대쌍용아파트
연제구,193820102,남문초.연제우체국
연제구,193820103,현대쌍용아파트
연제구,193820104,남문초.연제우체국
연제구,193820201,창신초등학교
연제구,193830101,거성교차로.종합운동장역
연제구,193830102,법원검찰청
연제구,193830201,거성교차로.종합운동장역
연제구,193830301,종합운동장역
연제구,193830401,창신초등학교.종합운동장역
연제구,193840102,법원검찰청.거제역
연제구,193840201,거제역
연제구,193840301,경남아파트
연제구,193840401,동해선거제역
연제구,193850101,거제리안동네
연제구,193850102,거제교회
연제구,193850103,화랑아파트
연제구,193850104,쌍용더플래티넘거제아시아드
연제구,193850201,레이카운티2단지
연제구,193850301,거제리안동네
연제구,193850302,거성교차로
연제구,193860301,거제교회
연제구,193860302,대우아파트
연제구,193870101,경남아파트
연제구,193870102,경남아파트
연제구,193880201,동해선거제역
연제구,193880301,법원검찰청
연제구,193890101,신리삼거리
연제구,193890301,신리삼거리
연제구,193900201,망미주공아파트
연제구,193920201,배산역.만화도서관
연제구,193920202,연산3동새마을금고.연제만화도서관
연제구,193930101,한독아파트
연제구,193930102,한독아파트
연제구,193930201,연산종합사회복지관
연제구,193930202,힐스테이트2차상가앞
연제구,193930203,한독아파트
연제구,193930301,한독아파트
연제구,193950201,동서그린아파트
연제구,193950202,동암학교
연제구,193960301,엘지아파트
연제구,193960302,연제경찰서
연제구,193990203,시청역
연제구,194000101,시청역
연제구,194000201,부산지방노동청.국세청
연제구,194000302,부산경찰청
연제구,194020102,동명초등학교
연제구,194020103,연미시장입구
연제구,194020104,연제고등학교
연제구,194020105,연제중학교
연제구,194040101,곰두리스포츠센터
연제구,194040103,레이카운티4단지
연제구,194040104,만수사
연제구,194040105,청구아파트
연제구,194040302,거제여중입구
연제구,194050102,레이카운티2단지
연제구,194060101,거제시장
연제구,194060401,거제청과시장
연제구,194060402,거제3동새마을금고
연제구,194080401,시청공원
연제구,194110101,연산전화국
부산진구,194110201,양정포레힐즈스위첸
연제구,194110202,연산전화국
연제구,194120301,이마트연제점
연제구,194140201,연산더샵아파트정문앞
연제구,194150201,삼일아파트
연제구,194150202,연산2동행정복지센터
연제구,194150203,연산시장
연제구,194150204,연산초등학교후문
연제구,194150401,보성아파트
연제구,194150402,태경빌라
연제구,194160101,연산초등학교
연제구,194160102,롯데데시앙정문
연제구,194160103,연산초등학교
연제구,194160301,반도보라아파트
연제구,194160302,반도보라아파트
연제구,194160303,케이티앤지부산본부
연제구,194170201,연산종합사회복지관
연제구,194170202,힐스테이트2차상가앞
연제구,194170203,한독아파트
연제구,194170301,회전교차로
연제구,194240101,법원검찰청정문
연제구,194250301,법원검찰청정문
연제구,194360301,법원후문
연제구,194360302,거제리대조연립
연제구,194370101,거제리대조연립
연제구,194370102,법원후문
연제구,194370201,남문초.연제우체국
연제구,194370202,현대쌍용아파트
연제구,194370203,남문초.연제우체국
연제구,194370204,현대쌍용아파트
연제구,194380101,수영강푸르지오아파트
연제구,194380201,연제예식장
연제구,194420101,사직실내수영장
연제구,194420102,사직실내수영장
연제구,194420201,아시아드주경기장
연제구,194420202,아시아드주경기장
사상구,194430101,구학초등학교
사상구,194430201,구학초등학교
사상구,194430301,구덕고교
사상구,194430302,여성문화회관
사상구,194430303,구덕고등학교
사상구,194430304,구덕극동아파트
사상구,194430305,축산물도매시장
사상구,194440201,구학초등학교
사상구,194440202,구학초등학교
사상구,194450101,주례사거리
사상구,194450102,주례사거리
사상구,194450301,신진정비공장
사상구,194450401,다누림센터·부산구치소
사상구,194450402,학장
사상구,194450501,다누림센터.부산구치소
사상구,194450502,학장
사상구,194460101,학장교차로
사상구,194460201,동양아파트
사상구,194460202,다누림센터·부산구치소
사상구,194460401,학장교차로
사상구,194460501,동양아파트
사상구,194460502,학장교차로
사상구,194470101,삼락동
사상구,194470301,국제식품
사상구,194510101,경북철강
사상구,194510301,경북철강
사상구,194510302,유유철강
사상구,194520101,산업용품상가
사상구,194540201,주감초등학교
사상구,194540301,백양마을
사상구,194540302,주감중학교
사상구,194540303,사상근린공원
사상구,194540304,부산솔빛학교.능인사
사상구,194540305,주감중학교
사상구,194550102,서부시외버스터미널.사상역
사상구,194550103,서부시외버스터미널.사상역
사상구,194550301,사상초등학교
사상구,194550302,사상초등학교
사상구,194560301,괘법르네시떼역.르네시떼
사상구,194560302,괘법르네시떼역.르네시떼
사상구,194570301,삼대한의원
사상구,194570302,사상우체국
사상구,194580301,감전초등학교
사상구,194580302,감전시장입구
부산진구,194590201,개금시장
부산진구,194590202,백병원입구
부산진구,194590203,개금시장
부산진구,194590204,백병원입구
사상구,194590301,주례여자고등학교
사상구,194590302,개금현대아파트
사상구,194620201,주례지구대
사상구,194640201,동서대KIT생활관
사상구,194640202,동서대글로벌빌리지
사상구,194640203,동서대후문
사상구,194650301,주례지구대
사상구,194670101,반도보라아파트
사상구,194670201,주양초등학교운동장
사상구,194680301,보훈병원
사상구,194680401,부산보훈병원
사상구,194690101,엄궁초등학교.동백맨션
사상구,194690102,대림아파트
사상구,194690201,엄궁롯데캐슬
사상구,194700101,대림아파트
사상구,194700102,동백맨션
사상구,194700201,코오롱아파트후문
사상구,194700202,쌍용스윗닷홈
사상구,194700203,코오롱아파트정문
사상구,194700204,대동아파트
사상구,194710401,엄궁초등학교
사상구,194710402,(구)엄궁동부산은행
사상구,194720301,한신아파트후문
사상구,194720302,엄궁(기점)
사상구,194720303,한신아파트정문
사상구,194730101,엄궁한신1차아파트
사상구,194730201,한신아파트정문
사상구,194730202,한신아파트후문
사하구,194730301,하단SK뷰아파트앞
사상구,194740101,쌍용스윗닷홈
사상구,194740102,대동아파트
사상구,194740103,코오롱아파트후문
사상구,194740104,코오롱아파트정문
사상구,194770201,사상전화국
사상구,194770202,부산구치소
사상구,194770203,주례교차로
사상구,194770401,사상전화국
사상구,194790201,롯데정비
사상구,194790301,금강화학
사상구,194800101,금강화학
사상구,194800102,국제식품
사상구,194800301,서부주유소
사상구,194800302,(주)대정.성지
사상구,194860201,엄궁농산물도매시장
사상구,194900101,엄궁롯데캐슬
사상구,194920102,주례우체국
사상구,194920103,주례새마을금고본점
사상구,194920301,북부산세무서.감전역
사상구,194940101,삼락생태공원
사상구,194940301,삼락생태공원
사상구,194950101,KEB하나은행
사상구,194950201,감전시장입구
사상구,194950202,감전초등학교
사상구,194950301,감전시장
사상구,194950401,산업용품유통상가
사상구,194950402,서감초등학교
사상구,194960201,(구)대도운수종점
사상구,194970301,괘법르네시떼역.르네시떼
사상구,194980101,덕포시장
사상구,194980102,덕포시장.덕포역
사상구,194980103,덕포시장
사상구,194980104,덕포역
사상구,194990301,새벽시장
사상구,194990401,제일약국
사상구,195000301,럭키슈퍼
사상구,195010101,부산전문장례식장
사상구,195040401,진흥스틸
사상구,195050201,학장초등학교
사상구,195050202,학장동 종점
사상구,195050301,학장초등학교
사상구,195060101,학장초등학교
사상구,195060201,학장교차로
사상구,195060301,학장교
사상구,195080101,엄궁중학교
사상구,195080102,반도보라아파트
사상구,195080103,학장중학교
사상구,195080201,엄궁럭키아파트
사상구,195100101,경동스틸
사상구,195100102,케스텍코리아
사상구,195100301,엄궁정비
사상구,195110201,학장입구
사상구,195110301,학장입구
사상구,195110401,학장입구
사상구,195120101,사상전화국
사상구,195130101,북부산세무서.감전역
사상구,195130104,온골마을입구
사상구,195130201,북부산세무서.감전역
사상구,195140101,북부산세무서.감전역
사상구,195140301,사상구청
사상구,195150101,북부운전면허시험장
사상구,195150102,사상소방서
사상구,195160301,덕포시장.사상생활사박물관
사상구,195160302,삼락생태공원
사상구,195170301,삼락동행정복지센터
사상구,195200301,북부운전면허시험장
사상구,195200302,사상소방서
사상구,195230201,학장교차로
사상구,195240301,덕포청구아파트
사상구,195250101,한전북부산지점
사상구,195250202,덕포청구아파트
사상구,195250301,덕포경동1차아파트
사상구,195250302,덕포경동2차아파트
사상구,195250303,덕포청구아파트
사상구,195250304,오양힐타운아파트
사상구,195260101,감전시장
사상구,195270101,사상구청
사상구,195290301,감전동
사상구,195310101,주감초등학교
사상구,195310201,주감초등학교
사상구,195310301,주감초등학교
사상구,195320201,보훈병원
사상구,195330101,주례동일2차아파트
사상구,195340201,주례청구아파트후문
사상구,195350201,주례동일1차아파트
사상구,195360401,엄궁한신1차아파트
사상구,195410301,엄궁아파트
사상구,195460101,서감초등학교
사상구,195470101,주례현대아파트
사상구,195470301,주례현대아파트
사상구,195480201,부산보훈병원
사상구,195500101,양지1공원
사상구,195510101,백운사
사상구,195530101,양지마을
사상구,195560101,창신주택
사상구,195590301,양지공원
사상구,195610101,주례한일유앤아이아파트
사상구,195620201,주례럭키아파트
사상구,195630101,동주초등학교
사상구,195640101,주례열린도서관
사상구,195640301,동주초등학교
사상구,195650201,주례열린도서관
사상구,195660101,동서대KIT생활관
사상구,195660102,동서대글로벌빌리지
사상구,195660103,동서대후문
사상구,195680201,경남정보대입구
사상구,195700101,경남정보대입구
사상구,195700201,주례2동행정복지센터
사상구,195730101,냉정역5번출구
사상구,195740102,냉정역
사상구,195750301,주례2동행정복지센터
사상구,195750401,트윈빌딩
사상구,195800103,태화주유소
사상구,195810201,냉정시장
사상구,195810401,냉정역
사상구,195820201,냉정시장
사상구,195830201,경남정보대학교
사상구,195850101,광우맨션
사상구,195850201,주례중학교
사상구,195860101,주례여자고등학교
사상구,195880201,주례청구아파트110동
사상구,195880202,주례청구아파트정문
사상구,195900101,일신주택
사상구,195900102,일신주택입구
사상구,195900103,주례벽산아파트
사상구,195910101,일신주택입구
사상구,195910102,주례벽산아파트
사상구,195930101,동서대입구
사상구,195930102,동서대학교
사상구,195940101,구)부산솔빛학교
사상구,195950101,조광페인트
사상구,195960201,사상중앙병원
사상구,195980101,사상중앙병원
사상구,196010101,구학초등학교
사상구,196040101,모라주공아파트
사상구,196060201,럭키슈퍼
사상구,196060202,감전동행정복지센터
사상구,196070201,모라주공아파트
사상구,196070202,시내버스종점
사상구,196080101,파라곤호텔
기장군,196140201,원자력의학원
기장군,196140202,원자력의학원
기장군,196170301,좌천삼거리
기장군,196170302,장안제일고등학교
기장군,196170303,장안제일고등학교
기장군,196170304,좌천삼거리
기장군,196180102,안평.고촌
기장군,196180202,고촌주택단지
기장군,196190101,철마삼거리
기장군,196190102,안평차량기지
기장군,196190103,철마삼거리
기장군,196190104,안평차량기지
기장군,196190201,안평역.고촌마을
기장군,196190202,안평.고촌
해운대구,196200101,대진여객.고촌역
기장군,196200102,안평역.고촌마을
기장군,196200103,고촌주택단지
해운대구,196200201,고촌역.대진여객
기장군,196200301,대진여객.고촌역
기장군,196200303,고촌역
기장군,196210101,안평삼거리
기장군,196210301,철마삼거리
기장군,196210302,철마삼거리
기장군,196220301,만화리입구
기장군,196220302,만화리
기장군,196230301,만화리입구
기장군,196240201,만화리입구
기장군,196250101,농업기술센터
기장군,196250102,농업기술센터
기장군,196250301,농업기술센터
기장군,196250302,만화리영락동산
기장군,196250303,농업기술센터
기장군,196250304,만화리영락동산
기장군,196260101,만화리영락동산
기장군,196260102,만화리영락동산
기장군,196280501,부산대청중학교
기장군,196300201,연화교차로
기장군,196300401,연화교차로
기장군,196310201,기장군청
기장군,196310202,신천
기장군,196320101,기장실버타운
기장군,196320102,신앙촌
기장군,196320103,원죽1구
기장군,196330101,기장군청
기장군,196330102,신천
기장군,196330201,죽성사거리
기장군,196430101,덕산마을
기장군,196440101,가화테라스1차
기장군,196450101,강변마을
기장군,196450102,강변마을
기장군,196450201,가화테라스1차
기장군,196460101,독점마을
기장군,196460201,강변마을
기장군,196460202,강변마을
기장군,196470101,서편마을
기장군,196470102,예림마을
기장군,196470103,독점마을
기장군,196470104,서편마을
기장군,196470105,예림마을
기장군,196470201,독점마을
기장군,196470202,독점마을
기장군,196480201,신동아파밀리에후문
기장군,196480202,정관읍행정복지센터.기장소방서
기장군,196480203,평전마을
기장군,196480204,산막입구
기장군,196480205,정관읍사무소.기장소방서
기장군,196480301,정관읍행정복지센터.기장소방서
기장군,196490101,덕산마을
기장군,196500201,정관신도시 롯데캐슬
기장군,196510101,정관신도시 롯데캐슬
기장군,196510201,한진해모로
기장군,196510202,계룡리슈빌
기장군,196510203,휴먼시아1차
기장군,196510301,정원초등학교
기장군,196510302,모전마을
기장군,196510303,신정초등학교
기장군,196510304,신정초등학교
기장군,196510305,정원초등학교
기장군,196520101,모전마을
기장군,196520102,정원초등학교
기장군,196520103,솔마루공원
기장군,196520202,정관고개
기장군,196530101,정관고개
기장군,196530201,부산추모공원
기장군,196540101,부산추모공원
기장군,196550201,백운제1공원
기장군,196550202,용천사
기장군,196560102,백운제1공원
기장군,196560201,두명마을
기장군,196560202,월평교차로
기장군,196630101,이천
기장군,196630102,이천
기장군,196630201,동부산농협
기장군,196630202,동부산농협
기장군,196640201,이천
기장군,196640202,이천
기장군,196650101,삼덕입구
기장군,196650103,삼덕입구
기장군,196650201,동부산농협
기장군,196650202,동부산농협
기장군,196650301,동해선일광역
기장군,196650302,일광해수욕장입구
기장군,196650304,일광해수욕장입구
기장군,196650305,동해선일광역
기장군,196660101,이동수산
기장군,196660201,이동수산
기장군,196660202,이동방파제
기장군,196660203,이동방파제
기장군,196660204,이동수산
기장군,196670101,부대앞
기장군,196670102,온정
기장군,196670103,부대앞
기장군,196670104,온정
기장군,196680101,이동방파제
기장군,196680102,이동수산
기장군,196680103,이동방파제
기장군,196680201,이동
기장군,196680202,이동
기장군,196690101,신평
기장군,196690102,칠암
기장군,196690103,신평
기장군,196690104,칠암
기장군,196690201,동백
기장군,196690202,동백선착장
기장군,196690203,동백
기장군,196690204,동백선착장
기장군,196700101,칠암
기장군,196700102,신평
기장군,196700103,신평
기장군,196700104,칠암
기장군,196700201,문중
기장군,196700202,문중
기장군,196710101,온정
기장군,196710102,부대앞
기장군,196710103,부대앞
기장군,196710104,온정
기장군,196710201,동백선착장
기장군,196710202,동백
기장군,196710203,동백
기장군,196710204,동백선착장
기장군,196720201,새끝
기장군,196720202,문동
기장군,196720203,문동
기장군,196720204,새끝
기장군,196740101,새끝
기장군,196740102,문동
기장군,196740103,문동
기장군,196740104,새끝
기장군,196740201,문중
기장군,196740202,문중
기장군,196750101,기장문화예절학교
기장군,196750102,기장문화예절학교
기장군,196750201,묘관음사입구
기장군,196750202,임랑삼거리
기장군,196750203,임랑마을
기장군,196750204,묘관음사입구
기장군,196760101,월내시장
기장군,196760102,동해선월내역.월내시장
기장군,196760301,기장문화예절학교
기장군,196760302,기장문화예절학교
기장군,196770101,임랑삼거리
기장군,196770102,묘관음사입구
기장군,196770103,묘관음사입구
기장군,196770104,임랑삼거리
기장군,196770201,임랑해수욕장입구
기장군,196770202,임랑해수욕장입구
기장군,196770301,임랑삼거리
기장군,196780101,이동
기장군,196780102,이동
기장군,196790202,미동마을
기장군,196810101,이곡
기장군,196820201,웅천
기장군,196830101,웅천
기장군,196840101,장전리
기장군,196850201,철마면행정복지센터
기장군,196850202,구림마을
기장군,196850203,철마면사무소
기장군,196850301,철마면행정복지센터
기장군,196850401,장전리
기장군,196860201,철마삼거리
기장군,196880101,철마삼거리
기장군,196900201,대선주조정문
기장군,196930101,기장구조대
기장군,196930102,기장구조대
기장군,196930201,서편마을
기장군,196930202,예림마을
기장군,196930203,서편마을
기장군,196930204,예림마을
기장군,196940101,광명사입구
기장군,196940102,광명사입구
기장군,196940103,내덕입구
기장군,196940201,기장구조대
기장군,196940202,기장구조대
기장군,196950101,내덕입구
기장군,196950102,부산장안고등학교
기장군,196950201,광명사입구
기장군,196950202,광명사입구
기장군,196950203,내덕입구
기장군,196960201,청광.아시아드컨트리클럽
기장군,196970201,청광.아시아드컨트리클럽
기장군,196980101,청광.아시아드컨트리클럽
기장군,196980102,청광.아시아드컨트리클럽
기장군,197040301,고원1차아파트
기장군,197060201,갈치고개
기장군,197070301,안평삼거리
기장군,197080101,갈치고개
기장군,197080201,상신리
기장군,197090101,상신리
기장군,197090201,구칠
기장군,197100101,구칠
기장군,197100201,점현
기장군,197110101,점현
기장군,197110201,갓안마을
기장군,197120101,갓안마을
기장군,197130101,보림
기장군,197130102,마지회관
기장군,197130103,보림
기장군,197130104,마지마을
기장군,197130301,구림마을
기장군,197130302,철마면행정복지센터
기장군,197140101,동암정문
기장군,197140102,동암후문
기장군,197140201,오시리아관광단지
기장군,197140202,용궁사.국립수산과학원
기장군,197150101,동암후문
기장군,197150102,동암정문
기장군,197150201,해광사
기장군,197150202,기차여행
기장군,197150301,서암입구
기장군,197160101,오시리아관광단지
기장군,197160102,용궁사.국립수산과학원
기장군,197160201,당사.공수마을
기장군,197160202,공수.양경마을
기장군,197170101,기차여행
기장군,197170102,해광사
기장군,197170201,연서교회
기장군,197170202,서암
기장군,197180101,신암
기장군,197180102,연화리
기장군,197180201,서암
기장군,197180202,연서교회
기장군,197190101,신암
기장군,197200201,연화리
기장군,197200301,대변항입구
기장군,197270201,석길
기장군,197270202,석길마을
기장군,197270203,백길마을
기장군,197280101,석길
기장군,197280201,백길
기장군,197290101,백길
기장군,197290201,와여마을
기장군,197290202,와여마을
기장군,197300101,와여마을
기장군,197300202,철마면사무소
기장군,197310101,연꽃공원앞
기장군,197310201,연꽃공원입구
기장군,197320101,연꽃공원앞
기장군,197320201,소산마을
기장군,197330101,웅천
기장군,197330201,연꽃공원입구
기장군,197340101,한국폴리텍동부산캠퍼스
기장군,197340301,매곡리
기장군,197350101,구연동
기장군,197350301,한국폴리텍동부산캠퍼스
기장군,197360101,매곡리
기장군,197380201,아세아자동차전문
기장군,197410101,곰내재
기장군,197410201,기장실버홈
기장군,197420101,곰내재
기장군,197430101,소산마을
기장군,197470101,월내초등학교
기장군,197470102,월내초등학교
기장군,197480301,월내농협
기장군,197480302,월내농협
기장군,197500101,월내농협
기장군,197500102,월내농협
기장군,197560401,부산장안고등학교
기장군,197560402,부산장안고등학교
기장군,197570201,메가마트기장점
기장군,197570301,기장체육관
기장군,197570302,메가마트기장점
기장군,197620301,이진아파트
기장군,197620302,이진아파트
기장군,197640101,궁전아파트
기장군,197640301,기장고등학교
기장군,197650301,궁전아파트
기장군,197660101,차고지
기장군,197670301,차고지
기장군,197680201,기장성당
기장군,197680202,기장성당
기장군,197700101,동해선기장역.기장중학교
기장군,197700102,동해선기장역.기장중학교
기장군,197710201,기장성당
기장군,197730101,기장전화국
기장군,197730102,기장전화국
기장군,197730201,아름공원
기장군,197740101,기장지구대
기장군,197740102,한신아파트정문
기장군,197740103,기장지구대
기장군,197740104,한신아파트
기장군,197740301,동해선기장역.기장중학교
기장군,197740303,동해선기장역.기장중학교
기장군,197740401,기장시장
기장군,197810101,기장종합사회복지관
기장군,197850301,기장종합사회복지관
기장군,197860201,청강사거리
기장군,197880201,청강사거리
기장군,198000101,기장도서관
기장군,198000102,기장도서관
기장군,198000401,기장도서관
기장군,198000402,기장도서관
기장군,198010201,기장도서관
기장군,198010202,기장도서관
기장군,198010301,한신아파트후문
기장군,198010401,교리
기장군,198030301,한신아파트정문
기장군,198030302,기장지구대
기장군,198030303,기장지구대
기장군,198030304,한신아파트
기장군,198070101,죽성사거리
기장군,198080101,대변
기장군,198090201,대변항입구
기장군,198160301,기장읍행정복지센터
기장군,198170101,기장읍행정복지센터
기장군,198180101,월평교차로
기장군,198180102,두명마을
기장군,198190101,월평교차로
기장군,198200103,송정리
기장군,198210303,에스엔티모티브
연제구,198230101,경동맨션입구
연제구,198230201,물만골
연제구,198230202,물만골마을입구
연제구,198230203,물만골중간마을
연제구,198240101,물만골
연제구,198240102,물만골마을입구
연제구,198240103,물만골중간마을
연제구,198350101,이완주정형외과
연제구,198350301,연산힐스테이트
연제구,198370101,회전교차로
연제구,198370201,힐스테이트207동앞
연제구,198380101,힐스테이트207동앞
연제구,198400201,하이자동차운전학원
연제구,198400202,현대홈타운
연제구,198420101,힐스테이트201동앞
연제구,198420102,마하사
연제구,198420103,관음사
연제구,198420104,법륜사
연제구,198440101,연제제일교회
연제구,198450101,공동주차장
연제구,198450102,삼성타워
연제구,198460201,새싹공원
연제구,198460202,연미시장입구
연제구,198490301,상장빌라
연제구,198510301,호반뉴캐슬빌라
연제구,198540301,시원에이스빌
수영구,198550101,해연여자고등학교
수영구,198550201,부산종합사회복지관
수영구,198550202,현대아파트
수영구,198560101,보리암입구
연제구,198580101,여명중학교
연제구,198580301,여명중학교입구
부산진구,198630201,부산연산행복주택아파트
연제구,198660101,삼성여객(종점)
수영구,198680301,수영성당
수영구,198690101,수영강변e-편한세상
수영구,198690201,수영강변1차e편한세상
수영구,198690202,수영강변3차e편한세상
수영구,198690203,성지기업
수영구,198690204,수영강변3차e편한세상
연제구,198700301,월륜교차로
수영구,198710101,망미역
수영구,198710102,망미역
수영구,198710301,부산울산지방병무청
수영구,198710302,망미1파출소
수영구,198710303,망미1파출소
수영구,198720201,망미1파출소
수영구,198720202,망미1파출소
수영구,198720203,부산울산지방병무청
수영구,198730101,수영성당
수영구,198730102,수영성당
수영구,198730301,수영강변1차e편한세상
수영구,198740201,망미2동
수영구,198750101,망미2동
수영구,198750102,동림맨션
수영구,198750301,수영구드림스타트센터
수영구,198750302,태창아파트
수영구,198750401,망미초등학교
수영구,198750402,팔도시장후문
수영구,198770201,망미중앙시장
수영구,198770401,망미중앙시장
수영구,198770402,망미우체국
연제구,198770403,선경아파트
수영구,198790201,수영경찰서.수영아파트
수영구,198790202,수영사적공원
수영구,198790203,수영사적공원
수영구,198790401,망미역
수영구,198790501,금호주유소
수영구,198790502,금호주유소
수영구,198800201,금호빌라
수영구,198800202,수영구드림스타트센터
수영구,198810201,협성르네상스
수영구,198820101,협성르네상스
수영구,198820201,미광운수
수영구,198820202,미광운수
수영구,198820301,태창아파트
수영구,198820302,수영구드림스타트센터
수영구,198840201,센텀비치푸르지오
수영구,198850401,수영만아이파크
수영구,198860101,미광운수
수영구,198860102,미광운수
수영구,198910201,수영현대아파트.민락역
수영구,198930301,민락교
수영구,198940301,수영현대아파트.민락역
수영구,198950201,수영만아이파크
수영구,198970301,센텀비치푸르지오
수영구,198980201,롯데캐슬아파트
수영구,198980301,센텀비치푸르지오
수영구,199020301,수영사적공원
수영구,199020302,수영사적공원
수영구,199020303,수영경찰서.수영아파트
수영구,199020304,수영경찰서.수영아파트
수영구,199030201,수영교차로.수영역
수영구,199030202,수영구보건소
수영구,199030301,센텀병원.수영역
수영구,199040101,수영역
수영구,199040102,수영역
수영구,199040301,광안시장.광안역
수영구,199050101,광안역
수영구,199050102,광안역
수영구,199050201,광안리입구
수영구,199060101,이화맨션
수영구,199070101,동방시장
수영구,199070102,민락동골목시장
수영구,199070201,광안농협앞
수영구,199080301,수영교차로.수영역
수영구,199080302,수영교차로.수영역
수영구,199080303,수영교차로.팔도시장
수영구,199090201,민락아파트
수영구,199090202,화목아파트
수영구,199150201,진로비치아파트
수영구,199170201,진로아파트2단지옆
수영구,199180301,진로아파트2단지옆
수영구,199220101,민락수변공원
수영구,199230301,민락수변공원
수영구,199250301,롯데캐슬아파트
수영구,199270101,금련산청소년수련원
수영구,199290201,수영구청
수영구,199290301,KBS방송국
수영구,199300101,광일맨션
수영구,199300102,광안리카페거리입구
수영구,199310401,해변시장
수영구,199310402,삼익유수풀장
수영구,199310403,노인복지회관
수영구,199330101,광안리해수욕장
수영구,199350201,KBS방송국
수영구,199350202,KBS방송국
수영구,199370101,광안리해수욕장
수영구,199370301,광안리카페거리입구
수영구,199370302,광일맨션
수영구,199370303,광안리해수욕장
수영구,199370401,광안리해수욕장
수영구,199370402,광안리입구
수영구,199380101,삼익아파트A상가
수영구,199400101,남천자이.코오롱하늘채
수영구,199410301,광남초등학교
수영구,199410302,국민건강보험공단부산남부지사
수영구,199420101,금련산역
수영구,199420102,광안2동우편취급국
수영구,199420103,금련산역
수영구,199420104,수영중학교
수영구,199420105,수영구 스포츠문화타운
수영구,199420301,금련산청소년수련원
수영구,199440101,(구)MBC방송국
수영구,199440301,민락동골목시장
남구,199480301,경성대.부경대역
남구,199480302,대연힐스테이트푸르지오정문
남구,199490101,대남교차로
수영구,199490201,동원보라아파트
수영구,199500101,수영구청
수영구,199500301,수영구청
수영구,199520101,삼익비치303동
수영구,199520102,삼익비치308동
수영구,199550301,진로아파트2단지 정문
수영구,199620301,민락동차고지
수영구,199660201,민락동차고지
수영구,199670201,원정빌라
수영구,199690201,코스트코홀세일
수영구,199720201,고려제강
수영구,199720202,산정아파트
수영구,199750301,상수도남부사업소
수영구,199750302,남천해변시장
수영구,199750303,해변시장입구
수영구,199790101,남천역
수영구,199790103,남천역
수영구,199790301,대남교차로.남천역
수영구,199830301,정원센텀뷰남천
수영구,199830401,금련산청소년수련원
수영구,199870201,좋은강안병원 건강검진센터
수영구,199880201,수영중학교
수영구,199880202,금련산역
수영구,199880203,금련산역
수영구,199880203,금련산역
수영구,199880204,광안역
수영구,199890301,수영중학교
수영구,199930301,수영중학교
수영구,199960401,광안에일린의뜰아파트
수영구,199980301,광안에일린의뜰아파트
수영구,199980401,동아중학교
수영구,200000301,장대골성지
수영구,200000401,동아중학교
수영구,200040101,광안어린이집
수영구,200040301,장대골성지
수영구,200050101,광원아파트
수영구,200050201,광안어린이집
수영구,200060101,비치그린아파트
수영구,200060201,광원아파트
수영구,200080301,비치그린아파트
수영구,200100101,상아아파트
수영구,200110201,상아아파트
수영구,200140301,강남사우나
수영구,200170301,사랑공원어린이놀이터
수영구,200170401,강남사우나
수영구,200200301,수영초등학교
수영구,200200401,사랑공원어린이놀이터
수영구,200230101,센텀종합병원
수영구,200240201,센텀종합병원
수영구,200240202,수영초등학교
수영구,200260201,청송카센터
수영구,200260301,수영중앙새마을금고
수영구,200290301,영광교회
수영구,200330301,망미역
수영구,200390101,KT수영지점
수영구,200410101,해운아파트
수영구,200460101,브라운도트호텔
수영구,200490101,팔도시장입구
수영구,200510201,수영교차로.수영역
수영구,200520101,수영교차로.수영역
수영구,200520102,수영교차로.팔도시장
수영구,200540401,망미중정문
수영구,200550201,산호맨션
수영구,200560101,산호맨션
연제구,200570301,배산역.만화도서관
연제구,200570302,배산역
연제구,200600301,섬강빌라
연제구,200610201,조은원룸
수영구,200620101,조은원룸
연제구,200630201,해연여자고등학교
수영구,200640101,흰돌실버타운
수영구,200640201,부산종합사회복지관
수영구,200640202,현대아파트
수영구,200650201,흰돌실버타운
수영구,200670101,화광빌
수영구,200720101,망미삼성아파트
수영구,200790101,함박어린이집
수영구,200810201,파라다이스빌라
수영구,200830201,양지중앙교회
수영구,200870201,망미제일교회
수영구,200890301,아신빌라
수영구,200950301,수영SK뷰아파트
수영구,200960101,세탁소
수영구,200970201,망미오양아파트
수영구,200980101,망미오양아파트
수영구,200990301,남일고
수영구,200990302,로얄아파트상가
수영구,200990303,로얄아파트101동
수영구,201040201,화광빌
수영구,201050101,수협
수영구,201090101,민락교
수영구,201090202,기점
수영구,201090301,(구)MBC방송국
수영구,201100101,기점
사상구,201200101,모라119안전센터
사상구,201200102,모라119안전센터
사상구,201210101,홈플러스
사상구,201210102,모라주공1단지
사상구,201210103,모라주공1단지
사상구,201210104,홈플러스모라점
사상구,201210401,동원아파트
사상구,201210501,모라1동행정복지센터
사상구,201210701,모라1동행정복지센터
사상구,201210801,모라농협
사상구,201210802,모라우성아파트
사상구,201210803,모라농협
사상구,201210804,모라우성아파트
사상구,201220201,덕포초.부산도서관
사상구,201220203,덕포초.부산도서관
사상구,201230101,덕포역.덕포2동행정복지센터
사상구,201230102,북부면허시험장
사상구,201230103,청소년지원센터.모덕역
사상구,201230201,덕포초.부산도서관
사상구,201230202,덕포초.부산도서관
사상구,201230302,덕포시장
사상구,201230303,덕포시장
사상구,201230304,덕포역
사상구,201240101,부산은행모라동지점
사상구,201240301,북부면허시험장
사상구,201240302,덕포역.덕포2동행정복지센터
사상구,201250301,신모라입구
사상구,201250302,모라1동행정복지센터
사상구,201250601,모라동새마을금고앞
사상구,201250602,모라역
사상구,201260102,모라주공34단지
사상구,201270101,북부자동차학원
사상구,201270201,모라역
사상구,201320101,모라주공3.4단지
사상구,201320201,모라주공3.4단지
사상구,201340301,농심부산공장
사상구,201340302,보성정비
사상구,201340303,부산벤처타워
사상구,201340401,국제식품
사상구,201350101,모라역
사상구,201350201,모라동새마을금고앞
사상구,201350301,모라전통시장
사상구,201350401,모라초등학교
사상구,201360101,모라전통시장
사상구,201380201,부산은행모라동지점
사상구,201380202,청소년지원센터.모덕역
사상구,201390201,모라3동행정복지센터
사상구,201400201,모라3동행정복지센터
사상구,201400202,모라종합사회복지관
사상구,201400301,모라주공1단지
사상구,201400302,홈플러스
사상구,201400303,모라주공1단지
사상구,201400304,홈플러스모라점
사상구,201410101,부산북부고용노동지청
사상구,201410102,자유아파트
사상구,201410301,부산항공고등학교
사상구,201410302,부산북부고용노동지청
사상구,201420101,부산항공고등학교
사상구,201420301,남영아파트
사상구,201420302,남영아파트
사상구,201430101,자유아파트
사상구,201440101,우신모라아파트
사상구,201440201,사상구청소년센터
사상구,201440301,동원아파트
사상구,201450101,동원아파트
사상구,201460301,자유아파트
사상구,201470301,선일정공
사상구,201470302,부산조리고등학교
사상구,201490101,서부주유소
사상구,201490102,(주)대정.성지
사상구,201490301,삼락동행정복지센터
사상구,201510401,구)부산솔빛학교
사상구,201530102,농협주례동지점
사상구,201530103,럭키아파트.주례역
사상구,201530201,주례사거리
사상구,201530202,주례사거리
사상구,201530302,사상전화국
사상구,201530304,주례교차로
사상구,201530402,주례우체국
사상구,201530403,온골마을입구
사상구,201540302,주례역6번출구
사상구,201550102,주례럭키아파트.주례역
사상구,201550103,주례역
사상구,201560102,좋은삼선병원
사상구,201560304,주례역2번출구
사상구,201570401,주례아파트
사상구,201580101,신주례엘지아파트
사상구,201580102,신주례LG아파트
사상구,201580201,반도보라아파트
사상구,201580202,반도보라아파트
사상구,201580301,신주례LG1차아파트상가
사상구,201590101,신주례LG2차아파트
사상구,201590102,주례한효아파트
사상구,201600101,부산솔빛학교.능인사
사상구,201600102,사상근린공원
사상구,201600103,사상종합복지관
사상구,201600104,백양마을
사상구,201600301,신라대학교입구
사상구,201610101,신라대학교입구
사상구,201610301,신라대학교입구
사상구,201620101,코레일사상역
사상구,201620201,삼대한의원
사상구,201620202,사상우체국
사상구,201620301,신한은행
사상구,201620302,감전교회
사상구,201620401,서부시외버스터미널.사상역
사상구,201620501,서부시외버스터미널.사상역
사상구,201620502,서부시외버스터미널.사상역
사상구,201620503,서부시외버스터미널.사상역
사상구,201630101,서부시외버스터미널.사상역
사상구,201630103,코레일사상역
사상구,201640101,학장교
사상구,201640301,학장중학교
사상구,201640302,반도보라아파트
사상구,201640303,엄궁중학교
사상구,201650101,여성문화회관
사상구,201650103,구덕고교
사상구,201650104,구덕고등학교
사상구,201650105,여성문화회관
사상구,201680101,낙동대교입구
사상구,201690101,낙동대교입구
사상구,201690201,주물공단입구
사상구,201700101,괘법르네시떼역.르네시떼
사상구,201710101,괘법르네시떼역.르네시떼
사상구,201720401,주물공단입구
사상구,201730101,대풍주유소
사상구,201730102,새벽시장
사상구,201730301,대풍주유소
사상구,201740101,명성레이저
사상구,201750301,부산낙동강정원
사상구,201770101,부산낙동강정원
사상구,201770301,부산전문장례식장
사상구,201790101,감전동
사상구,201800301,감전교차로
사상구,201860301,감전교차로
사상구,201890201,부산은행사상공단지점
사상구,201890401,부산은행사상공단지점
사상구,201910101,엄궁정비
사상구,201910102,중고차매매시장
사상구,201920101,엄궁아파트
사상구,201930101,엄궁삼거리
사상구,201930201,엄궁사거리
사상구,201930202,엄궁럭키아파트
사상구,201930401,엄궁삼거리
사상구,201940101,엄궁동행정복지센터
사상구,201950102,엄궁시장
사상구,201950201,(구)엄궁동부산은행
사상구,201950202,엄궁초등학교
사상구,201950301,엄궁동행정복지센터
사상구,201990101,삼락생태공원
사상구,201990201,사상강변동원아파트
사상구,202000101,동원아파트앞
사상구,202000102,사상강변동원아파트
사상구,202000201,창진초등학교
사상구,202010101,덕포시장.사상생활사박물관
사상구,202010102,동양한신아파트
사상구,202010201,한신아파트 1차
사상구,202010202,한신아파트 2차
사상구,202020101,사상초등학교
사상구,202020102,사상초등학교
사상구,202040101,유유철강
사상구,202040301,케스텍코리아
사상구,202040302,경동스틸
기장군,202050401,교리입구
기장군,202050402,교리입구
기장군,202060101,교리입구
기장군,202060102,교리입구
기장군,202060201,교리입구
기장군,202060301,우정공원
기장군,202080102,대진여객.고촌역
해운대구,202080203,윗반송역
기장군,202090201,내리
기장군,202090202,당사입구
기장군,202090203,내리초등학교
기장군,202100101,연화교차로
기장군,202110301,오신
기장군,202120201,무곡
기장군,202130101,무곡
기장군,202130102,청강리공영차고지입구
기장군,202130201,청강리공영차고지입구
기장군,202130401,청강리공영차고지
기장군,202140101,기장체육관
기장군,202140102,기장경찰서
기장군,202140103,기장경찰서
기장군,202140104,기장체육관
기장군,202140201,기장체육관
기장군,202140202,기장군청
기장군,202140203,죽성사거리
기장군,202150101,죽성사거리
기장군,202150102,기장군청
기장군,202150201,죽성사거리
기장군,202150401,죽성사거리
기장군,202150501,기장성당
기장군,202160101,일광해수욕장입구
기장군,202160102,동해선일광역
기장군,202160104,동해선일광역
기장군,202160105,일광해수욕장입구
기장군,202170301,화전마을.부산예빛학교
기장군,202170302,화전마을.부산예빛학교
기장군,202200101,기장초등학교
기장군,202200202,기장시장.농협
기장군,202200301,기장전화국
기장군,202260201,교리초교
기장군,202260301,교리초등학교
기장군,202280201,교리초등학교
기장군,202280401,기장교리아파트
기장군,202280402,교리초등학교
기장군,202290301,교리
기장군,202300101,기장시장
기장군,202310101,대진로얄타운
기장군,202320201,기장2주공
기장군,202320202,대변고개
기장군,202330101,대곡마을
기장군,202360101,횡계
기장군,202360102,횡계
기장군,202360201,삼덕입구
기장군,202360203,삼덕입구
기장군,202360204,동해선일광역입구
기장군,202380301,월내시장
기장군,202380302,동해선월내역.월내시장
기장군,202420101,봉수대입구
기장군,202430101,후동입구
기장군,202430102,후동입구
기장군,202430201,후동입구
기장군,202430202,후동입구
기장군,202450301,우정공원
기장군,202460101,오신
기장군,202510101,고리스포츠문화센터
기장군,202560101,대라아파트
기장군,202590101,공수.양경마을
기장군,202590102,공수.당사마을
기장군,202610301,용소삼거리
기장군,202610302,장안초등학교
기장군,202610303,용소삼거리
기장군,202610304,장안초등학교
기장군,202650301,월내초등학교
기장군,202650302,월내초등학교
기장군,202690201,좌천초등학교
기장군,202690202,좌천초등학교
기장군,202710102,좌동리교차로
기장군,202710103,장안제일고등학교
기장군,202710104,장안제일고등학교
기장군,202710105,좌동리교차로
기장군,202710201,좌동리교차로
기장군,202710202,좌동삼거리
기장군,202740201,횡계
기장군,202740202,횡계
기장군,202800301,대진로얄타운
기장군,202810201,기장성당
기장군,202810301,기장성당
기장군,202820201,이진아파트
기장군,202830301,기장초등학교
기장군,202880101,청강사거리
기장군,202880301,기장2주공
기장군,202880401,청강사거리
기장군,202890101,대라리사거리
기장군,202890102,대라리사거리
기장군,202890401,대라아파트
기장군,202900101,기장2주공
기장군,202920101,무양
기장군,202920301,대변고개
기장군,202920302,기장2주공
기장군,202930101,무양
기장군,202930301,대변
기장군,202990301,월평교차로
기장군,203010201,임곡
기장군,203020101,임곡
기장군,203030201,철마면행정복지센터
기장군,203090201,기장도서관
기장군,203130301,아름공원
기장군,203130302,아름공원
기장군,203200301,차고지
기장군,203220101,차고지
강서구,203310101,용원중앙병원
강서구,203310201,용원
기장군,203390101,월평고개
강서구,205150201,분도입구
동구,208120101,동구노인종합복지관.덕림아파트
동구,208120102,수정아파트
기장군,208130101,이진아파트
기장군,208140101,좌천초등학교
기장군,208140102,좌천초등학교
기장군,208160201,마지회관
기장군,208160202,보림
강서구,208170101,사구
강서구,208180101,녹산동행정복지센터
강서구,208180102,범방주유소
강서구,208180103,녹산동행정복지센터
강서구,208180201,녹산동행정복지센터
강서구,208180202,녹산동행정복지센터
해운대구,208220101,반여동부산은행
해운대구,208220102,왕자아파트.반여동부산은행
해운대구,208220301,영원프라자
해운대구,208230101,무정삼거리
해운대구,208230102,드파인센텀.센텀스위첸
해운대구,208230103,무정삼거리
사상구,208250101,중고차매매시장
연제구,208260201,망미주공아파트종점
서구,208270201,아름다운교회
서구,208270202,까치새길입구
사하구,208270302,금화맨션삼거리
서구,208270303,까치고개 87번종점
사하구,208270304,동보하이츠아파트(사하구치매안심센터)
서구,208270305,아미까치공영주차장
해운대구,208280201,대우2차아파트
연제구,208630201,수영강푸르지오아파트
사하구,208780101,롯데캐슬215동앞
사하구,208780102,롯데캐슬211동앞
사하구,208780103,롯데캐슬211동
사하구,208780104,롯데캐슬215동
사하구,208780201,롯데캐슬201동
사하구,208800101,롯데캐슬201동앞
사하구,208800102,롯데캐슬201동
사하구,208800301,롯데캐슬상가
사하구,208810101,롯데캐슬상가앞
사하구,208810301,롯데캐슬211동
사하구,208810302,롯데캐슬215동
중구,208830101,중앙공원.민주공원
사하구,208850101,감천119안전센터
사하구,208850102,감천초등학교
사하구,208850103,대한수산
사하구,208850104,원스탑마트
사하구,208850201,한일냉장
서구,208850202,동양레미콘
서구,208850203,인성글로벌냉장
사하구,208850204,감천항동편부두
해운대구,208880201,풍산금속
동구,208910101,안창마을입구
동구,208910102,보각사
동구,208910103,안창삼거리
부산진구,208910201,안창마을
서구,208920101,휴게소
서구,208920102,암남공원
서구,208920201,현대아파트
서구,208920202,혜성아파트
서구,208930101,서부교육청
서구,208930102,경성전자고등학교
서구,208930103,경성전자고등학교
서구,208930104,금호아파트
서구,208930105,남성한빛.대신더샵
영도구,208940102,차고지
사상구,208950101,북구청
사상구,208950201,삼락동
사상구,208960201,신라대학교
사하구,208980101,구평화신아파트
사하구,208980102,구평고개
사하구,208980103,감천삼거리
사하구,208980104,유림아파트
사하구,208980105,구평고개
사하구,208980106,구평화신아파트
사하구,208980107,유림아파트
사하구,208980301,구평초등학교
사하구,208980302,구평초등학교
금정구,209010201,부산종합터미널.노포역
금정구,209010202,부산종합터미널.노포역
부산진구,209020201,유림아시아드아파트.거제초교
사하구,209030101,하단역환승센터
사하구,209030102,하단역
사하구,209030103,하단역
사상구,209040201,(구)대도운수종점
부산진구,209050101,초읍초등학교
부산진구,209050102,시민도서관
해운대구,209060101,윗반송역
해운대구,209060102,윗반송역
해운대구,209060202,윗반송역
해운대구,209060203,반송본동
해운대구,209060204,반송본동
기장군,209230201,중앙중학교
기장군,209230301,덕산마을
기장군,209240101,중앙중학교
기장군,209260301,구연동
기장군,209270201,달산초등학교
기장군,209270202,달산초등학교
기장군,209270401,정관산업단지
기장군,209270501,구연마을
기장군,209270502,구연마을
기장군,209270503,중앙중학교
기장군,209270601,정관센트럴파크아파트
기장군,209360101,금관빌라드앞
기장군,209360201,고원1차아파트
기장군,209380201,금관빌라드앞
기장군,209380301,고원3차아파트
강서구,209420101,호산나교회.엘크루4단지
강서구,209420401,차량등록사업소
강서구,209430101,낙동강철새도래지
강서구,209430103,낙동강철새도래지
강서구,209430104,전등
강서구,209430201,행복마을
강서구,209430202,행복마을
강서구,209440101,행복마을
강서구,209440102,행복마을
강서구,209440301,호산나교회.삼정그린코아
강서구,209440302,남명초등학교
강서구,209440303,호산나교회
강서구,209440304,남명초등학교
강서구,209460101,르노자동차정문
강서구,209460103,신호하수처리장
강서구,209460104,르노자동차정문
강서구,209460301,신호하수처리장
강서구,209470301,부영2차아파트
강서구,209480101,부영2차아파트
강서구,209480301,부경신항수협
강서구,209500101,부경신항수협
강서구,209500102,의창수협
강서구,209500501,강서평생학습관
강서구,209510101,극동스타클래스아파트
강서구,209510102,극동스타클래스109동
강서구,209510201,두산위브
강서구,209510202,두산위브아파트
강서구,209510401,명호초등학교
강서구,209510402,명호초등학교
강서구,209520301,명호중고등학교
부산진구,209530101,화신아파트(종점)
강서구,209540401,서번산업
강서구,209550102,녹산농협
강서구,209550301,녹산농협
영도구,209570202,동삼삼거리
영도구,209570301,동삼주공
영도구,209580301,동삼삼거리
영도구,209580302,동삼삼거리
영도구,209590101,동삼삼거리
금정구,209620101,선경3차아파트312동
금정구,209650301,남산초등학교
금정구,209660201,남산성당
금정구,209660401,부산외국어대학교정문
금정구,209670101,남산역
금정구,209670201,남산프라자
금정구,209680101,부곡시장
영도구,209710201,동삼시장
영도구,209710301,동삼시장
영도구,209710302,동삼중앙어린이집
영도구,209710401,동삼시장
영도구,209710402,일동미라주아파트
영도구,209790301,영선동윗로터리
남구,209810201,분포중학교
남구,209810301,분포고등학교
남구,209810302,LG메트로시티133동상가앞
남구,209820101,용호만유람선터미널
남구,209820201,LG메트로시티133동상가앞
남구,209820202,분포고등학교
북구,209870101,구포교회
북구,209870102,구포교회
북구,209870103,새생명교회
북구,209880101,(구)고려당제과점
북구,209880102,고려당제과점
북구,209880201,구포대진아파트
북구,209880202,태양탕
북구,209880203,구포대진아파트
북구,209880204,태양탕
강서구,209900101,마음
강서구,209900102,중곡
강서구,209900103,마음
강서구,209900104,중곡
강서구,209900201,구랑
강서구,209900202,구랑
강서구,209900301,지사산단입구
서구,209910101,혜성아파트
서구,209910102,현대아파트
서구,209910201,송도혜성아파트·풍림아이원아파트
서구,209910202,송도공영주차장
서구,209910203,송도해수욕장
서구,209910204,송도초등학교
서구,209910206,송도교차로
강서구,209930102,부산신항
강서구,209930404,다목적터미널
강서구,209930405,현대상선
해운대구,209940101,해운대구문화복합센터
해운대구,209940201,센텀초등학교
해운대구,209940202,센텀파크
해운대구,209940203,센텀초등학교
해운대구,209940204,센텀파크.부산은행
해운대구,209940205,센텀파크112동
해운대구,209950201,해운대구문화복합센터
동래구,209960101,온천장
중구,209980201,보수사거리
중구,210000301,보수초등학교
사하구,210010201,언양식당
사하구,210010202,청도식당
사하구,210020101,구평고물상
사하구,210020201,구평농협
사하구,210030101,언양식당
사하구,210030102,진해식당
사하구,210030103,청도식당
사하구,210030201,구평농협
사하구,210040201,진해식당
사하구,210040202,천우슈퍼
동구,210050101,좌천할인마트.서린엘마르더뷰
동구,210050102,성북고개
동구,210050103,"좌천할인마트,서린엘마르더뷰"
동구,210060101,성북고개
동구,210060102,범일초등학교
동구,210060201,좌천할인마트.서린엘마르더뷰
동구,210060301,수동경로당
동구,210060302,수정동부교회
동구,210070201,렉슬빌라
동구,210070201,렉슬빌라
동구,210070301,대화주택
동구,210070302,덕암빌라
동구,210070303,수정산체육공원
동구,210070304,동여자중학교
동구,210070305,동여자중학교후문
동구,210070306,동원빌라
동구,210070307,부산종합사회복지관
동구,210070308,수성아파트
동구,210070309,수정4동
영도구,210080101,복지회관
영도구,210080102,복천사
영도구,210080103,체육공원
부산진구,210130101,원당골
부산진구,210130102,초읍대우아파트
부산진구,210130103,초읍중학교
동래구,210140301,사직2동행정복지센터
동래구,210140302,사직2동행정복지센터
동래구,210150101,사직동교회
동래구,210150102,사직시장
동래구,210150201,삼익아파트정문
남구,210160101,동천고등학교
남구,210170301,산성교회
해운대구,210190201,해운대시장
해운대구,210210201,해운대구문화복합센터
해운대구,210210301,과정교
남구,210250201,용호동벽산아파트
기장군,210280201,화전마을.부산예빛학교
기장군,210280202,화전마을.부산예빛학교
강서구,210350101,월포
강서구,210390101,수문할매집
강서구,210390102,수문할매집
강서구,210390201,강서고.부산혜원학교
강서구,210390301,변덕마을
강서구,210400301,엘크루블루오션4단지
강서구,210410101,엘크루블루오션6단지
강서구,210410201,롯데캐슬아파트
강서구,210430101,강서경찰서
강서구,210430102,강서경찰서
강서구,210430201,순아3구
강서구,210440101,순아3구
강서구,210440201,순아3구
부산진구,210460101,양정포레힐즈스위첸
부산진구,210460102,연산전화국
부산진구,210460201,양정자이더샵SK뷰
부산진구,210470301,세정고·양정119안전센터
연제구,210480101,유림스토아
연제구,210480102,유림아파트113동
연제구,210480201,유림아파트112동
연제구,210490101,동서그린아파트
연제구,210490102,동암학교
수영구,210500101,정수사
수영구,210510101,로얄아파트
수영구,210510102,정수사
수영구,210510201,남일고
수영구,210510202,로얄아파트상가
수영구,210510203,로얄아파트
수영구,210510204,로얄아파트101동
수영구,210520203,망미초등학교
수영구,210520204,팔도시장후문
수영구,210520301,수영경찰서
수영구,210520302,망미역
강서구,210540102,덕두새동네
강서구,210540103,공항입구
수영구,210540201,수영세무서
사상구,210560201,동서대글로벌빌리지
사상구,210560202,현대무지개아파트
사상구,210560203,현대무지개아파트관리사무소
수영구,210570201,남천1동 행정복지센터
사상구,210580101,동서대글로벌빌리지
사상구,210580102,현대무지개아파트
사상구,210580103,현대무지개아파트관리사무소
사상구,210590201,모라종합사회복지관
사상구,210590202,모라1단지종점
사상구,210600101,캐슬스포츠센터
사상구,210600201,조광페인트
기장군,210670202,신앙촌
강서구,210680101,덕두
강서구,210680301,대저농협앞
강서구,210680601,덕두
강서구,210700301,덕두시장
강서구,210700302,덕두
서구,210740201,천마마을
금정구,210760101,부산종합터미널.노포역
금정구,210760102,부산종합터미널.노포역
금정구,210760201,부산종합터미널.노포역
금정구,210760301,노포삼거리
영도구,210810101,청학시장
사하구,210830301,장림시장번영1길
기장군,210890101,기장고등학교
기장군,210900201,대라리사거리
기장군,210900202,대라리사거리
영도구,210920201,부산보건고등학교
영도구,210930201,부산보건고
영도구,210960101,영선2동행정복지센터
영도구,210970101,강남병원
영도구,210970102,탑마트
영도구,210970201,성모신협
서구,210980301,인성글로벌냉장
서구,210980302,동양레미콘
사하구,210980303,한일냉장
사하구,210980304,감천항동편부두
서구,210990101,감천1.2.3부두
서구,211000101,대림아파트
서구,211000102,등대시장
서구,211000103,대진아파트
서구,211000104,공동어시장
서구,211000105,충무쇼핑.충무동새벽시장
서구,211000106,자갈치역.충무동해안시장
서구,211000201,암남동행정복지센터
사하구,211010101,삼성여고
사하구,211010102,삼성여고
사하구,211020101,괴정동교차로
사하구,211030201,감천삼거리
사하구,211030202,감천삼거리
영도구,211040101,홈플러스
영도구,211040301,미광아파트
영도구,211060201,깡깡이예술마을
영도구,211100201,일동미라주아파트
영도구,211110301,천리교
영도구,211120101,동삼주공아파트1단지
영도구,211120301,태종파크맨션
영도구,211130101,동삼슈퍼
영도구,211130301,태종파크맨션
영도구,211150101,청학주유소
영도구,211150103,대영약국
영도구,211150104,부영슈퍼
영도구,211150105,청학주유소
영도구,211160301,남도여중
영도구,211170101,신선중학교
영도구,211170102,신선중학교
영도구,211200301,신선중학교
영도구,211210201,흰여울문화마을
영도구,211210202,흰여울문화마을
영도구,211230101,영도초등학교
영도구,211230201,강남병원
영도구,211240101,외환은행
영도구,211240301,남항시장
영도구,211300201,동삼초등학교
영도구,211320102,동삼중앙어린이집
영도구,211320301,동삼슈퍼
영도구,211380101,해동종합
영도구,211380102,아르떼뮤지엄·미창석유
영도구,211380301,(주)거청
영도구,211380302,(구)대선조선
영도구,211380303,청학수변공원
영도구,211380304,부산조선
영도구,211390101,(주)거청
영도구,211390102,(구)대선조선
영도구,211390103,청학수변공원
영도구,211390104,부산조선
영도구,211390301,SK부산저유소
영도구,211390302,HJ중공업
영도구,211390303,HJ중공업
수영구,211460301,광안역
영도구,211480201,대평화장품
영도구,211500101,대교사거리
영도구,211500301,남항동
영도구,211500302,제일은행
영도구,211520201,영선아파트
영도구,211520301,흰여울문화마을
영도구,211550101,남항초등학교
영도구,211620201,대동대교맨션
영도구,211620202,토토볼링장
영도구,211620401,대평화장품
영도구,211650301,진주슈퍼
강서구,211720101,옥포
강서구,211730101,옥포마을
강서구,211730301,옥포마을입구
강서구,211740101,에스피엘
강서구,211750101,렛츠런파크입구
강서구,211750102,렛츠런파크입구
강서구,211750201,렛츠런파크입구
강서구,211790101,설만마을회관
강서구,211790102,동신에프에이
강서구,211790103,신진화이너스
강서구,211790401,정관도새집
강서구,211800301,공항상회
강서구,211800302,평강사리마을입구
강서구,211800303,칠점입구
강서구,211800304,평강사리
강서구,211810201,강서구청
강서구,211810301,대저119안전센터
강서구,211810302,대저119안전센터
강서구,211810303,대저119안전센터
강서구,211820101,새날교회
강서구,211820301,대상초등학교
영도구,211830101,영도배수지
영도구,211830102,삼거리이용원
영도구,211830201,영도배수지입구
중구,211850401,부산항만공사
사상구,211880301,양지공원
사상구,211920101,모덕초등학교
사상구,211920102,자유아파트
사상구,211920401,사상도서관
사상구,211940401,모라화인아파트
사상구,211950301,협성아파트
사상구,211960201,모라벽산아파트
사상구,211970101,구포현대아파트
사상구,211970102,구포현대아파트
사상구,211970301,모라119안전센터
사상구,211970302,모라119안전센터
사상구,211980201,삼정그린코아아파트
사상구,211980301,모라농협
사상구,211980302,모라우성아파트
사상구,211980303,모라농협
사상구,211980304,모라우성아파트
북구,212020101,만덕동일아파트
북구,212020102,옥천사입구
북구,212040101,구룡사
북구,212040102,북구문화빙상센터
북구,212040103,수정강변타운후문
북구,212040104,구룡사
북구,212040105,수정강변타운후문
북구,212040301,덕천교차로
북구,212040302,덕천교차로
기장군,212090201,봉수대입구
해운대구,212120101,센텀피오레1차
해운대구,212130102,동해선재송역
해운대구,212130103,동해선재송역
해운대구,212130301,동해선재송역
해운대구,212140101,센텀리슈빌아파트
해운대구,212140102,센텀E편한세상
해운대구,212140103,송수초교
금정구,212150101,삼한아파트
금정구,212150102,성지아파트
기장군,212220101,한신아파트
기장군,212220201,한신아파트
기장군,212240101,기장교리아파트
기장군,212240102,교리초등학교
기장군,212260101,만화리
기장군,212260102,만화리입구
기장군,212290101,부산장안고등학교
기장군,212290301,내덕입구
기장군,212290303,부산프리미엄아울렛
기장군,212290304,부산프리미엄아울렛
기장군,212340101,좌천삼거리
기장군,212340102,좌천삼거리
기장군,212340301,좌동리교차로
기장군,212400101,평전마을
기장군,212400102,산막입구
기장군,212400103,신동아파밀리에후문
기장군,212400104,정관읍행정복지센터.기장소방서
금정구,212490201,선동상현마을
금정구,212490202,회동수원지입구
금정구,212490203,상현마을입구
금정구,212500301,동래구.금정구선거관리위원회
금정구,212530101,동일고무벨트
금정구,212530102,부산예원고등학교
금정구,212530103,욱성화학(주)
금정구,212540101,법학관.수학관
금정구,212540201,법학관.수학관
금정구,212540202,중앙도서관.화학관
금정구,212550101,미술관.제2사범관
금정구,212550102,부산대음악관
금정구,212560101,미술관.제2사범관
금정구,212560102,부산대음악관
금정구,212560201,부산대예술관
연제구,212580101,유림아파트112동
연제구,212590101,경인문구
연제구,212590201,경인문구
연제구,212590202,섬강빌라
남구,212600101,뉴서울아파트
남구,212600102,우암자유아파트
남구,212600201,우암자유아파트
남구,212600202,우암자유3차아파트
연제구,212610101,배산역.만화도서관
연제구,212610102,배산역.연제만화도서관
연제구,212610201,배산역
남구,212620101,성지고등학교
남구,212620102,대연푸르지오클라센트·동림리라
남구,212620103,부산공고
남구,212620104,부산공업고등학교후문건널목
남구,212620105,부산공업고등학교후문
남구,212620106,성지고등학교
남구,212620107,대승아파트
남구,212620108,대연푸르지오클라센트·동림리라
남구,212620201,우암자유아파트
남구,212620202,뉴서울아파트
남구,212620301,우암뉴서울아파트
남구,212620302,일신보라아파트
남구,212620303,뉴서울아파트
서구,212650101,부산국제수산물도매시장
서구,212650201,수산가공선진화단지입구
기장군,212690101,신동아파밀리에정문
기장군,212690102,신동아파밀리에정문
기장군,212690302,정관읍사무소.기장소방서
기장군,212690401,가동마을
기장군,212690402,정관양우내안애
기장군,212700202,중앙중학교
기장군,212700302,덕산마을
기장군,212700701,소두방공원
기장군,212710101,LH4단지
기장군,212710301,동원로얄듀크1차아파트
기장군,212710302,정관산단입구
기장군,212720101,LH4단지
기장군,212720202,달산마을
기장군,212720401,달산마을
기장군,212720402,옛터어린이공원입구
기장군,212730102,달산마을
기장군,212760201,정관산업단지
기장군,212760401,동원로얄듀크1차아파트
기장군,212760402,정관산단입구
기장군,212770101,신동아파밀리에정문
기장군,212770102,신동아파밀리에정문
기장군,212780101,정관홈플러스
기장군,212780201,정관홈플러스
기장군,212780202,정관홈플러스
기장군,212790101,정관홈플러스
기장군,212800201,한진해모로
기장군,212800202,계룡리슈빌
기장군,212800203,롯데캐슬
기장군,212800204,정관주민자치회관
기장군,212800205,계룡리슈빌
기장군,212800206,정관주민자치회관
기장군,212800207,한진해모로
기장군,212820201,현진에버빌
기장군,212820401,이지더원1차아파트정문
기장군,212820402,현진에버빌후문사거리
기장군,212830101,현진에버빌
기장군,212830201,솔마루공원
기장군,212830301,신정초등학교
기장군,212830303,신정초등학교
기장군,212830304,정원초등학교
기장군,212830502,솔마루공원
기장군,212840101,구연마을
기장군,212840102,구연마을
기장군,212910301,동원로얄듀크2차아파트
기장군,212950401,정관센트럴파크아파트
사상구,213000103,감전LH아파트
사상구,213000104,사상근린공원
사상구,213000105,백양마을
사상구,213000106,벽산신화아파트
사상구,213000107,사상구종합사회복지관
수영구,213010203,수영구 스포츠문화타운
연제구,213020201,월륜교차로
수영구,213040103,수영강변1차e편한세상
수영구,213040104,수영주택
연제구,213050201,물만골역
강서구,213100201,롯데캐슬아파트
강서구,213100203,롯데캐슬아파트
강서구,213110101,롯데캐슬아파트
강서구,213110103,롯데캐슬아파트
강서구,213110201,남명초등학교
강서구,213110202,남명초등학교
강서구,213110203,호산나교회
금정구,213120201,동일고무벨트
금정구,213120202,금성타운
해운대구,213160301,반여농산물시장역
해운대구,213210102,장산중학교.꿈에그린아파트
해운대구,213210202,반여1동행정복지센터
해운대구,213210203,반여동탑마트
해운대구,213220202,우방아파트
해운대구,213220301,센텀SK뷰아파트115동
해운대구,213230201,센텀SK뷰아파트113동
동래구,213270101,롯데백화점동래점
부산진구,213280501,화인아파트102동
영도구,213300103,삼신아파트
영도구,213300104,시영아파트후문
영도구,213300105,청학동공영주차장
영도구,213300301,시영아파트정문
남구,213310101,오륙도SK뷰정문
남구,213310102,오륙도초중학교
남구,213310103,오륙도SK뷰정문
남구,213310104,오륙도초중학교
남구,213310201,오륙도스카이워크
남구,213320101,오륙도초중학교
남구,213320102,오륙도SK뷰정문
남구,213320103,오륙도초중학교
남구,213320104,오륙도SK뷰정문
남구,213320105,오륙도스카이워크
남구,213320301,부산해군회관
남구,213330101,오륙도스카이워크
남구,213330102,오륙도스카이워크
남구,213330103,오륙도스카이워크
부산진구,213370103,대동아파트
부산진구,213370201,서면자동차학원
부산진구,213370202,화신아파트
부산진구,213370301,감로사
부산진구,213370303,대동아파트
부산진구,213370401,대동아파트
기장군,213380401,정관농협기업지점
기장군,213390101,달산초등학교
기장군,213390102,달산초등학교
기장군,213400101,송정리
기장군,213400102,입석
기장군,213400103,선돌
기장군,213400104,대우아파트후문
기장군,213400201,에스엔티모티브
기장군,213410101,송정리
기장군,213410102,입석
기장군,213410103,선돌
기장군,213410104,대우아파트후문
기장군,213410201,임기
사상구,213450201,주례아파트
사상구,213460101,냉정시장
사상구,213470101,경남정보대50주년기념관
수영구,213490101,수영경찰서
수영구,213500101,광안자모병원후문
수영구,213510101,광안4동새마을금고
연제구,213520201,힐스테이트201동앞
연제구,213520202,마하사
연제구,213520203,관음사
연제구,213520204,법륜사
연제구,213530201,하이자동차운전학원
연제구,213530202,현대홈타운
연제구,213560201,거성중
연제구,213560202,곰두리스포츠센터
연제구,213560204,레이카운티3단지
연제구,213560205,만수사
연제구,213560206,청구아파트
연제구,213570101,유림스토아
연제구,213570102,유림아파트113동
금정구,213590101,로얄팰리스아파트
금정구,213590102,경동아파트
금정구,213600101,로얄팰리스아파트
금정구,213640201,금샘고등학교
금정구,213640202,금사중학교
금정구,213640203,서동교회
금정구,213640204,부산경호고등학교
사하구,213680101,서원유통
사하구,213690101,우림아파트
사하구,213690201,에덴빌라
사하구,213700101,반도보라아파트
사하구,213710101,에덴빌라
사하구,213710102,혜성아파트
사하구,213710201,동원1차아파트
남구,213800202,한국산업인력공단남부산지사
동래구,213830201,동래구보훈회관
동래구,213830202,삼성가든아파트
동래구,213830203,새동래3차아파트
동래구,213890101,명륜역
동래구,213910101,동래교육청정문
동래구,213920101,내성초등학교
사상구,213960101,유림빌라
부산진구,213970201,부산진여자상업고등학교
부산진구,213970301,성모여자고등학교
부산진구,213970302,부산여자대학교정문
부산진구,213970401,부산여자대학교도서관
부산진구,213980101,부산여자대학교도서관
부산진구,213990101,전포초등학교
부산진구,213990201,부전역
부산진구,214000101,일산아파트
부산진구,214010101,대산아파트
부산진구,214020101,감로사
부산진구,214020102,전포고개
부산진구,214030201,정우빌라
부산진구,214030202,규경빌라
부산진구,214040101,정우빌라
부산진구,214060101,동의과학대학교
부산진구,214060301,동의과학대사거리
부산진구,214060302,동의과학대학교
부산진구,214060303,양정하이츠아파트
부산진구,214080101,부산은행
영도구,214090101,천리교
영도구,214090201,동삼주공아파트1단지
영도구,214100201,롯데낙천대아파트정문
동구,214110201,대화주택
동구,214110202,덕암빌라
동구,214110203,수정산체육공원
동구,214110204,동여자중학교
동구,214110205,동여자중학교후문
동구,214110206,동원빌라
동구,214110207,부산종합사회복지관
동구,214110208,수성아파트
동구,214110209,수정4동
동구,214110301,수정아파트5동
동구,214110302,수정아파트중간계단
서구,214130101,대성사
서구,214130201,세신빌라
중구,214140101,보수우체국
기장군,214160201,롯데캐슬
기장군,214170101,계룡리슈빌후문
기장군,214170203,동일스위트1차
기장군,214170204,계룡리슈빌
기장군,214170205,동일스위트1차
기장군,214170206,한진해모로
남구,214180101,신선대CNG충전소
강서구,214210201,동율리
강서구,214210202,장항
강서구,214210203,서율리
강서구,214220202,부산신항
강서구,214260101,퀸덤1.2단지
강서구,214260102,퀸덤아파트1.2단지
강서구,214260201,명호초등학교
강서구,214260202,명호초등학교
강서구,214270101,퀸덤1.2단지
강서구,214270102,퀸덤아파트1.2단지
강서구,214270201,신호대교
강서구,214270202,명지오션시티
강서구,214280101,퀸덤3단지
강서구,214280102,극동스타클래스109동
기장군,214300101,대곡마을
기장군,214380201,동원로얄듀크2차아파트
강서구,214430201,평강대리1구
강서구,214430202,평강대리
강서구,214440201,우진정기
강서구,214450101,매일정기
강서구,214450102,YMP지사단지기점
강서구,214460101,매일정기
강서구,214460102,우진정기
강서구,214460103,매일정기
강서구,214460201,우진정기
강서구,214460202,삼영MT
강서구,214460203,이득텍
강서구,214460204,삼영MT
강서구,214460205,자동차부품멀티관
강서구,214470101,우진정기
강서구,214470102,자동차부품멀티관
강서구,214470103,삼영MT
강서구,214470104,이든텍
강서구,214470105,삼영MT
강서구,214470301,한성정밀
강서구,214480101,자동차부품단지
강서구,214480301,자동차부품단지
강서구,214490101,신호윌아파트105동
강서구,214490102,윌아파트
강서구,214490301,신호농협
강서구,214490302,녹산농협신호지소
강서구,214520201,신호농협
강서구,214520202,녹산농협신호지소
남구,214640101,남구국민체육센터
남구,214640201,백운포체육공원
남구,214650101,백운포체육공원
강서구,214820202,차량등록사업소
강서구,214840201,고개마루
강서구,214840202,옛천성분교
강서구,214840301,서중교
강서구,214840302,중앙상회
강서구,214850101,고개마루
강서구,214850102,옛천성분교
강서구,214850201,두문해변
강서구,214850202,두문방파제
강서구,214850205,두문
강서구,214850206,두문이주단지
강서구,214860101,두문해변
강서구,214860102,두문방파제
강서구,214860105,두문
강서구,214860106,두문이주단지
강서구,214860201,선창
강서구,214860202,선창
강서구,214860203,동율리
강서구,214860204,장항
강서구,214860205,서율리
강서구,214900301,상방마을입구
강서구,214910101,가덕천성동
강서구,214910102,두문입구
강서구,214910103,서중마을
강서구,214920101,두문입구
강서구,214920102,천성.동중마을
강서구,214930202,성북
강서구,214930301,성북마을
강서구,214940102,성북
강서구,214950301,강림씨에스피
강서구,214950401,(주)태광
강서구,214960101,강림씨에스피
강서구,214960201,산양마을입구
강서구,214980101,세주정공
강서구,214980102,세주정공
강서구,214990101,서번산업
강서구,214990201,(주)태광
강서구,214990401,화연공원
강서구,214990402,부산은행화전공단지점
강서구,214990403,부산은행화전공단지점
강서구,214990404,우리은행화전공단지점
강서구,215000101,조달청비축기지
강서구,215000201,화연공원
강서구,215000202,부산은행화전공단지점
강서구,215000203,부산은행화전공단지점
강서구,215000204,우리은행화전공단지점
강서구,215000301,세주정공
강서구,215000302,세주정공
동래구,215010101,온천장역
서구,215020201,동아대학교병원
강서구,215030202,국제선청사
강서구,215050204,다목적터미널
강서구,215050205,현대상선
동구,215060202,부산역
동래구,215070201,다이소동래역점
기장군,215080102,모전마을
기장군,215080201,모전초등학교
기장군,215090101,모전초등학교
기장군,215090102,이지더원아파트
기장군,215090401,이지더원1차아파트정문
기장군,215090402,현진에버빌후문사거리
기장군,215090403,동일스위트3차
기장군,215130101,소두방공원
기장군,215130301,서희스타힐스
기장군,215160101,서희스타힐스
기장군,215160201,옛터어린이공원입구
기장군,215170101,고촌마을입구
기장군,215170102,고촌마을입구
기장군,215180202,고촌휴먼시아아파트
기장군,215190101,고촌마을입구
기장군,215190102,고촌마을입구
기장군,215190302,고촌휴먼시아아파트
남구,215200201,동항초등학교
강서구,215210101,부산소프트웨어마이스터고
강서구,215210301,부산소프트웨어마이스터고
강서구,215220201,부산소프트웨어마이스터고
강서구,215220202,봉림양수장
강서구,215220301,봉림양수장
강서구,215240101,명호중고등학교
강서구,215240201,부산한솔학교
강서구,215240301,극동스타클래스
강서구,215240302,두산위브
강서구,215240401,한신휴플러스아파트
강서구,215250301,신호부영5차아파트
강서구,215250302,신호중학교
강서구,215310101,정관도새집
강서구,215310201,정관도마을
강서구,215310202,정관도마을회관
강서구,215310203,정관도삼거리
강서구,215320101,통전
강서구,215320102,봉림교차로
강서구,215330101,남중
강서구,215340101,서중교
강서구,215340102,중앙상회
강서구,215340201,남중
사상구,215370101,백양종합사회복지관
사상구,215380101,307동 308동
강서구,215390101,이원솔루텍
강서구,215400102,가덕동행정복지센터
강서구,215410101,성북마을
강서구,215410201,가덕동행정복지센터
강서구,215410301,성북새동네
강서구,215410302,천가농협
강서구,215410303,천가동우체국
강서구,215410304,한전
강서구,215420102,서중
강서구,215420201,천성
강서구,215420301,천성IC 동중
강서구,215430201,서중마을
강서구,215430202,서중
기장군,215440101,청강리공영차고지
영도구,215470104,국립해양박물관
영도구,215480301,국제크루즈터미널입구
동래구,215810102,사직여자중학교
동래구,215810103,삼정그린코아아파트
동래구,215820103,사직중학교
동래구,215820105,사직초등학교
동래구,215820203,사직여자고등학교
동래구,215820204,사직여자중학교
강서구,215830101,조달청비축기지
기장군,215840101,가동마을
기장군,215840102,정관양우내안애
기장군,215850101,정관농협기업지점
기장군,215850201,정관읍행정복지센터.기장소방서
사하구,215880103,감천2동
사하구,215880104,감천사거리
사하구,215880105,수협
사하구,215880201,감천2동삼거리
사하구,215880202,감천2동새마을금고
사하구,215880203,감천2동행정복지센터
사하구,215890103,다대문화체육센터
사하구,215890201,다대문화체육센터
기장군,215910101,부산대청중학교
강서구,215920101,서부산유통지구역
강서구,215920102,서부산유통지구역
강서구,215930101,서부산유통지구역
서구,215970101,수산가공선진화단지
서구,215980101,수산가공선진화단지입구
강서구,215990301,서부산유통1단지
해운대구,216000101,동해선신해운대역
강서구,216010101,극동스타클래스
강서구,216020101,엘크루블루오션
강서구,216030201,지양곡
강서구,216030202,지양곡
강서구,216030301,천성IC 동중
기장군,216420101,오시리아관광단지
기장군,216420102,롯데월드어드벤처부산
기장군,216420302,동부산아울렛
기장군,216420303,오시리아역.국립부산과학관입구
기장군,216420403,오시리아관광단지
기장군,216430101,롯데월드어드벤처부산
강서구,216450101,신호초등학교사거리
강서구,216450102,신호초등학교사거리
강서구,216460101,신호초등학교사거리
강서구,216460102,신호초등학교사거리
기장군,216490101,동일스위트3차정문
기장군,216490202,솔마루공원
기장군,216490302,모전마을
기장군,216500101,LH7단지
강서구,216510201,조선해양기자재회관
강서구,216520101,DSK
강서구,216530101,DSK
강서구,216540101,탑동
강서구,216550101,탑동
강서구,216560101,강진산업
강서구,216570101,강진산업
강서구,216570201,조선해양기자재회관
강서구,216600102,렛츠런파크정문
강서구,216610102,렛츠런파크정문
강서구,216620102,지사산단입구
강서구,216620301,지사산단입구
강서구,216670101,금강펜테리움아파트
강서구,216670201,명지초교.명지중학교
강서구,216670202,명지국제신도시입구
강서구,216670301,"금강펜테리움2차아파트, 호반써밋명지국제아파트"
강서구,216680101,에일린의뜰아파트
강서구,216680301,호반베르디움아파트
강서구,216680601,국민은행명지국제신도시지점
해운대구,216690101,장산성당
해운대구,216690201,영진종합사회복지관
해운대구,216690301,신동아아파트
해운대구,216700101,신촌입구
강서구,216720101,더스퀘어
강서구,216720201,중흥프라디움
동구,216730101,부산항국제여객터미널
동구,216740101,부산항국제여객터미널입구
부산진구,216760101,부산시민공원남문
부산진구,216760102,부산진중학교
금정구,216770101,우성
금정구,216770301,회동동(온천장 방면)
금정구,216780101,삼한전자
해운대구,216790101,동영테크윈
해운대구,216810101,(주)오토닉스
해운대구,216810201,삼원에프에이
해운대구,216820101,(주)오토닉스
기장군,216830101,장안산업단지입구
기장군,216840101,신성전기
기장군,216840201,장안산업단지입구
기장군,216850101,신성전기
기장군,216870101,삼풍공업
기장군,216890101,한국산업단지공단동부산사무소
기장군,216900101,아산이노텍
기장군,216920101,한라정공
기장군,216940101,명례산업단지입구
기장군,216950101,명례산업단지입구
기장군,216960101,강림인슈
기장군,216970101,에이앤티시스템
기장군,216980101,강림인슈
기장군,216990101,에이앤티시스템
기장군,217000101,에스아이시스템
기장군,217010101,도야마을
기장군,217010201,에스아이시스템
기장군,217020101,국립부산과학관
기장군,217020202,오시리아역
기장군,217030101,국립부산과학관
해운대구,217040101,광어골
강서구,217060101,조광요턴
강서구,217060102,조광요턴
강서구,217070101,조광요턴
강서구,217070201,(주)신영
남구,217100401,용당동
기장군,217110101,연화교차로
기장군,217120101,서암입구
강서구,217140101,동선마을
강서구,217140102,동선이주단지
강서구,217150101,전망대
강서구,217160102,새바지입구
강서구,217160201,대항
강서구,217160202,대항방파제
강서구,217170101,대항마을
강서구,217170102,새바지입구
강서구,217180101,지양곡
금정구,217200101,금정공영차고지
금정구,217210101,금정공영차고지
사하구,217220102,롯데캐슬상가
사하구,217220201,몰운대초등학교
강서구,217250101,대방노블랜드아파트
강서구,217250301,신명초등학교
영도구,217270101,한국해양대.부산해사고
영도구,217270201,국립수산물품질관리원
영도구,217270202,한국해양수산연수원
영도구,217280101,국립수산물품질관리원
영도구,217280102,한국해양수산연수원
금정구,217290101,죽전마을
금정구,217290103,마을회관
금정구,217290201,포구나무집
금정구,217290202,연수암
남구,217340101,오륙도선착장
동구,217360101,(주)대호
금정구,217370101,부산대본관
동구,217380101,범일5동행정복지센터
해운대구,217390101,센텀강변현대아파트
해운대구,217390102,벽산한솔타운아파트
해운대구,217390201,센텀강변현대아파트
해운대구,217390202,센텀SD아파트정문
해운대구,217390203,센텀SD아파트후문
해운대구,217390204,우신아파트
금정구,217400101,금사역
금정구,217400201,대우아파트
금정구,217410101,대우아파트
해운대구,217410201,우신아파트
해운대구,217410202,센텀SD아파트정문
해운대구,217410203,센텀SD아파트후문
부산진구,217420101,대림아파트
해운대구,217430101,신동아아파트
남구,217440101,오륙도선착장
금정구,217460201,장전역4번출구
부산진구,217470101,초읍대진아파트
부산진구,217480101,초읍대진아파트
부산진구,217480201,대진세탁소
부산진구,217490101,대진세탁소
금정구,217510101,부산외대건학관
동래구,217520101,명장초등학교
동래구,217520201,조양삼거리
동래구,217520301,유림아파트
동구,217530101,수남경로당
연제구,217540101,부산의료원
금정구,217560101,부산대경암체육관
금정구,217570101,부산과학고등학교
금정구,217570201,부산외국어대학교정문
기장군,217640101,기룡교차로
사상구,217720201,경남정보대분수대
사상구,217730101,경남정보대분수대
강서구,217750201,두산위브112동
해운대구,217850101,모던홈마트
해운대구,217850201,느티나무요양원
해운대구,217860101,느티나무요양원
해운대구,217860201,경찰특공대입구
해운대구,217870101,경찰특공대입구
해운대구,217890101,보경사
기장군,217900201,달산마을
사하구,218500101,사하구민 장례식장
영도구,218510101,홈플러스
강서구,218530201,성북새동네
강서구,218530202,천가농협
강서구,218530203,천가동우체국
강서구,218530204,한전
사하구,218590301,명보기업
사상구,218610101,4단지관리사무소
사상구,218610102,약수터
북구,218620101,폴리텍대학부산캠퍼스
북구,218630101,일동파크맨션
사하구,218640101,명보기업
동래구,218730201,동래문화회관
동래구,218730202,명륜2차아이파크1단지
사상구,218740101,덕포신익.벽산하나로아파트
사상구,218740102,오양힐타운아파트
사상구,218740201,모덕교회
사상구,218740202,덕상초등학교
사상구,218750101,모덕교회
사상구,218750102,덕상초등학교
사상구,218750201,사상도서관
강서구,218780201,둔치도입구
강서구,218790201,둔치도
강서구,218800101,둔치도
강서구,218800201,죽전가
강서구,218810101,죽전가
강서구,218820101,둔치도종점
남구,218890101,동항초등학교
사하구,218910101,구평방파제
사하구,218910102,대일조선
사상구,219040101,동서대스튜던트프라자
사상구,219040201,경남정보대미래관
부산진구,219090201,현대아파트113동
부산진구,219100101,현대아파트209동
부산진구,219100201,현대아파트207동
부산진구,219110101,현대아파트113동
부산진구,219110201,현대아파트205동
해운대구,219150102,동부지청어귀교차로
해운대구,219150202,동해선센텀역
서구,219160101,동아대학교구덕캠퍼스
남구,219200201,이마트문현점
남구,219210101,문현시장
강서구,219230201,"호반써밋명지국제,금강펜테리움2차"
강서구,219230301,협성휴포레
금정구,219270101,온천장역
사상구,219290101,덕포신익.벽산하나로아파트
사상구,219290201,덕포경동1차아파트
사상구,219290202,덕포경동2차아파트
강서구,219310101,대상초등학교
강서구,219310201,대저소방서 대저1동주민센터
강서구,219320101,대저소방서 대저1동주민센터
강서구,219320201,부산은행대저지점
서구,219350101,남성한빛.대신더샵
서구,219350102,대신롯데캐슬아파트
남구,219370101,솔개다리
사상구,219380101,동양아파트13동
사상구,219380102,동양아파트16동
사상구,219380103,학장동행정복지센터
동래구,219450101,복천박물관
동래구,219450202,학산여자고등학교
강서구,219470101,미소락펜션
강서구,219480201,동양메이져
강서구,219490301,명지환승센터
사하구,219500101,한신아파트
사상구,219540101,구덕대림아파트
동래구,219570101,무량사
동래구,219570201,복천박물관
남구,219580101,부경대용당캠퍼스
연제구,219610101,서전기아타운
연제구,219620101,한일레포츠
연제구,219620201,연제구국민체육센터
연제구,219620202,한일유앤아이
연제구,219630101,서전기아타운
연제구,219630201,한일레포츠
부산진구,219660101,화인아파트104동
부산진구,219670101,하나로교회
서구,219690101,수도암입구
서구,219690102,신풍빌라
서구,219690103,협성르네상스후문
서구,219690201,민방위교육장
서구,219690202,효목빌라
동래구,219700101,명륜2차아이파크2단지
동래구,219700201,동래문화회관
동래구,219700202,명륜2차아이파크1단지
동래구,219700203,온천장입구
부산진구,219750201,개금3동행복문화센터
사상구,219770201,다누림센터.부산구치소
사상구,219770202,주남교
강서구,219790101,"호반써밋명지국제,금강펜테리움2차"
강서구,219800301,금강펜테리움2차아파트
강서구,219810201,명지초등학교
강서구,219810301,에일린의뜰아파트112동
강서구,219820101,명지초등학교
강서구,219820201,국제신도시교차로
강서구,219830101,국제신도시교차로
북구,219890101,유림노르웨이숲
강서구,219940101,대항
강서구,219940102,대항방파제
동래구,219990101,농심가슈퍼
동래구,219990102,대명여자고등학교
동래구,219990201,유림아파트
동래구,220000201,농심가슈퍼
동래구,220010101,명륜2차아이파크2단지
동래구,220010102,용인고등학교
동래구,220010201,대명여자고등학교
동래구,220010202,용인고등학교
남구,220020301,동항초등학교
연제구,220040101,수녀원
연제구,220040201,대진그린타워
부산진구,220090201,그린하노이
부산진구,220090202,현대아파트101동
부산진구,220090203,현대아파트106동
부산진구,220100101,현대아파트101동
부산진구,220110201,그린하노이
부산진구,220110202,현대아파트106동
영도구,220120101,유림아파트
영도구,220130101,봉래지구대
영도구,220130201,시영아파트정문
사하구,220140101,동원로얄듀크101동앞
사하구,220140102,동원로얄듀크아파트종점
동래구,220150201,삼정그린코아아파트
강서구,220170101,울만신평 하리
금정구,220240101,스포원파크
기장군,220250101,문화그린맨션
금정구,220280101,금정체육공원
북구,220320101,만덕성당
북구,220320102,만덕역
북구,220360201,백양디이스트204동
북구,220360202,백양초등학교
부산진구,220370101,부산진구청정문
남구,220380101,용당동
사하구,220390101,산학협력관
사하구,220410101,생활관
사하구,220460101,사하e편한세상아파트101동
사하구,220460102,사하e편한세상아파트입구
사하구,220460103,구평동행정복지센터
사하구,220470101,사하e편한세상아파트101동
사하구,220470102,사하e편한세상아파트입구
사하구,220470103,구평동행정복지센터
사하구,220480103,구평동
사하구,220480104,구평삼거리
사하구,220490102,구평e편한세상입구
강서구,220590201,중흥1차.더힐시그니처동문
강서구,220610101,지법서부지원.지검서부지청
강서구,220690101,(주)신영
사하구,220710101,두송대선터널앞
사하구,220710102,한국선박수리공업
사하구,220710201,대선조선
강서구,220720101,법원검찰청사거리
강서구,220720301,지법서부지원.지검서부지청
강서구,220720401,중흥1차.더힐시그니처동문
남구,221280101,동명대학교정문
강서구,221290201,한국토지주택공사
강서구,221300101,국민은행명지국제신도시지점
강서구,221300201,에일린의뜰아파트112동
강서구,221300301,대방노블랜드오션뷰
강서구,221310402,명지초교.명지중학교
강서구,221370101,신명초등학교
강서구,221370201,대방노블랜드오션뷰
남구,221390101,부산문화회관(주차동)
남구,221410201,부산문화회관(주차동)
남구,221420101,유엔평화기념관.일제강제동원역사관
강서구,221490101,부산소프트웨어마이스터고
강서구,221490201,신기마을
강서구,221500101,신기마을
강서구,221520201,봉림마을
강서구,221530101,봉림마을
북구,500000000,백양초등학교
남구,500010000,인각사
남구,500020000,인각사
수영구,500030000,금련산역
해운대구,500040000,동백역
해운대구,500050000,동백역
해운대구,500060000,부산문화여고
해운대구,500070000,부산문화여고
해운대구,500080000,올림픽교차로
해운대구,500090000,올림픽교차로
사하구,500100000,장림역
기장군,500110000,한신아파트후문
남구,500120000,효성자동차정비
기장군,500130000,정관농협기업지점
기장군,500140000,정관농협기업지점
해운대구,500150000,청사포
기장군,500160000,LH4단지
기장군,500170000,LH4단지
기장군,500180000,광산입구
기장군,500190000,광산입구
기장군,500200000,구연동
기장군,500210000,구연동
기장군,500220000,기룡
기장군,500230000,기룡
기장군,500240000,기장군청
기장군,500250000,기장군청
기장군,500260000,기장체육관
기장군,500270000,내덕
기장군,500280000,원자력의학원
기장군,500290000,원자력의학원
기장군,500300000,동부산관광호텔
기장군,500310000,동부산관광호텔
기장군,500320000,동일스위트3차정문
기장군,500330000,동일스위트3차
기장군,500340000,동해선일광역입구
기장군,500350000,롯데캐슬
기장군,500360000,문중
기장군,500370000,방곡마을
기장군,500380000,방곡마을
기장군,500390000,상리
기장군,500400000,상장안
기장군,500410000,서희스타힐스정문
기장군,500420000,서희스타힐스정문
기장군,500430000,선암
기장군,500440000,선우아파트
기장군,500450000,선우아파트
기장군,500460000,센트럴파크
기장군,500480000,소두방공원
기장군,500490000,소두방공원
기장군,500500000,용소삼거리
기장군,500510000,용소삼거리
기장군,500520000,원당
기장군,500530000,원당
기장군,500540000,원적사
기장군,500550000,원적사
기장군,500560000,월드컵빌리지
기장군,500570000,월드컵빌리지
기장군,500580000,이지더원1차아파트정문
기장군,500590000,모전초등학교
기장군,500600000,이지더원5차
기장군,500610000,이지더원5차
기장군,500620000,임랑마을
기장군,500630000,장안제일고등학교
기장군,500640000,장안초등학교
기장군,500650000,장안초등학교
기장군,500660000,재흥아파트
기장군,500670000,재흥아파트
기장군,500680000,정관농협기업지점
기장군,500690000,정관농협기업지점
기장군,500700000,좌동삼거리
기장군,500710000,좌동리교차로
기장군,500720000,좌천시장
기장군,500730000,좌천시장
기장군,500740000,죽성사거리
기장군,500750000,죽성사거리
기장군,500760000,하근
기장군,500770000,하근
기장군,500780000,하리
기장군,500790000,하리
기장군,500800000,하장안
기장군,500810000,하장안
기장군,500820000,학리
기장군,500830000,학리분교
기장군,500840000,학리분교
기장군,500850000,학리입구
기장군,500860000,학리입구
기장군,500870000,휴먼시아1단지후문
동래구,500900000,동래구청
동래구,500910000,동래시장
사하구,500930000,부산현대미술관
기장군,500940000,철마교
기장군,500950000,철마교
동래구,500960000,동래경찰서후문
사하구,500970000,빙그레서부산영업소
사하구,500980000,빙그레서부산영업소
사하구,500990000,기동대입구교차로
사하구,501000000,기동대입구교차로
사하구,501010000,동매역
영도구,501020000,한국해양과학기술원
영도구,501030000,한국해양과학기술원
금정구,501040000,회동화물자동차공영차고지
연제구,501050000,계성여고입구
연제구,501060000,거제4동새마을금고
연제구,501070000,거제4동행정복지센터
해운대구,501110000,화목아파트
사하구,501160000,몰운대아파트
사하구,501170000,대우아파트
사하구,501180000,다대포해수욕장역
사하구,501190000,다대코오롱아파트
동래구,502000000,수안역.동래교차로
동래구,502010000,메가마트동래점
동래구,502020000,메가마트동래점
동래구,502030000,동래역.내성교차로
부산진구,502080000,정묘사
해운대구,502090000,해운대로데오거리
해운대구,502100000,해운대로데오거리
동래구,502110000,코끼리자연어린이집
사하구,502120000,하단역환승센터
남구,502130000,LG메트로시티입구
남구,502140000,LG메트로시티입구
기장군,502150000,광진윈텍
기장군,502160000,디에이치코리아
남구,502170000,분포우체국
남구,502180000,분포우체국
해운대구,502190000,센텀파크앞 교차로
기장군,502200000,씨에스엠테크
남구,502210000,용호만유람선터미널
남구,502220000,용호만유람선터미널
기장군,502230000,정관박물관
기장군,502240000,정관박물관
남구,502250000,대연역.부산은행
남구,502260000,대연역.부산은행
영도구,502270000,동조리젠시
강서구,502280000,봉하마을
강서구,502290000,봉하마을
남구,502300000,산성교회문화관
남구,502310000,산성교회문화관
강서구,502320000,죽동삼거리
강서구,502330000,죽동삼거리
남구,502350000,힐탑탑플레이스
서구,502360000,해원냉장
강서구,502370000,대저역
강서구,502380000,상방마을
서구,502390000,아미산 대성사
기장군,502430000,죽도(연화리)
동래구,502440000,낙민역.동래고등학교
동래구,502450000,낙민역.동래고등학교
동래구,502460000,동래시장
동래구,502470000,동래시장
동래구,502480000,수안역.동래교차로
해운대구,502490000,올림픽교차로환승센터
연제구,502520000,연제공용버스차고지
해운대구,502530000,남흥아파트
해운대구,502540000,반송도개공입구
북구,502550000,금곡주공5단지
해운대구,502560000,벡스코역.올림픽교차로환승센터
강서구,503420000,송백
강서구,503430000,송백
강서구,503440000,염막1구
강서구,503450000,염막1구
강서구,503460000,작지
강서구,503470000,작지
강서구,503480000,장락
강서구,503550000,장락
동구,503560000,(구)영천슈퍼
동구,503570000,영호빌라
동구,503580000,정은빌라
동구,503590000,협성파크맨션
동구,503600000,(구)영천슈퍼
동구,503610000,영호빌라
동구,503620000,정은빌라
동구,503630000,백련정사입구
동구,503640000,협성파크맨션
강서구,503650000,가락동행정복지센터
강서구,503660000,가락파출소
강서구,503690000,강서구청역
강서구,503700000,강서구청역
사하구,503710000,반도보라아파트
남구,503720000,솔개다리
강서구,503750000,통합세산마을
강서구,503760000,통합세산마을
강서구,503780000,청량사교차로
강서구,503790000,청량사교차로
해운대구,503800000,센텀중학교
남구,503810000,남구실내빙상장
남구,503820000,남구실내빙상장
북구,503830000,더래디언트금정산아파트
북구,503840000,만덕노인요양원
북구,503850000,만덕노인요양원
북구,503860000,상학초등학교
북구,503870000,상학초등학교
북구,503880000,상학 산복길
북구,503890000,상학산복길
사하구,503900000,부산현대미술관
영도구,503910000,원우아파트
영도구,503920000,일신마리나아파트
금정구,503970000,신현마을
사하구,504060000,다대농협
금정구,504250000,윤산터널입구
금정구,504260000,윤산터널입구
금정구,504270000,장전역
금정구,504280000,장전역
금정구,504290000,장전초등학교
금정구,504300000,장전초등학교
북구,504310000,산성터널입구
북구,504320000,산성터널입구
북구,504330000,화잠초등학교
북구,504340000,화잠초등학교
북구,504350000,와석교차로(화명역)
북구,504360000,와석교차로(화명역)
북구,504370000,화명롯데마트(화명역)
북구,504380000,화명롯데마트(화명역)
북구,504390000,경부선화명역.고용복지센터
북구,504400000,경부선화명역.고용복지센터
사상구,504410000,남명아파트
해운대구,504420000,아세안 문화원
사하구,504430000,다대포항역
금정구,504440000,신현마을 입구
강서구,504450000,명지더웨스턴
부산진구,504460000,동평사거리
기장군,504470000,안평차량기지
서구,504480000,삼육부산병원후문
사상구,504490000,운수사입구
사하구,504500000,신동아헤어스케치앞
강서구,504510000,신호부영3차.5차아파트
강서구,504520000,신호부영3차.5차아파트
부산진구,504530000,개금현대아이아파트
부산진구,504540000,백병원입구
강서구,504550000,스위트팰리스
강서구,504560000,스위트팰리스
서구,504570000,문화아파트
사하구,504580000,장림항(부네치아)
사하구,504590000,장림항(부네치아)
동래구,504600000,사직중학교
연제구,504610000,초읍고개
중구,504640000,중앙공원.민주공원입구
강서구,504650000,이원솔루텍
강서구,504660000,지사문화회관
동구,504670000,눌원빌딩
영도구,504680000,봉래1동행정복지센터
기장군,504690000,평전교
기장군,504700000,평전교
남구,504710000,석포여자중학교
남구,504720000,석포여자중학교
남구,504730000,유엔평화기념관.일제강제동원역사관
남구,504740000,코오롱하늘채아파트
남구,504750000,코오롱하늘채아파트
금정구,504760000,금정구테니스장입구
금정구,504770000,금정구테니스장입구
강서구,504780000,명지더힐시그니처아파트
강서구,504790000,명지더힐시그니처아파트
강서구,504820000,자원순환협력센터
강서구,504830000,자원순환협력센터
강서구,504840000,지사문화회관
금정구,504850000,샘골공원
북구,504860000,산성터널영업소
기장군,504870000,솔빛공원
기장군,504880000,솔빛공원
남구,504890000,대연파크푸르지오
남구,504900000,대연파크푸르지오
동래구,504910000,내성중학교
강서구,504920000,금강펜테리움1차
강서구,504930000,금강펜테리움1차
강서구,504940000,더힐시그니처
해운대구,504950000,상당중학교
동래구,504960000,명륜교차로
동래구,504970000,명륜교차로
해운대구,504980000,운촌
해운대구,504990000,운촌
사하구,505000000,장림1동행정복지센터
해운대구,505010000,해운대구청어귀삼거리
해운대구,505020000,해운대도시철도역
해운대구,505030000,해운대도시철도역
강서구,505040000,동양라이트
강서구,505050000,동양라이트
동래구,505060000,명장농협
동래구,505070000,명장농협
동구,505080000,수정성당입구
강서구,505090000,KCC글라스
강서구,505100000,KCC글라스
사상구,505110000,농심부산공장
사상구,505120000,모라역
사상구,505130000,보성정비
사상구,505140000,부산벤처타워
사상구,505150000,부산조리고등학교
남구,505200000,포부대
기장군,505210000,대룡마을
기장군,505220000,도야마을
기장군,505230000,무곡마을
기장군,505240000,무곡마을
기장군,505250000,달음교
기장군,505260000,달음교
기장군,505270000,두산위브더테라스.재흥아파트
기장군,505280000,두산위브더테라스.재흥아파트
기장군,505290000,배좌골
기장군,505300000,배좌골
기장군,505310000,부산치유의 숲
영도구,505320000,부산항국제선용품유통센터
영도구,505320000,부산항국제선용품유통센터
영도구,505330000,부산항국제선용품유통센터
영도구,505340000,엑스스포츠광장입구
영도구,505350000,엑스스포츠광장입구
영도구,505360000,영도해수랜드
영도구,505370000,영도해수랜드
영도구,505380000,영선동반도보라아파트
영도구,505390000,종합해사
영도구,505400000,종합해사
남구,505410000,해피타운
남구,505420000,해피타운
남구,505430000,대연고개
기장군,505450000,죽향공원
기장군,505460000,죽향공원
금정구,505470000,구서2치안센터
수영구,505480000,금련산역
금정구,505500000,선경3차아파트312동
금정구,505520000,선경3차입구
금정구,505530000,선경3차정문
금정구,505540000,약수터선경3차후문
금정구,505550000,약수터선경3차후문
사하구,505560000,연화사입구
금정구,505570000,우성아파트10동
금정구,505580000,우성아파트12동
기장군,505640000,두호해녀복지회관
기장군,505650000,망지끝
해운대구,505660000,반송1동주민센터
남구,505670000,성지고등학교
남구,505680000,성지고등학교
기장군,505690000,월전마을회관
기장군,505700000,죽성드림세트장
남구,505710000,포부대
부산진구,505720000,당감입구교차로
부산진구,505730000,당감입구교차로
연제구,505740000,교대역
연제구,505750000,동해선교대역
연제구,505760000,동해선교대역
연제구,505770000,동해선교대역
연제구,505780000,부산시청
연제구,505790000,부산시청
부산진구,505800000,부전시장
부산진구,505810000,부전시장
부산진구,505820000,부전역
부산진구,505830000,상수도사업본부
부산진구,505840000,상수도사업본부
부산진구,505850000,서면역.서면지하상가
부산진구,505860000,서면역.서면지하상가
부산진구,505870000,서면한전
부산진구,505880000,서면한전
부산진구,505890000,송상현광장
부산진구,505900000,송상현광장
부산진구,505910000,양정역
부산진구,505920000,양정역
연제구,505930000,연산역.연산교차로
연제구,505940000,연산역.연산교차로
연제구,505950000,연산역.연제초교
연제구,505960000,연산역.연제초교
기장군,505990000,봉대산입구
부산진구,506000000,송상현광장
부산진구,506010000,송상현광장
기장군,506020000,월전활어판매장
강서구,506030000,정관매화꽃길
사하구,506040000,괴정역.괴정사거리
금정구,506050000,남산119안전센터
부산진구,506060000,개포초교후문
영도구,506090000,대평사거리
남구,506140000,용당동갓골
강서구,506200000,우방아이유쉘아파트
강서구,506210000,우방아이유쉘아파트
강서구,506220000,은산터미널
강서구,506230000,은산터미널
강서구,506240000,사암마을
강서구,506250000,사암마을
수영구,506260000,남천역3번출구
남구,506270000,동명대입구
남구,506280000,동명대입구
수영구,506290000,삼익비치210동
수영구,506300000,삼익비치215동
수영구,506310000,수영구청.금호어울림
수영구,506320000,수영구청사거리
사하구,506350000,감천항제5부두
사하구,506360000,감천항제5부두
사하구,506370000,감천항해양파출소
사하구,506380000,감천항해양파출소
사하구,506390000,구평삼거리
사하구,506400000,구평삼거리
금정구,506410000,남산고등학교
금정구,506420000,남산고등학교
기장군,506440000,반룡산단2로
기장군,506450000,반룡산단입구
강서구,506460000,범방동삼층석탑
강서구,506470000,범방동삼층석탑
금정구,506480000,부산외국어대학교캠퍼스
금정구,506490000,부산외대정문
금정구,506500000,부산외대정문
기장군,506510000,장안산단6로
강서구,506520000,조선해양기자재연구원
강서구,506530000,조선해양기자재연구원
강서구,506560000,한국해양대학교서부산융합캠퍼스
강서구,506570000,한국해양대학교서부산융합캠퍼스
기장군,506580000,이진블루1차.태영아파트
기장군,506590000,성신.이진블루2차
기장군,506600000,자이푸르지오2단지
기장군,506610000,자이푸르지오2단지
기장군,506620000,비스타동원1차
기장군,506630000,비스타동원1차
기장군,506640000,해송로
기장군,506650000,일광읍행정복지센터
기장군,506660000,해송로
기장군,506670000,일광읍행정복지센터
사상구,506680000,우신모라아파트
강서구,506690000,명원초등학교
강서구,506700000,명원초등학교
기장군,506710000,비스타동원1차
기장군,506720000,비스타동원1차
기장군,506730000,성신.이진블루2차
기장군,506740000,이진블루1차.태영아파트
기장군,506750000,일광읍행정복지센터
기장군,506760000,일광읍행정복지센터
기장군,506770000,자이푸르지오2단지
기장군,506780000,자이푸르지오2단지
기장군,506790000,한신더휴아파트
기장군,506800000,한신더휴아파트
기장군,506810000,해송로
기장군,506820000,해송로
강서구,506830000,국제산업물류산단
강서구,506840000,국제산업물류산단
사하구,506850000,사하구국민체육센터
강서구,506860000,국제산업물류산단
강서구,506870000,국제산업물류산단
동래구,506880000,해운아파트
남구,506890000,광안골든빌리지
남구,506900000,광안골든빌리지
남구,506910000,못골골목시장주차장
남구,506920000,못골시장
남구,506930000,우정하이츠빌라
남구,506940000,우정하이츠빌라
부산진구,506970000,부산진경찰서
부산진구,506980000,서면교차로
사하구,506990000,벽산하이츠아파트
수영구,507000000,민락공영주차장
기장군,507010000,일광초등학교
기장군,507020000,일광초등학교
기장군,507030000,자이푸르지오1단지
기장군,507040000,자이푸르지오1단지
기장군,507050000,한신더휴2단지
기장군,507060000,한신더휴2단지
남구,507070000,문현동부산은행
기장군,507100000,한신더휴1단지
기장군,507110000,한신더휴1단지
강서구,507120000,가락중앙경로당
강서구,507130000,가락중앙경로당
강서구,507140000,부산은행대저지점
강서구,507160000,송산마을
강서구,507170000,송산마을
남구,507300000,"유엔기념공원, 부산문화회관"
강서구,507310000,고향산천
해운대구,507320000,센텀리슈빌1단지후문
해운대구,507330000,센텀e편한세상정문
해운대구,507340000,해운대구문화복합센터
강서구,507350000,경일고등학교후문
강서구,507360000,경일고등학교후문
기장군,507370000,대성베르빌
기장군,507380000,이지더원2차
기장군,507390000,이지더원2차
기장군,507400000,이지더원3차
부산진구,507410000,창곡종합시장
동래구,507420000,미남교
강서구,507430000,녹산초등학교
강서구,507440000,녹산초등학교
강서구,507450000,더샵퍼스트월드·강서세무서
강서구,507460000,더샵퍼스트월드·강서세무서
강서구,507470000,명지1동 행정복지센터
강서구,507480000,명지1동 행정복지센터
강서구,507490000,삼정그린코아.금강펜테리움
해운대구,507500000,장산역
강서구,507510000,한국토지주택공사
강서구,507520000,한국토지주택공사
강서구,507530000,협성엘리시안
서구,507540000,경남고교
서구,507550000,경남고교
강서구,507560000,녹산초등학교
강서구,507570000,녹산초등학교
강서구,507580000,대방디엠시티
강서구,507590000,더샵퍼스트월드
강서구,507600000,더샵퍼스트월드
동래구,507610000,수민어울공원
동래구,507620000,수민어울공원
해운대구,507630000,동부지청어귀교차로
서구,507640000,동아대병원
서구,507650000,동아대병원
해운대구,507660000,동해선센텀역
연제구,507680000,롯데캐슬골드포레110동앞
연제구,507690000,롯데캐슬골드포레110동앞
연제구,507700000,롯데캐슬골드포레후문앞
연제구,507710000,롯데캐슬골드포레후문앞
강서구,507720000,명원초등학교
강서구,507730000,명원초등학교
강서구,507740000,명지환승센터
사하구,507750000,보림초등학교(기점)
강서구,507780000,삼정그린코아.금강펜테리움
해운대구,507790000,부산은행장산지점
해운대구,507800000,부산은행장산지점
동래구,507810000,수민동행정복지센터
동래구,507820000,수민동행정복지센터
연제구,507850000,양동초등학교입구
연제구,507860000,양동초등학교입구
강서구,507870000,제나우스오피스텔
해운대구,507880000,신기마을노인정
해운대구,507890000,신기마을노인정
강서구,507900000,협성엘리시안
강서구,507930000,선비교
강서구,507940000,선비교
해운대구,507950000,센텀시티우체국
부산진구,507990000,부산진여중
부산진구,508000000,부산진여중
부산진구,508010000,부영아파트
부산진구,508020000,부영아파트
부산진구,508030000,부전시장
부산진구,508040000,서면역12번출구
부산진구,508050000,아이파크1차정문
부산진구,508060000,아이파크1차정문
부산진구,508090000,전포초등학교
부산진구,508100000,전포카페거리
부산진구,508110000,전포카페거리
부산진구,508150000,양정포레힐즈스위첸
연제구,508160000,양정포레힐즈스위첸
강서구,508180000,공항후문
북구,508190000,산성터널영업소
동구,508200000,눌원빌딩
동구,508240000,동부산우체국
해운대구,508270000,장산역.웅신시네아트
강서구,508290000,지사천선비교
강서구,508300000,지사천선비교
사하구,508310000,괴정동교차로
강서구,508320000,가락어린이집
강서구,508330000,가락어린이집
강서구,508340000,식만배수펌프장
강서구,508350000,식만배수펌프장
강서구,508360000,정관매화꽃길
강서구,508370000,CGV
강서구,508380000,CGV
해운대구,508390000,반여시장
남구,508400000,감만현대아파트사거리
금정구,508410000,범어사어귀삼거리
금정구,508420000,범어사어귀삼거리
북구,508440000,북부경찰서
북구,508450000,북부경찰서
금정구,508460000,샘골공원
금정구,508470000,샘골공원
북구,508480000,수정역
북구,508490000,용수초등학교
북구,508500000,용수초등학교
북구,508510000,북부산우체국
북구,508520000,북부산우체국
북구,508530000,한국방송통신대
북구,508540000,한국방송통신대
강서구,508560000,강서체육공원역
동래구,508570000,농심가슈퍼
동래구,508580000,농심가슈퍼
동래구,508590000,대명여자고등학교
동래구,508600000,대명여자고등학교
동래구,508610000,동래문화회관
동래구,508620000,동래문화회관
동래구,508630000,명륜2차아이파크
동래구,508640000,명륜2차아이파크
동래구,508650000,명장초등학교입구
동래구,508660000,명장초등학교입구
동래구,508670000,미남교
동래구,508680000,미남교
동래구,508690000,사직고등학교입구
동래구,508700000,사직고등학교입구
동래구,508720000,사직초등학교앞교차로
동래구,508730000,삼정그린코아포레스트
동래구,508740000,삼정그린코아포레스트
동래구,508760000,온천입구
동래구,508770000,온천입구
동래구,508780000,용인고등학교
동래구,508790000,용인고등학교
동래구,508800000,조양삼거리
동래구,508810000,조양삼거리
동래구,508850000,한독온천어린이집
동래구,508860000,한독온천어린이집
동래구,508870000,화신아파트
동래구,508940000,래미안1단지
동구,508970000,동아원
동구,508990000,두산위브
기장군,509110000,상장안입구
북구,509120000,금곡동행정복지센터
북구,509130000,금곡역
북구,509140000,금곡역
북구,509150000,동원역
북구,509160000,동원역
강서구,509210000,강서경찰서
강서구,509220000,강서경찰서
기장군,509230000,달음교
기장군,509240000,달음교
기장군,509250000,동원로얄듀크1차아파트
기장군,509260000,동원로얄듀크1차아파트
기장군,509270000,동해선일광역광장
기장군,509280000,동해선일광역광장
기장군,509300000,옛터어린이공원입구
기장군,509310000,옛터어린이공원입구
기장군,509320000,이지더원2차
기장군,509330000,이지더원2차
강서구,509350000,지사천4교
강서구,509360000,지사천4교
강서구,509370000,통합세산마을
강서구,509380000,통합세산마을
북구,509560000,e편한세상금정산아파트
북구,509570000,대진아파트
북구,509580000,만덕시장입구
북구,509590000,만덕중학교
동래구,509600000,미남역11번출구
동구,509610000,범일교
남구,509620000,솔개다리
남구,509630000,남부산농협석포지점
사하구,509640000,대원연립
사하구,509650000,대원연립
부산진구,509660000,신암입구
부산진구,509670000,신암입구
강서구,509680000,중촌마을
강서구,509690000,중촌마을
사하구,509700000,대동중고등학교
기장군,509710000,매화원입구
기장군,509720000,매화원입구
사하구,509730000,삼한사랑채아파트입구
금정구,509740000,책마을보드랑 작은도서관
수영구,509750000,망미제일교회
수영구,509760000,아신빌라
금정구,509770000,금사입구
동구,509780000,YMCA
동구,509790000,YMCA
동구,509800000,경남여중입구
동구,509810000,경남여중입구
중구,509820000,남포동
중구,509830000,남포동
중구,509840000,남포역.옛시청교차로
중구,509850000,남포역.옛시청교차로
부산진구,509860000,범내골역
부산진구,509870000,범내골역
동구,509880000,범일2동행정복지센터
동구,509890000,범일역
동구,509900000,범일역
동구,509910000,봉생병원
동구,509920000,봉생병원
중구,509930000,부산데파트
중구,509940000,부산데파트
동구,509950000,부산역
동구,509960000,부산역
동구,509970000,부산진시장
동구,509980000,부산진시장
동구,509990000,부산진역 (해양수산부.동구청)
동구,510000000,부산진역 (해양수산부.동구청)
서구,510010000,서구청
중구,510020000,영주동
중구,510030000,영주동
중구,510040000,자갈치역.비프광장
중구,510050000,자갈치역.비프광장
동구,510060000,자성대교차로
동구,510070000,좌천역.좌천삼거리
중구,510080000,중부소방서
부산진구,510090000,"중앙시장,골드테마거리"
부산진구,510100000,"중앙시장,골드테마거리"
중구,510110000,중앙역.부산우체국
중구,510120000,중앙역.부산우체국
중구,510130000,중앙역.중부소방서
동구,510140000,초량역.초량교차로
동구,510150000,초량역.초량교차로
수영구,510160000,망미삼성아파트후문
동구,510170000,범일역
동구,510180000,범일역
동구,510190000,부산진시장
동구,510200000,부산진시장
사하구,510210000,부산현대미술관
부산진구,510220000,중앙시장.골드테마거리
기장군,510230000,동해선월내역
기장군,510240000,동해선월내역
기장군,510250000,동해선좌천역
연제구,510260000,강약국
연제구,510270000,수녀원
해운대구,510280000,해운대수목원
해운대구,510290000,해운대수목원
강서구,510300000,국회부산도서관입구
강서구,510310000,국회부산도서관입구
북구,510320000,남산정역2번출구
기장군,510330000,동해선좌천역
남구,510340000,배정중학교
해운대구,510360000,센텀누리아파트
연제구,510370000,이완주정형외과
연제구,510380000,대영주차장
연제구,510390000,케이티앤지부산본부
서구,510410000,덕산아파트
서구,510420000,덕산아파트
강서구,510440000,국회부산도서관입구
강서구,510460000,지사산단입구
연제구,510470000,연제도서관
연제구,510480000,연제도서관입구.연산더샵
북구,510500000,만덕초등학교
해운대구,510510000,송정종점
해운대구,510520000,송정종점
해운대구,510530000,신도중.신도고등학교
해운대구,510540000,신도중.신도고등학교
해운대구,510550000,좌3동행정복지센터
해운대구,510560000,좌3동행정복지센터
해운대구,510570000,중동역
해운대구,510580000,중동역
금정구,510590000,뉴그린105동
금정구,510600000,뉴그린105동
해운대구,510610000,롯데백화점.센텀시티6번출구
금정구,510620000,서동초등학교
금정구,510630000,서동초등학교
강서구,510640000,한국석유관리원영남본부
강서구,510650000,한국석유관리원영남본부
해운대구,510660000,벽산아파트
해운대구,510720000,영남아파트
강서구,510790000,스마트빌리지
강서구,510800000,스마트빌리지
강서구,510810000,명지환승센터
기장군,510840000,웨이브리즈아파트
기장군,510850000,웨이브리즈아파트
수영구,510860000,e편한세상광안비치
해운대구,510870000,동부지청
수영구,510880000,롯데캐슬아파트
수영구,510890000,롯데캐슬아파트
수영구,510900000,민락공영주차장
수영구,510910000,민락수변공원
수영구,510920000,민락수변공원
수영구,510940000,센텀비치푸르지오
수영구,510950000,센텀비치푸르지오
수영구,510980000,수영만아이파크
수영구,510990000,수영만아이파크
해운대구,511030000,신세계센텀시티
해운대구,511040000,신세계센텀시티
수영구,511050000,오션테라스3단지
수영구,511060000,오션테라스4단지
사상구,511070000,운수사입구
수영구,511080000,진로비치2단지
영도구,511090000,동삼시장
사상구,511100000,좋은삼선병원
사하구,511110000,감천문화마을
영도구,511120000,국립해양박물관
중구,511130000,국제시장
사하구,511150000,다대포해수욕장
해운대구,511160000,미포.문탠로드입구
사하구,511170000,부네치아 장림항
서구,511190000,석당박물관
서구,511200000,송도해수욕장
서구,511210000,송도해수욕장
해운대구,511220000,송정해수욕장
기장군,511230000,아난티코브
사하구,511240000,아미산전망대
서구,511250000,암남공원
중구,511260000,영도대교
기장군,511280000,오시리아역
기장군,511290000,오시리아테마파크
중구,511300000,용두산공원
남구,511310000,용호만유람선터미널
중구,511320000,자갈치BIFF광장
영도구,511330000,하늘전망대
기장군,511340000,해동용궁사
해운대구,511350000,해운대해수욕장
영도구,511360000,흰여울 문화마을
부산진구,511370000,서면역.롯데호텔백화점
부산진구,511380000,부산진우체국(가야1치안센터)
부산진구,511390000,부산진우체국(가야1치안센터)
부산진구,511400000,서면역.롯데호텔백화점
부산진구,511410000,가야역
부산진구,511420000,가야역
부산진구,511430000,개금삼거리.개금골목시장
부산진구,511440000,개금역
부산진구,511450000,개금역
부산진구,511460000,냉정고개
부산진구,511470000,냉정고개
사상구,511480000,냉정역.동서대경남정보대
사상구,511490000,냉정역.동서대경남정보대
부산진구,511500000,동의대역
부산진구,511510000,동의대역
부산진구,511520000,부암역
부산진구,511530000,부암역
사상구,511540000,좋은삼선병원
사상구,511550000,좋은삼선병원
사상구,511560000,주례역
사상구,511570000,주례역
사상구,511580000,주례교차로
부산진구,511590000,냉정고개
부산진구,511600000,냉정고개
사상구,511610000,냉정역.동서대경남정보대
사상구,511620000,냉정역.동서대경남정보대
사상구,511630000,좋은삼선병원
사상구,511640000,좋은삼선병원
사상구,511650000,주례역
사상구,511660000,주례역
부산진구,511670000,개금삼거리.개금골목시장
부산진구,511680000,개금역
부산진구,511690000,개금역
부산진구,511700000,동의대역
해운대구,511710000,반여4동새마을금고
해운대구,511720000,반여4동새마을금고
해운대구,511730000,반여4동행정복지센터
해운대구,511740000,삼어초등학교
해운대구,511750000,센텀강변현대아파트
해운대구,511760000,센텀트루엘아파트103동
해운대구,511770000,센텀트루엘아파트203동
강서구,511780000,국제화물청사
사하구,511790000,괴정초등학교 대티역
사하구,511800000,괴정한신더휴101동
사하구,511810000,괴정한신더휴상가
사하구,511820000,괴정한신더휴상가
사하구,511830000,대티역 1번출구
사하구,511840000,동매역6번출구
사하구,511850000,부산보건대건청관
사하구,511860000,부산보건대석파문화관
사하구,511870000,부산보건대체육관
사하구,511880000,부산보건대학생회관
사하구,511890000,사하뷰웰아파트
사하구,511900000,신평초등학교
사하구,511910000,신평초등학교
사하구,511920000,참누리아파트입구
서구,512390000,천마하늘길
서구,512400000,천마하늘길
기장군,512410000,정관차고지
기장군,512420000,정관차고지
해운대구,512430000,해운대보훈회관
해운대구,512440000,해운대세무서
부산진구,512450000,e편한세상서면더센트럴
기장군,512460000,개천마을
기장군,512470000,고무마을
기장군,512480000,교리부전아파트
기장군,512490000,기장국민체육센터
기장군,512500000,기장국민체육센터
기장군,512510000,기장시장
기장군,512520000,기장시장
기장군,512530000,기장역
기장군,512540000,기장역
기장군,512550000,기장전화국
기장군,512560000,기장종합사회복지관
기장군,512570000,기장종합사회복지관
기장군,512580000,기장초등학교
기장군,512590000,기장초등학교
사하구,512600000,낙동초등학교
사하구,512610000,낙동초등학교
기장군,512620000,내동마을
기장군,512630000,내리
기장군,512640000,내리초등학교
기장군,512650000,대룡마을
기장군,512660000,대청중학교
기장군,512670000,대청중학교
기장군,512680000,도야마을
기장군,512690000,도야마을
기장군,512700000,동백천
기장군,512710000,동백천
기장군,512720000,두명마을
기장군,512730000,두명마을
기장군,512740000,두명마을회관
기장군,512750000,드림볼파크야구장정문
기장군,512760000,드림볼파크야구장정문
기장군,512770000,무곡마을
기장군,512780000,무곡마을
기장군,512790000,석산마을입구
기장군,512800000,석산마을회관
기장군,512810000,솔빛공원
기장군,512820000,솔빛공원
기장군,512830000,신리
기장군,512840000,신리입구
기장군,512850000,신명마을
기장군,512860000,신명마을입구
기장군,512870000,오시리아역
기장군,512880000,오신
기장군,512890000,용소마을
기장군,512900000,월드컵빌리지
기장군,512910000,월드컵빌리지
기장군,512920000,월평교차로
기장군,512930000,월평교차로
기장군,512940000,월평마을
기장군,512950000,판곡
기장군,512960000,포스코아파트
기장군,512970000,포스코아파트
사하구,512980000,하나 부산은행
사하구,512990000,하나 부산은행
사하구,513270000,경동메르빌아파트
사하구,513280000,동원타워아파트
사하구,513290000,동원타워아파트
사하구,513300000,마실마트
사하구,513310000,새마을금고
사하구,513320000,센텀휴요양병원
사하구,513330000,신세대지큐빌
사하구,513340000,신세대지큐빌
사하구,513350000,영남중학교
사하구,513360000,영남중학교
사하구,513370000,탑마트
사하구,513380000,대동맨션입구
사하구,513390000,현대빌라
강서구,513400000,더샵퍼스트월드 3단지
강서구,513410000,더샵퍼스트월드 3단지
강서구,513440000,명지환승센터
기장군,513450000,서부주공아파트
강서구,513480000,가락동행정복지센터
강서구,513490000,가락파출소
강서구,513500000,가락중앙경로당
강서구,513510000,가락중앙경로당
사하구,513540000,강동병원앞교차로
강서구,513570000,강서공영차고지
강서구,513580000,강서공영차고지
강서구,513590000,강서공영차고지
강서구,513620000,강진정비
강서구,513630000,강진정비
강서구,513640000,경일고등학교
강서구,513650000,경일고등학교
강서구,513660000,국민은행명지국제신도시지점
강서구,513670000,국민은행명지국제신도시지점
강서구,513680000,국제휠타
강서구,513690000,국제휠타
강서구,513700000,국회부산도서관입구
강서구,513710000,금강펜테리움202동
강서구,513720000,금강펜테리움3차.중흥에듀오션
강서구,513730000,녹산농협
강서구,513740000,녹산농협
강서구,513780000,대한제강
강서구,513830000,더스퀘어
강서구,513850000,덕계마을입구
강서구,513860000,덕계마을입구
강서구,513870000,동아밸브
강서구,513890000,득천사거리
강서구,513930000,명일초등학교
강서구,513940000,명지노인종합복지관
강서구,513960000,명지더웨스턴아파트
강서구,513980000,명지스위트팰리스
강서구,513990000,명지스위트팰리스
강서구,514000000,명지철새탐조대
강서구,514010000,명지철새탐조대
강서구,514020000,명지초등학교
강서구,514030000,명지협성휴포레
강서구,514040000,명지협성휴포레
강서구,514090000,사암마을
강서구,514100000,사암마을
강서구,514110000,사암입바위
강서구,514120000,사암입바위
강서구,514130000,산양마을입구
강서구,514160000,삼정그린코아더베스트
사상구,514170000,서부시외버스터미널(사상역)
사하구,514180000,성일여자고등하교
강서구,514190000,송산마을
강서구,514200000,송산마을
부산진구,514230000,시민공원부설주차장
강서구,514260000,신호중학교
강서구,514270000,에일린의뜰아파트112동
강서구,514280000,에일린의뜰아파트112동
강서구,514290000,우방아이유쉘아파트
강서구,514300000,우방아이유쉘아파트
강서구,514350000,죽림삼거리
강서구,514410000,협성휴포레123동
해운대구,514420000,일신차고지 기점
해운대구,514430000,일신차고지 종점
강서구,514440000,경제자유구역청
강서구,514450000,성북마을
강서구,514460000,성북마을
북구,514470000,숙등역2번출구
북구,514480000,백양디이스트301동
수영구,514490000,민락역
금정구,514500000,금산빌라
금정구,514510000,남산역3번출구
금정구,514520000,범어사역3번출구
금정구,514530000,부산외국어대학교정문
금정구,514540000,외성생활관
북구,514550000,만덕119안전센터
북구,514560000,만덕119안전센터
북구,514570000,덕양초등학교
북구,514580000,덕양초등학교
북구,514590000,럭키아파트후문
북구,514600000,럭키아파트후문
북구,514610000,만덕도서관
북구,514620000,백양초등학교
북구,514630000,부산노인전문병원
북구,514640000,부산노인전문병원
강서구,514650000,산양마을입구
강서구,514670000,은산터미널
강서구,514680000,은산터미널
사하구,514690000,다대포
강서구,514700000,동자
강서구,514710000,동자
강서구,514720000,맥도자연생태공원
강서구,514730000,맥도자연생태공원
사하구,514740000,신평파출소
강서구,514770000,국제신도시교차로
강서구,514780000,국제신도시교차로
강서구,514790000,두산위브아파트102동
강서구,514800000,두산위브아파트102동
강서구,514810000,명지가온 오션유치원
강서구,514820000,명지가온 오션유치원
강서구,514830000,명호중고등학교
강서구,514840000,명호중고등학교
강서구,514850000,부산한솔학교
강서구,514860000,부산한솔학교
영도구,514890000,삼창파크맨션
영도구,514900000,에일린의뜰2단지아파트
강서구,514910000,오션초등학교
강서구,514920000,오션초등학교
강서구,515000000,퀸덤링컨아파트201동
강서구,515030000,한신휴플러스아파트
강서구,515040000,한신휴플러스아파트
강서구,515050000,해광테크
강서구,515060000,해광테크
서구,515070000,천주교아파트
강서구,515080000,퀸덤링컨아파트201동
동구,515090000,데레사여자고등학교
사하구,515100000,부산생탁
사하구,515110000,사하정비
사하구,515120000,신장림역
사하구,515130000,신한냉동
강서구,515160000,풍영산업
영도구,515190000,에덴금호아파트
연제구,515210000,부산의료원 정문
기장군,515240000,서편마을회관
기장군,515250000,서편마을회관
기장군,515260000,예림마을회관
기장군,515270000,예림마을회관
동래구,515280000,금정시장
금정구,515290000,삼밭골
금정구,515300000,삼밭골
사하구,515310000,하단SK뷰아파트앞
강서구,515320000,호반써밋
강서구,515330000,호반써밋
금정구,515340000,함께하는교회
기장군,515360000,동부산농협자재센터
강서구,515380000,강동농협
강서구,515390000,내눌
강서구,515400000,내눌
강서구,515410000,녹산주민문화회관 앞
강서구,515420000,녹산주민문화회관 앞
강서구,515430000,눌차어촌계
강서구,515440000,눌차어촌계
강서구,515450000,눌차입구
강서구,515460000,눌차입구
강서구,515470000,눌차초등학교
강서구,515480000,눌차초등학교
강서구,515490000,대흥마을
강서구,515500000,덕계마을입구
강서구,515510000,덕계마을입구
강서구,515520000,동선새바지길사거리
강서구,515530000,동선이주단지
강서구,515540000,득천사거리
강서구,515550000,봉림이주단지
강서구,515560000,생교
강서구,515570000,생교경로당
강서구,515580000,외눌
강서구,515590000,외눌
강서구,515600000,정거
강서구,515610000,죽림
강서구,515620000,죽림
강서구,515630000,천가교입구
강서구,515640000,천가교입구
강서구,515650000,천가어린이집
강서구,515660000,태야공원
강서구,515670000,태야공원
강서구,515680000,향월마을회관
강서구,515690000,향월마을회관
강서구,515710000,갑을녹산병원
강서구,515720000,갑을녹산병원
강서구,515730000,강서평생학습관
강서구,515740000,삼성전기기숙사
강서구,515750000,삼성전기기숙사
강서구,515760000,송정동회관
강서구,515770000,송정동회관
강서구,515780000,송정방근입구
강서구,515790000,송정방근입구
강서구,515800000,송정중학교
강서구,515810000,송정중학교
강서구,515820000,신호부영3차.5차아파트
강서구,515830000,옥포마을
강서구,515840000,옥포마을
강서구,515850000,둔치도입구
강서구,515860000,통전마을회관
강서구,515870000,더샵퍼스트월드2단지
강서구,515880000,더샵퍼스트월드2단지
강서구,515890000,명지1동 행정복지센터
강서구,515900000,명지1동 행정복지센터
강서구,515910000,삼정그린코아더베스트
강서구,515920000,대방노블랜드아파트
강서구,515930000,호반베르디움아파트
강서구,515940000,명지더웨스턴아파트
강서구,515950000,외양포
강서구,515960000,외양포
강서구,515970000,외양포주차장
강서구,515980000,외양포주차장
강서구,515990000,두문지구
강서구,516000000,동앙이엠텍
강서구,516010000,동앙이엠텍
강서구,516020000,하나은행(미음공단지점)
강서구,516030000,LG CNS
강서구,516040000,LG CNS
강서구,516050000,경동
강서구,516060000,경동
강서구,516070000,우성전기
강서구,516080000,우성전기
강서구,516090000,조선해양기자재회관
강서구,516100000,조선해양기자재회관
강서구,516110000,강진산업
강서구,516120000,강진산업
강서구,516130000,DJF
강서구,516140000,DJF
강서구,516150000,DSK
강서구,516160000,DSK
강서구,516170000,탑동
강서구,516180000,탑동
강서구,516230000,렛츠런파크정문
강서구,516240000,렛츠런파크정문
강서구,516250000,에코델타 수자인
강서구,516260000,에코델타 수자인
강서구,516270000,서부산유통지구역
강서구,516280000,금호마을
강서구,516290000,금호마을
강서구,516300000,득천사거리
강서구,516310000,가유부산2공장
강서구,516320000,가유부산2공장
강서구,516330000,명지대방노블랜드2차
강서구,516340000,경일중학교
강서구,516350000,두문입구
강서구,516360000,두문입구
강서구,516370000,서번산업
강서구,516380000,서번산업
강서구,516390000,맥도길입구
강서구,516400000,맥도길입구
강서구,516410000,송백마을
강서구,516420000,송백마을
강서구,516430000,동협구판장
강서구,516440000,동협구판장
강서구,516450000,동협마을회관
강서구,516460000,동협마을회관
강서구,516470000,배영초등학교
강서구,516480000,배영초등학교
강서구,516490000,맥도
강서구,516500000,맥도
강서구,516510000,등구마을
강서구,516520000,등구마을
강서구,516530000,칠점마을회관
강서구,516540000,칠점마을회관
해운대구,516550000,파크하얏트부산
해운대구,516560000,파크하얏트부산
해운대구,516570000,한화리조트해운대
해운대구,516580000,한화리조트해운대
기장군,516590000,동해선일광역광장
강서구,516600000,눌차입구
영도구,516610000,아르떼뮤지엄·미창석유
해운대구,516630000,센텀파크앞 교차로
영도구,516640000,아르떼뮤지엄부산
부산진구,516650000,부전도서관
부산진구,516660000,서면부속상가
부산진구,516670000,서면부속상가
남구,516680000,이마트문현점
해운대구,516690000,백병원사거리
해운대구,516700000,백병원사거리
영도구,516710000,흰여울문화마을
기장군,516720000,기장군국민체육센터
기장군,516730000,기장군국민체육센터
기장군,516740000,좌천시장
기장군,516750000,좌천시장
부산진구,516850000,범2호교
남구,516860000,성지고등학교
북구,516870000,(구)만덕로입구
남구,516880000,우암도서관
기장군,516890000,동부산농협자재센터
북구,516900000,양덕초교
북구,516910000,청유탕
북구,516920000,구포당숲
북구,516940000,구포시장동문
북구,516950000,리버파크반도유보라아파트
북구,516960000,구포당숲앞
북구,516970000,삼경장미아파트
북구,516980000,용주사
북구,516990000,경혜여고
기장군,517010000,청강리공영차고지
남구,517020000,자유5차아파트
기장군,517030000,부산추모공원
기장군,517040000,부산추모공원
북구,517070000,기비골아파트106동
동래구,517080000,온천장역
동래구,517090000,르메이에르아파트
동래구,517100000,온천장새마을금고
동래구,517110000,온천제일교회
동래구,517120000,한아름아파트
동래구,517130000,래미안3단지입구
동래구,517140000,온천프라자
동래구,517150000,부산전자공고
동래구,517160000,롯데백화점
동래구,517170000,부산전자공고
동래구,517180000,온천프라자
동래구,517190000,부산인재평생교육진흥원
동래구,517200000,한아름아파트
동래구,517210000,래미안3단지입구
동래구,517220000,온천장새마을금고
동래구,517230000,르메이에르아파트
동래구,517240000,홈플러스
동래구,517250000,온천제일교회
동래구,517260000,롯데백화점.명륜역
동래구,517270000,부산인재평생교육진흥원
동래구,517280000,허심청
동래구,517290000,허심청
동래구,517300000,래미안1단지
사하구,517310000,캐나다영사관
사하구,517320000,부산지식산업센터
사하구,517330000,장림두산위브아파트
기장군,517340000,동해선일광역광장
금정구,517350000,래미안포레스티지 1단지
금정구,517360000,래미안포레스티지 1단지
동구,517370000,광명사입구
동구,517380000,대양산업·하버시티
동래구,517390000,롯데백화점동래점
연제구,517400000,거제여중입구
강서구,517410000,"대저중앙초등학교,가락중학교"
강서구,517420000,"대저중앙초등학교,가락중학교"
사하구,517430000,감천2동삼거리
사하구,517440000,감천2동삼거리
사하구,517490000,감천문화마을.부산교육역사관
사하구,517500000,감천문화마을.부산교육역사관
강서구,517530000,강서경찰서
강서구,517540000,강서경찰서
강서구,517570000,남광정밀
강서구,517580000,남광정밀
서구,517590000,대성사
서구,517600000,대성사
강서구,517610000,에코델타시티입구
강서구,517620000,에코델타시티입구
강서구,517630000,득천
강서구,517640000,득천
강서구,517650000,득천사거리
강서구,517660000,상곡
강서구,517670000,상곡
강서구,517680000,상곡정미소
강서구,517690000,상곡정미소
강서구,517700000,중곡
강서구,517710000,중곡
강서구,517740000,한양수자인
강서구,517750000,한양수자인
강서구,517760000,현대슈퍼
강서구,517770000,현대슈퍼
강서구,517780000,호반써밋
강서구,517790000,호반써밋
사하구,517800000,장림역
사하구,517810000,구평자유아파트
사하구,517820000,한신휴플러스아파트
사하구,517830000,대동중고등학교 정문
사하구,517840000,대동중고등학교 입구
사하구,517850000,대동중고등학교 입구
강서구,517860000,송정
강서구,517870000,송정
강서구,517880000,성고개
강서구,517890000,성고개
강서구,517900000,산양마을
강서구,517910000,산양마을
강서구,517920000,신호사암파크골프장
부산진구,517930000,부산콘서트홀
강서구,517940000,명지시장
중구,517970000,남포동
중구,517980000,남포동
중구,517990000,남포역.옛시청교차로
중구,518000000,남포역.옛시청교차로
중구,518010000,부산데파트
중구,518020000,부산데파트
동구,518030000,부산역
동구,518040000,부산역
사하구,518050000,세리골입구
중구,518060000,영주동
중구,518070000,영주동
중구,518080000,자갈치역.비프광장
중구,518090000,자갈치역.비프광장
사하구,518100000,정원사 참누리아파트
중구,518110000,중앙역.부산우체국
중구,518120000,중앙역.부산우체국
중구,518130000,중앙역.중부소방서
중구,518140000,중부소방서
사하구,518150000,협진신태양아파트
사상구,518160000,서부시외버스터미널.사상역
연제구,518170000,부산의료원정문
남구,518180000,대연파크푸르지오
강서구,518190000,화진피에프
강서구,518200000,화진피에프
금정구,518210000,구 신천교 앞
사하구,518220000,구평자유아파트
금정구,518230000,금정구민운동장입구
금정구,518240000,금정구민운동장입구
금정구,518250000,웰빙주말농장 입구
금정구,518260000,웰빙주말농장 입구
사하구,518270000,정원사 참누리아파트
강서구,518280000,대저중앙초.가락중
강서구,518290000,대저중앙초.가락중
강서구,518300000,"에코델타이편한세상,푸르지오"
강서구,518310000,"에코델타이편한세상,푸르지오"
사하구,518320000,삼경아파트정문
사하구,518330000,삼경아파트정문
사하구,518340000,신장림역하나병원
사상구,518350000,상수도사상가압장
사상구,518360000,상수도사상가압장
사하구,518370000,신평시장
강서구,518380000,"에코델타e편한세상,푸르지오"
강서구,518390000,"에코델타e편한세상,푸르지오"
기장군,518400000,오시리아역 정문
기장군,518410000,이케아앞
부산진구,518420000,부산진초등학교
동구,518430000,조선통신사역사관
남구,518440000,문현여자고등학교
남구,518450000,문현여자고등학교
부산진구,518460000,범천2동주민센터.견우공원
부산진구,518470000,범천2동주민센터.견우공원
동구,518480000,안창삼거리
서구,518490000,토성역.아미동입구
금정구,518500000,함께하는교회
금정구,518510000,회동동(반여동 방면)
사하구,518520000,다대대우아파트
사하구,518530000,다대대우아파트
사하구,518550000,다선중학교
사하구,518560000,중현초등학교
사하구,518570000,중현초등학교
금정구,518580000,건설안전시험사업소
금정구,518590000,회동석대산단
금정구,518600000,회동석대산단
해운대구,518610000,그린파크아파트
해운대구,518620000,그린파크아파트입구
해운대구,518630000,더샵센텀그린
해운대구,518640000,반산초등학교
해운대구,518650000,반여2동
해운대구,518660000,반여2동
해운대구,518670000,반여3동
해운대구,518680000,반여3동
해운대구,518690000,반여3동 전통시장입구
해운대구,518700000,반여3동 행정복지센터
해운대구,518710000,반여도서관
해운대구,518720000,반여시장
해운대구,518730000,반여시장입구
해운대구,518740000,부산환경체험교육관
해운대구,518750000,수협장산지점
해운대구,518760000,수협장산지점
해운대구,518770000,해운대구건강생활지원센터
해운대구,518780000,해운대구건강생활지원센터
해운대구,518790000,재송삼익아파트
해운대구,518800000,초록공원입구
해운대구,518810000,현대아파트
부산진구,518820000,백양산 서희스타힐스
동래구,518830000,동래3차SK뷰정문
동래구,518840000,동래3차SK뷰후문
해운대구,518850000,벡스코
금정구,518860000,김민정갤러리
금정구,518870000,생활과학관
사하구,518880000,다대포해수욕장역
사상구,518890000,모라벽산아파트 관리사무소
금정구,518900000,부산예원고등학교(반여동방향)
사상구,518910000,모라주공3.4단지
부산진구,518920000,동의고등학교
부산진구,518930000,동의과학대학교
금정구,518940000,범어사역
기장군,518950000,오시리아관광단지 입구
기장군,518960000,오시리아관광단지 입구
강서구,518970000,강서초등학교
강서구,518980000,강서초등학교
강서구,518990000,에코델타더베르힐.중흥
강서구,519000000,에코델타더베르힐.중흥
강서구,519010000,에코델타푸르지오.더베르힐
강서구,519020000,에코델타푸르지오.더베르힐
사하구,519030000,구감
사하구,519040000,구감
부산진구,519050000,용사촌입구
해운대구,519060000,블루라인파크
해운대구,519070000,블루라인파크
북구,519080000,구포역
해운대구,519090000,해운대장애인근로사업장
해운대구,519100000,해운대장애인근로사업장
동래구,519110000,동래전화국
영도구,519120000,남항동
부산진구,519130000,동남여객
부산진구,519140000,동남여객
부산진구,519150000,개금아파트
강서구,519160000,덕포마을
강서구,519170000,덕포마을
연제구,519180000,물만골역
해운대구,519190000,센텀IS타워
사상구,519200000,삼덕초등학교
사상구,519210000,삼덕초등학교
강서구,519220000,디에트르더퍼스트
강서구,519230000,디에트르더퍼스트
남구,519260000,유엔교차로
남구,519270000,유엔교차로
사하구,519280000,팽나무공원
사하구,519290000,팽나무공원